,WOLF
2020-01-02 21:00:00+00:00,102.41
2020-01-03 21:00:00+00:00,100.65
2020-01-06 21:00:00+00:00,99.505
2020-01-07 21:00:00+00:00,95.075
2020-01-08 21:00:00+00:00,95.039
2020-01-09 21:00:00+00:00,99.69
2020-01-10 21:00:00+00:00,95.584
2020-01-13 21:00:00+00:00,92.76
2020-01-14 21:00:00+00:00,94.573
2020-01-15 21:00:00+00:00,91.541
2020-01-16 21:00:00+00:00,83.667
2020-01-17 21:00:00+00:00,87.389
2020-01-21 21:00:00+00:00,86.139
2020-01-22 21:00:00+00:00,87.801
2020-01-23 21:00:00+00:00,89.974
2020-01-24 21:00:00+00:00,91.905
2020-01-27 21:00:00+00:00,91.993
2020-01-28 21:00:00+00:00,90.267
2020-01-29 21:00:00+00:00,91.381
2020-01-30 21:00:00+00:00,92.752
2020-01-31 21:00:00+00:00,95.086
2020-02-03 21:00:00+00:00,92.984
2020-02-04 21:00:00+00:00,94.303
2020-02-05 21:00:00+00:00,95.827
2020-02-06 21:00:00+00:00,105.995
2020-02-07 21:00:00+00:00,106.302
2020-02-10 21:00:00+00:00,104.578
2020-02-11 21:00:00+00:00,107.001
2020-02-12 21:00:00+00:00,103.271
2020-02-13 21:00:00+00:00,102.531
2020-02-14 21:00:00+00:00,98.966
2020-02-18 21:00:00+00:00,92.648
2020-02-19 21:00:00+00:00,93.109
2020-02-20 21:00:00+00:00,94.263
2020-02-21 21:00:00+00:00,89.957
2020-02-24 21:00:00+00:00,91.801
2020-02-25 21:00:00+00:00,91.438
2020-02-26 21:00:00+00:00,91.882
2020-02-27 21:00:00+00:00,91.804
2020-02-28 21:00:00+00:00,95.499
2020-03-02 21:00:00+00:00,97.732
2020-03-03 21:00:00+00:00,102.115
2020-03-04 21:00:00+00:00,102.73
2020-03-05 21:00:00+00:00,105.51
2020-03-06 21:00:00+00:00,103.438
2020-03-09 20:00:00+00:00,104.587
2020-03-10 20:00:00+00:00,107.634
2020-03-11 20:00:00+00:00,106.632
2020-03-12 20:00:00+00:00,103.765
2020-03-13 20:00:00+00:00,108.591
2020-03-16 20:00:00+00:00,106.468
2020-03-17 20:00:00+00:00,109.143
2020-03-18 20:00:00+00:00,105.682
2020-03-19 20:00:00+00:00,103.962
2020-03-20 20:00:00+00:00,103.626
2020-03-23 20:00:00+00:00,105.003
2020-03-24 20:00:00+00:00,105.649
2020-03-25 20:00:00+00:00,107.693
2020-03-26 20:00:00+00:00,107.113
2020-03-27 20:00:00+00:00,106.14
2020-03-30 20:00:00+00:00,100.256
2020-03-31 20:00:00+00:00,96.768
2020-04-01 20:00:00+00:00,95.393
2020-04-02 20:00:00+00:00,94.153
2020-04-03 20:00:00+00:00,93.425
2020-04-06 20:00:00+00:00,94.306
2020-04-07 20:00:00+00:00,96.5
2020-04-08 20:00:00+00:00,91.765
2020-04-09 20:00:00+00:00,93.137
2020-04-13 20:00:00+00:00,88.614
2020-04-14 20:00:00+00:00,92.552
2020-04-15 20:00:00+00:00,96.049
2020-04-16 20:00:00+00:00,93.508
2020-04-17 20:00:00+00:00,89.37
2020-04-20 20:00:00+00:00,89.769
2020-04-21 20:00:00+00:00,89.796
2020-04-22 20:00:00+00:00,87.93
2020-04-23 20:00:00+00:00,84.528
2020-04-24 20:00:00+00:00,80.569
2020-04-27 20:00:00+00:00,84.67
2020-04-28 20:00:00+00:00,83.108
2020-04-29 20:00:00+00:00,80.662
2020-04-30 20:00:00+00:00,81.84
2020-05-01 20:00:00+00:00,80.788
2020-05-04 20:00:00+00:00,80.821
2020-05-05 20:00:00+00:00,83.211
2020-05-06 20:00:00+00:00,83.147
2020-05-07 20:00:00+00:00,81.683
2020-05-08 20:00:00+00:00,81.947
2020-05-11 20:00:00+00:00,77.621
2020-05-12 20:00:00+00:00,75.772
2020-05-13 20:00:00+00:00,74.575
2020-05-14 20:00:00+00:00,76.002
2020-05-15 20:00:00+00:00,75.476
2020-05-18 20:00:00+00:00,74.332
2020-05-19 20:00:00+00:00,75.572
2020-05-20 20:00:00+00:00,77.575
2020-05-21 20:00:00+00:00,78.529
2020-05-22 20:00:00+00:00,79.952
2020-05-26 20:00:00+00:00,79.632
2020-05-27 20:00:00+00:00,79.53
2020-05-28 20:00:00+00:00,79.955
2020-05-29 20:00:00+00:00,79.272
2020-06-01 20:00:00+00:00,77.805
2020-06-02 20:00:00+00:00,76.896
2020-06-03 20:00:00+00:00,77.121
2020-06-04 20:00:00+00:00,74.66
2020-06-05 20:00:00+00:00,71.795
2020-06-08 20:00:00+00:00,68.022
2020-06-09 20:00:00+00:00,71.043
2020-06-10 20:00:00+00:00,67.887
2020-06-11 20:00:00+00:00,68.677
2020-06-12 20:00:00+00:00,64.307
2020-06-15 20:00:00+00:00,63.319
2020-06-16 20:00:00+00:00,64.829
2020-06-17 20:00:00+00:00,64.515
2020-06-18 20:00:00+00:00,65.488
2020-06-19 20:00:00+00:00,68.183
2020-06-22 20:00:00+00:00,69.238
2020-06-23 20:00:00+00:00,71.02
2020-06-24 20:00:00+00:00,68.918
2020-06-25 20:00:00+00:00,68.559
2020-06-26 20:00:00+00:00,67.622
2020-06-29 20:00:00+00:00,68.942
2020-06-30 20:00:00+00:00,69.704
2020-07-01 20:00:00+00:00,74.428
2020-07-02 20:00:00+00:00,72.304
2020-07-06 20:00:00+00:00,75.504
2020-07-07 20:00:00+00:00,75.589
2020-07-08 20:00:00+00:00,75.402
2020-07-09 20:00:00+00:00,74.944
2020-07-10 20:00:00+00:00,74.129
2020-07-13 20:00:00+00:00,75.588
2020-07-14 20:00:00+00:00,77.456
2020-07-15 20:00:00+00:00,76.847
2020-07-16 20:00:00+00:00,80.691
2020-07-17 20:00:00+00:00,77.827
2020-07-20 20:00:00+00:00,81.398
2020-07-21 20:00:00+00:00,75.278
2020-07-22 20:00:00+00:00,78.461
2020-07-23 20:00:00+00:00,80.812
2020-07-24 20:00:00+00:00,84.171
2020-07-27 20:00:00+00:00,80.881
2020-07-28 20:00:00+00:00,82.181
2020-07-29 20:00:00+00:00,78.553
2020-07-30 20:00:00+00:00,78.624
2020-07-31 20:00:00+00:00,75.569
2020-08-03 20:00:00+00:00,74.76
2020-08-04 20:00:00+00:00,77.588
2020-08-05 20:00:00+00:00,76.448
2020-08-06 20:00:00+00:00,76.494
2020-08-07 20:00:00+00:00,75.892
2020-08-10 20:00:00+00:00,76.488
2020-08-11 20:00:00+00:00,76.289
2020-08-12 20:00:00+00:00,79.448
2020-08-13 20:00:00+00:00,78.917
2020-08-14 20:00:00+00:00,75.627
2020-08-17 20:00:00+00:00,75.493
2020-08-18 20:00:00+00:00,78.08
2020-08-19 20:00:00+00:00,77.408
2020-08-20 20:00:00+00:00,78.39
2020-08-21 20:00:00+00:00,72.467
2020-08-24 20:00:00+00:00,72.48
2020-08-25 20:00:00+00:00,75.031
2020-08-26 20:00:00+00:00,72.815
2020-08-27 20:00:00+00:00,72.22
2020-08-28 20:00:00+00:00,71.083
2020-08-31 20:00:00+00:00,71.299
2020-09-01 20:00:00+00:00,73.029
2020-09-02 20:00:00+00:00,77.355
2020-09-03 20:00:00+00:00,79.996
2020-09-04 20:00:00+00:00,81.933
2020-09-08 20:00:00+00:00,81.718
2020-09-09 20:00:00+00:00,89.05
2020-09-10 20:00:00+00:00,86.22
2020-09-11 20:00:00+00:00,84.658
2020-09-14 20:00:00+00:00,82.059
2020-09-15 20:00:00+00:00,78.642
2020-09-16 20:00:00+00:00,75.312
2020-09-17 20:00:00+00:00,74.568
2020-09-18 20:00:00+00:00,79.362
2020-09-21 20:00:00+00:00,79.293
2020-09-22 20:00:00+00:00,83.232
2020-09-23 20:00:00+00:00,84.595
2020-09-24 20:00:00+00:00,82.237
2020-09-25 20:00:00+00:00,82.668
2020-09-28 20:00:00+00:00,85.851
2020-09-29 20:00:00+00:00,89.861
2020-09-30 20:00:00+00:00,95.732
2020-10-01 20:00:00+00:00,97.33
2020-10-02 20:00:00+00:00,96.013
2020-10-05 20:00:00+00:00,93.246
2020-10-06 20:00:00+00:00,95.692
2020-10-07 20:00:00+00:00,93.397
2020-10-08 20:00:00+00:00,91.217
2020-10-09 20:00:00+00:00,92.977
2020-10-12 20:00:00+00:00,98.124
2020-10-13 20:00:00+00:00,102.098
2020-10-14 20:00:00+00:00,101.538
2020-10-15 20:00:00+00:00,99.442
2020-10-16 20:00:00+00:00,96.289
2020-10-19 20:00:00+00:00,95.903
2020-10-20 20:00:00+00:00,97.651
2020-10-21 20:00:00+00:00,102.432
2020-10-22 20:00:00+00:00,105.776
2020-10-23 20:00:00+00:00,102.95
2020-10-26 20:00:00+00:00,99.368
2020-10-27 20:00:00+00:00,100.341
2020-10-28 20:00:00+00:00,99.801
2020-10-29 20:00:00+00:00,96.173
2020-10-30 20:00:00+00:00,96.995
2020-11-02 21:00:00+00:00,99.315
2020-11-03 21:00:00+00:00,99.378
2020-11-04 21:00:00+00:00,103.251
2020-11-05 21:00:00+00:00,105.3
2020-11-06 21:00:00+00:00,107.088
2020-11-09 21:00:00+00:00,108.409
2020-11-10 21:00:00+00:00,112.274
2020-11-11 21:00:00+00:00,109.421
2020-11-12 21:00:00+00:00,108.807
2020-11-13 21:00:00+00:00,108.96
2020-11-16 21:00:00+00:00,103.416
2020-11-17 21:00:00+00:00,98.373
2020-11-18 21:00:00+00:00,96.448
2020-11-19 21:00:00+00:00,98.015
2020-11-20 21:00:00+00:00,94.573
2020-11-23 21:00:00+00:00,98.294
2020-11-24 21:00:00+00:00,99.932
2020-11-25 21:00:00+00:00,99.258
2020-11-27 18:00:00+00:00,103.52
2020-11-30 21:00:00+00:00,104.781
2020-12-01 21:00:00+00:00,105.884
2020-12-02 21:00:00+00:00,107.003
2020-12-03 21:00:00+00:00,111.192
2020-12-04 21:00:00+00:00,112.881
2020-12-07 21:00:00+00:00,114.139
2020-12-08 21:00:00+00:00,120.096
2020-12-09 21:00:00+00:00,125.65
2020-12-10 21:00:00+00:00,123.805
2020-12-11 21:00:00+00:00,121.693
2020-12-14 21:00:00+00:00,117.407
2020-12-15 21:00:00+00:00,112.588
2020-12-16 21:00:00+00:00,111.743
2020-12-17 21:00:00+00:00,108.211
2020-12-18 21:00:00+00:00,107.959
2020-12-21 21:00:00+00:00,112.44
2020-12-22 21:00:00+00:00,117.005
2020-12-23 21:00:00+00:00,115.811
2020-12-24 18:00:00+00:00,112.975
2020-12-28 21:00:00+00:00,105.397
2020-12-29 21:00:00+00:00,106.087
2020-12-30 21:00:00+00:00,105.634
2020-12-31 21:00:00+00:00,105.009
2021-01-04 21:00:00+00:00,112.643
2021-01-05 21:00:00+00:00,117.815
2021-01-06 21:00:00+00:00,117.05
2021-01-07 21:00:00+00:00,121.652
2021-01-08 21:00:00+00:00,122.029
2021-01-11 21:00:00+00:00,122.249
2021-01-12 21:00:00+00:00,124.105
2021-01-13 21:00:00+00:00,119.908
2021-01-14 21:00:00+00:00,120.413
2021-01-15 21:00:00+00:00,123.418
2021-01-19 21:00:00+00:00,127.481
2021-01-20 21:00:00+00:00,129.431
2021-01-21 21:00:00+00:00,131.263
2021-01-22 21:00:00+00:00,131.221
2021-01-25 21:00:00+00:00,131.026
2021-01-26 21:00:00+00:00,134.882
2021-01-27 21:00:00+00:00,143.354
2021-01-28 21:00:00+00:00,148.676
2021-01-29 21:00:00+00:00,144.301
2021-02-01 21:00:00+00:00,146.319
2021-02-02 21:00:00+00:00,147.675
2021-02-03 21:00:00+00:00,153.948
2021-02-04 21:00:00+00:00,153.996
2021-02-05 21:00:00+00:00,148.491
2021-02-08 21:00:00+00:00,148.681
2021-02-09 21:00:00+00:00,150.165
2021-02-10 21:00:00+00:00,157.707
2021-02-11 21:00:00+00:00,155.469
2021-02-12 21:00:00+00:00,157.125
2021-02-16 21:00:00+00:00,151.596
2021-02-17 21:00:00+00:00,149.12
2021-02-18 21:00:00+00:00,150.144
2021-02-19 21:00:00+00:00,138.49
2021-02-22 21:00:00+00:00,142.484
2021-02-23 21:00:00+00:00,141.125
2021-02-24 21:00:00+00:00,140.518
2021-02-25 21:00:00+00:00,140.904
2021-02-26 21:00:00+00:00,135.099
2021-03-01 21:00:00+00:00,127.596
2021-03-02 21:00:00+00:00,124.853
2021-03-03 21:00:00+00:00,121.778
2021-03-04 21:00:00+00:00,118.859
2021-03-05 21:00:00+00:00,113.215
2021-03-08 21:00:00+00:00,113.828
2021-03-09 21:00:00+00:00,111.73
2021-03-10 21:00:00+00:00,107.402
2021-03-11 21:00:00+00:00,109.505
2021-03-12 21:00:00+00:00,113.996
2021-03-15 20:00:00+00:00,112.414
2021-03-16 20:00:00+00:00,106.305
2021-03-17 20:00:00+00:00,104.638
2021-03-18 20:00:00+00:00,109.9
2021-03-19 20:00:00+00:00,107.514
2021-03-22 20:00:00+00:00,108.402
2021-03-23 20:00:00+00:00,114.007
2021-03-24 20:00:00+00:00,110.293
2021-03-25 20:00:00+00:00,106.204
2021-03-26 20:00:00+00:00,108.567
2021-03-29 20:00:00+00:00,109.192
2021-03-30 20:00:00+00:00,110.056
2021-03-31 20:00:00+00:00,107.203
2021-04-01 20:00:00+00:00,106.101
2021-04-05 20:00:00+00:00,102.864
2021-04-06 20:00:00+00:00,102.944
2021-04-07 20:00:00+00:00,100.874
2021-04-08 20:00:00+00:00,100.583
2021-04-09 20:00:00+00:00,92.31
2021-04-12 20:00:00+00:00,97.113
2021-04-13 20:00:00+00:00,94.842
2021-04-14 20:00:00+00:00,92.839
2021-04-15 20:00:00+00:00,90.754
2021-04-16 20:00:00+00:00,92.695
2021-04-19 20:00:00+00:00,91.19
2021-04-20 20:00:00+00:00,91.0
2021-04-21 20:00:00+00:00,87.992
2021-04-22 20:00:00+00:00,87.059
2021-04-23 20:00:00+00:00,88.688
2021-04-26 20:00:00+00:00,91.1
2021-04-27 20:00:00+00:00,89.787
2021-04-28 20:00:00+00:00,90.975
2021-04-29 20:00:00+00:00,97.152
2021-04-30 20:00:00+00:00,93.976
2021-05-03 20:00:00+00:00,94.27
2021-05-04 20:00:00+00:00,95.306
2021-05-05 20:00:00+00:00,95.819
2021-05-06 20:00:00+00:00,92.902
2021-05-07 20:00:00+00:00,90.639
2021-05-10 20:00:00+00:00,88.109
2021-05-11 20:00:00+00:00,89.834
2021-05-12 20:00:00+00:00,92.75
2021-05-13 20:00:00+00:00,93.69
2021-05-14 20:00:00+00:00,93.878
2021-05-17 20:00:00+00:00,95.749
2021-05-18 20:00:00+00:00,100.159
2021-05-19 20:00:00+00:00,102.405
2021-05-20 20:00:00+00:00,99.08
2021-05-21 20:00:00+00:00,97.444
2021-05-24 20:00:00+00:00,93.844
2021-05-25 20:00:00+00:00,92.983
2021-05-26 20:00:00+00:00,92.039
2021-05-27 20:00:00+00:00,89.535
2021-05-28 20:00:00+00:00,87.536
2021-06-01 20:00:00+00:00,87.017
2021-06-02 20:00:00+00:00,86.748
2021-06-03 20:00:00+00:00,89.841
2021-06-04 20:00:00+00:00,92.747
2021-06-07 20:00:00+00:00,92.019
2021-06-08 20:00:00+00:00,92.532
2021-06-09 20:00:00+00:00,91.834
2021-06-10 20:00:00+00:00,90.036
2021-06-11 20:00:00+00:00,94.536
2021-06-14 20:00:00+00:00,93.59
2021-06-15 20:00:00+00:00,96.299
2021-06-16 20:00:00+00:00,96.663
2021-06-17 20:00:00+00:00,92.938
2021-06-18 20:00:00+00:00,88.07
2021-06-21 20:00:00+00:00,87.355
2021-06-22 20:00:00+00:00,87.863
2021-06-23 20:00:00+00:00,87.386
2021-06-24 20:00:00+00:00,87.56
2021-06-25 20:00:00+00:00,87.728
2021-06-28 20:00:00+00:00,83.772
2021-06-29 20:00:00+00:00,87.123
2021-06-30 20:00:00+00:00,89.035
2021-07-01 20:00:00+00:00,88.655
2021-07-02 20:00:00+00:00,87.912
2021-07-06 20:00:00+00:00,91.904
2021-07-07 20:00:00+00:00,96.785
2021-07-08 20:00:00+00:00,97.257
2021-07-09 20:00:00+00:00,98.733
2021-07-12 20:00:00+00:00,95.4
2021-07-13 20:00:00+00:00,96.55
2021-07-14 20:00:00+00:00,96.452
2021-07-15 20:00:00+00:00,93.046
2021-07-16 20:00:00+00:00,90.242
2021-07-19 20:00:00+00:00,93.737
2021-07-20 20:00:00+00:00,93.929
2021-07-21 20:00:00+00:00,94.593
2021-07-22 20:00:00+00:00,91.707
2021-07-23 20:00:00+00:00,96.536
2021-07-26 20:00:00+00:00,98.87
2021-07-27 20:00:00+00:00,94.32
2021-07-28 20:00:00+00:00,92.802
2021-07-29 20:00:00+00:00,92.044
2021-07-30 20:00:00+00:00,95.608
2021-08-02 20:00:00+00:00,98.642
2021-08-03 20:00:00+00:00,96.546
2021-08-04 20:00:00+00:00,93.595
2021-08-05 20:00:00+00:00,94.352
2021-08-06 20:00:00+00:00,96.447
2021-08-09 20:00:00+00:00,95.79
2021-08-10 20:00:00+00:00,99.228
2021-08-11 20:00:00+00:00,98.726
2021-08-12 20:00:00+00:00,95.162
2021-08-13 20:00:00+00:00,97.282
2021-08-16 20:00:00+00:00,103.93
2021-08-17 20:00:00+00:00,104.59
2021-08-18 20:00:00+00:00,107.507
2021-08-19 20:00:00+00:00,101.254
2021-08-20 20:00:00+00:00,97.137
2021-08-23 20:00:00+00:00,95.67
2021-08-24 20:00:00+00:00,97.154
2021-08-25 20:00:00+00:00,94.766
2021-08-26 20:00:00+00:00,98.944
2021-08-27 20:00:00+00:00,99.348
2021-08-30 20:00:00+00:00,95.283
2021-08-31 20:00:00+00:00,90.535
2021-09-01 20:00:00+00:00,92.901
2021-09-02 20:00:00+00:00,94.595
2021-09-03 20:00:00+00:00,94.799
2021-09-07 20:00:00+00:00,92.836
2021-09-08 20:00:00+00:00,95.165
2021-09-09 20:00:00+00:00,98.279
2021-09-10 20:00:00+00:00,97.555
2021-09-13 20:00:00+00:00,98.433
2021-09-14 20:00:00+00:00,100.574
2021-09-15 20:00:00+00:00,100.442
2021-09-16 20:00:00+00:00,102.075
2021-09-17 20:00:00+00:00,104.779
2021-09-20 20:00:00+00:00,105.707
2021-09-21 20:00:00+00:00,100.086
2021-09-22 20:00:00+00:00,102.754
2021-09-23 20:00:00+00:00,107.198
2021-09-24 20:00:00+00:00,111.636
2021-09-27 20:00:00+00:00,113.808
2021-09-28 20:00:00+00:00,115.301
2021-09-29 20:00:00+00:00,111.057
2021-09-30 20:00:00+00:00,115.304
2021-10-01 20:00:00+00:00,117.211
2021-10-04 20:00:00+00:00,117.014
2021-10-05 20:00:00+00:00,120.123
2021-10-06 20:00:00+00:00,122.783
2021-10-07 20:00:00+00:00,120.929
2021-10-08 20:00:00+00:00,117.437
2021-10-11 20:00:00+00:00,118.699
2021-10-12 20:00:00+00:00,118.288
2021-10-13 20:00:00+00:00,118.413
2021-10-14 20:00:00+00:00,119.882
2021-10-15 20:00:00+00:00,115.508
2021-10-18 20:00:00+00:00,121.296
2021-10-19 20:00:00+00:00,122.832
2021-10-20 20:00:00+00:00,124.547
2021-10-21 20:00:00+00:00,119.482
2021-10-22 20:00:00+00:00,117.364
2021-10-25 20:00:00+00:00,120.06
2021-10-26 20:00:00+00:00,114.978
2021-10-27 20:00:00+00:00,117.738
2021-10-28 20:00:00+00:00,123.053
2021-10-29 20:00:00+00:00,120.238
2021-11-01 20:00:00+00:00,115.916
2021-11-02 20:00:00+00:00,117.246
2021-11-03 20:00:00+00:00,123.936
2021-11-04 20:00:00+00:00,120.78
2021-11-05 20:00:00+00:00,119.471
2021-11-08 21:00:00+00:00,122.156
2021-11-09 21:00:00+00:00,121.747
2021-11-10 21:00:00+00:00,122.994
2021-11-11 21:00:00+00:00,123.574
2021-11-12 21:00:00+00:00,121.188
2021-11-15 21:00:00+00:00,115.757
2021-11-16 21:00:00+00:00,112.647
2021-11-17 21:00:00+00:00,112.571
2021-11-18 21:00:00+00:00,111.889
2021-11-19 21:00:00+00:00,106.978
2021-11-22 21:00:00+00:00,108.049
2021-11-23 21:00:00+00:00,107.568
2021-11-24 21:00:00+00:00,101.075
2021-11-26 18:00:00+00:00,95.867
2021-11-29 21:00:00+00:00,97.21
2021-11-30 21:00:00+00:00,98.213
2021-12-01 21:00:00+00:00,95.932
2021-12-02 21:00:00+00:00,93.4
2021-12-03 21:00:00+00:00,91.132
2021-12-06 21:00:00+00:00,93.802
2021-12-07 21:00:00+00:00,91.722
2021-12-08 21:00:00+00:00,90.807
2021-12-09 21:00:00+00:00,91.526
2021-12-10 21:00:00+00:00,93.067
2021-12-13 21:00:00+00:00,92.571
2021-12-14 21:00:00+00:00,90.515
2021-12-15 21:00:00+00:00,95.789
2021-12-16 21:00:00+00:00,98.889
2021-12-17 21:00:00+00:00,96.506
2021-12-20 21:00:00+00:00,97.424
2021-12-21 21:00:00+00:00,96.22
2021-12-22 21:00:00+00:00,95.375
2021-12-23 21:00:00+00:00,100.166
2021-12-27 21:00:00+00:00,99.677
2021-12-28 21:00:00+00:00,103.242
2021-12-29 21:00:00+00:00,105.197
2021-12-30 21:00:00+00:00,110.775
2021-12-31 21:00:00+00:00,110.528
2022-01-03 21:00:00+00:00,113.001
2022-01-04 21:00:00+00:00,110.365
2022-01-05 21:00:00+00:00,107.515
2022-01-06 21:00:00+00:00,106.696
2022-01-07 21:00:00+00:00,106.621
2022-01-10 21:00:00+00:00,109.975
2022-01-11 21:00:00+00:00,106.73
2022-01-12 21:00:00+00:00,106.225
2022-01-13 21:00:00+00:00,109.279
2022-01-14 21:00:00+00:00,113.332
2022-01-18 21:00:00+00:00,118.438
2022-01-19 21:00:00+00:00,111.855
2022-01-20 21:00:00+00:00,113.249
2022-01-21 21:00:00+00:00,112.045
2022-01-24 21:00:00+00:00,115.022
2022-01-25 21:00:00+00:00,117.344
2022-01-26 21:00:00+00:00,115.353
2022-01-27 21:00:00+00:00,119.87
2022-01-28 21:00:00+00:00,117.256
2022-01-31 21:00:00+00:00,121.431
2022-02-01 21:00:00+00:00,117.36
2022-02-02 21:00:00+00:00,116.41
2022-02-03 21:00:00+00:00,115.351
2022-02-04 21:00:00+00:00,119.844
2022-02-07 21:00:00+00:00,119.889
2022-02-08 21:00:00+00:00,123.421
2022-02-09 21:00:00+00:00,124.239
2022-02-10 21:00:00+00:00,119.795
2022-02-11 21:00:00+00:00,120.279
2022-02-14 21:00:00+00:00,125.585
2022-02-15 21:00:00+00:00,118.779
2022-02-16 21:00:00+00:00,119.62
2022-02-17 21:00:00+00:00,122.942
2022-02-18 21:00:00+00:00,127.538
2022-02-22 21:00:00+00:00,129.165
2022-02-23 21:00:00+00:00,125.521
2022-02-24 21:00:00+00:00,128.639
2022-02-25 21:00:00+00:00,123.284
2022-02-28 21:00:00+00:00,120.978
2022-03-01 21:00:00+00:00,130.093
2022-03-02 21:00:00+00:00,123.588
2022-03-03 21:00:00+00:00,129.901
2022-03-04 21:00:00+00:00,126.474
2022-03-07 21:00:00+00:00,123.911
2022-03-08 21:00:00+00:00,129.346
2022-03-09 21:00:00+00:00,122.863
2022-03-10 21:00:00+00:00,126.711
2022-03-11 21:00:00+00:00,128.529
2022-03-14 20:00:00+00:00,132.498
2022-03-15 20:00:00+00:00,133.353
2022-03-16 20:00:00+00:00,135.687
2022-03-17 20:00:00+00:00,136.585
2022-03-18 20:00:00+00:00,145.115
2022-03-21 20:00:00+00:00,146.795
2022-03-22 20:00:00+00:00,148.038
2022-03-23 20:00:00+00:00,145.242
2022-03-24 20:00:00+00:00,148.935
2022-03-25 20:00:00+00:00,145.58
2022-03-28 20:00:00+00:00,144.528
2022-03-29 20:00:00+00:00,150.309
2022-03-30 20:00:00+00:00,160.368
2022-03-31 20:00:00+00:00,156.288
2022-04-01 20:00:00+00:00,145.515
2022-04-04 20:00:00+00:00,146.904
2022-04-05 20:00:00+00:00,153.919
2022-04-06 20:00:00+00:00,159.526
2022-04-07 20:00:00+00:00,156.851
2022-04-08 20:00:00+00:00,158.812
2022-04-11 20:00:00+00:00,161.573
2022-04-12 20:00:00+00:00,158.883
2022-04-13 20:00:00+00:00,161.838
2022-04-14 20:00:00+00:00,162.381
2022-04-18 20:00:00+00:00,159.42
2022-04-19 20:00:00+00:00,164.54
2022-04-20 20:00:00+00:00,170.135
2022-04-21 20:00:00+00:00,175.167
2022-04-22 20:00:00+00:00,178.883
2022-04-25 20:00:00+00:00,181.208
2022-04-26 20:00:00+00:00,178.364
2022-04-27 20:00:00+00:00,169.274
2022-04-28 20:00:00+00:00,163.297
2022-04-29 20:00:00+00:00,171.039
2022-05-02 20:00:00+00:00,176.728
2022-05-03 20:00:00+00:00,168.813
2022-05-04 20:00:00+00:00,165.76
2022-05-05 20:00:00+00:00,168.7
2022-05-06 20:00:00+00:00,164.167
2022-05-09 20:00:00+00:00,166.101
2022-05-10 20:00:00+00:00,168.247
2022-05-11 20:00:00+00:00,161.101
2022-05-12 20:00:00+00:00,158.773
2022-05-13 20:00:00+00:00,158.552
2022-05-16 20:00:00+00:00,161.813
2022-05-17 20:00:00+00:00,162.027
2022-05-18 20:00:00+00:00,163.408
2022-05-19 20:00:00+00:00,166.398
2022-05-20 20:00:00+00:00,154.815
2022-05-23 20:00:00+00:00,150.851
2022-05-24 20:00:00+00:00,152.804
2022-05-25 20:00:00+00:00,157.374
2022-05-26 20:00:00+00:00,156.753
2022-05-27 20:00:00+00:00,152.884
2022-05-31 20:00:00+00:00,148.001
2022-06-01 20:00:00+00:00,150.736
2022-06-02 20:00:00+00:00,152.55
2022-06-03 20:00:00+00:00,147.299
2022-06-06 20:00:00+00:00,140.768
2022-06-07 20:00:00+00:00,135.16
2022-06-08 20:00:00+00:00,138.437
2022-06-09 20:00:00+00:00,140.476
2022-06-10 20:00:00+00:00,142.108
2022-06-13 20:00:00+00:00,149.069
2022-06-14 20:00:00+00:00,144.791
2022-06-15 20:00:00+00:00,148.657
2022-06-16 20:00:00+00:00,142.92
2022-06-17 20:00:00+00:00,150.665
2022-06-21 20:00:00+00:00,152.841
2022-06-22 20:00:00+00:00,155.85
2022-06-23 20:00:00+00:00,156.383
2022-06-24 20:00:00+00:00,149.635
2022-06-27 20:00:00+00:00,137.216
2022-06-28 20:00:00+00:00,134.39
2022-06-29 20:00:00+00:00,128.974
2022-06-30 20:00:00+00:00,129.413
2022-07-01 20:00:00+00:00,130.422
2022-07-05 20:00:00+00:00,136.538
2022-07-06 20:00:00+00:00,136.266
2022-07-07 20:00:00+00:00,140.718
2022-07-08 20:00:00+00:00,145.113
2022-07-11 20:00:00+00:00,144.206
2022-07-12 20:00:00+00:00,154.414
2022-07-13 20:00:00+00:00,163.414
2022-07-14 20:00:00+00:00,160.663
2022-07-15 20:00:00+00:00,163.676
2022-07-18 20:00:00+00:00,158.637
2022-07-19 20:00:00+00:00,160.163
2022-07-20 20:00:00+00:00,153.734
2022-07-21 20:00:00+00:00,158.836
2022-07-22 20:00:00+00:00,154.766
2022-07-25 20:00:00+00:00,157.376
2022-07-26 20:00:00+00:00,153.827
2022-07-27 20:00:00+00:00,146.243
2022-07-28 20:00:00+00:00,147.526
2022-07-29 20:00:00+00:00,152.729
2022-08-01 20:00:00+00:00,156.982
2022-08-02 20:00:00+00:00,156.522
2022-08-03 20:00:00+00:00,170.635
2022-08-04 20:00:00+00:00,177.64
2022-08-05 20:00:00+00:00,167.849
2022-08-08 20:00:00+00:00,168.386
2022-08-09 20:00:00+00:00,165.417
2022-08-10 20:00:00+00:00,163.413
2022-08-11 20:00:00+00:00,164.006
2022-08-12 20:00:00+00:00,158.726
2022-08-15 20:00:00+00:00,155.77
2022-08-16 20:00:00+00:00,151.403
2022-08-17 20:00:00+00:00,158.549
2022-08-18 20:00:00+00:00,153.799
2022-08-19 20:00:00+00:00,157.269
2022-08-22 20:00:00+00:00,158.321
2022-08-23 20:00:00+00:00,164.802
2022-08-24 20:00:00+00:00,163.491
2022-08-25 20:00:00+00:00,162.203
2022-08-26 20:00:00+00:00,164.318
2022-08-29 20:00:00+00:00,161.263
2022-08-30 20:00:00+00:00,149.16
2022-08-31 20:00:00+00:00,151.05
2022-09-01 20:00:00+00:00,153.204
2022-09-02 20:00:00+00:00,147.491
2022-09-06 20:00:00+00:00,146.835
2022-09-07 20:00:00+00:00,142.507
2022-09-08 20:00:00+00:00,148.673
2022-09-09 20:00:00+00:00,148.585
2022-09-12 20:00:00+00:00,146.022
2022-09-13 20:00:00+00:00,147.686
2022-09-14 20:00:00+00:00,155.116
2022-09-15 20:00:00+00:00,153.333
2022-09-16 20:00:00+00:00,158.801
2022-09-19 20:00:00+00:00,162.402
2022-09-20 20:00:00+00:00,163.319
2022-09-21 20:00:00+00:00,157.098
2022-09-22 20:00:00+00:00,158.603
2022-09-23 20:00:00+00:00,163.527
2022-09-26 20:00:00+00:00,161.642
2022-09-27 20:00:00+00:00,159.798
2022-09-28 20:00:00+00:00,156.316
2022-09-29 20:00:00+00:00,159.549
2022-09-30 20:00:00+00:00,152.954
2022-10-03 20:00:00+00:00,153.743
2022-10-04 20:00:00+00:00,157.049
2022-10-05 20:00:00+00:00,160.86
2022-10-06 20:00:00+00:00,166.338
2022-10-07 20:00:00+00:00,169.989
2022-10-10 20:00:00+00:00,177.465
2022-10-11 20:00:00+00:00,171.539
2022-10-12 20:00:00+00:00,173.312
2022-10-13 20:00:00+00:00,179.262
2022-10-14 20:00:00+00:00,173.707
2022-10-17 20:00:00+00:00,168.478
2022-10-18 20:00:00+00:00,157.992
2022-10-19 20:00:00+00:00,164.163
2022-10-20 20:00:00+00:00,164.697
2022-10-21 20:00:00+00:00,147.338
2022-10-24 20:00:00+00:00,138.224
2022-10-25 20:00:00+00:00,135.861
2022-10-26 20:00:00+00:00,141.556
2022-10-27 20:00:00+00:00,142.86
2022-10-28 20:00:00+00:00,152.084
2022-10-31 20:00:00+00:00,157.297
2022-11-01 20:00:00+00:00,163.823
2022-11-02 20:00:00+00:00,166.975
2022-11-03 20:00:00+00:00,172.463
2022-11-04 20:00:00+00:00,170.62
2022-11-07 21:00:00+00:00,168.408
2022-11-08 21:00:00+00:00,163.034
2022-11-09 21:00:00+00:00,164.481
2022-11-10 21:00:00+00:00,163.407
2022-11-11 21:00:00+00:00,165.972
2022-11-14 21:00:00+00:00,159.505
2022-11-15 21:00:00+00:00,163.735
2022-11-16 21:00:00+00:00,169.658
2022-11-17 21:00:00+00:00,173.88
2022-11-18 21:00:00+00:00,176.187
2022-11-21 21:00:00+00:00,180.233
2022-11-22 21:00:00+00:00,180.996
2022-11-23 21:00:00+00:00,179.555
2022-11-25 18:00:00+00:00,182.242
2022-11-28 21:00:00+00:00,183.706
2022-11-29 21:00:00+00:00,179.32
2022-11-30 21:00:00+00:00,192.117
2022-12-01 21:00:00+00:00,192.59
2022-12-02 21:00:00+00:00,182.96
2022-12-05 21:00:00+00:00,187.935
2022-12-06 21:00:00+00:00,188.336
2022-12-07 21:00:00+00:00,189.863
2022-12-08 21:00:00+00:00,190.989
2022-12-09 21:00:00+00:00,196.518
2022-12-12 21:00:00+00:00,201.953
2022-12-13 21:00:00+00:00,198.694
2022-12-14 21:00:00+00:00,190.558
2022-12-15 21:00:00+00:00,188.572
2022-12-16 21:00:00+00:00,189.133
2022-12-19 21:00:00+00:00,182.578
2022-12-20 21:00:00+00:00,188.017
2022-12-21 21:00:00+00:00,192.441
2022-12-22 21:00:00+00:00,184.479
2022-12-23 21:00:00+00:00,183.281
2022-12-27 21:00:00+00:00,182.643
2022-12-28 21:00:00+00:00,181.255
2022-12-29 21:00:00+00:00,182.051
2022-12-30 21:00:00+00:00,177.682
2023-01-03 21:00:00+00:00,180.391
2023-01-04 21:00:00+00:00,183.502
2023-01-05 21:00:00+00:00,179.948
2023-01-06 21:00:00+00:00,174.943
2023-01-09 21:00:00+00:00,183.673
2023-01-10 21:00:00+00:00,176.402
2023-01-11 21:00:00+00:00,182.639
2023-01-12 21:00:00+00:00,182.012
2023-01-13 21:00:00+00:00,181.363
2023-01-17 21:00:00+00:00,185.616
2023-01-18 21:00:00+00:00,180.991
2023-01-19 21:00:00+00:00,171.416
2023-01-20 21:00:00+00:00,158.61
2023-01-23 21:00:00+00:00,160.206
2023-01-24 21:00:00+00:00,157.307
2023-01-25 21:00:00+00:00,164.929
2023-01-26 21:00:00+00:00,164.105
2023-01-27 21:00:00+00:00,154.231
2023-01-30 21:00:00+00:00,144.501
2023-01-31 21:00:00+00:00,142.028
2023-02-01 21:00:00+00:00,142.331
2023-02-02 21:00:00+00:00,141.849
2023-02-03 21:00:00+00:00,150.662
2023-02-06 21:00:00+00:00,139.552
2023-02-07 21:00:00+00:00,145.868
2023-02-08 21:00:00+00:00,146.896
2023-02-09 21:00:00+00:00,143.142
2023-02-10 21:00:00+00:00,147.63
2023-02-13 21:00:00+00:00,153.274
2023-02-14 21:00:00+00:00,153.401
2023-02-15 21:00:00+00:00,156.472
2023-02-16 21:00:00+00:00,171.191
2023-02-17 21:00:00+00:00,166.181
2023-02-21 21:00:00+00:00,159.5
2023-02-22 21:00:00+00:00,158.9
2023-02-23 21:00:00+00:00,160.581
2023-02-24 21:00:00+00:00,160.89
2023-02-27 21:00:00+00:00,167.215
2023-02-28 21:00:00+00:00,169.593
2023-03-01 21:00:00+00:00,172.485
2023-03-02 21:00:00+00:00,169.188
2023-03-03 21:00:00+00:00,170.673
2023-03-06 21:00:00+00:00,158.099
2023-03-07 21:00:00+00:00,164.579
2023-03-08 21:00:00+00:00,172.067
2023-03-09 21:00:00+00:00,172.626
2023-03-10 21:00:00+00:00,172.441
2023-03-13 20:00:00+00:00,179.354
2023-03-14 20:00:00+00:00,175.193
2023-03-15 20:00:00+00:00,182.834
2023-03-16 20:00:00+00:00,184.986
2023-03-17 20:00:00+00:00,187.359
2023-03-20 20:00:00+00:00,197.498
2023-03-21 20:00:00+00:00,195.545
2023-03-22 20:00:00+00:00,190.353
2023-03-23 20:00:00+00:00,191.523
2023-03-24 20:00:00+00:00,186.875
2023-03-27 20:00:00+00:00,191.128
2023-03-28 20:00:00+00:00,187.578
2023-03-29 20:00:00+00:00,185.176
2023-03-30 20:00:00+00:00,192.362
2023-03-31 20:00:00+00:00,192.856
2023-04-03 20:00:00+00:00,192.625
2023-04-04 20:00:00+00:00,199.96
2023-04-05 20:00:00+00:00,196.598
2023-04-06 20:00:00+00:00,202.533
2023-04-10 20:00:00+00:00,200.246
2023-04-11 20:00:00+00:00,206.893
2023-04-12 20:00:00+00:00,210.835
2023-04-13 20:00:00+00:00,220.08
2023-04-14 20:00:00+00:00,221.988
2023-04-17 20:00:00+00:00,218.213
2023-04-18 20:00:00+00:00,224.926
2023-04-19 20:00:00+00:00,227.794
2023-04-20 20:00:00+00:00,223.444
2023-04-21 20:00:00+00:00,227.123
2023-04-24 20:00:00+00:00,243.166
2023-04-25 20:00:00+00:00,241.204
2023-04-26 20:00:00+00:00,246.993
2023-04-27 20:00:00+00:00,249.549
2023-04-28 20:00:00+00:00,251.419
2023-05-01 20:00:00+00:00,251.323
2023-05-02 20:00:00+00:00,247.132
2023-05-03 20:00:00+00:00,241.067
2023-05-04 20:00:00+00:00,238.83
2023-05-05 20:00:00+00:00,236.771
2023-05-08 20:00:00+00:00,246.565
2023-05-09 20:00:00+00:00,243.652
2023-05-10 20:00:00+00:00,242.555
2023-05-11 20:00:00+00:00,233.042
2023-05-12 20:00:00+00:00,225.12
2023-05-15 20:00:00+00:00,232.122
2023-05-16 20:00:00+00:00,230.125
2023-05-17 20:00:00+00:00,224.613
2023-05-18 20:00:00+00:00,221.834
2023-05-19 20:00:00+00:00,218.824
2023-05-22 20:00:00+00:00,213.061
2023-05-23 20:00:00+00:00,206.061
2023-05-24 20:00:00+00:00,206.47
2023-05-25 20:00:00+00:00,204.646
2023-05-26 20:00:00+00:00,206.036
2023-05-30 20:00:00+00:00,215.636
2023-05-31 20:00:00+00:00,220.357
2023-06-01 20:00:00+00:00,221.278
2023-06-02 20:00:00+00:00,219.547
2023-06-05 20:00:00+00:00,221.499
2023-06-06 20:00:00+00:00,234.606
2023-06-07 20:00:00+00:00,235.668
2023-06-08 20:00:00+00:00,229.362
2023-06-09 20:00:00+00:00,233.22
2023-06-12 20:00:00+00:00,230.584
2023-06-13 20:00:00+00:00,245.487
2023-06-14 20:00:00+00:00,244.916
2023-06-15 20:00:00+00:00,241.333
2023-06-16 20:00:00+00:00,233.437
2023-06-20 20:00:00+00:00,248.551
2023-06-21 20:00:00+00:00,240.324
2023-06-22 20:00:00+00:00,241.568
2023-06-23 20:00:00+00:00,237.597
2023-06-26 20:00:00+00:00,229.447
2023-06-27 20:00:00+00:00,226.463
2023-06-28 20:00:00+00:00,227.63
2023-06-29 20:00:00+00:00,215.854
2023-06-30 20:00:00+00:00,216.718
2023-07-03 17:00:00+00:00,220.426
2023-07-05 20:00:00+00:00,223.873
2023-07-06 20:00:00+00:00,224.175
2023-07-07 20:00:00+00:00,219.631
2023-07-10 20:00:00+00:00,216.251
2023-07-11 20:00:00+00:00,221.346
2023-07-12 20:00:00+00:00,224.675
2023-07-13 20:00:00+00:00,228.076
2023-07-14 20:00:00+00:00,232.755
2023-07-17 20:00:00+00:00,225.684
2023-07-18 20:00:00+00:00,222.65
2023-07-19 20:00:00+00:00,224.275
2023-07-20 20:00:00+00:00,205.688
2023-07-21 20:00:00+00:00,206.775
2023-07-24 20:00:00+00:00,204.202
2023-07-25 20:00:00+00:00,197.452
2023-07-26 20:00:00+00:00,192.106
2023-07-27 20:00:00+00:00,191.256
2023-07-28 20:00:00+00:00,189.563
2023-07-31 20:00:00+00:00,192.918
2023-08-01 20:00:00+00:00,193.922
2023-08-02 20:00:00+00:00,199.807
2023-08-03 20:00:00+00:00,195.861
2023-08-04 20:00:00+00:00,191.265
2023-08-07 20:00:00+00:00,200.447
2023-08-08 20:00:00+00:00,195.758
2023-08-09 20:00:00+00:00,197.864
2023-08-10 20:00:00+00:00,203.991
2023-08-11 20:00:00+00:00,195.09
2023-08-14 20:00:00+00:00,198.682
2023-08-15 20:00:00+00:00,197.362
2023-08-16 20:00:00+00:00,202.629
2023-08-17 20:00:00+00:00,208.233
2023-08-18 20:00:00+00:00,195.86
2023-08-21 20:00:00+00:00,184.824
2023-08-22 20:00:00+00:00,178.242
2023-08-23 20:00:00+00:00,179.335
2023-08-24 20:00:00+00:00,188.452
2023-08-25 20:00:00+00:00,186.255
2023-08-28 20:00:00+00:00,187.946
2023-08-29 20:00:00+00:00,184.829
2023-08-30 20:00:00+00:00,180.959
2023-08-31 20:00:00+00:00,181.5
2023-09-01 20:00:00+00:00,178.443
2023-09-05 20:00:00+00:00,177.111
2023-09-06 20:00:00+00:00,191.762
2023-09-07 20:00:00+00:00,197.255
2023-09-08 20:00:00+00:00,205.435
2023-09-11 20:00:00+00:00,206.969
2023-09-12 20:00:00+00:00,214.314
2023-09-13 20:00:00+00:00,207.207
2023-09-14 20:00:00+00:00,201.972
2023-09-15 20:00:00+00:00,187.895
2023-09-18 20:00:00+00:00,187.966
2023-09-19 20:00:00+00:00,183.119
2023-09-20 20:00:00+00:00,177.024
2023-09-21 20:00:00+00:00,171.819
2023-09-22 20:00:00+00:00,169.5
2023-09-25 20:00:00+00:00,169.36
2023-09-26 20:00:00+00:00,170.486
2023-09-27 20:00:00+00:00,174.175
2023-09-28 20:00:00+00:00,179.978
2023-09-29 20:00:00+00:00,173.792
2023-10-02 20:00:00+00:00,167.637
2023-10-03 20:00:00+00:00,167.57
2023-10-04 20:00:00+00:00,164.465
2023-10-05 20:00:00+00:00,169.207
2023-10-06 20:00:00+00:00,166.041
2023-10-09 20:00:00+00:00,161.151
2023-10-10 20:00:00+00:00,158.563
2023-10-11 20:00:00+00:00,162.976
2023-10-12 20:00:00+00:00,166.191
2023-10-13 20:00:00+00:00,162.13
2023-10-16 20:00:00+00:00,162.727
2023-10-17 20:00:00+00:00,171.44
2023-10-18 20:00:00+00:00,169.869
2023-10-19 20:00:00+00:00,160.463
2023-10-20 20:00:00+00:00,160.487
2023-10-23 20:00:00+00:00,155.216
2023-10-24 20:00:00+00:00,158.383
2023-10-25 20:00:00+00:00,159.938
2023-10-26 20:00:00+00:00,157.769
2023-10-27 20:00:00+00:00,155.811
2023-10-30 20:00:00+00:00,154.403
2023-10-31 20:00:00+00:00,157.694
2023-11-01 20:00:00+00:00,150.922
2023-11-02 20:00:00+00:00,145.176
2023-11-03 20:00:00+00:00,145.228
2023-11-06 21:00:00+00:00,138.998
2023-11-07 21:00:00+00:00,132.527
2023-11-08 21:00:00+00:00,130.702
2023-11-09 21:00:00+00:00,131.23
2023-11-10 21:00:00+00:00,128.888
2023-11-13 21:00:00+00:00,126.74
2023-11-14 21:00:00+00:00,132.049
2023-11-15 21:00:00+00:00,125.308
2023-11-16 21:00:00+00:00,123.015
2023-11-17 21:00:00+00:00,132.818
2023-11-20 21:00:00+00:00,134.402
2023-11-21 21:00:00+00:00,133.87
2023-11-22 21:00:00+00:00,130.389
2023-11-24 18:00:00+00:00,130.924
2023-11-27 21:00:00+00:00,131.05
2023-11-28 21:00:00+00:00,124.574
2023-11-29 21:00:00+00:00,129.684
2023-11-30 21:00:00+00:00,129.654
2023-12-01 21:00:00+00:00,133.596
2023-12-04 21:00:00+00:00,137.402
2023-12-05 21:00:00+00:00,140.879
2023-12-06 21:00:00+00:00,145.748
2023-12-07 21:00:00+00:00,143.463
2023-12-08 21:00:00+00:00,149.144
2023-12-11 21:00:00+00:00,147.746
2023-12-12 21:00:00+00:00,154.771
2023-12-13 21:00:00+00:00,159.595
2023-12-14 21:00:00+00:00,159.756
2023-12-15 21:00:00+00:00,161.541
2023-12-18 21:00:00+00:00,159.662
2023-12-19 21:00:00+00:00,165.969
2023-12-20 21:00:00+00:00,163.914
2023-12-21 21:00:00+00:00,168.855
2023-12-22 21:00:00+00:00,165.198
2023-12-26 21:00:00+00:00,162.55
2023-12-27 21:00:00+00:00,159.112
2023-12-28 21:00:00+00:00,163.098
2023-12-29 21:00:00+00:00,157.63
2024-01-02 21:00:00+00:00,158.026
2024-01-03 21:00:00+00:00,151.901
2024-01-04 21:00:00+00:00,148.035
2024-01-05 21:00:00+00:00,155.782
2024-01-08 21:00:00+00:00,162.004
2024-01-09 21:00:00+00:00,171.495
2024-01-10 21:00:00+00:00,179.047
2024-01-11 21:00:00+00:00,180.038
2024-01-12 21:00:00+00:00,183.247
2024-01-16 21:00:00+00:00,193.382
2024-01-17 21:00:00+00:00,191.689
2024-01-18 21:00:00+00:00,192.101
2024-01-19 21:00:00+00:00,184.641
2024-01-22 21:00:00+00:00,193.555
2024-01-23 21:00:00+00:00,199.659
2024-01-24 21:00:00+00:00,192.425
2024-01-25 21:00:00+00:00,193.068
2024-01-26 21:00:00+00:00,193.169
2024-01-29 21:00:00+00:00,192.725
2024-01-30 21:00:00+00:00,186.609
2024-01-31 21:00:00+00:00,192.88
2024-02-01 21:00:00+00:00,202.526
2024-02-02 21:00:00+00:00,202.226
2024-02-05 21:00:00+00:00,202.807
2024-02-06 21:00:00+00:00,204.767
2024-02-07 21:00:00+00:00,195.305
2024-02-08 21:00:00+00:00,186.122
2024-02-09 21:00:00+00:00,191.537
2024-02-12 21:00:00+00:00,196.797
2024-02-13 21:00:00+00:00,193.445
2024-02-14 21:00:00+00:00,199.233
2024-02-15 21:00:00+00:00,186.781
2024-02-16 21:00:00+00:00,184.073
2024-02-20 21:00:00+00:00,182.089
2024-02-21 21:00:00+00:00,183.139
2024-02-22 21:00:00+00:00,184.565
2024-02-23 21:00:00+00:00,190.909
2024-02-26 21:00:00+00:00,197.144
2024-02-27 21:00:00+00:00,193.184
2024-02-28 21:00:00+00:00,182.254
2024-02-29 21:00:00+00:00,181.55
2024-03-01 21:00:00+00:00,178.732
2024-03-04 21:00:00+00:00,171.63
2024-03-05 21:00:00+00:00,170.6
2024-03-06 21:00:00+00:00,175.63
2024-03-07 21:00:00+00:00,178.492
2024-03-08 21:00:00+00:00,191.062
2024-03-11 20:00:00+00:00,199.697
2024-03-12 20:00:00+00:00,203.094
2024-03-13 20:00:00+00:00,197.869
2024-03-14 20:00:00+00:00,211.383
2024-03-15 20:00:00+00:00,218.975
2024-03-18 20:00:00+00:00,217.374
2024-03-19 20:00:00+00:00,224.155
2024-03-20 20:00:00+00:00,215.347
2024-03-21 20:00:00+00:00,225.098
2024-03-22 20:00:00+00:00,224.347
2024-03-25 20:00:00+00:00,249.772
2024-03-26 20:00:00+00:00,261.975
2024-03-27 20:00:00+00:00,271.729
2024-03-28 20:00:00+00:00,276.007
2024-04-01 20:00:00+00:00,296.704
2024-04-02 20:00:00+00:00,295.217
2024-04-03 20:00:00+00:00,300.116
2024-04-04 20:00:00+00:00,312.925
2024-04-05 20:00:00+00:00,302.068
2024-04-08 20:00:00+00:00,309.991
2024-04-09 20:00:00+00:00,327.798
2024-04-10 20:00:00+00:00,337.646
2024-04-11 20:00:00+00:00,355.109
2024-04-12 20:00:00+00:00,360.982
2024-04-15 20:00:00+00:00,365.057
2024-04-16 20:00:00+00:00,353.595
2024-04-17 20:00:00+00:00,359.791
2024-04-18 20:00:00+00:00,354.479
2024-04-19 20:00:00+00:00,346.394
2024-04-22 20:00:00+00:00,355.434
2024-04-23 20:00:00+00:00,375.198
2024-04-24 20:00:00+00:00,374.044
2024-04-25 20:00:00+00:00,374.989
2024-04-26 20:00:00+00:00,379.774
2024-04-29 20:00:00+00:00,389.016
2024-04-30 20:00:00+00:00,378.641
2024-05-01 20:00:00+00:00,389.329
2024-05-02 20:00:00+00:00,389.64
2024-05-03 20:00:00+00:00,388.219
2024-05-06 20:00:00+00:00,382.07
2024-05-07 20:00:00+00:00,379.959
2024-05-08 20:00:00+00:00,360.473
2024-05-09 20:00:00+00:00,378.886
2024-05-10 20:00:00+00:00,386.683
2024-05-13 20:00:00+00:00,372.294
2024-05-14 20:00:00+00:00,372.091
2024-05-15 20:00:00+00:00,380.507
2024-05-16 20:00:00+00:00,377.292
2024-05-17 20:00:00+00:00,372.47
2024-05-20 20:00:00+00:00,352.171
2024-05-21 20:00:00+00:00,342.14
2024-05-22 20:00:00+00:00,360.723
2024-05-23 20:00:00+00:00,363.354
2024-05-24 20:00:00+00:00,363.339
2024-05-28 20:00:00+00:00,362.387
2024-05-29 20:00:00+00:00,351.386
2024-05-30 20:00:00+00:00,340.354
2024-05-31 20:00:00+00:00,345.079
2024-06-03 20:00:00+00:00,329.032
2024-06-04 20:00:00+00:00,330.106
2024-06-05 20:00:00+00:00,328.605
2024-06-06 20:00:00+00:00,303.596
2024-06-07 20:00:00+00:00,314.01
2024-06-10 20:00:00+00:00,320.178
2024-06-11 20:00:00+00:00,331.429
2024-06-12 20:00:00+00:00,333.23
2024-06-13 20:00:00+00:00,329.386
2024-06-14 20:00:00+00:00,325.761
2024-06-17 20:00:00+00:00,329.594
2024-06-18 20:00:00+00:00,325.566
2024-06-20 20:00:00+00:00,323.525
2024-06-21 20:00:00+00:00,327.698
2024-06-24 20:00:00+00:00,318.833
2024-06-25 20:00:00+00:00,341.052
2024-06-26 20:00:00+00:00,337.867
2024-06-27 20:00:00+00:00,354.613
2024-06-28 20:00:00+00:00,328.987
2024-07-01 20:00:00+00:00,336.683
2024-07-02 20:00:00+00:00,315.722
2024-07-03 17:00:00+00:00,348.234
2024-07-05 20:00:00+00:00,349.532
2024-07-08 20:00:00+00:00,343.966
2024-07-09 20:00:00+00:00,339.426
2024-07-10 20:00:00+00:00,354.821
2024-07-11 20:00:00+00:00,351.171
2024-07-12 20:00:00+00:00,358.726
2024-07-15 20:00:00+00:00,377.248
2024-07-16 20:00:00+00:00,387.944
2024-07-17 20:00:00+00:00,417.178
2024-07-18 20:00:00+00:00,421.152
2024-07-19 20:00:00+00:00,415.072
2024-07-22 20:00:00+00:00,420.115
2024-07-23 20:00:00+00:00,398.29
2024-07-24 20:00:00+00:00,405.619
2024-07-25 20:00:00+00:00,402.872
2024-07-26 20:00:00+00:00,416.438
2024-07-29 20:00:00+00:00,449.737
2024-07-30 20:00:00+00:00,446.271
2024-07-31 20:00:00+00:00,470.125
2024-08-01 20:00:00+00:00,475.643
2024-08-02 20:00:00+00:00,461.762
2024-08-05 20:00:00+00:00,458.985
2024-08-06 20:00:00+00:00,459.209
2024-08-07 20:00:00+00:00,465.58
2024-08-08 20:00:00+00:00,461.594
2024-08-09 20:00:00+00:00,451.505
2024-08-12 20:00:00+00:00,462.546
2024-08-13 20:00:00+00:00,476.002
2024-08-14 20:00:00+00:00,497.429
2024-08-15 20:00:00+00:00,522.623
2024-08-16 20:00:00+00:00,510.431
2024-08-19 20:00:00+00:00,496.587
2024-08-20 20:00:00+00:00,480.015
2024-08-21 20:00:00+00:00,464.883
2024-08-22 20:00:00+00:00,448.532
2024-08-23 20:00:00+00:00,465.888
2024-08-26 20:00:00+00:00,462.817
2024-08-27 20:00:00+00:00,478.198
2024-08-28 20:00:00+00:00,479.804
2024-08-29 20:00:00+00:00,481.483
2024-08-30 20:00:00+00:00,493.553
2024-09-03 20:00:00+00:00,478.633
2024-09-04 20:00:00+00:00,490.555
2024-09-05 20:00:00+00:00,491.869
2024-09-06 20:00:00+00:00,485.42
2024-09-09 20:00:00+00:00,487.219
2024-09-10 20:00:00+00:00,496.901
2024-09-11 20:00:00+00:00,494.853
2024-09-12 20:00:00+00:00,494.534
2024-09-13 20:00:00+00:00,477.133
2024-09-16 20:00:00+00:00,498.954
2024-09-17 20:00:00+00:00,488.796
2024-09-18 20:00:00+00:00,501.128
2024-09-19 20:00:00+00:00,516.331
2024-09-20 20:00:00+00:00,514.857
2024-09-23 20:00:00+00:00,510.611
2024-09-24 20:00:00+00:00,539.491
2024-09-25 20:00:00+00:00,526.188
2024-09-26 20:00:00+00:00,506.036
2024-09-27 20:00:00+00:00,503.384
2024-09-30 20:00:00+00:00,504.621
2024-10-01 20:00:00+00:00,523.494
2024-10-02 20:00:00+00:00,525.582
2024-10-03 20:00:00+00:00,508.596
2024-10-04 20:00:00+00:00,500.807
2024-10-07 20:00:00+00:00,498.958
2024-10-08 20:00:00+00:00,482.639
2024-10-09 20:00:00+00:00,500.887
2024-10-10 20:00:00+00:00,528.271
2024-10-11 20:00:00+00:00,554.261
2024-10-14 20:00:00+00:00,556.044
2024-10-15 20:00:00+00:00,562.072
2024-10-16 20:00:00+00:00,601.7
2024-10-17 20:00:00+00:00,592.225
2024-10-18 20:00:00+00:00,574.187
2024-10-21 20:00:00+00:00,548.606
2024-10-22 20:00:00+00:00,563.063
2024-10-23 20:00:00+00:00,533.034
2024-10-24 20:00:00+00:00,546.228
2024-10-25 20:00:00+00:00,541.704
2024-10-28 20:00:00+00:00,535.949
2024-10-29 20:00:00+00:00,511.803
2024-10-30 20:00:00+00:00,524.187
2024-10-31 20:00:00+00:00,551.038
2024-11-01 20:00:00+00:00,536.49
2024-11-04 21:00:00+00:00,532.995
2024-11-05 21:00:00+00:00,536.642
2024-11-06 21:00:00+00:00,520.709
2024-11-07 21:00:00+00:00,539.344
2024-11-08 21:00:00+00:00,522.533
2024-11-11 21:00:00+00:00,509.375
2024-11-12 21:00:00+00:00,485.717
2024-11-13 21:00:00+00:00,474.788
2024-11-14 21:00:00+00:00,473.964
2024-11-15 21:00:00+00:00,454.128
2024-11-18 21:00:00+00:00,461.46
2024-11-19 21:00:00+00:00,475.831
2024-11-20 21:00:00+00:00,475.94
2024-11-21 21:00:00+00:00,454.594
2024-11-22 21:00:00+00:00,449.516
2024-11-25 21:00:00+00:00,472.652
2024-11-26 21:00:00+00:00,473.202
2024-11-27 21:00:00+00:00,480.504
2024-11-29 18:00:00+00:00,473.936
2024-12-02 21:00:00+00:00,493.98
2024-12-03 21:00:00+00:00,489.904
2024-12-04 21:00:00+00:00,471.626
2024-12-05 21:00:00+00:00,476.542
2024-12-06 21:00:00+00:00,500.639
2024-12-09 21:00:00+00:00,539.808
2024-12-10 21:00:00+00:00,532.019
2024-12-11 21:00:00+00:00,526.411
2024-12-12 21:00:00+00:00,547.452
2024-12-13 21:00:00+00:00,555.347
2024-12-16 21:00:00+00:00,598.918
2024-12-17 21:00:00+00:00,595.199
2024-12-18 21:00:00+00:00,641.072
2024-12-19 21:00:00+00:00,677.078
2024-12-20 21:00:00+00:00,673.301
2024-12-23 21:00:00+00:00,684.162
2024-12-24 18:00:00+00:00,689.179
2024-12-26 21:00:00+00:00,708.942
2024-12-27 21:00:00+00:00,702.804
2024-12-30 21:00:00+00:00,700.45
2024-12-31 21:00:00+00:00,701.988
