,A
2014-01-02,36.74704360961914
2014-01-03,37.21120071411133
2014-01-06,37.02815628051758
2014-01-07,37.55768585205078
2014-01-08,38.17219924926758
2014-01-09,38.18529510498047
2014-01-10,38.525238037109375
2014-01-13,38.525238037109375
2014-01-14,39.14628219604492
2014-01-15,39.447017669677734
2014-01-16,39.551612854003906
2014-01-17,39.68891143798828
2014-01-21,39.78042221069336
2014-01-22,39.832725524902344
2014-01-23,38.878257751464844
2014-01-24,37.8322639465332
2014-01-27,38.11337661743164
2014-01-28,37.982627868652344
2014-01-29,37.688446044921875
2014-01-30,38.90440368652344
2014-01-31,38.01531219482422
2014-02-03,36.707820892333984
2014-02-04,37.79304122924805
2014-02-05,37.544612884521484
2014-02-06,38.10683059692383
2014-02-07,38.8455810546875
2014-02-10,38.57754135131836
2014-02-11,39.048221588134766
2014-02-12,39.1528205871582
2014-02-13,39.27705001831055
2014-02-14,36.119449615478516
2014-02-18,36.05406951904297
2014-02-19,36.57052230834961
2014-02-20,37.45307159423828
2014-02-21,36.8320198059082
2014-02-24,37.10006332397461
2014-02-25,37.191585540771484
2014-02-26,37.32887649536133
2014-02-27,36.8451042175293
2014-02-28,37.217742919921875
2014-03-03,37.073909759521484
2014-03-04,37.7734260559082
2014-03-05,37.78649139404297
2014-03-06,38.42063522338867
2014-03-07,38.191829681396484
2014-03-10,38.01531219482422
2014-03-11,37.17197799682617
2014-03-12,37.302734375
2014-03-13,36.511695861816406
2014-03-14,36.243656158447266
2014-03-17,36.479007720947266
2014-03-18,37.126216888427734
2014-03-19,37.02162170410156
2014-03-20,37.067386627197266
2014-03-21,36.668601989746094
2014-03-24,36.12599182128906
2014-03-25,36.060611724853516
2014-03-26,36.06715393066406
2014-03-27,35.753353118896484
2014-03-28,35.753353118896484
2014-03-31,36.55746078491211
2014-04-01,36.8451042175293
2014-04-02,37.047760009765625
2014-04-03,37.00200271606445
2014-04-04,36.32863998413086
2014-04-07,35.531063079833984
2014-04-08,35.73371887207031
2014-04-09,36.416587829589844
2014-04-10,35.42049026489258
2014-04-11,34.58168411254883
2014-04-14,34.50303649902344
2014-04-15,34.804481506347656
2014-04-16,35.17802810668945
2014-04-17,35.81370162963867
2014-04-21,35.83992004394531
2014-04-22,36.02338790893555
2014-04-23,36.04961013793945
2014-04-24,36.22655487060547
2014-04-25,35.64330291748047
2014-04-28,35.21078872680664
2014-04-29,34.92898941040039
2014-04-30,35.413936614990234
2014-05-01,35.69572448730469
2014-05-02,35.74161148071289
2014-05-05,36.259307861328125
2014-05-06,36.04961013793945
2014-05-07,36.062713623046875
2014-05-08,36.239646911621094
2014-05-09,36.29863739013672
2014-05-12,36.96706771850586
2014-05-13,37.24230194091797
2014-05-14,36.600074768066406
2014-05-15,35.7088508605957
2014-05-16,36.062713623046875
2014-05-19,36.02338790893555
2014-05-20,35.59087371826172
2014-05-21,36.036502838134766
2014-05-22,36.396934509277344
2014-05-23,36.81635284423828
2014-05-27,36.881866455078125
2014-05-28,37.425804138183594
2014-05-29,37.32749938964844
2014-05-30,37.314388275146484
2014-06-02,37.2816276550293
2014-06-03,37.497886657714844
2014-06-04,37.648597717285156
2014-06-05,38.40223693847656
2014-06-06,38.67092514038086
2014-06-09,38.847869873046875
2014-06-10,38.592281341552734
2014-06-11,38.60539245605469
2014-06-12,38.27117919921875
2014-06-13,38.33670425415039
2014-06-16,38.218746185302734
2014-06-17,38.57917022705078
2014-06-18,38.841312408447266
2014-06-19,38.415340423583984
2014-06-20,38.513648986816406
2014-06-23,38.08113098144531
2014-06-24,37.7796745300293
2014-06-25,37.989383697509766
2014-06-26,37.89108657836914
2014-06-27,37.767601013183594
2014-06-30,37.72819519042969
2014-07-01,38.260223388671875
2014-07-02,38.12885665893555
2014-07-03,38.398155212402344
2014-07-07,38.174835205078125
2014-07-08,37.537723541259766
2014-07-09,37.37348937988281
2014-07-10,37.10421371459961
2014-07-11,37.176456451416016
2014-07-14,37.32095718383789
2014-07-15,37.21585464477539
2014-07-16,37.41291046142578
2014-07-17,36.22405242919922
2014-07-18,36.880882263183594
2014-07-21,37.248695373535156
2014-07-22,37.91210174560547
2014-07-23,37.74789047241211
2014-07-24,37.3341064453125
2014-07-25,37.130470275878906
2014-07-28,36.97283935546875
2014-07-29,36.80207061767578
2014-07-30,37.294681549072266
2014-07-31,36.84147644042969
2014-08-01,36.828338623046875
2014-08-04,36.953128814697266
2014-08-05,36.28316879272461
2014-08-06,36.513057708740234
2014-08-07,36.15837097167969
2014-08-08,36.28316879272461
2014-08-11,36.256900787353516
2014-08-12,35.69202423095703
2014-08-13,35.98101806640625
2014-08-14,36.53275680541992
2014-08-15,37.820152282714844
2014-08-18,38.43756103515625
2014-08-19,38.46384048461914
2014-08-20,38.31276321411133
2014-08-21,38.08943176269531
2014-08-22,37.85955047607422
2014-08-25,37.92523956298828
2014-08-26,37.997474670410156
2014-08-27,37.68878173828125
2014-08-28,37.537723541259766
2014-08-29,37.544288635253906
2014-09-02,38.14198684692383
2014-09-03,38.13542938232422
2014-09-04,37.892391204833984
2014-09-05,38.043460845947266
2014-09-08,37.86612319946289
2014-09-09,37.734745025634766
2014-09-10,37.892391204833984
2014-09-11,37.82670974731445
2014-09-12,38.490108489990234
2014-09-15,38.043460845947266
2014-09-16,38.03688430786133
2014-09-17,38.68058776855469
2014-09-18,38.35874938964844
2014-09-19,38.260223388671875
2014-09-22,37.800437927246094
2014-09-23,37.42604064941406
2014-09-24,38.069740295410156
2014-09-25,37.36693572998047
2014-09-26,37.19707489013672
2014-09-29,37.625022888183594
2014-09-30,37.513084411621094
2014-10-01,36.999568939208984
2014-10-02,36.755977630615234
2014-10-03,37.46700668334961
2014-10-06,37.24317169189453
2014-10-07,36.209537506103516
2014-10-08,37.170745849609375
2014-10-09,36.22929382324219
2014-10-10,35.31417465209961
2014-10-13,34.754581451416016
2014-10-14,34.09621810913086
2014-10-15,34.09621810913086
2014-10-16,34.04356002807617
2014-10-17,34.41223907470703
2014-10-20,34.464908599853516
2014-10-21,35.551185607910156
2014-10-22,34.92576217651367
2014-10-23,35.360267639160156
2014-10-24,35.584102630615234
2014-10-27,35.54460525512695
2014-10-28,35.98569869995117
2014-10-29,35.88037109375
2014-10-30,35.76186752319336
2014-10-31,36.39389419555664
2014-11-03,37.58836364746094
2014-11-04,36.98090744018555
2014-11-05,36.93488311767578
2014-11-06,38.07615280151367
2014-11-07,37.67118453979492
2014-11-10,38.223419189453125
2014-11-11,38.343055725097656
2014-11-12,38.14978790283203
2014-11-13,38.14978790283203
2014-11-14,38.26022720336914
2014-11-17,37.95650863647461
2014-11-18,37.5515251159668
2014-11-19,37.5515251159668
2014-11-20,37.97492218017578
2014-11-21,38.88608932495117
2014-11-24,38.88608932495117
2014-11-25,39.30945587158203
2014-11-26,39.33707046508789
2014-11-28,39.33707046508789
2014-12-01,38.27864074707031
2014-12-02,38.63759231567383
2014-12-03,38.86769485473633
2014-12-04,38.90449905395508
2014-12-05,38.932106018066406
2014-12-08,38.205013275146484
2014-12-09,38.103763580322266
2014-12-10,37.128173828125
2014-12-11,37.3858642578125
2014-12-12,36.557533264160156
2014-12-15,35.6003303527832
2014-12-16,35.40704345703125
2014-12-17,36.594337463378906
2014-12-18,37.459503173828125
2014-12-19,38.08536148071289
2014-12-22,38.5455436706543
2014-12-23,38.07615280151367
2014-12-24,37.85526657104492
2014-12-26,38.08536148071289
2014-12-29,38.03933334350586
2014-12-30,38.07615280151367
2014-12-31,37.68039321899414
2015-01-02,37.42205047607422
2015-01-05,36.72084045410156
2015-01-06,36.1488151550293
2015-01-07,36.628578186035156
2015-01-08,37.72651290893555
2015-01-09,37.44973373413086
2015-01-12,37.00687026977539
2015-01-13,36.49018859863281
2015-01-14,36.0380973815918
2015-01-15,35.069332122802734
2015-01-16,35.29075622558594
2015-01-20,34.995521545410156
2015-01-21,35.20772933959961
2015-01-22,36.582454681396484
2015-01-23,35.80745315551758
2015-01-26,36.12113952636719
2015-01-27,35.7520866394043
2015-01-28,35.06010055541992
2015-01-29,35.48452377319336
2015-01-30,34.84790802001953
2015-02-02,35.696739196777344
2015-02-03,36.55476760864258
2015-02-04,36.084228515625
2015-02-05,36.471736907958984
2015-02-06,36.29644012451172
2015-02-09,36.01963806152344
2015-02-10,36.600894927978516
2015-02-11,36.287208557128906
2015-02-12,36.92382049560547
2015-02-13,37.043785095214844
2015-02-17,37.385154724121094
2015-02-18,38.326236724853516
2015-02-19,37.96640396118164
2015-02-20,38.704505920410156
2015-02-23,38.50153732299805
2015-02-24,38.805999755859375
2015-02-25,38.9351692199707
2015-02-26,39.082794189453125
2015-02-27,38.94439697265625
2015-03-02,39.39647674560547
2015-03-03,38.990535736083984
2015-03-04,38.75065231323242
2015-03-05,38.95361328125
2015-03-06,38.3170051574707
2015-03-09,38.510765075683594
2015-03-10,37.486629486083984
2015-03-11,37.689613342285156
2015-03-12,37.92027282714844
2015-03-13,37.708065032958984
2015-03-16,38.57535934448242
2015-03-17,38.363136291503906
2015-03-18,38.861358642578125
2015-03-19,38.94439697265625
2015-03-20,38.94439697265625
2015-03-23,38.9351692199707
2015-03-24,37.91106414794922
2015-03-25,37.65271759033203
2015-03-26,37.55122375488281
2015-03-27,38.02292251586914
2015-03-30,38.58710479736328
2015-03-31,38.42987823486328
2015-04-01,38.28189468383789
2015-04-02,38.892337799072266
2015-04-06,38.78135299682617
2015-04-07,39.25304412841797
2015-04-08,39.086570739746094
2015-04-09,39.29930114746094
2015-04-10,40.279693603515625
2015-04-13,39.8079948425293
2015-04-14,39.83574295043945
2015-04-15,40.12246322631836
2015-04-16,39.89125061035156
2015-04-17,39.75250244140625
2015-04-20,39.94672775268555
2015-04-21,39.66925048828125
2015-04-22,39.502769470214844
2015-04-23,39.41954040527344
2015-04-24,39.29930114746094
2015-04-27,38.82759475708008
2015-04-28,39.012577056884766
2015-04-29,38.80908966064453
2015-04-30,38.26339340209961
2015-05-01,38.68885803222656
2015-05-04,38.79058837890625
2015-05-05,38.46688461303711
2015-05-06,38.46688461303711
2015-05-07,38.661102294921875
2015-05-08,39.30853271484375
2015-05-11,39.41954040527344
2015-05-12,38.76285171508789
2015-05-13,38.670372009277344
2015-05-14,38.892337799072266
2015-05-15,38.88309097290039
2015-05-18,39.42878341674805
2015-05-19,39.18830490112305
2015-05-20,39.410274505615234
2015-05-21,39.14205551147461
2015-05-22,39.30853271484375
2015-05-26,38.90158462524414
2015-05-27,39.410274505615234
2015-05-28,38.6148681640625
2015-05-29,38.0969123840332
2015-06-01,37.847190856933594
2015-06-02,38.02292251586914
2015-06-03,38.013671875
2015-06-04,37.49574279785156
2015-06-05,37.282997131347656
2015-06-08,36.950035095214844
2015-06-09,37.107261657714844
2015-06-10,37.477237701416016
2015-06-11,37.48646926879883
2015-06-12,36.84828186035156
2015-06-15,36.55232620239258
2015-06-16,36.80205154418945
2015-06-17,36.62631607055664
2015-06-18,36.90378952026367
2015-06-19,36.52457809448242
2015-06-22,36.820552825927734
2015-06-23,36.62631607055664
2015-06-24,37.172000885009766
2015-06-25,37.04252243041992
2015-06-26,37.107425689697266
2015-06-29,35.920589447021484
2015-06-30,35.77223205566406
2015-07-01,36.40272903442383
2015-07-02,36.6994514465332
2015-07-06,36.49545669555664
2015-07-07,36.89417266845703
2015-07-08,35.92985916137695
2015-07-09,36.08749008178711
2015-07-10,36.532562255859375
2015-07-13,37.05181121826172
2015-07-14,37.543243408203125
2015-07-15,37.209434509277344
2015-07-16,37.40414810180664
2015-07-17,37.04252624511719
2015-07-20,37.14452362060547
2015-07-21,36.690189361572266
2015-07-22,37.39487075805664
2015-07-23,37.3206901550293
2015-07-24,36.449100494384766
2015-07-27,36.72727584838867
2015-07-28,37.50613784790039
2015-07-29,37.45977020263672
2015-07-30,37.98828887939453
2015-07-31,37.96974182128906
2015-08-03,38.016109466552734
2015-08-04,37.663761138916016
2015-08-05,37.75648880004883
2015-08-06,37.20015335083008
2015-08-07,37.079612731933594
2015-08-10,37.52467727661133
2015-08-11,36.55109405517578
2015-08-12,36.059669494628906
2015-08-13,35.75368118286133
2015-08-14,35.83714294433594
2015-08-17,35.994773864746094
2015-08-18,36.18020248413086
2015-08-19,35.60533142089844
2015-08-20,34.78010177612305
2015-08-21,33.593265533447266
2015-08-24,32.15606689453125
2015-08-25,31.859346389770508
2015-08-26,33.02766036987305
2015-08-27,33.97340774536133
2015-08-28,33.85287857055664
2015-08-31,33.66743850708008
2015-09-01,32.22096252441406
2015-09-02,32.9442024230957
2015-09-03,33.148193359375
2015-09-04,32.5084114074707
2015-09-08,33.574703216552734
2015-09-09,32.953468322753906
2015-09-10,33.250179290771484
2015-09-11,33.34291076660156
2015-09-14,32.96274948120117
2015-09-15,33.519081115722656
2015-09-16,33.862144470214844
2015-09-17,33.750885009765625
2015-09-18,33.138916015625
2015-09-21,33.09255599975586
2015-09-22,32.4991340637207
2015-09-23,32.40641784667969
2015-09-24,32.0355224609375
2015-09-25,32.035526275634766
2015-09-28,31.03122329711914
2015-09-29,31.375289916992188
2015-09-30,31.923934936523438
2015-10-01,31.375289916992188
2015-10-02,32.24010467529297
2015-10-05,32.86314392089844
2015-10-06,32.453983306884766
2015-10-07,33.04911804199219
2015-10-08,33.486202239990234
2015-10-09,33.69076919555664
2015-10-12,33.46757888793945
2015-10-13,33.13282012939453
2015-10-14,32.593475341796875
2015-10-15,33.08632278442383
2015-10-16,33.27229690551758
2015-10-19,33.69076919555664
2015-10-20,33.774471282958984
2015-10-21,33.38389205932617
2015-10-22,33.560577392578125
2015-10-23,34.50909423828125
2015-10-26,34.24872970581055
2015-10-27,34.45329284667969
2015-10-28,34.8903694152832
2015-10-29,35.05774688720703
2015-10-30,35.11353302001953
2015-11-02,35.88536071777344
2015-11-03,35.587791442871094
2015-11-04,35.652896881103516
2015-11-05,35.615692138671875
2015-11-06,35.46690368652344
2015-11-09,35.26231384277344
2015-11-10,35.3181266784668
2015-11-11,35.02054214477539
2015-11-12,34.862457275390625
2015-11-13,34.19292068481445
2015-11-16,34.71367645263672
2015-11-17,35.690086364746094
2015-11-18,36.58279037475586
2015-11-19,35.80167770385742
2015-11-20,36.527000427246094
2015-11-23,37.22443389892578
2015-11-24,37.819583892822266
2015-11-25,38.44261932373047
2015-11-27,39.028480529785156
2015-11-30,38.88898468017578
2015-12-01,38.182247161865234
2015-12-02,37.58709716796875
2015-12-03,37.33603286743164
2015-12-04,38.21943664550781
2015-12-07,37.847496032714844
2015-12-08,38.28453826904297
2015-12-09,38.10785675048828
2015-12-10,38.35893630981445
2015-12-11,37.37321853637695
2015-12-14,37.429019927978516
2015-12-15,37.94976806640625
2015-12-16,38.52631759643555
2015-12-17,37.921875
2015-12-18,37.289527893066406
2015-12-21,37.968379974365234
2015-12-22,38.3310546875
2015-12-23,38.84248352050781
2015-12-24,39.18656539916992
2015-12-28,38.851776123046875
2015-12-29,39.39114761352539
2015-12-30,39.214454650878906
2015-12-31,38.98602294921875
2016-01-04,37.9416618347168
2016-01-05,37.81110382080078
2016-01-06,37.97895050048828
2016-01-07,36.36579895019531
2016-01-08,35.98349380493164
2016-01-11,35.37738800048828
2016-01-12,35.61051559448242
2016-01-13,34.370338439941406
2016-01-14,35.06968688964844
2016-01-15,34.60345458984375
2016-01-19,34.687374114990234
2016-01-20,34.74332809448242
2016-01-21,34.715370178222656
2016-01-22,35.41469955444336
2016-01-25,35.06968688964844
2016-01-26,34.97643280029297
2016-01-27,34.54750442504883
2016-01-28,33.67100143432617
2016-01-29,35.10697937011719
2016-02-01,35.144283294677734
2016-02-02,34.566158294677734
2016-02-03,34.67803955078125
2016-02-04,34.89252853393555
2016-02-05,33.605743408203125
2016-02-08,32.44948196411133
2016-02-09,32.98097610473633
2016-02-10,33.428558349609375
2016-02-11,32.94367599487305
2016-02-12,33.77357864379883
2016-02-16,34.57548522949219
2016-02-17,35.3121223449707
2016-02-18,34.67803955078125
2016-02-19,34.91115951538086
2016-02-22,35.46133041381836
2016-02-23,34.65939712524414
2016-02-24,34.9484748840332
2016-02-25,35.08833694458008
2016-02-26,35.05104446411133
2016-02-29,34.827247619628906
2016-03-01,35.98349380493164
2016-03-02,36.4030876159668
2016-03-03,36.55228805541992
2016-03-04,36.68282699584961
2016-03-07,36.76677322387695
2016-03-08,35.51728057861328
2016-03-09,35.55457305908203
2016-03-10,35.41469955444336
2016-03-11,36.580265045166016
2016-03-14,36.38445281982422
2016-03-15,35.70375442504883
2016-03-16,36.34714889526367
2016-03-17,36.636226654052734
2016-03-18,37.47542190551758
2016-03-21,36.971893310546875
2016-03-22,37.18636703491211
2016-03-23,36.80405807495117
2016-03-24,36.76677322387695
2016-03-28,36.85068130493164
2016-03-29,37.44744873046875
2016-03-30,37.4101448059082
2016-03-31,37.15838623046875
2016-04-01,37.696109771728516
2016-04-04,37.415550231933594
2016-04-05,36.71417999267578
2016-04-06,37.630645751953125
2016-04-07,36.91057205200195
2016-04-08,36.976016998291016
2016-04-11,36.85445785522461
2016-04-12,37.17241287231445
2016-04-13,38.05146408081055
2016-04-14,38.135623931884766
2016-04-15,38.257205963134766
2016-04-18,38.63125991821289
2016-04-19,38.71541976928711
2016-04-20,38.827632904052734
2016-04-21,39.211063385009766
2016-04-22,39.08946228027344
2016-04-25,38.93050765991211
2016-04-26,38.640625
2016-04-27,38.883750915527344
2016-04-28,38.50968551635742
2016-04-29,38.26655197143555
2016-05-02,39.00531768798828
2016-05-03,38.565799713134766
2016-05-04,37.892494201660156
2016-05-05,38.303955078125
2016-05-06,38.74348068237305
2016-05-09,38.64995574951172
2016-05-10,39.27651596069336
2016-05-11,39.70668411254883
2016-05-12,39.95917510986328
2016-05-13,39.85630416870117
2016-05-16,40.15556335449219
2016-05-17,41.530242919921875
2016-05-18,41.4460563659668
2016-05-19,41.6705207824707
2016-05-20,41.97911834716797
2016-05-23,41.67987060546875
2016-05-24,42.11003494262695
2016-05-25,42.4747428894043
2016-05-26,42.55891036987305
2016-05-27,42.84880828857422
2016-05-31,42.914268493652344
2016-06-01,42.970375061035156
2016-06-02,42.923614501953125
2016-06-03,42.75529479980469
2016-06-06,42.8862190246582
2016-06-07,42.78334426879883
2016-06-08,43.15742111206055
2016-06-09,43.101295471191406
2016-06-10,42.418636322021484
2016-06-13,42.007171630859375
2016-06-14,41.99781036376953
2016-06-15,42.02587127685547
2016-06-16,42.42798614501953
2016-06-17,42.418636322021484
2016-06-20,43.1480598449707
2016-06-21,43.166748046875
2016-06-22,43.04518127441406
2016-06-23,43.65303421020508
2016-06-24,41.25904846191406
2016-06-27,39.51964569091797
2016-06-28,40.314552307128906
2016-06-29,40.92238998413086
2016-06-30,41.59279251098633
2016-07-01,41.81782913208008
2016-07-05,41.02083206176758
2016-07-06,41.695919036865234
2016-07-07,41.649044036865234
2016-07-08,42.64292526245117
2016-07-11,42.56791305541992
2016-07-12,43.6274299621582
2016-07-13,43.514896392822266
2016-07-14,43.880577087402344
2016-07-15,43.7586784362793
2016-07-18,43.880577087402344
2016-07-19,44.04935073852539
2016-07-20,44.07748031616211
2016-07-21,43.7586784362793
2016-07-22,43.67429733276367
2016-07-25,43.261749267578125
2016-07-26,44.02122116088867
2016-07-27,44.3118782043457
2016-07-28,44.5462760925293
2016-07-29,45.10886001586914
2016-08-01,44.88383102416992
2016-08-02,44.23686981201172
2016-08-03,44.152488708496094
2016-08-04,43.9087028503418
2016-08-05,44.527530670166016
2016-08-08,44.28375244140625
2016-08-09,44.490028381347656
2016-08-10,44.5462760925293
2016-08-11,45.12761306762695
2016-08-12,45.13698959350586
2016-08-15,45.41826248168945
2016-08-16,45.268253326416016
2016-08-17,45.40890121459961
2016-08-18,43.80556869506836
2016-08-19,44.649417877197266
2016-08-22,44.61192321777344
2016-08-23,44.836952209472656
2016-08-24,43.78681945800781
2016-08-25,44.3118782043457
2016-08-26,44.36813735961914
2016-08-29,44.649417877197266
2016-08-30,44.199371337890625
2016-08-31,44.04935073852539
2016-09-01,44.05872344970703
2016-09-02,44.0681037902832
2016-09-06,44.02122116088867
2016-09-07,44.17123031616211
2016-09-08,44.08686447143555
2016-09-09,42.08034896850586
2016-09-12,42.89607238769531
2016-09-13,42.099098205566406
2016-09-14,42.06160354614258
2016-09-15,42.60541534423828
2016-09-16,41.99596405029297
2016-09-19,42.1459846496582
2016-09-20,42.85857391357422
2016-09-21,43.16799545288086
2016-09-22,43.7586784362793
2016-09-23,43.70243453979492
2016-09-26,43.664920806884766
2016-09-27,43.78681945800781
2016-09-28,44.23686981201172
2016-09-29,43.514896392822266
2016-09-30,44.26217269897461
2016-10-03,44.309173583984375
2016-10-04,44.01778030395508
2016-10-05,44.318565368652344
2016-10-06,44.45955276489258
2016-10-07,44.534751892089844
2016-10-10,44.82614517211914
2016-10-11,42.946250915527344
2016-10-12,42.73944854736328
2016-10-13,42.448062896728516
2016-10-14,42.37287139892578
2016-10-17,42.43867111206055
2016-10-18,42.71125411987305
2016-10-19,43.25641632080078
2016-10-20,43.28460693359375
2016-10-21,42.83345413208008
2016-10-24,43.09662628173828
2016-10-25,40.897151947021484
2016-10-26,40.765560150146484
2016-10-27,40.774959564208984
2016-10-28,40.62456130981445
2016-10-31,40.95355224609375
2016-11-01,40.87835693359375
2016-11-02,40.662166595458984
2016-11-03,41.038143157958984
2016-11-04,41.65848922729492
2016-11-07,42.96503448486328
2016-11-08,42.880435943603516
2016-11-09,43.18124008178711
2016-11-10,44.20576095581055
2016-11-11,43.58540344238281
2016-11-14,42.607872009277344
2016-11-15,42.67365646362305
2016-11-16,43.40681838989258
2016-11-17,43.18124008178711
2016-11-18,42.335262298583984
2016-11-21,42.26947784423828
2016-11-22,41.79010009765625
2016-11-23,41.96869659423828
2016-11-25,42.19428253173828
2016-11-28,40.98175048828125
2016-11-29,41.808902740478516
2016-11-30,41.33892059326172
2016-12-01,40.61515808105469
2016-12-02,41.38591766357422
2016-12-05,41.855899810791016
2016-12-06,42.14728546142578
2016-12-07,42.28827667236328
2016-12-08,43.04962921142578
2016-12-09,43.51960754394531
2016-12-12,43.36920928955078
2016-12-13,43.60420227050781
2016-12-14,43.36920928955078
2016-12-15,43.76400375366211
2016-12-16,43.15302658081055
2016-12-19,42.70185852050781
2016-12-20,43.435001373291016
2016-12-21,43.27522659301758
2016-12-22,43.20942306518555
2016-12-23,43.42561340332031
2016-12-27,43.71699523925781
2016-12-28,42.97444152832031
2016-12-29,43.023441314697266
2016-12-30,42.94804763793945
2017-01-03,43.82472610473633
2017-01-04,44.39975357055664
2017-01-05,43.871856689453125
2017-01-06,45.23872756958008
2017-01-09,45.3801383972168
2017-01-10,45.34243392944336
2017-01-11,46.426483154296875
2017-01-12,45.73833465576172
2017-01-13,45.898590087890625
2017-01-17,45.549808502197266
2017-01-18,45.483829498291016
2017-01-19,44.908790588378906
2017-01-20,44.889930725097656
2017-01-23,44.67310333251953
2017-01-24,44.63542556762695
2017-01-25,45.63465881347656
2017-01-26,45.40841293334961
2017-01-27,45.86088943481445
2017-01-30,44.937076568603516
2017-01-31,46.162540435791016
2017-02-01,46.43592834472656
2017-02-02,46.096561431884766
2017-02-03,46.549034118652344
2017-02-06,46.445350646972656
2017-02-07,46.79413986206055
2017-02-08,47.06751251220703
2017-02-09,47.5765495300293
2017-02-10,47.472862243652344
2017-02-13,47.623680114746094
2017-02-14,47.501136779785156
2017-02-15,48.66062545776367
2017-02-16,47.92534255981445
2017-02-17,48.670047760009766
2017-02-21,48.406097412109375
2017-02-22,48.396671295166016
2017-02-23,48.519222259521484
2017-02-24,48.77375030517578
2017-02-27,48.69832229614258
2017-02-28,48.35896682739258
2017-03-01,49.056549072265625
2017-03-02,48.434391021728516
2017-03-03,48.99998092651367
2017-03-06,48.311824798583984
2017-03-07,48.27412414550781
2017-03-08,48.46266555786133
2017-03-09,48.48152542114258
2017-03-10,49.160240173339844
2017-03-13,49.443031311035156
2017-03-14,49.216800689697266
2017-03-15,50.998435974121094
2017-03-16,50.00864791870117
2017-03-17,50.25374984741211
2017-03-20,50.1029052734375
2017-03-21,49.64098358154297
2017-03-22,50.08405303955078
2017-03-23,50.13118362426758
2017-03-24,50.03692626953125
2017-03-27,50.187747955322266
2017-03-28,50.37627029418945
2017-03-29,50.07462692260742
2017-03-30,50.263153076171875
2017-03-31,49.962646484375
2017-04-03,50.274497985839844
2017-04-04,49.72639465332031
2017-04-05,49.81145095825195
2017-04-06,50.227256774902344
2017-04-07,49.93429183959961
2017-04-10,49.82090759277344
2017-04-11,49.924835205078125
2017-04-12,49.660240173339844
2017-04-13,49.45234680175781
2017-04-17,50.52020263671875
2017-04-18,50.113853454589844
2017-04-19,50.15164566040039
2017-04-20,50.20834732055664
2017-04-21,50.34064483642578
2017-04-24,51.44630432128906
2017-04-25,51.79597854614258
2017-04-26,51.81487274169922
2017-04-27,52.381874084472656
2017-04-28,52.02277374267578
2017-05-01,52.73151779174805
2017-05-02,52.85437774658203
2017-05-03,53.07172393798828
2017-05-04,53.582035064697266
2017-05-05,53.52534484863281
2017-05-08,53.22292709350586
2017-05-09,53.74268341064453
2017-05-10,53.175682067871094
2017-05-11,53.13788604736328
2017-05-12,53.07172393798828
2017-05-15,53.582035064697266
2017-05-16,53.704891204833984
2017-05-17,52.70317077636719
2017-05-18,52.77876663208008
2017-05-19,53.04337692260742
2017-05-22,52.996131896972656
2017-05-23,55.43425750732422
2017-05-24,55.972904205322266
2017-05-25,56.039066314697266
2017-05-26,56.23750305175781
2017-05-30,57.05021667480469
2017-05-31,57.02187728881836
2017-06-01,57.390411376953125
2017-06-02,57.46603012084961
2017-06-05,57.078575134277344
2017-06-06,56.795066833496094
2017-06-07,57.295921325683594
2017-06-08,56.842315673828125
2017-06-09,55.9539909362793
2017-06-12,55.74610900878906
2017-06-13,56.020145416259766
2017-06-14,56.11466598510742
2017-06-15,55.9539909362793
2017-06-16,56.23750305175781
2017-06-19,57.22031784057617
2017-06-20,57.012413024902344
2017-06-21,56.502105712890625
2017-06-22,57.277015686035156
2017-06-23,56.48320007324219
2017-06-26,55.98234939575195
2017-06-27,55.64215087890625
2017-06-28,56.1335563659668
2017-06-29,55.69029998779297
2017-06-30,56.173336029052734
2017-07-03,56.00286102294922
2017-07-05,56.6090087890625
2017-07-06,56.08808898925781
2017-07-07,56.476417541503906
2017-07-10,56.694252014160156
2017-07-11,56.637428283691406
2017-07-12,57.51823806762695
2017-07-13,57.953914642333984
2017-07-14,58.266448974609375
2017-07-17,58.294864654541016
2017-07-18,57.97285842895508
2017-07-19,58.13386154174805
2017-07-20,57.75502395629883
2017-07-21,58.124393463134766
2017-07-24,58.247520446777344
2017-07-25,57.338279724121094
2017-07-26,56.56166076660156
2017-07-27,56.741607666015625
2017-07-28,56.902610778808594
2017-07-31,56.62794876098633
2017-08-01,56.77002716064453
2017-08-02,57.01626205444336
2017-08-03,57.177284240722656
2017-08-04,56.94997024536133
2017-08-07,57.65083694458008
2017-08-08,56.959442138671875
2017-08-09,56.52376937866211
2017-08-10,55.47245788574219
2017-08-11,56.192283630371094
2017-08-14,56.46693801879883
2017-08-15,56.23963165283203
2017-08-16,58.8536491394043
2017-08-17,57.64137268066406
2017-08-18,58.0107307434082
2017-08-21,58.47481918334961
2017-08-22,59.63029861450195
2017-08-23,59.450355529785156
2017-08-24,59.365116119384766
2017-08-25,59.57347869873047
2017-08-28,60.103851318359375
2017-08-29,60.13228225708008
2017-08-30,60.52059555053711
2017-08-31,61.297218322753906
2017-09-01,60.97520446777344
2017-09-05,60.88996124267578
2017-09-06,61.28775405883789
2017-09-07,61.69500732421875
2017-09-08,61.58135986328125
2017-09-11,62.61370849609375
2017-09-12,62.64211654663086
2017-09-13,61.97914123535156
2017-09-14,62.206459045410156
2017-09-15,62.47164535522461
2017-09-18,62.585289001464844
2017-09-19,62.67055130004883
2017-09-20,62.59477996826172
2017-09-21,62.43375778198242
2017-09-22,62.30116271972656
2017-09-25,61.30669403076172
2017-09-26,60.71949005126953
2017-09-27,60.98467254638672
2017-09-28,60.59636306762695
2017-09-29,60.804725646972656
2017-10-02,61.56588363647461
2017-10-03,61.83161544799805
2017-10-04,62.476985931396484
2017-10-05,62.353599548339844
2017-10-06,62.97998809814453
2017-10-09,63.16979217529297
2017-10-10,63.20774459838867
2017-10-11,63.22673416137695
2017-10-12,64.0998764038086
2017-10-13,63.57789993286133
2017-10-16,63.50196075439453
2017-10-17,62.75223159790039
2017-10-18,63.05590057373047
2017-10-19,63.47349166870117
2017-10-20,63.824668884277344
2017-10-23,63.606353759765625
2017-10-24,63.89108657836914
2017-10-25,63.9575309753418
2017-10-26,64.26121520996094
2017-10-27,64.50797271728516
2017-10-30,64.05242156982422
2017-10-31,64.56492614746094
2017-11-01,64.55542755126953
2017-11-02,64.65982818603516
2017-11-03,64.88761138916016
2017-11-06,64.74523162841797
2017-11-07,64.77371978759766
2017-11-08,64.64083862304688
2017-11-09,64.033447265625
2017-11-10,63.40706253051758
2017-11-13,63.71075439453125
2017-11-14,64.0239486694336
2017-11-15,63.88160705566406
2017-11-16,65.23875427246094
2017-11-17,65.28620910644531
2017-11-20,66.39663696289062
2017-11-21,66.34916687011719
2017-11-22,65.19132232666016
2017-11-24,65.82717895507812
2017-11-27,65.77972412109375
2017-11-28,66.9945297241211
2017-11-29,65.19132232666016
2017-11-30,65.71329498291016
2017-12-01,65.19132232666016
2017-12-04,62.8660774230957
2017-12-05,62.476985931396484
2017-12-06,62.53391647338867
2017-12-07,63.31215286254883
2017-12-08,63.94802474975586
2017-12-11,63.58738708496094
2017-12-12,63.644351959228516
2017-12-13,63.2836799621582
2017-12-14,63.12234115600586
2017-12-15,64.16632080078125
2017-12-18,64.21377563476562
2017-12-19,64.29917907714844
2017-12-20,63.96701431274414
2017-12-21,64.08090209960938
2017-12-22,63.919559478759766
2017-12-26,63.824668884277344
2017-12-27,63.87211990356445
2017-12-28,64.01445770263672
2017-12-29,63.69964599609375
2018-01-02,64.29886627197266
2018-01-03,65.93485260009766
2018-01-04,65.44026184082031
2018-01-05,66.4865493774414
2018-01-08,66.6292495727539
2018-01-09,68.26521301269531
2018-01-10,67.33309173583984
2018-01-11,67.34259796142578
2018-01-12,68.22720336914062
2018-01-16,67.7516098022461
2018-01-17,68.54107666015625
2018-01-18,68.66470336914062
2018-01-19,69.50174713134766
2018-01-22,69.8917236328125
2018-01-23,69.85369110107422
2018-01-24,69.98683166503906
2018-01-25,70.25318145751953
2018-01-26,71.16627502441406
2018-01-29,70.89046478271484
2018-01-30,69.4256591796875
2018-01-31,69.84417724609375
2018-02-01,69.27345275878906
2018-02-02,67.7706527709961
2018-02-05,64.88859558105469
2018-02-06,65.10735321044922
2018-02-07,64.73638916015625
2018-02-08,61.87339401245117
2018-02-09,63.70914840698242
2018-02-12,65.08832550048828
2018-02-13,65.00272369384766
2018-02-14,66.29630279541016
2018-02-15,68.50301361083984
2018-02-16,68.45548248291016
2018-02-20,67.60893249511719
2018-02-21,67.7706527709961
2018-02-22,67.22844696044922
2018-02-23,67.24747467041016
2018-02-26,67.13334655761719
2018-02-27,65.6305160522461
2018-02-28,65.24052429199219
2018-03-01,64.08960723876953
2018-03-02,64.21327209472656
2018-03-05,64.25130462646484
2018-03-06,64.78394317626953
2018-03-07,66.29630279541016
2018-03-08,66.43898010253906
2018-03-09,67.65648651123047
2018-03-12,67.25698852539062
2018-03-13,67.22844696044922
2018-03-14,66.50557708740234
2018-03-15,66.75286102294922
2018-03-16,66.4865493774414
2018-03-19,65.95390319824219
2018-03-20,66.43898010253906
2018-03-21,66.01095581054688
2018-03-22,64.17522430419922
2018-03-23,62.83406448364258
2018-03-26,64.86954498291016
2018-03-27,63.72816467285156
2018-03-28,63.1574821472168
2018-03-29,63.6330451965332
2018-04-02,61.42045593261719
2018-04-03,62.364219665527344
2018-04-04,62.392822265625
2018-04-05,62.61207580566406
2018-04-06,60.6768913269043
2018-04-09,62.14496994018555
2018-04-10,63.527244567871094
2018-04-11,62.99339294433594
2018-04-12,64.06108093261719
2018-04-13,64.07061004638672
2018-04-16,64.98576354980469
2018-04-17,65.24314880371094
2018-04-18,66.30131530761719
2018-04-19,64.79511260986328
2018-04-20,64.39473724365234
2018-04-23,64.89043426513672
2018-04-24,63.527244567871094
2018-04-25,62.726470947265625
2018-04-26,63.26983642578125
2018-04-27,63.18404006958008
2018-04-30,62.669281005859375
2018-05-01,63.145904541015625
2018-05-02,62.831336975097656
2018-05-03,63.24123764038086
2018-05-04,63.870418548583984
2018-05-07,64.24220275878906
2018-05-08,64.22313690185547
2018-05-09,64.94762420654297
2018-05-10,65.64354705810547
2018-05-11,66.20597076416016
2018-05-14,65.97718811035156
2018-05-15,59.58061981201172
2018-05-16,59.0467643737793
2018-05-17,60.61970138549805
2018-05-18,61.31560134887695
2018-05-21,62.48815155029297
2018-05-22,61.81131362915039
2018-05-23,61.51579284667969
2018-05-24,61.12494659423828
2018-05-25,60.20025634765625
2018-05-29,58.96097183227539
2018-05-30,59.76173400878906
2018-05-31,59.02770233154297
2018-06-01,59.8475341796875
2018-06-04,60.41951370239258
2018-06-05,60.5529670715332
2018-06-06,62.14496994018555
2018-06-07,62.18309020996094
2018-06-08,62.65975570678711
2018-06-11,63.041046142578125
2018-06-12,63.222171783447266
2018-06-13,63.164981842041016
2018-06-14,63.212650299072266
2018-06-15,63.041046142578125
2018-06-18,61.935245513916016
2018-06-19,60.5529670715332
2018-06-20,59.8570556640625
2018-06-21,60.095394134521484
2018-06-22,59.8570556640625
2018-06-25,58.34133529663086
2018-06-26,59.08489990234375
2018-06-27,58.28413772583008
2018-06-28,58.427127838134766
2018-06-29,58.95144271850586
2018-07-02,58.740257263183594
2018-07-03,58.53002166748047
2018-07-05,59.055599212646484
2018-07-06,59.52385330200195
2018-07-09,60.316978454589844
2018-07-10,60.84255599975586
2018-07-11,60.06852340698242
2018-07-12,60.63232421875
2018-07-13,60.56544494628906
2018-07-16,59.934749603271484
2018-07-17,60.24053955078125
2018-07-18,60.1927604675293
2018-07-19,61.30125045776367
2018-07-20,61.01456069946289
2018-07-23,60.89033126831055
2018-07-24,61.91282653808594
2018-07-25,63.0308723449707
2018-07-26,63.78578186035156
2018-07-27,62.8302001953125
2018-07-30,61.75992965698242
2018-07-31,63.10730743408203
2018-08-01,62.094383239746094
2018-08-02,62.390628814697266
2018-08-03,62.811092376708984
2018-08-06,63.55644607543945
2018-08-07,64.65538787841797
2018-08-08,64.38780975341797
2018-08-09,63.72844696044922
2018-08-10,63.317543029785156
2018-08-13,63.011756896972656
2018-08-14,63.78578186035156
2018-08-15,61.855491638183594
2018-08-16,62.59130096435547
2018-08-17,61.78860855102539
2018-08-20,61.60702896118164
2018-08-21,62.04660415649414
2018-08-22,62.73463821411133
2018-08-23,62.772850036621094
2018-08-24,63.049991607666016
2018-08-27,63.145538330078125
2018-08-28,63.72844696044922
2018-08-29,64.03423309326172
2018-08-30,64.27313232421875
2018-08-31,64.54069519042969
2018-09-04,64.28271484375
2018-09-05,63.986454010009766
2018-09-06,64.36869049072266
2018-09-07,64.40691375732422
2018-09-10,64.91338348388672
2018-09-11,64.61714935302734
2018-09-12,64.89427947998047
2018-09-13,66.251220703125
2018-09-14,65.79252624511719
2018-09-17,66.01231384277344
2018-09-18,65.86897277832031
2018-09-19,66.47097778320312
2018-09-20,67.97127532958984
2018-09-21,67.57947540283203
2018-09-24,66.84369659423828
2018-09-25,67.25458526611328
2018-09-26,67.20679473876953
2018-09-27,67.65593719482422
2018-09-28,67.407470703125
2018-10-01,68.2396240234375
2018-10-02,68.641845703125
2018-10-03,69.06318664550781
2018-10-04,67.66507720947266
2018-10-05,67.3203353881836
2018-10-08,66.55422973632812
2018-10-09,66.46807098388672
2018-10-10,63.844200134277344
2018-10-11,62.13963317871094
2018-10-12,63.43240737915039
2018-10-15,62.84828186035156
2018-10-16,64.60069274902344
2018-10-17,64.35172271728516
2018-10-18,62.96319580078125
2018-10-19,61.7374382019043
2018-10-22,61.55549240112305
2018-10-23,60.07119369506836
2018-10-24,58.53899002075195
2018-10-25,59.95628356933594
2018-10-26,60.07119369506836
2018-10-29,59.448734283447266
2018-10-30,60.94261932373047
2018-10-31,62.04387664794922
2018-11-01,62.45565414428711
2018-11-02,63.13554763793945
2018-11-05,63.11641311645508
2018-11-06,63.18342590332031
2018-11-07,65.36680603027344
2018-11-08,64.91669464111328
2018-11-09,64.41876983642578
2018-11-12,61.76616668701172
2018-11-13,61.61294937133789
2018-11-14,60.77982711791992
2018-11-15,61.976844787597656
2018-11-16,62.235408782958984
2018-11-19,59.95628356933594
2018-11-20,64.65816497802734
2018-11-21,64.8497085571289
2018-11-23,65.31891632080078
2018-11-26,66.31483459472656
2018-11-27,66.42015838623047
2018-11-28,68.4503173828125
2018-11-29,68.53650665283203
2018-11-30,69.28346252441406
2018-12-03,71.5051040649414
2018-12-04,69.81970977783203
2018-12-06,68.86209869384766
2018-12-07,67.2724609375
2018-12-10,67.59803771972656
2018-12-11,68.03852844238281
2018-12-12,68.70886993408203
2018-12-13,68.12471771240234
2018-12-14,66.42015838623047
2018-12-17,64.97418975830078
2018-12-18,65.1082534790039
2018-12-19,63.997432708740234
2018-12-20,62.42692184448242
2018-12-21,60.607452392578125
2018-12-24,60.013729095458984
2018-12-26,62.762088775634766
2018-12-27,63.66224670410156
2018-12-28,63.32050704956055
2018-12-31,64.76046752929688
2019-01-02,63.061283111572266
2019-01-03,60.73814392089844
2019-01-04,62.84048080444336
2019-01-07,64.17486572265625
2019-01-08,65.11565399169922
2019-01-09,66.47885131835938
2019-01-10,67.10282135009766
2019-01-11,67.5636215209961
2019-01-14,66.9588394165039
2019-01-15,67.7748031616211
2019-01-16,67.22762298583984
2019-01-17,67.98600006103516
2019-01-18,69.05160522460938
2019-01-22,68.46598815917969
2019-01-23,68.78279113769531
2019-01-24,69.29157257080078
2019-01-25,70.70275115966797
2019-01-28,70.33796691894531
2019-01-29,70.61637115478516
2019-01-30,72.421142578125
2019-01-31,73.00675201416016
2019-02-01,72.99713897705078
2019-02-04,72.98749542236328
2019-02-05,73.25630187988281
2019-02-06,73.24671173095703
2019-02-07,72.31554412841797
2019-02-08,72.7667236328125
2019-02-11,73.03551483154297
2019-02-12,73.98590087890625
2019-02-13,74.15868377685547
2019-02-14,73.93791198730469
2019-02-15,75.16666412353516
2019-02-19,74.41790008544922
2019-02-20,75.41627502441406
2019-02-21,74.77310180664062
2019-02-22,75.2818832397461
2019-02-25,76.16505432128906
2019-02-26,75.40668487548828
2019-02-27,76.24186706542969
2019-02-28,76.26105499267578
2019-03-01,77.98902130126953
2019-03-04,76.92344665527344
2019-03-05,76.54905700683594
2019-03-06,75.59867858886719
2019-03-07,75.5794906616211
2019-03-08,74.85948944091797
2019-03-11,76.12666320800781
2019-03-12,76.73145294189453
2019-03-13,76.92344665527344
2019-03-14,77.3842544555664
2019-03-15,77.85462951660156
2019-03-18,77.7298583984375
2019-03-19,77.95063018798828
2019-03-20,77.68183898925781
2019-03-21,78.71863555908203
2019-03-22,75.82908630371094
2019-03-25,76.33783721923828
2019-03-26,77.42265319824219
2019-03-27,75.83868408203125
2019-03-28,76.51065826416016
2019-03-29,77.16343688964844
2019-04-01,78.45630645751953
2019-04-02,78.05229949951172
2019-04-03,78.82184600830078
2019-04-04,77.75409698486328
2019-04-05,78.36973571777344
2019-04-08,78.58136749267578
2019-04-09,78.32164001464844
2019-04-10,78.57174682617188
2019-04-11,77.99457550048828
2019-04-12,77.89839172363281
2019-04-15,77.34042358398438
2019-04-16,74.59889221191406
2019-04-17,72.5595932006836
2019-04-18,73.27141571044922
2019-04-22,72.69425964355469
2019-04-23,72.68463134765625
2019-04-24,72.90586853027344
2019-04-25,73.80050659179688
2019-04-26,74.47384643554688
2019-04-29,74.38728332519531
2019-04-30,75.51275634765625
2019-05-01,74.5219497680664
2019-05-02,75.22418212890625
2019-05-03,76.27269744873047
2019-05-06,76.33039855957031
2019-05-07,73.75239562988281
2019-05-08,73.69465637207031
2019-05-09,74.06983947753906
2019-05-10,74.16603088378906
2019-05-13,71.03007507324219
2019-05-14,73.11751556396484
2019-05-15,65.06602478027344
2019-05-16,66.662841796875
2019-05-17,66.48007202148438
2019-05-20,66.30692291259766
2019-05-21,65.72016906738281
2019-05-22,65.38347625732422
2019-05-23,65.12372589111328
2019-05-24,65.75862121582031
2019-05-28,64.5273208618164
2019-05-29,64.73896026611328
2019-05-30,64.34455108642578
2019-05-31,64.49846649169922
2019-06-03,64.44075775146484
2019-06-04,65.36424255371094
2019-06-05,65.74900817871094
2019-06-06,66.52818298339844
2019-06-07,66.87447357177734
2019-06-10,67.61518096923828
2019-06-11,67.42280578613281
2019-06-12,67.61518096923828
2019-06-13,67.62480163574219
2019-06-14,67.30736541748047
2019-06-17,67.61518096923828
2019-06-18,69.17353820800781
2019-06-19,69.8853759765625
2019-06-20,70.52989959716797
2019-06-21,70.54910278320312
2019-06-24,70.35671997070312
2019-06-25,69.75069427490234
2019-06-26,69.394775390625
2019-06-27,70.40483856201172
2019-06-28,71.82848358154297
2019-07-01,73.05672454833984
2019-07-02,72.89282989501953
2019-07-03,74.04006958007812
2019-07-05,73.0278091430664
2019-07-08,71.18643188476562
2019-07-09,70.8104476928711
2019-07-10,70.73332214355469
2019-07-11,69.16189575195312
2019-07-12,69.07514953613281
2019-07-15,68.01465606689453
2019-07-16,67.43624877929688
2019-07-17,67.08915710449219
2019-07-18,67.60975646972656
2019-07-19,66.23116302490234
2019-07-22,66.60711669921875
2019-07-23,67.3783950805664
2019-07-24,67.07953643798828
2019-07-25,67.33982849121094
2019-07-26,67.00238037109375
2019-07-29,67.84112548828125
2019-07-30,67.6290512084961
2019-07-31,66.91564178466797
2019-08-01,66.72283935546875
2019-08-02,65.6334228515625
2019-08-05,63.493194580078125
2019-08-06,65.22853088378906
2019-08-07,65.52738189697266
2019-08-08,66.99274444580078
2019-08-09,66.17330169677734
2019-08-12,64.23554992675781
2019-08-13,65.20924377441406
2019-08-14,63.23291015625
2019-08-15,67.08915710449219
2019-08-16,68.52560424804688
2019-08-19,69.1715316772461
2019-08-20,68.5641860961914
2019-08-21,69.6053695678711
2019-08-22,69.16189575195312
2019-08-23,67.05060577392578
2019-08-26,67.13735961914062
2019-08-27,66.98310852050781
2019-08-28,67.42659759521484
2019-08-29,68.15926361083984
2019-08-30,68.55453491210938
2019-09-03,67.87969207763672
2019-09-04,68.31353759765625
2019-09-05,70.87793731689453
2019-09-06,71.61062622070312
2019-09-09,71.51419830322266
2019-09-10,72.08300018310547
2019-09-11,74.2232437133789
2019-09-12,74.78238677978516
2019-09-13,75.10054016113281
2019-09-16,74.37748718261719
2019-09-17,73.65442657470703
2019-09-18,74.78238677978516
2019-09-19,75.26441955566406
2019-09-20,75.16800689697266
2019-09-23,75.2547836303711
2019-09-24,73.2398910522461
2019-09-25,73.58695220947266
2019-09-26,73.7701187133789
2019-09-27,73.6447982788086
2019-09-30,74.03512573242188
2019-10-01,72.30573272705078
2019-10-02,70.8661880493164
2019-10-03,71.36858367919922
2019-10-04,73.31050109863281
2019-10-07,72.55692291259766
2019-10-08,70.03529357910156
2019-10-09,70.98211669921875
2019-10-10,71.4941635131836
2019-10-11,72.7501449584961
2019-10-14,72.63420867919922
2019-10-15,73.18492126464844
2019-10-16,72.7211685180664
2019-10-17,72.3830337524414
2019-10-18,72.04486846923828
2019-10-21,72.92405700683594
2019-10-22,72.16082000732422
2019-10-23,72.44099426269531
2019-10-24,72.46031188964844
2019-10-25,72.83710479736328
2019-10-28,73.57138061523438
2019-10-29,73.59069061279297
2019-10-30,73.54238891601562
2019-10-31,73.18492126464844
2019-11-01,74.36358642578125
2019-11-04,74.14139556884766
2019-11-05,72.99168395996094
2019-11-06,73.22355651855469
2019-11-07,73.3395004272461
2019-11-08,74.04476165771484
2019-11-11,74.24767303466797
2019-11-12,74.4408950805664
2019-11-13,74.54718017578125
2019-11-14,74.16072845458984
2019-11-15,75.60992431640625
2019-11-18,75.30075073242188
2019-11-19,76.60504913330078
2019-11-20,75.86111450195312
2019-11-21,75.64856719970703
2019-11-22,76.4407958984375
2019-11-25,77.54219055175781
2019-11-26,78.20883178710938
2019-11-27,78.33442687988281
2019-11-29,78.034912109375
2019-12-02,77.62916564941406
2019-12-03,77.3875961303711
2019-12-04,78.18950653076172
2019-12-05,78.7691650390625
2019-12-06,79.42615509033203
2019-12-09,78.85615539550781
2019-12-10,80.12177276611328
2019-12-11,80.59517669677734
2019-12-12,81.93812561035156
2019-12-13,80.8753433227539
2019-12-16,81.59033203125
2019-12-17,81.10723114013672
2019-12-18,80.60485076904297
2019-12-19,81.64827728271484
2019-12-20,82.30526733398438
2019-12-23,82.37289428710938
2019-12-24,82.4115219116211
2019-12-26,82.55644226074219
2019-12-27,82.5274658203125
2019-12-30,82.19831848144531
2019-12-31,82.5952377319336
2020-01-02,83.21485137939453
2020-01-03,81.87879180908203
2020-01-06,82.12084197998047
2020-01-07,82.37256622314453
2020-01-08,83.18582916259766
2020-01-09,84.49285888671875
2020-01-10,84.80268096923828
2020-01-13,84.67681121826172
2020-01-14,85.18995666503906
2020-01-15,85.79991912841797
2020-01-16,86.61315155029297
2020-01-17,87.25216674804688
2020-01-21,86.7583999633789
2020-01-22,87.2618637084961
2020-01-23,86.23558807373047
2020-01-24,85.45136260986328
2020-01-27,83.80545806884766
2020-01-28,84.40572357177734
2020-01-29,84.46382141113281
2020-01-30,81.6948471069336
2020-01-31,79.9327392578125
2020-02-03,79.53580474853516
2020-02-04,80.86219787597656
2020-02-05,82.22732543945312
2020-02-06,82.12084197998047
2020-02-07,80.5233154296875
2020-02-10,81.74324798583984
2020-02-11,82.38223266601562
2020-02-12,82.71141052246094
2020-02-13,82.75012969970703
2020-02-14,83.0890121459961
2020-02-18,82.091796875
2020-02-19,82.63397216796875
2020-02-20,81.65609741210938
2020-02-21,82.36287689208984
2020-02-24,77.93829345703125
2020-02-25,75.46946716308594
2020-02-26,75.62434387207031
2020-02-27,74.96599578857422
2020-02-28,74.617431640625
2020-03-02,79.36152648925781
2020-03-03,77.76402282714844
2020-03-04,81.66578674316406
2020-03-05,77.89956665039062
2020-03-06,76.06004333496094
2020-03-09,68.49856567382812
2020-03-10,70.5898208618164
2020-03-11,66.64933776855469
2020-03-12,61.40182876586914
2020-03-13,66.9979019165039
2020-03-16,62.089229583740234
2020-03-17,68.19845581054688
2020-03-18,66.67841339111328
2020-03-19,63.667354583740234
2020-03-20,64.34510040283203
2020-03-23,61.35342025756836
2020-03-24,64.8678970336914
2020-03-25,66.80426025390625
2020-03-26,71.37405395507812
2020-03-27,68.65348052978516
2020-03-30,70.5365219116211
2020-03-31,69.51734924316406
2020-04-01,66.89659881591797
2020-04-02,70.16767883300781
2020-04-03,68.35256958007812
2020-04-06,72.17691040039062
2020-04-07,71.85658264160156
2020-04-08,74.43850708007812
2020-04-09,76.03036499023438
2020-04-13,73.97258758544922
2020-04-14,76.51567077636719
2020-04-15,74.7879409790039
2020-04-16,76.43801879882812
2020-04-17,77.21453094482422
2020-04-20,75.09854125976562
2020-04-21,71.58482360839844
2020-04-22,72.963134765625
2020-04-23,72.88549041748047
2020-04-24,73.52610778808594
2020-04-27,74.01140594482422
2020-04-28,73.23490142822266
2020-04-29,76.40890502929688
2020-04-30,74.40938568115234
2020-05-01,72.03129577636719
2020-05-04,72.37103271484375
2020-05-05,74.12789154052734
2020-05-06,75.58387756347656
2020-05-07,76.19538116455078
2020-05-08,77.36983489990234
2020-05-11,78.88402557373047
2020-05-12,77.50572204589844
2020-05-13,77.80663299560547
2020-05-14,79.24315643310547
2020-05-15,79.19464874267578
2020-05-18,81.20387268066406
2020-05-19,79.56349182128906
2020-05-20,79.31112670898438
2020-05-21,78.37931060791016
2020-05-22,82.48513793945312
2020-05-26,83.60134887695312
2020-05-27,83.64988708496094
2020-05-28,84.1449203491211
2020-05-29,85.55235290527344
2020-06-01,87.27037811279297
2020-06-02,87.63922882080078
2020-06-03,87.83336639404297
2020-06-04,88.46427917480469
2020-06-05,87.72657775878906
2020-06-08,87.63922882080078
2020-06-09,87.1344985961914
2020-06-10,87.17330169677734
2020-06-11,82.53365325927734
2020-06-12,83.58196258544922
2020-06-15,84.4070053100586
2020-06-16,84.87289428710938
2020-06-17,85.33880615234375
2020-06-18,85.62028503417969
2020-06-19,86.12504577636719
2020-06-22,85.93090057373047
2020-06-23,86.65888977050781
2020-06-24,84.01873016357422
2020-06-25,84.69818115234375
2020-06-26,83.37811279296875
2020-06-29,84.90522766113281
2020-06-30,85.95571899414062
2020-07-01,85.70281219482422
2020-07-02,86.25724792480469
2020-07-06,86.87004089355469
2020-07-07,86.77275848388672
2020-07-08,87.09373474121094
2020-07-09,87.46337890625
2020-07-10,86.97702026367188
2020-07-13,86.8214111328125
2020-07-14,88.21234130859375
2020-07-15,90.3425064086914
2020-07-16,90.32305145263672
2020-07-17,91.79179382324219
2020-07-20,92.60884094238281
2020-07-21,93.39672088623047
2020-07-22,93.71770477294922
2020-07-23,94.01922607421875
2020-07-24,92.21977233886719
2020-07-27,94.61254119873047
2020-07-28,92.69638061523438
2020-07-29,94.44721221923828
2020-07-30,93.30917358398438
2020-07-31,93.69824981689453
2020-08-03,96.38284301757812
2020-08-04,94.86544799804688
2020-08-05,95.21561431884766
2020-08-06,94.78765106201172
2020-08-07,95.10862731933594
2020-08-10,94.48612213134766
2020-08-11,93.66907501220703
2020-08-12,94.96272277832031
2020-08-13,96.07159423828125
2020-08-14,94.70984649658203
2020-08-17,94.84601593017578
2020-08-18,95.18643188476562
2020-08-19,95.28372192382812
2020-08-20,95.10862731933594
2020-08-21,95.61442565917969
2020-08-24,94.93353271484375
2020-08-25,95.65331268310547
2020-08-26,96.61629486083984
2020-08-27,96.31475830078125
2020-08-28,97.17071533203125
2020-08-31,97.67649841308594
2020-09-01,98.35739135742188
2020-09-02,100.59455108642578
2020-09-03,96.91780853271484
2020-09-04,94.19432067871094
2020-09-08,92.5407485961914
2020-09-09,95.25453186035156
2020-09-10,95.87704467773438
2020-09-11,95.90624237060547
2020-09-14,96.70381927490234
2020-09-15,97.62787628173828
2020-09-16,97.19015502929688
2020-09-17,96.8788833618164
2020-09-18,96.6649169921875
2020-09-21,95.44905853271484
2020-09-22,95.92568969726562
2020-09-23,94.26239776611328
2020-09-24,93.7079849243164
2020-09-25,95.0210952758789
2020-09-28,96.79136657714844
2020-09-29,97.48197937011719
2020-09-30,98.18231964111328
2020-10-01,98.45462799072266
2020-10-02,97.27771759033203
2020-10-05,100.48358917236328
2020-10-06,99.03169250488281
2020-10-07,101.22415924072266
2020-10-08,101.49700164794922
2020-10-09,103.05609130859375
2020-10-12,102.73453521728516
2020-10-13,102.72478485107422
2020-10-14,102.37400817871094
2020-10-15,102.6273422241211
2020-10-16,103.97206115722656
2020-10-19,102.79299926757812
2020-10-20,102.90991973876953
2020-10-21,102.14985656738281
2020-10-22,104.0402603149414
2020-10-23,103.45562744140625
2020-10-26,101.95499420166016
2020-10-27,103.32894134521484
2020-10-28,99.06092071533203
2020-10-29,99.41170501708984
2020-10-30,99.47991943359375
2020-11-02,102.54938507080078
2020-11-03,104.29363250732422
2020-11-04,105.7162857055664
2020-11-05,107.51897430419922
2020-11-06,109.66277313232422
2020-11-09,109.623779296875
2020-11-10,107.38257598876953
2020-11-11,106.61277770996094
2020-11-12,106.64202117919922
2020-11-13,107.35334777832031
2020-11-16,107.4507827758789
2020-11-17,107.05127716064453
2020-11-18,103.2412338256836
2020-11-19,105.90145111083984
2020-11-20,108.05492401123047
2020-11-23,109.3412094116211
2020-11-24,111.74803924560547
2020-11-25,111.42647552490234
2020-11-27,111.1731185913086
2020-11-30,113.91130065917969
2020-12-01,112.41064453125
2020-12-02,111.640869140625
2020-12-03,110.67616271972656
2020-12-04,112.2060317993164
2020-12-07,111.47520446777344
2020-12-08,114.01847076416016
2020-12-09,113.42406463623047
2020-12-10,115.77246856689453
2020-12-11,115.45088195800781
2020-12-14,113.75537872314453
2020-12-15,114.3887710571289
2020-12-16,114.24259948730469
2020-12-17,115.92835998535156
2020-12-18,116.24994659423828
2020-12-21,114.76878356933594
2020-12-22,114.36927032470703
2020-12-23,114.30106353759766
2020-12-24,114.31079864501953
2020-12-28,114.81751251220703
2020-12-29,114.23286437988281
2020-12-30,114.3887710571289
2020-12-31,115.46065521240234
2021-01-04,115.79638671875
2021-01-05,116.74315643310547
2021-01-06,119.94452667236328
2021-01-07,123.13615417480469
2021-01-08,124.01457977294922
2021-01-11,125.07844543457031
2021-01-12,123.92671966552734
2021-01-13,123.93649291992188
2021-01-14,123.00926208496094
2021-01-15,123.18495178222656
2021-01-19,124.2976303100586
2021-01-20,125.03942108154297
2021-01-21,123.95600128173828
2021-01-22,123.3021011352539
2021-01-25,122.47245025634766
2021-01-26,120.94983673095703
2021-01-27,115.95256805419922
2021-01-28,118.64640808105469
2021-01-29,117.28972625732422
2021-02-01,117.93389892578125
2021-02-02,120.23735046386719
2021-02-03,119.2222671508789
2021-02-04,121.09624481201172
2021-02-05,120.22757720947266
2021-02-08,120.45207214355469
2021-02-09,120.28614807128906
2021-02-10,122.08202362060547
2021-02-11,123.9169692993164
2021-02-12,124.91253662109375
2021-02-16,124.88323974609375
2021-02-17,127.0012435913086
2021-02-18,124.61973571777344
2021-02-19,123.82913970947266
2021-02-22,120.53990173339844
2021-02-23,119.48579406738281
2021-02-24,122.02347564697266
2021-02-25,119.17346954345703
2021-02-26,119.14417266845703
2021-03-01,121.49642181396484
2021-03-02,120.67655181884766
2021-03-03,116.44058227539062
2021-03-04,112.23387145996094
2021-03-05,113.35631561279297
2021-03-08,113.29776763916016
2021-03-09,116.96763610839844
2021-03-10,117.11404418945312
2021-03-11,118.90992736816406
2021-03-12,118.52928924560547
2021-03-15,121.06697082519531
2021-03-16,120.0519027709961
2021-03-17,119.58338928222656
2021-03-18,119.6517105102539
2021-03-19,119.74933624267578
2021-03-22,120.64727020263672
2021-03-23,119.05633544921875
2021-03-24,117.94367218017578
2021-03-25,118.97825622558594
2021-03-26,122.62860107421875
2021-03-29,122.41387939453125
2021-03-30,121.84778594970703
2021-03-31,124.09266662597656
2021-04-01,124.62948608398438
2021-04-05,127.07717895507812
2021-04-06,128.0937957763672
2021-04-07,126.4320297241211
2021-04-08,127.7516860961914
2021-04-09,128.94422912597656
2021-04-12,128.3186492919922
2021-04-13,129.9804229736328
2021-04-14,129.00286865234375
2021-04-15,130.28347778320312
2021-04-16,131.55421447753906
2021-04-19,130.4984588623047
2021-04-20,129.48187255859375
2021-04-21,130.82107543945312
2021-04-22,131.50531005859375
2021-04-23,133.6070098876953
2021-04-26,134.25216674804688
2021-04-27,133.41151428222656
2021-04-28,131.769287109375
2021-04-29,131.13388061523438
2021-04-30,130.63534545898438
2021-05-03,130.19546508789062
2021-05-04,127.95694732666016
2021-05-05,130.3714141845703
2021-05-06,129.42320251464844
2021-05-07,130.88951110839844
2021-05-10,128.90513610839844
2021-05-11,128.4652862548828
2021-05-12,125.74776458740234
2021-05-13,127.09673309326172
2021-05-14,128.20130920410156
2021-05-17,127.18473815917969
2021-05-18,125.85528564453125
2021-05-19,127.28245544433594
2021-05-20,129.1788330078125
2021-05-21,129.32546997070312
2021-05-24,130.3420867919922
2021-05-25,130.23455810546875
2021-05-26,130.29324340820312
2021-05-27,134.4476318359375
2021-05-28,135.02439880371094
2021-06-01,134.1153106689453
2021-06-02,133.49948120117188
2021-06-03,133.30393981933594
2021-06-04,134.79954528808594
2021-06-07,134.55519104003906
2021-06-08,135.63046264648438
2021-06-09,136.97943115234375
2021-06-10,139.84356689453125
2021-06-11,140.30299377441406
2021-06-14,141.14366149902344
2021-06-15,141.36846923828125
2021-06-16,140.36163330078125
2021-06-17,143.6167449951172
2021-06-18,141.74972534179688
2021-06-21,143.1182403564453
2021-06-22,143.3332977294922
2021-06-23,143.92958068847656
2021-06-24,143.3723907470703
2021-06-25,143.9687042236328
2021-06-28,144.60406494140625
2021-06-29,145.4642791748047
2021-06-30,144.48675537109375
2021-07-01,144.4672088623047
2021-07-02,145.66526794433594
2021-07-06,145.8218536376953
2021-07-07,146.32106018066406
2021-07-08,145.675048828125
2021-07-09,146.84957885742188
2021-07-12,146.3406524658203
2021-07-13,146.105712890625
2021-07-14,145.4792938232422
2021-07-15,145.8022918701172
2021-07-16,145.77294921875
2021-07-19,144.4515380859375
2021-07-20,146.13510131835938
2021-07-21,145.79248046875
2021-07-22,147.1138916015625
2021-07-23,149.08128356933594
2021-07-26,147.06495666503906
2021-07-27,146.77130126953125
2021-07-28,148.2493133544922
2021-07-29,149.4336395263672
2021-07-30,149.98175048828125
2021-08-02,149.82518005371094
2021-08-03,150.59841918945312
2021-08-04,150.99974060058594
2021-08-05,151.75341796875
2021-08-06,152.39944458007812
2021-08-09,153.22161865234375
2021-08-10,153.2020263671875
2021-08-11,153.2020263671875
2021-08-12,154.79747009277344
2021-08-13,155.8545684814453
2021-08-16,158.63441467285156
2021-08-17,157.49896240234375
2021-08-18,159.5642852783203
2021-08-19,164.11566162109375
2021-08-20,164.56590270996094
2021-08-23,166.3962860107422
2021-08-24,166.9542236328125
2021-08-25,169.6263427734375
2021-08-26,169.91017150878906
2021-08-27,170.12551879882812
2021-08-30,172.98361206054688
2021-08-31,171.7503204345703
2021-09-01,171.73074340820312
2021-09-02,174.2462615966797
2021-09-03,175.47955322265625
2021-09-07,173.95262145996094
2021-09-08,174.9412078857422
2021-09-09,173.47299194335938
2021-09-10,173.47299194335938
2021-09-13,168.43218994140625
2021-09-14,168.76498413085938
2021-09-15,170.10595703125
2021-09-16,169.60675048828125
2021-09-17,170.2527618408203
2021-09-20,167.70787048339844
2021-09-21,167.8057403564453
2021-09-22,168.78456115722656
2021-09-23,169.10757446289062
2021-09-24,168.74539184570312
2021-09-27,162.85301208496094
2021-09-28,156.5103759765625
2021-09-29,156.60824584960938
2021-09-30,154.19061279296875
2021-10-01,152.6832733154297
2021-10-04,149.31591796875
2021-10-05,149.97250366210938
2021-10-06,150.5801544189453
2021-10-07,152.216796875
2021-10-08,149.42373657226562
2021-10-11,147.02264404296875
2021-10-12,144.99403381347656
2021-10-13,147.2186737060547
2021-10-14,149.54132080078125
2021-10-15,150.20774841308594
2021-10-18,151.6875457763672
2021-10-19,152.5107879638672
2021-10-20,154.44143676757812
2021-10-21,153.804443359375
2021-10-22,154.8137969970703
2021-10-25,155.1764373779297
2021-10-26,155.02944946289062
2021-10-27,152.1580047607422
2021-10-28,152.64797973632812
2021-10-29,154.34344482421875
2021-11-01,153.9219970703125
2021-11-02,154.6962432861328
2021-11-03,155.0392608642578
2021-11-04,154.50022888183594
2021-11-05,153.28500366210938
2021-11-08,157.7244873046875
2021-11-09,156.6170654296875
2021-11-10,156.09765625
2021-11-11,155.617431640625
2021-11-12,157.6656951904297
2021-11-15,154.6276397705078
2021-11-16,158.16551208496094
2021-11-17,158.31251525878906
2021-11-18,158.92013549804688
2021-11-19,161.01736450195312
2021-11-22,159.5277099609375
2021-11-23,151.6875457763672
2021-11-24,149.9137420654297
2021-11-26,149.03173828125
2021-11-29,150.35475158691406
2021-11-30,147.88507080078125
2021-12-01,145.24884033203125
2021-12-02,147.97329711914062
2021-12-03,146.34645080566406
2021-12-06,148.44371032714844
2021-12-07,150.72714233398438
2021-12-08,153.18699645996094
2021-12-09,151.52096557617188
2021-12-10,153.1379852294922
2021-12-13,153.1673583984375
2021-12-14,148.8455047607422
2021-12-15,151.22695922851562
2021-12-16,147.78707885742188
2021-12-17,148.39466857910156
2021-12-20,147.41465759277344
2021-12-21,150.8839569091797
2021-12-22,153.64759826660156
2021-12-23,154.647216796875
2021-12-27,155.56845092773438
2021-12-28,155.99966430664062
2021-12-29,157.4402618408203
2021-12-30,157.6656951904297
2021-12-31,156.46026611328125
2022-01-03,153.55560302734375
2022-01-04,148.3644561767578
2022-01-05,145.8228302001953
2022-01-06,146.3331298828125
2022-01-07,142.43731689453125
2022-01-10,142.44715881347656
2022-01-11,143.89947509765625
2022-01-12,146.7158660888672
2022-01-13,142.45693969726562
2022-01-14,141.97610473632812
2022-01-18,137.8447723388672
2022-01-19,137.8055419921875
2022-01-20,136.87327575683594
2022-01-21,134.94012451171875
2022-01-24,135.53871154785156
2022-01-25,132.05506896972656
2022-01-26,131.01483154296875
2022-01-27,129.6213836669922
2022-01-28,134.49853515625
2022-01-31,136.71627807617188
2022-02-01,138.39431762695312
2022-02-02,141.54434204101562
2022-02-03,139.14010620117188
2022-02-04,138.4826202392578
2022-02-07,137.7466583251953
2022-02-08,138.17840576171875
2022-02-09,141.74058532714844
2022-02-10,139.01255798339844
2022-02-11,134.63589477539062
2022-02-14,132.68307495117188
2022-02-15,133.3699951171875
2022-02-16,132.6242218017578
2022-02-17,127.8157958984375
2022-02-18,129.58216857910156
2022-02-22,128.05130004882812
2022-02-23,123.64522552490234
2022-02-24,125.75502014160156
2022-02-25,131.23077392578125
2022-02-28,127.92371368408203
2022-03-01,129.46437072753906
2022-03-02,130.67141723632812
2022-03-03,134.60646057128906
2022-03-04,131.3877410888672
2022-03-07,127.90412902832031
2022-03-08,126.9031753540039
2022-03-09,130.76951599121094
2022-03-10,131.81954956054688
2022-03-11,127.87467956542969
2022-03-14,125.19568634033203
2022-03-15,127.84524536132812
2022-03-16,132.47703552246094
2022-03-17,134.2629852294922
2022-03-18,136.52001953125
2022-03-21,135.55836486816406
2022-03-22,136.68682861328125
2022-03-23,131.67233276367188
2022-03-24,133.86065673828125
2022-03-25,133.17376708984375
2022-03-28,132.88916015625
2022-03-29,135.83309936523438
2022-03-30,132.92845153808594
2022-03-31,129.85691833496094
2022-04-01,131.46624755859375
2022-04-04,132.49827575683594
2022-04-05,130.97482299804688
2022-04-06,130.43426513671875
2022-04-07,133.5990447998047
2022-04-08,132.55722045898438
2022-04-11,129.00914001464844
2022-04-12,123.23980712890625
2022-04-13,126.0900650024414
2022-04-14,124.27179718017578
2022-04-18,121.71637725830078
2022-04-19,124.36024475097656
2022-04-20,127.15155792236328
2022-04-21,123.14151000976562
2022-04-22,119.23958587646484
2022-04-25,119.36736297607422
2022-04-26,115.91754913330078
2022-04-27,115.6620101928711
2022-04-28,118.98405456542969
2022-04-29,117.22474670410156
2022-05-02,117.51959991455078
2022-05-03,120.30107879638672
2022-05-04,124.13418579101562
2022-05-05,120.05535888671875
2022-05-06,119.00370025634766
2022-05-09,111.17036437988281
2022-05-10,114.63983154296875
2022-05-11,112.0353012084961
2022-05-12,114.13858795166016
2022-05-13,117.3328628540039
2022-05-16,118.2370834350586
2022-05-17,120.96942138671875
2022-05-18,118.71868896484375
2022-05-19,120.30107879638672
2022-05-20,122.9842529296875
2022-05-23,123.81968688964844
2022-05-24,122.27661895751953
2022-05-25,118.31570434570312
2022-05-26,121.7261962890625
2022-05-27,128.3113250732422
2022-05-31,125.37258911132812
2022-06-01,120.97924041748047
2022-06-02,126.88616943359375
2022-06-03,126.2866439819336
2022-06-06,125.44137573242188
2022-06-07,126.68959045410156
2022-06-08,124.66492462158203
2022-06-09,122.01123809814453
2022-06-10,118.50244140625
2022-06-13,114.2860107421875
2022-06-14,114.02064514160156
2022-06-15,114.47276306152344
2022-06-16,112.98865509033203
2022-06-17,110.77723693847656
2022-06-21,111.92716979980469
2022-06-22,111.84854888916016
2022-06-23,116.56622314453125
2022-06-24,119.21011352539062
2022-06-27,118.50244140625
2022-06-28,115.05262756347656
2022-06-29,115.87824249267578
2022-06-30,116.73330688476562
2022-07-01,117.37330627441406
2022-07-05,118.70250701904297
2022-07-06,119.31294250488281
2022-07-07,121.25259399414062
2022-07-08,120.6224594116211
2022-07-11,121.22307586669922
2022-07-12,117.40283966064453
2022-07-13,116.82193756103516
2022-07-14,114.0946044921875
2022-07-15,116.99915313720703
2022-07-18,113.33646392822266
2022-07-19,117.22562408447266
2022-07-20,118.0132827758789
2022-07-21,125.2303466796875
2022-07-22,123.11347198486328
2022-07-25,122.34549713134766
2022-07-26,123.2414779663086
2022-07-27,125.74234771728516
2022-07-28,129.08995056152344
2022-07-29,132.0338897705078
2022-08-01,131.3741912841797
2022-08-02,129.25735473632812
2022-08-03,132.48680114746094
2022-08-04,131.708984375
2022-08-05,131.55142211914062
2022-08-08,130.4782257080078
2022-08-09,126.89433288574219
2022-08-10,130.53729248046875
2022-08-11,129.91702270507812
2022-08-12,131.49237060546875
2022-08-15,131.8369598388672
2022-08-16,130.72438049316406
2022-08-17,140.0977020263672
2022-08-18,137.8134307861328
2022-08-19,135.49964904785156
2022-08-22,131.87632751464844
2022-08-23,130.59640502929688
2022-08-24,131.6105194091797
2022-08-25,133.91444396972656
2022-08-26,127.86905670166016
2022-08-29,126.13618469238281
2022-08-30,126.30355834960938
2022-08-31,126.2740249633789
2022-09-01,126.94355010986328
2022-09-02,126.03771209716797
2022-09-06,127.30784606933594
2022-09-07,129.40501403808594
2022-09-08,133.10707092285156
2022-09-09,135.50950622558594
2022-09-12,137.71498107910156
2022-09-13,131.48251342773438
2022-09-14,131.1969757080078
2022-09-15,131.10836791992188
2022-09-16,127.88875579833984
2022-09-19,128.70596313476562
2022-09-20,126.16571807861328
2022-09-21,124.53128814697266
2022-09-22,122.4734878540039
2022-09-23,121.5775146484375
2022-09-26,120.425537109375
2022-09-27,119.73632049560547
2022-09-28,121.81381225585938
2022-09-29,120.84893035888672
2022-09-30,119.67725372314453
2022-10-03,124.64818572998047
2022-10-04,129.60928344726562
2022-10-05,130.8224334716797
2022-10-06,130.3686981201172
2022-10-07,125.69366455078125
2022-10-10,124.22407531738281
2022-10-11,123.9183120727539
2022-10-12,123.96764373779297
2022-10-13,126.14735412597656
2022-10-14,123.9775161743164
2022-10-17,128.77090454101562
2022-10-18,130.48707580566406
2022-10-19,127.19284057617188
2022-10-20,124.2142105102539
2022-10-21,128.1002197265625
2022-10-24,130.48707580566406
2022-10-25,132.65692138671875
2022-10-26,135.80319213867188
2022-10-27,134.61964416503906
2022-10-28,136.868408203125
2022-10-31,136.45416259765625
2022-11-01,138.95938110351562
2022-11-02,133.41636657714844
2022-11-03,132.6174774169922
2022-11-04,134.21527099609375
2022-11-07,136.1385498046875
2022-11-08,136.8486785888672
2022-11-09,135.12265014648438
2022-11-10,144.29519653320312
2022-11-11,146.2776641845703
2022-11-14,144.37413024902344
2022-11-15,145.97193908691406
2022-11-16,145.10397338867188
2022-11-17,142.46070861816406
2022-11-18,144.18673706054688
2022-11-21,143.151123046875
2022-11-22,154.7104949951172
2022-11-23,153.22120666503906
2022-11-25,154.8091583251953
2022-11-28,150.21299743652344
2022-11-29,148.8716583251953
2022-11-30,152.8562774658203
2022-12-01,153.98065185546875
2022-12-02,153.5368194580078
2022-12-05,150.60751342773438
2022-12-06,149.2760009765625
2022-12-07,151.6234130859375
2022-12-08,154.13848876953125
2022-12-09,150.8540802001953
2022-12-12,153.2014923095703
2022-12-13,155.49957275390625
2022-12-14,152.68861389160156
2022-12-15,148.79270935058594
2022-12-16,147.25411987304688
2022-12-19,144.93630981445312
2022-12-20,145.9028778076172
2022-12-21,148.0332794189453
2022-12-22,146.96807861328125
2022-12-23,147.18505859375
2022-12-27,147.50067138671875
2022-12-28,146.06069946289062
2022-12-29,149.01959228515625
2022-12-30,147.81942749023438
2023-01-03,148.2046661376953
2023-01-04,149.81475830078125
2023-01-05,150.24935913085938
2023-01-06,145.86366271972656
2023-01-09,145.6661376953125
2023-01-10,153.3311767578125
2023-01-11,156.23521423339844
2023-01-12,154.57577514648438
2023-01-13,155.00051879882812
2023-01-17,153.49908447265625
2023-01-18,152.1853790283203
2023-01-19,151.0000457763672
2023-01-20,154.0127410888672
2023-01-23,157.1143341064453
2023-01-24,153.78555297851562
2023-01-25,153.85467529296875
2023-01-26,154.31895446777344
2023-01-27,153.78555297851562
2023-01-30,149.88388061523438
2023-01-31,150.21971130371094
2023-02-01,153.54849243164062
2023-02-02,153.59788513183594
2023-02-03,152.6595001220703
2023-02-06,150.3777618408203
2023-02-07,152.6199951171875
2023-02-08,152.5310821533203
2023-02-09,150.5160369873047
2023-02-10,150.6839599609375
2023-02-13,152.7089080810547
2023-02-14,151.16796875
2023-02-15,149.89376831054688
2023-02-16,146.46620178222656
2023-02-17,146.44644165039062
2023-02-21,141.6656494140625
2023-02-22,140.34205627441406
2023-02-23,141.44833374023438
2023-02-24,139.47280883789062
2023-02-27,140.44082641601562
2023-02-28,140.23336791992188
2023-03-01,135.82794189453125
2023-03-02,139.93704223632812
2023-03-03,142.1693878173828
2023-03-06,141.47796630859375
2023-03-07,138.6134490966797
2023-03-08,139.1764678955078
2023-03-09,137.23057556152344
2023-03-10,134.05984497070312
2023-03-13,135.0179901123047
2023-03-14,136.70706176757812
2023-03-15,132.39053344726562
2023-03-16,135.14637756347656
2023-03-17,131.5509033203125
2023-03-20,132.89425659179688
2023-03-21,135.3340606689453
2023-03-22,132.0941925048828
2023-03-23,129.52598571777344
2023-03-24,130.34584045410156
2023-03-27,131.44224548339844
2023-03-28,131.0076446533203
2023-03-29,132.2127227783203
2023-03-30,132.84487915039062
2023-03-31,136.64779663085938
2023-04-03,136.3955078125
2023-04-04,136.7417755126953
2023-04-05,136.623046875
2023-04-06,136.56369018554688
2023-04-10,136.5537872314453
2023-04-11,137.0485076904297
2023-04-12,136.8901824951172
2023-04-13,139.77915954589844
2023-04-14,137.7212677001953
2023-04-17,138.7007293701172
2023-04-18,137.5233917236328
2023-04-19,137.45413208007812
2023-04-20,134.0902557373047
2023-04-21,137.0286865234375
2023-04-24,137.0089111328125
2023-04-25,128.9850616455078
2023-04-26,131.70584106445312
2023-04-27,131.83447265625
2023-04-28,133.99130249023438
2023-05-01,134.63442993164062
2023-05-02,133.0909881591797
2023-05-03,133.3383331298828
2023-05-04,132.45777893066406
2023-05-05,131.8839569091797
2023-05-08,131.04296875
2023-05-09,125.99713897705078
2023-05-10,126.69960021972656
2023-05-11,126.3038558959961
2023-05-12,126.13566589355469
2023-05-15,126.63034057617188
2023-05-16,124.94840240478516
2023-05-17,126.41267395019531
2023-05-18,127.76813507080078
2023-05-19,127.5009994506836
2023-05-22,127.71866607666016
2023-05-23,127.2734375
2023-05-24,119.70470428466797
2023-05-25,118.22063446044922
2023-05-26,119.14076232910156
2023-05-30,116.47933197021484
2023-05-31,114.44122314453125
2023-06-01,115.02496337890625
2023-06-02,116.96412658691406
2023-06-05,117.09275817871094
2023-06-06,116.19242858886719
2023-06-07,115.35145568847656
2023-06-08,113.47164154052734
2023-06-09,114.55994415283203
2023-06-12,117.2807388305664
2023-06-13,118.23053741455078
2023-06-14,118.13159942626953
2023-06-15,119.9421615600586
2023-06-16,119.84321594238281
2023-06-20,116.90478515625
2023-06-21,117.0729751586914
2023-06-22,117.41925048828125
2023-06-23,118.1513900756836
2023-06-26,117.112548828125
2023-06-27,115.79666900634766
2023-06-28,115.1337890625
2023-06-29,116.79594421386719
2023-06-30,119.19976043701172
2023-07-03,118.27787780761719
2023-07-05,118.45631408691406
2023-07-06,117.39566040039062
2023-07-07,115.97814178466797
2023-07-10,117.3262710571289
2023-07-11,117.44522857666016
2023-07-12,118.95195007324219
2023-07-13,118.30762481689453
2023-07-14,118.70413208007812
2023-07-17,117.21722412109375
2023-07-18,118.51578521728516
2023-07-19,122.00504302978516
2023-07-20,123.46221160888672
2023-07-21,126.50540161132812
2023-07-24,126.60452270507812
2023-07-25,126.19810485839844
2023-07-26,127.34798431396484
2023-07-27,125.55378723144531
2023-07-28,124.9491195678711
2023-07-31,120.70648193359375
2023-08-01,121.41029357910156
2023-08-02,126.5946044921875
2023-08-03,123.95784759521484
2023-08-04,125.1969223022461
2023-08-07,125.40509033203125
2023-08-08,127.22901916503906
2023-08-09,126.51529693603516
2023-08-10,126.53512573242188
2023-08-11,125.75203704833984
2023-08-14,125.54386901855469
2023-08-15,124.5526123046875
2023-08-16,120.3000717163086
2023-08-17,119.79451751708984
2023-08-18,118.20849609375
2023-08-21,117.82190704345703
2023-08-22,116.61256408691406
2023-08-23,118.08953094482422
2023-08-24,118.44639587402344
2023-08-25,118.6347427368164
2023-08-28,118.87264251708984
2023-08-29,120.95429992675781
2023-08-30,121.60853576660156
2023-08-31,120.01260375976562
2023-09-01,120.84526824951172
2023-09-05,117.69303894042969
2023-09-06,116.9099349975586
2023-09-07,115.2446060180664
2023-09-08,112.99443817138672
2023-09-11,112.11221313476562
2023-09-12,111.79499816894531
2023-09-13,112.4393310546875
2023-09-14,113.87666320800781
2023-09-15,114.89767456054688
2023-09-18,111.7057876586914
2023-09-19,111.32910919189453
2023-09-20,111.48771667480469
2023-09-21,108.77164459228516
2023-09-22,110.43698120117188
2023-09-25,110.96234130859375
2023-09-26,109.76290893554688
2023-09-27,109.53491973876953
2023-09-28,111.02182006835938
2023-09-29,110.8433837890625
2023-10-02,110.15306091308594
2023-10-03,109.51737976074219
2023-10-04,110.91788482666016
2023-10-05,109.60676574707031
2023-10-06,109.89481353759766
2023-10-09,110.53050231933594
2023-10-10,112.5269775390625
2023-10-11,112.61636352539062
2023-10-12,108.20626831054688
2023-10-13,109.76569366455078
2023-10-16,110.74903106689453
2023-10-17,111.6429672241211
2023-10-18,107.87848663330078
2023-10-19,108.77243041992188
2023-10-20,108.49431610107422
2023-10-23,108.60357666015625
2023-10-24,104.92849731445312
2023-10-25,102.70358276367188
2023-10-26,103.60745239257812
2023-10-27,102.07781219482422
2023-10-30,100.48860168457031
2023-10-31,102.67378234863281
2023-11-01,102.16722106933594
2023-11-02,103.76637268066406
2023-11-03,108.28572845458984
2023-11-06,106.8057632446289
2023-11-07,109.79548645019531
2023-11-08,108.65322875976562
2023-11-09,107.01435089111328
2023-11-10,107.73943328857422
2023-11-13,106.73623657226562
2023-11-14,110.8582763671875
2023-11-15,112.83488464355469
2023-11-16,113.42091369628906
2023-11-17,112.3879165649414
2023-11-20,113.21232604980469
2023-11-21,123.08537292480469
2023-11-22,123.15489959716797
2023-11-24,125.7671890258789
2023-11-27,124.16803741455078
2023-11-28,123.87004852294922
2023-11-29,126.73065185546875
2023-11-30,126.93923950195312
2023-12-01,127.92257690429688
2023-12-04,128.01197814941406
2023-12-05,127.0186996459961
2023-12-06,128.04176330566406
2023-12-07,127.81331634521484
2023-12-08,126.34327697753906
2023-12-11,128.10137939453125
2023-12-12,127.92257690429688
2023-12-13,132.8392333984375
2023-12-14,137.0308380126953
2023-12-15,135.8587646484375
2023-12-18,136.60369873046875
2023-12-19,138.8484649658203
2023-12-20,137.24932861328125
2023-12-21,138.00421142578125
2023-12-22,138.62998962402344
2023-12-26,138.86834716796875
2023-12-27,138.8782958984375
2023-12-28,138.82864379882812
2023-12-29,138.32716369628906
2024-01-02,138.048583984375
2024-01-03,130.49696350097656
2024-01-04,130.3377685546875
2024-01-05,129.8999786376953
2024-01-08,132.70574951171875
2024-01-09,130.01937866210938
2024-01-10,130.42730712890625
2024-01-11,129.02442932128906
2024-01-12,129.88009643554688
2024-01-16,129.87014770507812
2024-01-17,127.4723129272461
2024-01-18,129.80050659179688
2024-01-19,130.556640625
2024-01-22,131.8799285888672
2024-01-23,130.9745330810547
2024-01-24,129.12393188476562
2024-01-25,129.2234344482422
2024-01-26,130.32781982421875
2024-01-29,132.15850830078125
2024-01-30,133.60118103027344
2024-01-31,129.4423065185547
2024-02-01,132.37741088867188
2024-02-02,132.29779052734375
2024-02-05,132.1485595703125
2024-02-06,135.17318725585938
2024-02-07,132.1186981201172
2024-02-08,133.39224243164062
2024-02-09,132.66592407226562
2024-02-12,131.64112854003906
2024-02-13,129.10401916503906
2024-02-14,131.57150268554688
2024-02-15,134.06881713867188
2024-02-16,134.15834045410156
2024-02-20,133.46189880371094
2024-02-21,134.64585876464844
2024-02-22,131.35260009765625
2024-02-23,131.362548828125
2024-02-26,130.82530212402344
2024-02-27,131.8799285888672
2024-02-28,136.3173828125
2024-02-29,136.66561889648438
2024-03-01,138.3570098876953
2024-03-04,142.1378173828125
2024-03-05,143.6202850341797
2024-03-06,145.48081970214844
2024-03-07,148.55519104003906
2024-03-08,147.12246704101562
2024-03-11,146.54541015625
2024-03-12,147.09263610839844
2024-03-13,147.07273864746094
2024-03-14,144.47593688964844
2024-03-15,146.7344512939453
2024-03-18,145.35147094726562
2024-03-19,146.64491271972656
2024-03-20,146.53546142578125
2024-03-21,147.9880828857422
2024-03-22,146.70458984375
2024-03-25,144.82415771484375
2024-03-26,143.6799774169922
2024-03-27,146.62501525878906
2024-03-28,144.77439880371094
2024-04-01,145.05943298339844
2024-04-02,143.6741943359375
2024-04-03,143.2357177734375
2024-04-04,140.85394287109375
2024-04-05,143.62437438964844
2024-04-08,143.9632110595703
2024-04-09,146.89309692382812
2024-04-10,143.6642608642578
2024-04-11,144.50135803222656
2024-04-12,140.24603271484375
2024-04-15,139.73779296875
2024-04-16,136.32955932617188
2024-04-17,134.08729553222656
2024-04-18,131.9845428466797
2024-04-19,132.27354431152344
2024-04-22,133.44949340820312
2024-04-23,138.72129821777344
2024-04-24,137.01718139648438
2024-04-25,135.90101623535156
2024-04-26,137.26632690429688
2024-04-29,139.10995483398438
2024-04-30,136.5687255859375
2024-05-01,138.2130584716797
2024-05-02,137.04708862304688
2024-05-03,138.97042846679688
2024-05-06,140.12646484375
2024-05-07,140.7841796875
2024-05-08,142.30892944335938
2024-05-09,144.64088439941406
2024-05-10,149.24497985839844
2024-05-13,147.25186157226562
2024-05-14,150.75975036621094
2024-05-15,153.5501251220703
2024-05-16,153.77932739257812
2024-05-17,153.69961547851562
2024-05-20,154.1082000732422
2024-05-21,153.14154052734375
2024-05-22,152.3442840576172
2024-05-23,150.0322723388672
2024-05-24,150.14190673828125
2024-05-28,147.7003173828125
2024-05-29,144.9796905517578
2024-05-30,130.96804809570312
2024-05-31,129.96153259277344
2024-06-03,130.9481201171875
2024-06-04,130.4000244140625
2024-06-05,133.1007080078125
2024-06-06,132.36325073242188
2024-06-07,132.52268981933594
2024-06-10,132.57252502441406
2024-06-11,131.6556854248047
2024-06-12,132.7020721435547
2024-06-13,130.1209716796875
2024-06-14,129.40345764160156
2024-06-17,131.37664794921875
2024-06-18,134.4360809326172
2024-06-20,132.27354431152344
2024-06-21,132.79176330566406
2024-06-24,134.615478515625
2024-06-25,134.226806640625
2024-06-26,132.63230895996094
2024-06-27,130.35020446777344
2024-06-28,129.18421936035156
2024-07-01,126.96188354492188
2024-07-02,125.580078125
2024-07-03,125.92952728271484
2024-07-05,126.16915130615234
2024-07-08,125.86962127685547
2024-07-09,125.22064971923828
2024-07-10,126.86803436279297
2024-07-11,130.61207580566406
2024-07-12,132.0198211669922
2024-07-15,130.8017578125
2024-07-16,135.84373474121094
2024-07-17,133.28781127929688
2024-07-18,131.76023864746094
2024-07-19,131.57054138183594
2024-07-22,133.2079315185547
2024-07-23,130.4423370361328
2024-07-24,133.94676208496094
2024-07-25,134.7654571533203
2024-07-26,137.10174560546875
2024-07-29,137.16165161132812
2024-07-30,139.26829528808594
2024-07-31,141.1752471923828
2024-08-01,142.6329345703125
2024-08-02,138.81900024414062
2024-08-05,134.48590087890625
2024-08-06,136.04342651367188
2024-08-07,133.74708557128906
2024-08-08,136.54263305664062
2024-08-09,136.68240356445312
2024-08-12,135.3844757080078
2024-08-13,137.2015838623047
2024-08-14,135.8137969970703
2024-08-15,139.6676483154297
2024-08-16,139.81741333007812
2024-08-19,140.2866668701172
2024-08-20,139.5278778076172
2024-08-21,139.7675018310547
2024-08-22,139.99713134765625
2024-08-23,140.64608764648438
2024-08-26,140.26670837402344
2024-08-27,140.875732421875
2024-08-28,140.83580017089844
2024-08-29,142.30345153808594
2024-08-30,142.69284057617188
2024-09-03,138.7391357421875
2024-09-04,137.94041442871094
2024-09-05,138.1400909423828
2024-09-06,136.98193359375
2024-09-09,137.87051391601562
2024-09-10,137.81060791015625
2024-09-11,138.4795379638672
2024-09-12,136.1732177734375
2024-09-13,137.0917510986328
2024-09-16,138.0901641845703
2024-09-17,138.13011169433594
2024-09-18,138.78904724121094
2024-09-19,141.72438049316406
2024-09-20,139.86734008789062
2024-09-23,139.56781005859375
2024-09-24,141.64450073242188
2024-09-25,139.21836853027344
2024-09-26,146.50677490234375
2024-09-27,147.8246612548828
2024-09-30,148.24400329589844
2024-10-01,146.55999755859375
2024-10-02,146.5399932861328
2024-10-03,144.5500030517578
2024-10-04,144.97000122070312
2024-10-07,143.88999938964844
2024-10-08,144.61000061035156
2024-10-09,144.8000030517578
2024-10-10,142.74000549316406
2024-10-11,143.82000732421875
2024-10-14,144.25
2024-10-15,144.5800018310547
2024-10-16,139.11000061035156
2024-10-17,137.4199981689453
2024-10-18,138.8300018310547
2024-10-21,136.75999450683594
2024-10-22,133.4600067138672
2024-10-23,133.02999877929688
2024-10-24,130.69000244140625
2024-10-25,130.19000244140625
2024-10-28,131.5399932861328
2024-10-29,131.22999572753906
2024-10-30,131.49000549316406
2024-10-31,130.30999755859375
2024-11-01,136.8699951171875
2024-11-04,139.64999389648438
2024-11-05,140.41000366210938
2024-11-06,137.77999877929688
2024-11-07,139.6300048828125
2024-11-08,136.67999267578125
2024-11-11,133.86000061035156
2024-11-12,133.6699981689453
2024-11-13,134.27999877929688
2024-11-14,130.22000122070312
2024-11-15,127.06999969482422
2024-11-18,126.91999816894531
2024-11-19,125.69000244140625
2024-11-20,128.57000732421875
2024-11-21,132.05999755859375
2024-11-22,133.83999633789062
2024-11-25,134.49000549316406
2024-11-26,134.3699951171875
2024-11-27,138.13999938964844
2024-11-29,137.97000122070312
2024-12-02,139.5800018310547
2024-12-03,139.27999877929688
2024-12-04,140.1999969482422
2024-12-05,137.8699951171875
2024-12-06,140.5800018310547
2024-12-09,144.0
2024-12-10,141.92999267578125
2024-12-11,141.19000244140625
2024-12-12,140.91000366210938
2024-12-13,139.0
2024-12-16,137.6699981689453
2024-12-17,136.4600067138672
