,AON
2014-01-02,73.75704956054688
2014-01-03,73.9720230102539
2014-01-06,73.20182800292969
2014-01-07,73.70335388183594
2014-01-08,73.34513854980469
2014-01-09,74.91234588623047
2014-01-10,73.9003677368164
2014-01-13,72.46749877929688
2014-01-14,74.24964141845703
2014-01-15,74.68844604492188
2014-01-16,75.24370574951172
2014-01-17,75.36011505126953
2014-01-21,74.95712280273438
2014-01-22,74.11531829833984
2014-01-23,72.79885864257812
2014-01-24,70.21969604492188
2014-01-27,70.68534851074219
2014-01-28,71.71524810791016
2014-01-29,71.24061584472656
2014-01-30,72.46572875976562
2014-01-31,72.21441650390625
2014-02-03,69.0013198852539
2014-02-04,69.46798706054688
2014-02-05,69.53083038330078
2014-02-06,69.40515899658203
2014-02-07,72.71702575683594
2014-02-10,73.282470703125
2014-02-11,74.65565490722656
2014-02-12,74.88005065917969
2014-02-13,75.6788330078125
2014-02-14,76.49557495117188
2014-02-18,76.43277740478516
2014-02-19,76.09169006347656
2014-02-20,76.6571273803711
2014-02-21,77.38414764404297
2014-02-24,77.79698944091797
2014-02-25,77.33025360107422
2014-02-26,76.58534240722656
2014-02-27,76.9712905883789
2014-02-28,76.82765197753906
2014-03-03,75.95706939697266
2014-03-04,76.91740417480469
2014-03-05,77.07896423339844
2014-03-06,77.68929290771484
2014-03-07,78.03934478759766
2014-03-10,77.78800964355469
2014-03-11,77.44695281982422
2014-03-12,76.75587463378906
2014-03-13,74.6736068725586
2014-03-14,74.87107849121094
2014-03-17,75.90322875976562
2014-03-18,76.77379608154297
2014-03-19,75.59805297851562
2014-03-20,76.66609191894531
2014-03-21,77.06103515625
2014-03-24,75.6070327758789
2014-03-25,75.30187225341797
2014-03-26,74.49412536621094
2014-03-27,74.0004653930664
2014-03-28,74.153076171875
2014-03-31,75.64295196533203
2014-04-01,76.1096420288086
2014-04-02,75.83139038085938
2014-04-03,75.58910369873047
2014-04-04,74.153076171875
2014-04-07,72.80680084228516
2014-04-08,72.87860107421875
2014-04-09,74.13511657714844
2014-04-10,71.6938705444336
2014-04-11,71.29000091552734
2014-04-14,72.19644927978516
2014-04-15,72.92345428466797
2014-04-16,73.91968536376953
2014-04-17,73.72225189208984
2014-04-21,73.62350463867188
2014-04-22,73.81200408935547
2014-04-23,73.65044403076172
2014-04-24,73.76712799072266
2014-04-25,76.24427795410156
2014-04-28,75.61600494384766
2014-04-29,76.21015167236328
2014-04-30,76.4081802368164
2014-05-01,76.86729431152344
2014-05-02,76.55220794677734
2014-05-05,76.65121459960938
2014-05-06,76.30017852783203
2014-05-07,77.74047088623047
2014-05-08,77.12832641601562
2014-05-09,76.9933090209961
2014-05-12,77.61446380615234
2014-05-13,77.81249237060547
2014-05-14,77.34437561035156
2014-05-15,77.6054458618164
2014-05-16,77.99252319335938
2014-05-19,78.26258850097656
2014-05-20,78.33457946777344
2014-05-21,78.97373962402344
2014-05-22,79.23477935791016
2014-05-23,79.60386657714844
2014-05-27,80.26997375488281
2014-05-28,80.2249984741211
2014-05-29,80.8371353149414
2014-05-30,80.96316528320312
2014-06-02,80.9361572265625
2014-06-03,80.59406280517578
2014-06-04,80.80111694335938
2014-06-05,81.0711898803711
2014-06-06,81.47626495361328
2014-06-09,81.5662841796875
2014-06-10,81.37726593017578
2014-06-11,81.3232192993164
2014-06-12,80.59406280517578
2014-06-13,80.95413208007812
2014-06-16,80.80111694335938
2014-06-17,80.99913787841797
2014-06-18,81.82734680175781
2014-06-19,81.59327697753906
2014-06-20,81.63829040527344
2014-06-23,81.80030059814453
2014-06-24,80.90913391113281
2014-06-25,81.58427429199219
2014-06-26,80.99015045166016
2014-06-27,81.36823272705078
2014-06-30,81.09817504882812
2014-07-01,81.73729705810547
2014-07-02,81.23320007324219
2014-07-03,81.28721618652344
2014-07-07,81.49424743652344
2014-07-08,81.08916473388672
2014-07-09,80.99913787841797
2014-07-10,80.98116302490234
2014-07-11,81.09817504882812
2014-07-14,81.03515625
2014-07-15,80.55804443359375
2014-07-16,80.66609954833984
2014-07-17,80.17098236083984
2014-07-18,80.7381362915039
2014-07-21,80.74710083007812
2014-07-22,81.96235656738281
2014-07-23,81.98937225341797
2014-07-24,81.89036560058594
2014-07-25,77.7044448852539
2014-07-28,78.67667388916016
2014-07-29,77.54242706298828
2014-07-30,77.72299194335938
2014-07-31,76.16114044189453
2014-08-01,75.78195190429688
2014-08-04,76.1882095336914
2014-08-05,75.12288665771484
2014-08-06,75.43887329101562
2014-08-07,75.3666763305664
2014-08-08,76.34172058105469
2014-08-11,76.6215591430664
2014-08-12,76.72088623046875
2014-08-13,77.5243911743164
2014-08-14,76.95561981201172
2014-08-15,76.36878967285156
2014-08-18,77.1993637084961
2014-08-19,77.6597900390625
2014-08-20,77.90354919433594
2014-08-21,78.48135375976562
2014-08-22,78.26468658447266
2014-08-25,78.90564727783203
2014-08-26,78.61677551269531
2014-08-27,78.39107513427734
2014-08-28,78.46329498291016
2014-08-29,78.68901824951172
2014-09-02,79.176513671875
2014-09-03,79.25774383544922
2014-09-04,79.4292984008789
2014-09-05,79.02305603027344
2014-09-08,78.97789001464844
2014-09-09,78.06607818603516
2014-09-10,78.28274536132812
2014-09-11,78.40008544921875
2014-09-12,78.61677551269531
2014-09-15,78.81539154052734
2014-09-16,78.55357360839844
2014-09-17,78.53553009033203
2014-09-18,79.35706329345703
2014-09-19,78.47232055664062
2014-09-22,78.0931396484375
2014-09-23,77.88549041748047
2014-09-24,78.8063735961914
2014-09-25,77.91260528564453
2014-09-26,78.71609497070312
2014-09-29,79.00498962402344
2014-09-30,79.14942169189453
2014-10-01,78.22856140136719
2014-10-02,78.41817474365234
2014-10-03,79.06818389892578
2014-10-06,78.78832244873047
2014-10-07,77.12714385986328
2014-10-08,75.3666763305664
2014-10-09,73.37142181396484
2014-10-10,72.6311264038086
2014-10-13,71.81858825683594
2014-10-14,72.2699966430664
2014-10-15,72.22484588623047
2014-10-16,72.16168212890625
2014-10-17,73.10059356689453
2014-10-20,72.4054183959961
2014-10-21,73.96726989746094
2014-10-22,73.74161529541016
2014-10-23,73.65133666992188
2014-10-24,74.3735580444336
2014-10-27,74.4638442993164
2014-10-28,75.37567138671875
2014-10-29,74.79788970947266
2014-10-30,75.24158477783203
2014-10-31,77.87671661376953
2014-11-03,78.94525146484375
2014-11-04,80.0953140258789
2014-11-05,80.29454040527344
2014-11-06,80.75635528564453
2014-11-07,81.33590698242188
2014-11-10,82.14185333251953
2014-11-11,81.66191864013672
2014-11-12,81.843017578125
2014-11-13,81.41738891601562
2014-11-14,81.36307525634766
2014-11-17,81.92449188232422
2014-11-18,82.03317260742188
2014-11-19,81.85208129882812
2014-11-20,81.7886734008789
2014-11-21,82.75760650634766
2014-11-24,83.59070587158203
2014-11-25,83.24659729003906
2014-11-26,83.1288833618164
2014-11-28,83.75370025634766
2014-12-01,83.69033813476562
2014-12-02,83.87141418457031
2014-12-03,84.90375518798828
2014-12-04,85.70062255859375
2014-12-05,86.1171646118164
2014-12-08,88.38104248046875
2014-12-09,88.00975036621094
2014-12-10,87.22195434570312
2014-12-11,87.19476318359375
2014-12-12,86.03568267822266
2014-12-15,85.89983367919922
2014-12-16,85.58292388916016
2014-12-17,86.61522674560547
2014-12-18,87.56602478027344
2014-12-19,87.55699157714844
2014-12-22,87.87391662597656
2014-12-23,87.53886413574219
2014-12-24,87.40306854248047
2014-12-26,87.16761016845703
2014-12-29,86.86878204345703
2014-12-30,87.14042663574219
2014-12-31,85.8726806640625
2015-01-02,85.4198989868164
2015-01-05,84.5958480834961
2015-01-06,84.08877563476562
2015-01-07,85.04862976074219
2015-01-08,86.29829406738281
2015-01-09,85.8274154663086
2015-01-12,84.61396026611328
2015-01-13,84.96715545654297
2015-01-14,84.84033203125
2015-01-15,84.71358489990234
2015-01-16,86.53370666503906
2015-01-20,85.727783203125
2015-01-21,85.61911010742188
2015-01-22,86.66049194335938
2015-01-23,85.50141143798828
2015-01-26,85.27500915527344
2015-01-27,84.5234146118164
2015-01-28,82.48594665527344
2015-01-29,82.79469299316406
2015-01-30,81.76858520507812
2015-02-02,83.4030532836914
2015-02-03,84.23844146728516
2015-02-04,84.55626678466797
2015-02-05,85.10107421875
2015-02-06,87.55278015136719
2015-02-09,87.75253295898438
2015-02-10,89.15997314453125
2015-02-11,90.87621307373047
2015-02-12,91.47549438476562
2015-02-13,91.31204986572266
2015-02-17,91.4482650756836
2015-02-18,91.31204986572266
2015-02-19,91.05782318115234
2015-02-20,91.11229705810547
2015-02-23,91.26667785644531
2015-02-24,91.33929443359375
2015-02-25,91.2121810913086
2015-02-26,91.00331115722656
2015-02-27,91.13043212890625
2015-03-02,91.02146911621094
2015-03-03,90.73091888427734
2015-03-04,90.46756744384766
2015-03-05,91.01239776611328
2015-03-06,89.70482635498047
2015-03-09,89.83193969726562
2015-03-10,87.18954467773438
2015-03-11,87.5618667602539
2015-03-12,89.24173736572266
2015-03-13,87.97049713134766
2015-03-16,89.66851806640625
2015-03-17,89.44151306152344
2015-03-18,90.37675476074219
2015-03-19,89.81378936767578
2015-03-20,90.16793060302734
2015-03-23,89.97721862792969
2015-03-24,89.15095520019531
2015-03-25,87.1259765625
2015-03-26,87.19866180419922
2015-03-27,87.0533676147461
2015-03-30,89.0782699584961
2015-03-31,87.28036499023438
2015-04-01,87.38023376464844
2015-04-02,87.74344635009766
2015-04-06,88.8331298828125
2015-04-07,88.37001037597656
2015-04-08,89.56863403320312
2015-04-09,89.36885070800781
2015-04-10,89.21449279785156
2015-04-13,89.55046081542969
2015-04-14,89.51415252685547
2015-04-15,89.42333221435547
2015-04-16,88.64244842529297
2015-04-17,87.3257827758789
2015-04-20,88.44263458251953
2015-04-21,88.17024993896484
2015-04-22,88.26103973388672
2015-04-23,88.45174407958984
2015-04-24,88.84217071533203
2015-04-27,88.91483306884766
2015-04-28,89.04194641113281
2015-04-29,89.1512680053711
2015-04-30,87.64838409423828
2015-05-01,89.64309692382812
2015-05-04,89.98920440673828
2015-05-05,88.97818756103516
2015-05-06,88.69583892822266
2015-05-07,89.1785888671875
2015-05-08,90.98198699951172
2015-05-11,91.25525665283203
2015-05-12,90.27157592773438
2015-05-13,89.8343734741211
2015-05-14,91.0639877319336
2015-05-15,90.67233276367188
2015-05-18,92.0385513305664
2015-05-19,92.38468170166016
2015-05-20,93.09513092041016
2015-05-21,93.23172760009766
2015-05-22,93.7144775390625
2015-05-26,93.04044342041016
2015-05-27,93.78736114501953
2015-05-28,93.72358703613281
2015-05-29,92.19337463378906
2015-06-01,91.91104888916016
2015-06-02,92.17518615722656
2015-06-03,92.8218765258789
2015-06-04,91.8199691772461
2015-06-05,91.9656982421875
2015-06-08,91.5102767944336
2015-06-09,91.63778686523438
2015-06-10,93.25907135009766
2015-06-11,93.98773193359375
2015-06-12,93.11334991455078
2015-06-15,93.41390991210938
2015-06-16,94.142578125
2015-06-17,94.47046661376953
2015-06-18,95.19912719726562
2015-06-19,93.80557250976562
2015-06-22,94.44315338134766
2015-06-23,94.73460388183594
2015-06-24,94.30652618408203
2015-06-25,93.8602066040039
2015-06-26,93.58696746826172
2015-06-29,91.12776184082031
2015-06-30,90.79074096679688
2015-07-01,90.81805419921875
2015-07-02,90.63591003417969
2015-07-06,90.79985809326172
2015-07-07,91.24614715576172
2015-07-08,90.40818786621094
2015-07-09,91.21884155273438
2015-07-10,92.70343780517578
2015-07-13,92.93114471435547
2015-07-14,92.95848083496094
2015-07-15,92.77631378173828
2015-07-16,93.62340545654297
2015-07-17,93.27729034423828
2015-07-20,93.19532775878906
2015-07-21,93.02224731445312
2015-07-22,92.83096313476562
2015-07-23,92.51217651367188
2015-07-24,92.24806213378906
2015-07-27,92.02037048339844
2015-07-28,92.13876342773438
2015-07-29,92.79452514648438
2015-07-30,93.12340545654297
2015-07-31,92.05458068847656
2015-08-03,90.93098449707031
2015-08-04,91.53388977050781
2015-08-05,92.5661849975586
2015-08-06,92.1916275024414
2015-08-07,92.55701446533203
2015-08-10,93.88162231445312
2015-08-11,92.55701446533203
2015-08-12,92.4748306274414
2015-08-13,92.4656753540039
2015-08-14,92.53877258300781
2015-08-17,93.68978118896484
2015-08-18,93.57103729248047
2015-08-19,92.30125427246094
2015-08-20,90.7300033569336
2015-08-21,88.18132019042969
2015-08-24,83.79645538330078
2015-08-25,81.65884399414062
2015-08-26,84.60945892333984
2015-08-27,86.22640228271484
2015-08-28,85.44991302490234
2015-08-31,85.35856628417969
2015-09-01,82.47186279296875
2015-09-02,83.17525482177734
2015-09-03,83.54065704345703
2015-09-04,82.48098754882812
2015-09-08,84.67341613769531
2015-09-09,83.62287139892578
2015-09-10,83.75077056884766
2015-09-11,83.42190551757812
2015-09-14,82.94689178466797
2015-09-15,84.12528991699219
2015-09-16,84.02484130859375
2015-09-17,84.18927764892578
2015-09-18,81.58575439453125
2015-09-21,82.58147430419922
2015-09-22,81.78672790527344
2015-09-23,81.38478088378906
2015-09-24,81.25689697265625
2015-09-25,82.2343521118164
2015-09-28,80.76361846923828
2015-09-29,80.75447082519531
2015-09-30,80.94631958007812
2015-10-01,80.9006118774414
2015-10-02,82.0151138305664
2015-10-05,83.60460662841797
2015-10-06,82.48098754882812
2015-10-07,83.27574920654297
2015-10-08,83.97915649414062
2015-10-09,83.39450073242188
2015-10-12,83.38536834716797
2015-10-13,82.92861938476562
2015-10-14,82.26175689697266
2015-10-15,83.35797882080078
2015-10-16,83.6959457397461
2015-10-19,82.79157257080078
2015-10-20,83.64115905761719
2015-10-21,83.42190551757812
2015-10-22,84.41764068603516
2015-10-23,84.49073791503906
2015-10-26,84.70085144042969
2015-10-27,84.75562286376953
2015-10-28,86.59183502197266
2015-10-29,86.90339660644531
2015-10-30,85.51042938232422
2015-11-02,86.78422546386719
2015-11-03,86.7109375
2015-11-04,86.56432342529297
2015-11-05,86.87590789794922
2015-11-06,85.74869537353516
2015-11-09,84.70401763916016
2015-11-10,85.2080307006836
2015-11-11,86.04196166992188
2015-11-12,85.04306030273438
2015-11-13,85.3179931640625
2015-11-16,86.4818115234375
2015-11-17,85.84033203125
2015-11-18,87.06832885742188
2015-11-19,85.97779846191406
2015-11-20,86.93087768554688
2015-11-23,86.8025894165039
2015-11-24,86.83008575439453
2015-11-25,86.61014556884766
2015-11-27,86.73843383789062
2015-11-30,86.82090759277344
2015-12-01,87.70063781738281
2015-12-02,86.62846374511719
2015-12-03,85.84952545166016
2015-12-04,88.57125091552734
2015-12-07,88.65372467041016
2015-12-08,87.15081024169922
2015-12-09,86.3535385131836
2015-12-10,85.98697662353516
2015-12-11,85.50125122070312
2015-12-14,86.216064453125
2015-12-15,88.60792541503906
2015-12-16,88.81868743896484
2015-12-17,85.47376251220703
2015-12-18,83.38436889648438
2015-12-21,83.21023559570312
2015-12-22,83.45767974853516
2015-12-23,84.08997344970703
2015-12-24,84.35575866699219
2015-12-28,84.30992126464844
2015-12-29,85.99614715576172
2015-12-30,85.72119903564453
2015-12-31,84.50238037109375
2016-01-04,83.12775421142578
2016-01-05,83.63182067871094
2016-01-06,82.36712646484375
2016-01-07,81.16661834716797
2016-01-08,79.74620819091797
2016-01-11,79.18719482421875
2016-01-12,79.86532592773438
2016-01-13,78.72900390625
2016-01-14,80.08528900146484
2016-01-15,78.89395141601562
2016-01-19,78.79313659667969
2016-01-20,77.84008026123047
2016-01-21,77.54681396484375
2016-01-22,79.18719482421875
2016-01-25,78.57318878173828
2016-01-26,78.83895874023438
2016-01-27,78.72900390625
2016-01-28,79.17040252685547
2016-01-29,80.77053833007812
2016-02-01,80.54063415527344
2016-02-02,79.27155303955078
2016-02-03,80.6877670288086
2016-02-04,81.80052947998047
2016-02-05,85.40547180175781
2016-02-08,85.50662994384766
2016-02-09,85.4146499633789
2016-02-10,85.36865997314453
2016-02-11,85.23992156982422
2016-02-12,86.26070404052734
2016-02-16,86.58257293701172
2016-02-17,87.36426544189453
2016-02-18,86.96878814697266
2016-02-19,86.05836486816406
2016-02-22,86.23309326171875
2016-02-23,86.5090103149414
2016-02-24,87.05155181884766
2016-02-25,87.64933776855469
2016-02-26,88.06317138671875
2016-02-29,87.63092041015625
2016-03-01,88.23788452148438
2016-03-02,89.5621337890625
2016-03-03,90.32544708251953
2016-03-04,90.97834777832031
2016-03-07,91.17149353027344
2016-03-08,90.52777099609375
2016-03-09,90.78527069091797
2016-03-10,90.63811492919922
2016-03-11,92.40379333496094
2016-03-14,91.75086212158203
2016-03-15,91.8611831665039
2016-03-16,91.76924133300781
2016-03-17,93.8016128540039
2016-03-18,93.31421661376953
2016-03-21,93.42456817626953
2016-03-22,93.30500793457031
2016-03-23,92.431396484375
2016-03-24,93.00151824951172
2016-03-28,93.93037414550781
2016-03-29,94.66606903076172
2016-03-30,95.60406494140625
2016-03-31,96.0546875
2016-04-01,96.44094848632812
2016-04-04,96.42253112792969
2016-04-05,93.71884155273438
2016-04-06,93.89356231689453
2016-04-07,92.90959167480469
2016-04-08,93.16705322265625
2016-04-11,93.31421661376953
2016-04-12,94.27063751220703
2016-04-13,95.41095733642578
2016-04-14,95.54887390136719
2016-04-15,95.916748046875
2016-04-18,97.16744232177734
2016-04-19,96.73522186279297
2016-04-20,96.03630828857422
2016-04-21,94.89598083496094
2016-04-22,94.93275451660156
2016-04-25,95.13506317138672
2016-04-26,96.31218719482422
2016-04-27,95.92593383789062
2016-04-28,95.16947937011719
2016-04-29,96.97764587402344
2016-05-02,98.36146545410156
2016-05-03,97.57730102539062
2016-05-04,97.76180267333984
2016-05-05,97.24518585205078
2016-05-06,96.66398620605469
2016-05-09,96.59940338134766
2016-05-10,97.90017700195312
2016-05-11,97.33744049072266
2016-05-12,97.53116607666016
2016-05-13,97.61420440673828
2016-05-16,97.95552062988281
2016-05-17,97.53116607666016
2016-05-18,97.22672271728516
2016-05-19,96.66398620605469
2016-05-20,97.22672271728516
2016-05-23,96.98686981201172
2016-05-24,98.64745330810547
2016-05-25,98.45370483398438
2016-05-26,98.69356536865234
2016-05-27,100.21575164794922
2016-05-31,100.80619049072266
2016-06-01,100.87075805664062
2016-06-02,100.95378112792969
2016-06-03,100.2988052368164
2016-06-06,100.92613220214844
2016-06-07,101.03681945800781
2016-06-08,101.26747131347656
2016-06-09,101.35050201416016
2016-06-10,100.8984603881836
2016-06-13,99.66223907470703
2016-06-14,99.15485382080078
2016-06-15,98.32455444335938
2016-06-16,98.70282745361328
2016-06-17,98.58287811279297
2016-06-20,99.0625991821289
2016-06-21,99.45005798339844
2016-06-22,99.3854751586914
2016-06-23,100.46485900878906
2016-06-24,95.95362091064453
2016-06-27,92.99227142333984
2016-06-28,95.87061309814453
2016-06-29,98.1861572265625
2016-06-30,100.7693099975586
2016-07-01,101.26747131347656
2016-07-05,99.90211486816406
2016-07-06,99.71759033203125
2016-07-07,100.51094818115234
2016-07-08,101.08295440673828
2016-07-11,101.63648986816406
2016-07-12,101.9962387084961
2016-07-13,101.71949768066406
2016-07-14,101.98704528808594
2016-07-15,102.25456237792969
2016-07-18,101.95935821533203
2016-07-19,101.23054504394531
2016-07-20,101.46119689941406
2016-07-21,100.81541442871094
2016-07-22,101.9962387084961
2016-07-25,101.77486419677734
2016-07-26,102.4206314086914
2016-07-27,101.9224624633789
2016-07-28,102.11677551269531
2016-07-29,99.07254028320312
2016-08-01,100.2291488647461
2016-08-02,100.31243133544922
2016-08-03,101.51533508300781
2016-08-04,101.73741912841797
2016-08-05,102.3851089477539
2016-08-08,102.1815414428711
2016-08-09,102.00575256347656
2016-08-10,101.57084655761719
2016-08-11,101.69114685058594
2016-08-12,101.42279052734375
2016-08-15,101.36730194091797
2016-08-16,101.01568603515625
2016-08-17,101.29326629638672
2016-08-18,101.25625610351562
2016-08-19,100.45121002197266
2016-08-22,101.2192153930664
2016-08-23,101.26549530029297
2016-08-24,101.30252838134766
2016-08-25,101.88543701171875
2016-08-26,101.81143188476562
2016-08-29,103.11610412597656
2016-08-30,102.8847885131836
2016-08-31,103.03282928466797
2016-09-01,103.03282928466797
2016-09-02,103.72681427001953
2016-09-06,103.8285903930664
2016-09-07,103.88412475585938
2016-09-08,103.26417541503906
2016-09-09,100.79358673095703
2016-09-12,102.81076049804688
2016-09-13,101.38578033447266
2016-09-14,100.83985900878906
2016-09-15,102.07051086425781
2016-09-16,101.2284927368164
2016-09-19,101.76516723632812
2016-09-20,102.07051086425781
2016-09-21,103.7360610961914
2016-09-22,104.89269256591797
2016-09-23,103.77308654785156
2016-09-26,103.28266143798828
2016-09-27,104.00440216064453
2016-09-28,103.89336395263672
2016-09-29,102.63493347167969
2016-09-30,104.08769989013672
2016-10-03,103.64352416992188
2016-10-04,103.06060028076172
2016-10-05,103.4029769897461
2016-10-06,104.72614288330078
2016-10-07,104.09696197509766
2016-10-10,103.60650634765625
2016-10-11,101.6448745727539
2016-10-12,102.43138885498047
2016-10-13,101.95946502685547
2016-10-14,102.42213439941406
2016-10-17,101.75592041015625
2016-10-18,102.32962036132812
2016-10-19,102.43138885498047
2016-10-20,101.80216979980469
2016-10-21,101.36730194091797
2016-10-24,101.81143188476562
2016-10-25,99.73873901367188
2016-10-26,100.10888671875
2016-10-27,100.32167053222656
2016-10-28,103.3010025024414
2016-10-31,102.86473846435547
2016-11-01,100.9899673461914
2016-11-02,99.81121826171875
2016-11-03,100.68367004394531
2016-11-04,100.04324340820312
2016-11-07,103.38448333740234
2016-11-08,104.08990478515625
2016-11-09,102.95756530761719
2016-11-10,104.63751220703125
2016-11-11,102.54920196533203
2016-11-14,102.270751953125
2016-11-15,102.215087890625
2016-11-16,102.06658172607422
2016-11-17,103.42164611816406
2016-11-18,103.9135513305664
2016-11-21,104.8045425415039
2016-11-22,105.21293640136719
2016-11-23,105.3521728515625
2016-11-25,105.63058471679688
2016-11-28,104.67463684082031
2016-11-29,105.48210144042969
2016-11-30,105.89972686767578
2016-12-01,103.9970703125
2016-12-02,103.59798431396484
2016-12-05,104.2940902709961
2016-12-06,105.07371520996094
2016-12-07,107.6167984008789
2016-12-08,104.77672576904297
2016-12-09,104.90665435791016
2016-12-12,104.63751220703125
2016-12-13,104.47041320800781
2016-12-14,103.71866607666016
2016-12-15,104.31263732910156
2016-12-16,104.0341796875
2016-12-19,104.25697326660156
2016-12-20,103.79292297363281
2016-12-21,104.1827163696289
2016-12-22,104.39620208740234
2016-12-23,104.77672576904297
2016-12-27,104.41476440429688
2016-12-28,103.69080352783203
2016-12-29,103.41236114501953
2016-12-30,103.51445007324219
2017-01-03,104.0249252319336
2017-01-04,105.16653442382812
2017-01-05,105.32429504394531
2017-01-06,106.13179779052734
2017-01-09,105.25007629394531
2017-01-10,104.53539276123047
2017-01-11,104.57254028320312
2017-01-12,104.57254028320312
2017-01-13,105.1479721069336
2017-01-17,105.45426177978516
2017-01-18,105.85334777832031
2017-01-19,104.2105484008789
2017-01-20,104.01566314697266
2017-01-23,103.67223358154297
2017-01-24,104.14558410644531
2017-01-25,104.73030090332031
2017-01-26,104.83240509033203
2017-01-27,105.24076843261719
2017-01-30,104.31926727294922
2017-01-31,104.9056625366211
2017-02-01,103.48149871826172
2017-02-02,104.70091247558594
2017-02-03,106.17162322998047
2017-02-06,106.19023895263672
2017-02-07,106.34848022460938
2017-02-08,106.45088958740234
2017-02-09,107.2048568725586
2017-02-10,107.5958023071289
2017-02-13,107.85643005371094
2017-02-14,107.83784484863281
2017-02-15,108.49872589111328
2017-02-16,109.16890716552734
2017-02-17,109.40162658691406
2017-02-21,107.57718658447266
2017-02-22,107.60511016845703
2017-02-23,108.15430450439453
2017-02-24,108.49872589111328
2017-02-27,108.32184600830078
2017-02-28,107.65167236328125
2017-03-01,109.38300323486328
2017-03-02,108.40564727783203
2017-03-03,108.42425537109375
2017-03-06,107.7074966430664
2017-03-07,107.54925537109375
2017-03-08,107.62371063232422
2017-03-09,108.28462219238281
2017-03-10,109.70879364013672
2017-03-13,110.71411895751953
2017-03-14,110.23008728027344
2017-03-15,110.7885971069336
2017-03-16,110.99333953857422
2017-03-17,110.68621826171875
2017-03-20,110.00669860839844
2017-03-21,109.4388656616211
2017-03-22,109.5691909790039
2017-03-23,109.35508728027344
2017-03-24,109.41092681884766
2017-03-27,110.01598358154297
2017-03-28,110.65827941894531
2017-03-29,109.61572265625
2017-03-30,110.28594207763672
2017-03-31,110.48141479492188
2017-04-03,110.14630126953125
2017-04-04,110.6768798828125
2017-04-05,110.98405456542969
2017-04-06,111.13301086425781
2017-04-07,111.36572265625
2017-04-10,111.4774169921875
2017-04-11,111.44950866699219
2017-04-12,110.4627914428711
2017-04-13,109.93222045898438
2017-04-17,110.81651306152344
2017-04-18,110.6396713256836
2017-04-19,110.88168334960938
2017-04-20,112.22209167480469
2017-04-21,110.2393798828125
2017-04-24,110.80718994140625
2017-04-25,111.76597595214844
2017-04-26,111.76597595214844
2017-04-27,112.16743469238281
2017-04-28,111.88733673095703
2017-05-01,112.30748748779297
2017-05-02,111.96202850341797
2017-05-03,112.35417175292969
2017-05-04,113.1570816040039
2017-05-05,114.15608215332031
2017-05-08,114.6602554321289
2017-05-09,116.05138397216797
2017-05-10,115.8553237915039
2017-05-11,116.05138397216797
2017-05-12,115.995361328125
2017-05-15,117.41449737548828
2017-05-16,117.6198959350586
2017-05-17,117.6198959350586
2017-05-18,118.28277587890625
2017-05-19,118.8336181640625
2017-05-22,119.85127258300781
2017-05-23,120.02867889404297
2017-05-24,120.61686706542969
2017-05-25,121.67186737060547
2017-05-26,121.3824691772461
2017-05-30,122.0360336303711
2017-05-31,122.22272491455078
2017-06-01,122.9042739868164
2017-06-02,122.68021392822266
2017-06-05,122.3067626953125
2017-06-06,121.80260467529297
2017-06-07,122.68954467773438
2017-06-08,122.96967315673828
2017-06-09,123.83795166015625
2017-06-12,124.20206451416016
2017-06-13,125.16372680664062
2017-06-14,126.05065155029297
2017-06-15,126.64814758300781
2017-06-16,127.40442657470703
2017-06-19,127.72189331054688
2017-06-20,127.11500549316406
2017-06-21,126.32141876220703
2017-06-22,125.3410873413086
2017-06-23,123.61385345458984
2017-06-26,124.20206451416016
2017-06-27,123.78192138671875
2017-06-28,125.08900451660156
2017-06-29,124.02462768554688
2017-06-30,124.1273422241211
2017-07-03,124.32342529296875
2017-07-05,124.14604187011719
2017-07-06,124.53813171386719
2017-07-07,126.05065155029297
2017-07-10,126.32141876220703
2017-07-11,125.14502716064453
2017-07-12,125.72389221191406
2017-07-13,126.62954711914062
2017-07-14,127.18035125732422
2017-07-17,127.75920104980469
2017-07-18,128.29139709472656
2017-07-19,128.90760803222656
2017-07-20,129.62648010253906
2017-07-21,129.90658569335938
2017-07-24,130.36404418945312
2017-07-25,130.7095184326172
2017-07-26,129.72921752929688
2017-07-27,126.89092254638672
2017-07-28,129.8115997314453
2017-07-31,129.34353637695312
2017-08-01,130.6728515625
2017-08-02,130.3358612060547
2017-08-03,130.09243774414062
2017-08-04,130.07374572753906
2017-08-07,129.9052276611328
2017-08-08,129.72732543945312
2017-08-09,131.2344970703125
2017-08-10,129.9801483154297
2017-08-11,129.54953002929688
2017-08-14,130.73837280273438
2017-08-15,130.38259887695312
2017-08-16,130.4200897216797
2017-08-17,127.96746063232422
2017-08-18,127.7989501953125
2017-08-21,129.34353637695312
2017-08-22,130.6541290283203
2017-08-23,129.39036560058594
2017-08-24,128.97848510742188
2017-08-25,129.23121643066406
2017-08-28,129.54014587402344
2017-08-29,129.09078979492188
2017-08-30,129.3248291015625
2017-08-31,130.27029418945312
2017-09-01,129.9894561767578
2017-09-05,131.38430786132812
2017-09-06,131.27200317382812
2017-09-07,129.75550842285156
2017-09-08,133.5279998779297
2017-09-11,133.54672241210938
2017-09-12,133.7620391845703
2017-09-13,133.85562133789062
2017-09-14,133.0599822998047
2017-09-15,134.1551971435547
2017-09-18,134.84791564941406
2017-09-19,135.21302795410156
2017-09-20,136.65464782714844
2017-09-21,135.6810760498047
2017-09-22,136.69212341308594
2017-09-25,135.9432373046875
2017-09-26,136.93545532226562
2017-09-27,137.07591247558594
2017-09-28,137.5626983642578
2017-09-29,136.7670135498047
2017-10-02,137.88096618652344
2017-10-03,137.8997039794922
2017-10-04,137.28184509277344
2017-10-05,137.2724609375
2017-10-06,137.4596710205078
2017-10-09,137.93716430664062
2017-10-10,138.19924926757812
2017-10-11,138.33033752441406
2017-10-12,139.7064208984375
2017-10-13,139.8374786376953
2017-10-16,140.37107849121094
2017-10-17,139.66897583007812
2017-10-18,140.04339599609375
2017-10-19,141.18545532226562
2017-10-20,141.85948181152344
2017-10-23,142.23394775390625
2017-10-24,142.64578247070312
2017-10-25,141.9624481201172
2017-10-26,141.55056762695312
2017-10-27,136.84185791015625
2017-10-30,134.28631591796875
2017-10-31,134.6053466796875
2017-11-01,134.05169677734375
2017-11-02,130.41038513183594
2017-11-03,130.11007690429688
2017-11-06,131.55531311035156
2017-11-07,131.58346557617188
2017-11-08,132.20286560058594
2017-11-09,134.6334991455078
2017-11-10,134.4364471435547
2017-11-13,133.1601104736328
2017-11-14,134.70852661132812
2017-11-15,134.04225158691406
2017-11-16,132.58766174316406
2017-11-17,132.4937744140625
2017-11-20,133.3102264404297
2017-11-21,132.73779296875
2017-11-22,130.67315673828125
2017-11-24,130.1006622314453
2017-11-27,129.6220703125
2017-11-28,131.33001708984375
2017-11-29,131.8274688720703
2017-11-30,131.5928192138672
2017-12-01,133.48858642578125
2017-12-04,131.07667541503906
2017-12-05,130.67315673828125
2017-12-06,130.55116271972656
2017-12-07,129.94113159179688
2017-12-08,129.96929931640625
2017-12-11,129.7909698486328
2017-12-12,129.9786834716797
2017-12-13,128.15802001953125
2017-12-14,128.1768035888672
2017-12-15,129.87548828125
2017-12-18,128.74928283691406
2017-12-19,128.44894409179688
2017-12-20,127.99848175048828
2017-12-21,127.0130844116211
2017-12-22,125.14554595947266
2017-12-26,125.09858703613281
2017-12-27,125.68045806884766
2017-12-28,126.24356842041016
2017-12-29,125.75554656982422
2018-01-02,123.39997863769531
2018-01-03,125.37076568603516
2018-01-04,127.08814239501953
2018-01-05,128.16741943359375
2018-01-08,128.1768035888672
2018-01-09,128.49583435058594
2018-01-10,128.25189208984375
2018-01-11,126.9473648071289
2018-01-12,128.14866638183594
2018-01-16,126.26229095458984
2018-01-17,128.1017608642578
2018-01-18,126.7690658569336
2018-01-19,126.86296081542969
2018-01-22,127.61372375488281
2018-01-23,128.96510314941406
2018-01-24,130.2884063720703
2018-01-25,130.96405029296875
2018-01-26,134.6428680419922
2018-01-29,133.5824432373047
2018-01-30,133.02871704101562
2018-01-31,133.7625732421875
2018-02-01,135.9359588623047
2018-02-02,135.0985870361328
2018-02-05,132.04080200195312
2018-02-06,131.64569091796875
2018-02-07,132.2384033203125
2018-02-08,128.00450134277344
2018-02-09,129.7545166015625
2018-02-12,131.68325805664062
2018-02-13,130.9964141845703
2018-02-14,131.69271850585938
2018-02-15,132.5582733154297
2018-02-16,132.53004455566406
2018-02-20,132.39834594726562
2018-02-21,131.12815856933594
2018-02-22,130.89297485351562
2018-02-23,133.51800537109375
2018-02-26,134.8258056640625
2018-02-27,134.03543090820312
2018-02-28,132.02200317382812
2018-03-01,129.3217010498047
2018-03-02,130.3002166748047
2018-03-05,133.01931762695312
2018-03-06,133.7625732421875
2018-03-07,134.0636749267578
2018-03-08,135.70077514648438
2018-03-09,139.2760467529297
2018-03-12,137.6577606201172
2018-03-13,137.32846069335938
2018-03-14,135.6913604736328
2018-03-15,136.39703369140625
2018-03-16,137.33792114257812
2018-03-19,136.4252471923828
2018-03-20,136.6886749267578
2018-03-21,134.92922973632812
2018-03-22,131.0717315673828
2018-03-23,129.05828857421875
2018-03-26,132.4736328125
2018-03-27,130.61070251464844
2018-03-28,131.21286010742188
2018-03-29,132.0314178466797
2018-04-02,130.01792907714844
2018-04-03,130.53538513183594
2018-04-04,131.84323120117188
2018-04-05,131.880859375
2018-04-06,130.02740478515625
2018-04-09,130.7894287109375
2018-04-10,131.8714141845703
2018-04-11,131.75852966308594
2018-04-12,133.226318359375
2018-04-13,133.6214599609375
2018-04-16,135.27732849121094
2018-04-17,135.55966186523438
2018-04-18,135.6725311279297
2018-04-19,136.255859375
2018-04-20,135.52198791503906
2018-04-23,135.27732849121094
2018-04-24,133.9131317138672
2018-04-25,133.57437133789062
2018-04-26,135.013916015625
2018-04-27,135.70077514648438
2018-04-30,134.41763305664062
2018-05-01,134.78558349609375
2018-05-02,131.8891143798828
2018-05-03,132.0872344970703
2018-05-04,131.60609436035156
2018-05-07,132.43629455566406
2018-05-08,132.94583129882812
2018-05-09,133.3043670654297
2018-05-10,136.08763122558594
2018-05-11,135.94607543945312
2018-05-14,135.13465881347656
2018-05-15,132.813720703125
2018-05-16,132.07778930664062
2018-05-17,132.97412109375
2018-05-18,133.3137664794922
2018-05-21,134.04966735839844
2018-05-22,134.83279418945312
2018-05-23,134.10629272460938
2018-05-24,134.3421630859375
2018-05-25,134.1817626953125
2018-05-29,130.53994750976562
2018-05-30,132.30426025390625
2018-05-31,131.96458435058594
2018-06-01,132.16270446777344
2018-06-04,133.3892364501953
2018-06-05,132.7665557861328
2018-06-06,133.6251220703125
2018-06-07,134.01193237304688
2018-06-08,134.889404296875
2018-06-11,134.5780029296875
2018-06-12,133.8515625
2018-06-13,133.2854461669922
2018-06-14,132.28536987304688
2018-06-15,131.64378356933594
2018-06-18,132.33248901367188
2018-06-19,131.80422973632812
2018-06-20,129.82289123535156
2018-06-21,128.8321990966797
2018-06-22,129.38885498046875
2018-06-25,129.91725158691406
2018-06-26,129.9644012451172
2018-06-27,127.36042785644531
2018-06-28,128.48313903808594
2018-06-29,129.41717529296875
2018-07-02,129.49264526367188
2018-07-03,129.33230590820312
2018-07-05,130.40786743164062
2018-07-06,131.7287139892578
2018-07-09,134.4742431640625
2018-07-10,134.7478485107422
2018-07-11,134.4364776611328
2018-07-12,135.74795532226562
2018-07-13,136.0498504638672
2018-07-16,137.00277709960938
2018-07-17,137.38958740234375
2018-07-18,139.01235961914062
2018-07-19,137.88961791992188
2018-07-20,137.89907836914062
2018-07-23,138.87083435058594
2018-07-24,138.8802947998047
2018-07-25,139.36148071289062
2018-07-26,139.8144073486328
2018-07-27,136.33291625976562
2018-07-30,135.2855987548828
2018-07-31,135.81546020507812
2018-08-01,134.65174865722656
2018-08-02,133.78128051757812
2018-08-03,135.4086456298828
2018-08-06,136.0330810546875
2018-08-07,135.69247436523438
2018-08-08,135.6546630859375
2018-08-09,135.65464782714844
2018-08-10,134.4971160888672
2018-08-13,133.28271484375
2018-08-14,133.6337432861328
2018-08-15,133.8899383544922
2018-08-16,135.5028533935547
2018-08-17,136.10052490234375
2018-08-20,135.6830596923828
2018-08-21,136.9639129638672
2018-08-22,135.806396484375
2018-08-23,135.82540893554688
2018-08-24,137.98858642578125
2018-08-27,137.8842315673828
2018-08-28,137.61856079101562
2018-08-29,138.6527099609375
2018-08-30,136.98292541503906
2018-08-31,138.10243225097656
2018-09-04,139.3453369140625
2018-09-05,140.16127014160156
2018-09-06,142.72293090820312
2018-09-07,142.3339385986328
2018-09-10,142.06829833984375
2018-09-11,143.28269958496094
2018-09-12,143.33963012695312
2018-09-13,143.65274047851562
2018-09-14,144.18405151367188
2018-09-17,144.3548126220703
2018-09-18,145.04742431640625
2018-09-19,147.28652954101562
2018-09-20,147.21058654785156
2018-09-21,148.45350646972656
2018-09-24,147.21058654785156
2018-09-25,147.8273468017578
2018-09-26,146.71728515625
2018-09-27,147.7039337158203
2018-09-28,145.9013214111328
2018-10-01,146.91650390625
2018-10-02,148.2447509765625
2018-10-03,148.8519744873047
2018-10-04,149.35479736328125
2018-10-05,147.55213928222656
2018-10-08,148.20681762695312
2018-10-09,149.0701446533203
2018-10-10,143.3965606689453
2018-10-11,140.62615966796875
2018-10-12,140.26564025878906
2018-10-15,139.63943481445312
2018-10-16,142.1726531982422
2018-10-17,142.75140380859375
2018-10-18,141.85008239746094
2018-10-19,143.358642578125
2018-10-22,143.68116760253906
2018-10-23,141.85008239746094
2018-10-24,138.80450439453125
2018-10-25,142.2959442138672
2018-10-26,144.50662231445312
2018-10-29,147.23910522460938
2018-10-30,150.56924438476562
2018-10-31,148.55276489257812
2018-11-01,148.09622192382812
2018-11-02,148.55276489257812
2018-11-05,150.45509338378906
2018-11-06,151.79623413085938
2018-11-07,155.08726501464844
2018-11-08,156.7803497314453
2018-11-09,156.5045166015625
2018-11-12,154.9351043701172
2018-11-13,155.32504272460938
2018-11-14,154.10755920410156
2018-11-15,155.09681701660156
2018-11-16,156.0384521484375
2018-11-19,157.49371337890625
2018-11-20,153.77464294433594
2018-11-21,153.20399475097656
2018-11-23,153.37518310546875
2018-11-26,154.09805297851562
2018-11-27,153.59393310546875
2018-11-28,155.98135375976562
2018-11-29,155.68650817871094
2018-11-30,157.0466766357422
2018-12-03,156.91354370117188
2018-12-04,154.77340698242188
2018-12-06,152.7188262939453
2018-12-07,150.97824096679688
2018-12-10,150.027099609375
2018-12-11,148.14378356933594
2018-12-12,147.8108673095703
2018-12-13,148.47669982910156
2018-12-14,146.31753540039062
2018-12-17,143.02651977539062
2018-12-18,142.96945190429688
2018-12-19,141.06712341308594
2018-12-20,138.6511688232422
2018-12-21,134.35191345214844
2018-12-24,130.72796630859375
2018-12-26,133.4387664794922
2018-12-27,136.14007568359375
2018-12-28,136.6822509765625
2018-12-31,138.2611846923828
2019-01-02,137.00564575195312
2019-01-03,134.95114135742188
2019-01-04,137.49078369140625
2019-01-07,137.1863555908203
2019-01-08,137.84268188476562
2019-01-09,138.04237365722656
2019-01-10,140.42034912109375
2019-01-11,140.05885314941406
2019-01-14,140.40130615234375
2019-01-15,142.3701934814453
2019-01-16,143.6162109375
2019-01-17,145.0524444580078
2019-01-18,146.86924743652344
2019-01-22,146.1938934326172
2019-01-23,146.5363006591797
2019-01-24,146.3936309814453
2019-01-25,146.85018920898438
2019-01-28,146.16534423828125
2019-01-29,144.95736694335938
2019-01-30,146.95480346679688
2019-01-31,148.98606872558594
2019-02-01,159.69532775878906
2019-02-04,159.0659942626953
2019-02-05,160.92550659179688
2019-02-06,160.54408264160156
2019-02-07,159.14224243164062
2019-02-08,160.37242126464844
2019-02-11,162.8423309326172
2019-02-12,163.33822631835938
2019-02-13,164.9403076171875
2019-02-14,161.75523376464844
2019-02-15,163.9962158203125
2019-02-19,164.6542510986328
2019-02-20,164.7877655029297
2019-02-21,164.4062957763672
2019-02-22,164.08204650878906
2019-02-25,163.2333221435547
2019-02-26,163.4049835205078
2019-02-27,163.25242614746094
2019-02-28,163.5766143798828
2019-03-01,163.69105529785156
2019-03-04,162.7183837890625
2019-03-05,149.95877075195312
2019-03-06,156.39576721191406
2019-03-07,155.0130157470703
2019-03-08,154.526611328125
2019-03-11,157.0728759765625
2019-03-12,158.7607879638672
2019-03-13,159.34251403808594
2019-03-14,160.76344299316406
2019-03-15,162.1175537109375
2019-03-18,161.3546600341797
2019-03-19,160.1721649169922
2019-03-20,158.0264892578125
2019-03-21,160.40106201171875
2019-03-22,158.59869384765625
2019-03-25,158.91336059570312
2019-03-26,159.9813995361328
2019-03-27,160.19122314453125
2019-03-28,161.32606506347656
2019-03-29,162.7851104736328
2019-04-01,165.3980712890625
2019-04-02,165.11195373535156
2019-04-03,164.73056030273438
2019-04-04,164.53977966308594
2019-04-05,164.58743286132812
2019-04-08,164.77822875976562
2019-04-09,164.02484130859375
2019-04-10,164.8258819580078
2019-04-11,165.8271942138672
2019-04-12,167.95379638671875
2019-04-15,167.80125427246094
2019-04-16,168.7262725830078
2019-04-17,167.2386016845703
2019-04-18,167.0478515625
2019-04-22,166.7808380126953
2019-04-23,170.10903930664062
2019-04-24,170.02320861816406
2019-04-25,171.28196716308594
2019-04-26,171.81602478027344
2019-04-29,170.2902069091797
2019-04-30,172.2117462158203
2019-05-01,167.98626708984375
2019-05-02,168.7128448486328
2019-05-03,170.88291931152344
2019-05-06,171.77197265625
2019-05-07,169.00918579101562
2019-05-08,169.6114959716797
2019-05-09,168.7415008544922
2019-05-10,171.21751403808594
2019-05-13,168.47384643554688
2019-05-14,170.2136993408203
2019-05-15,171.00718688964844
2019-05-16,173.70314025878906
2019-05-17,172.5941162109375
2019-05-20,170.67259216308594
2019-05-21,172.41250610351562
2019-05-22,172.99566650390625
2019-05-23,170.40493774414062
2019-05-24,169.96517944335938
2019-05-28,171.41827392578125
2019-05-29,171.2366180419922
2019-05-30,173.76040649414062
2019-05-31,172.14486694335938
2019-06-03,174.0854949951172
2019-06-04,174.76422119140625
2019-06-05,179.20957946777344
2019-06-06,179.47726440429688
2019-06-07,181.86720275878906
2019-06-10,182.46946716308594
2019-06-11,181.11199951171875
2019-06-12,180.90167236328125
2019-06-13,181.33189392089844
2019-06-14,182.36431884765625
2019-06-17,180.5001678466797
2019-06-18,181.76206970214844
2019-06-19,183.54981994628906
2019-06-20,185.00291442871094
2019-06-21,183.56890869140625
2019-06-24,185.00291442871094
2019-06-25,184.74476623535156
2019-06-26,181.53265380859375
2019-06-27,184.09471130371094
2019-06-28,184.48660278320312
2019-07-01,186.55154418945312
2019-07-02,187.30679321289062
2019-07-03,189.74456787109375
2019-07-05,188.88418579101562
2019-07-08,187.82302856445312
2019-07-09,187.8995361328125
2019-07-10,189.11366271972656
2019-07-11,187.98550415039062
2019-07-12,188.77903747558594
2019-07-15,188.83639526367188
2019-07-16,188.4062042236328
2019-07-17,186.1883087158203
2019-07-18,188.36795043945312
2019-07-19,186.33169555664062
2019-07-22,185.6051483154297
2019-07-23,186.13092041015625
2019-07-24,187.26856994628906
2019-07-25,188.1863250732422
2019-07-26,185.99710083007812
2019-07-29,187.17294311523438
2019-07-30,184.66830444335938
2019-07-31,181.33384704589844
2019-08-01,182.02374267578125
2019-08-02,183.04893493652344
2019-08-05,175.58480834960938
2019-08-06,179.55165100097656
2019-08-07,178.57427978515625
2019-08-08,181.76498413085938
2019-08-09,181.50628662109375
2019-08-12,178.45936584472656
2019-08-13,182.9915008544922
2019-08-14,179.331298828125
2019-08-15,181.2667999267578
2019-08-16,183.49928283691406
2019-08-19,186.172607421875
2019-08-20,183.32681274414062
2019-08-21,185.08990478515625
2019-08-22,186.00013732910156
2019-08-23,181.2092742919922
2019-08-26,183.5089111328125
2019-08-27,183.144775390625
2019-08-28,182.57945251464844
2019-08-29,184.15086364746094
2019-08-30,186.6995849609375
2019-09-03,184.55328369140625
2019-09-04,187.22659301757812
2019-09-05,187.41824340820312
2019-09-06,187.11160278320312
2019-09-09,185.33897399902344
2019-09-10,179.45582580566406
2019-09-11,180.50022888183594
2019-09-12,181.822509765625
2019-09-13,182.8956756591797
2019-09-16,183.12559509277344
2019-09-17,186.38340759277344
2019-09-18,185.99053955078125
2019-09-19,186.09593200683594
2019-09-20,184.92697143554688
2019-09-23,184.697021484375
2019-09-24,184.54373168945312
2019-09-25,186.2779998779297
2019-09-26,186.58462524414062
2019-09-27,185.37728881835938
2019-09-30,185.47312927246094
2019-10-01,181.78419494628906
2019-10-02,178.21983337402344
2019-10-03,179.40792846679688
2019-10-04,183.96881103515625
2019-10-07,182.4644775390625
2019-10-08,177.94192504882812
2019-10-09,178.8330078125
2019-10-10,180.98890686035156
2019-10-11,183.10646057128906
2019-10-14,183.2789306640625
2019-10-15,184.24671936035156
2019-10-16,184.8599090576172
2019-10-17,185.35813903808594
2019-10-18,184.8407745361328
2019-10-21,186.87210083007812
2019-10-22,185.32940673828125
2019-10-23,183.43222045898438
2019-10-24,183.33639526367188
2019-10-25,180.7589111328125
2019-10-28,179.9348907470703
2019-10-29,180.6822967529297
2019-10-30,186.50791931152344
2019-10-31,185.49961853027344
2019-11-01,188.08297729492188
2019-11-04,186.9304656982422
2019-11-05,185.47079467773438
2019-11-06,187.01693725585938
2019-11-07,186.69041442871094
2019-11-08,186.85369873046875
2019-11-11,186.6712188720703
2019-11-12,187.26661682128906
2019-11-13,188.6495361328125
2019-11-14,190.4837646484375
2019-11-15,190.82952880859375
2019-11-18,190.0516357421875
2019-11-19,191.70339965820312
2019-11-20,193.5376739501953
2019-11-21,190.91590881347656
2019-11-22,191.66502380371094
2019-11-25,192.52928161621094
2019-11-26,195.17018127441406
2019-11-27,196.1690216064453
2019-11-29,195.53515625
2019-12-02,193.60487365722656
2019-12-03,192.0587158203125
2019-12-04,194.19070434570312
2019-12-05,195.3815155029297
2019-12-06,197.82081604003906
2019-12-09,197.3598175048828
2019-12-10,197.06211853027344
2019-12-11,197.0332794189453
2019-12-12,197.71519470214844
2019-12-13,197.97447204589844
2019-12-16,198.80032348632812
2019-12-17,199.366943359375
2019-12-18,197.85919189453125
2019-12-19,201.41244506835938
2019-12-20,201.60450744628906
2019-12-23,199.55902099609375
2019-12-24,199.46295166015625
2019-12-26,199.70303344726562
2019-12-27,199.28048706054688
2019-12-30,199.40533447265625
2019-12-31,200.02957153320312
2020-01-02,200.50973510742188
2020-01-03,199.7222442626953
2020-01-06,200.29847717285156
2020-01-07,198.59864807128906
2020-01-08,199.41494750976562
2020-01-09,200.8074493408203
2020-01-10,199.80868530273438
2020-01-13,200.7786407470703
2020-01-14,199.41494750976562
2020-01-15,200.740234375
2020-01-16,201.81578063964844
2020-01-17,203.44839477539062
2020-01-21,202.88177490234375
2020-01-22,203.50601196289062
2020-01-23,204.64883422851562
2020-01-24,204.95614624023438
2020-01-27,203.54441833496094
2020-01-28,207.97158813476562
2020-01-29,207.99081420898438
2020-01-30,210.9198455810547
2020-01-31,211.93984985351562
2020-02-03,216.5395050048828
2020-02-04,218.08872985839844
2020-02-05,219.6861114501953
2020-02-06,220.93707275390625
2020-02-07,221.44703674316406
2020-02-10,222.3515625
2020-02-11,222.4959259033203
2020-02-12,222.20726013183594
2020-02-13,225.7291717529297
2020-02-14,226.83580017089844
2020-02-18,226.39312744140625
2020-02-19,228.47164916992188
2020-02-20,225.4885711669922
2020-02-21,222.77499389648438
2020-02-24,214.8748016357422
2020-02-25,214.0471954345703
2020-02-26,214.09532165527344
2020-02-27,204.2128448486328
2020-02-28,200.15206909179688
2020-03-02,212.7192840576172
2020-03-03,206.6954803466797
2020-03-04,216.9724884033203
2020-03-05,208.60076904296875
2020-03-06,206.70510864257812
2020-03-09,172.1788330078125
2020-03-10,176.1915283203125
2020-03-11,178.00057983398438
2020-03-12,166.94412231445312
2020-03-13,170.75473022460938
2020-03-16,164.0958251953125
2020-03-17,158.2644500732422
2020-03-18,150.03704833984375
2020-03-19,145.37965393066406
2020-03-20,143.90740966796875
2020-03-23,139.990966796875
2020-03-24,159.7752227783203
2020-03-25,156.99429321289062
2020-03-26,159.44802856445312
2020-03-27,159.1786346435547
2020-03-30,164.5769500732422
2020-03-31,158.8129425048828
2020-04-01,147.88157653808594
2020-04-02,151.3264923095703
2020-04-03,148.32418823242188
2020-04-06,166.616943359375
2020-04-07,169.282470703125
2020-04-08,180.8681640625
2020-04-09,184.80384826660156
2020-04-13,179.34776306152344
2020-04-14,186.7091522216797
2020-04-15,176.99981689453125
2020-04-16,179.21307373046875
2020-04-17,183.6106414794922
2020-04-20,178.683837890625
2020-04-21,171.45713806152344
2020-04-22,174.7384796142578
2020-04-23,168.17584228515625
2020-04-24,168.9167938232422
2020-04-27,166.4052276611328
2020-04-28,165.82789611816406
2020-04-29,164.17276000976562
2020-04-30,166.5846710205078
2020-05-01,171.92942810058594
2020-05-04,171.4181365966797
2020-05-05,176.48312377929688
2020-05-06,170.99363708496094
2020-05-07,178.31614685058594
2020-05-08,183.07240295410156
2020-05-11,185.24310302734375
2020-05-12,186.41046142578125
2020-05-13,183.52581787109375
2020-05-14,187.09542846679688
2020-05-15,184.91505432128906
2020-05-18,189.9028778076172
2020-05-19,188.64869689941406
2020-05-20,188.38819885253906
2020-05-21,186.5166015625
2020-05-22,185.2045135498047
2020-05-26,188.18557739257812
2020-05-27,190.86761474609375
2020-05-28,191.6876983642578
2020-05-29,190.00900268554688
2020-06-01,189.2275390625
2020-06-02,187.96372985839844
2020-06-03,191.9578399658203
2020-06-04,191.01239013671875
2020-06-05,193.1444549560547
2020-06-08,191.0316162109375
2020-06-09,187.44271850585938
2020-06-10,186.37185668945312
2020-06-11,174.28341674804688
2020-06-12,175.53762817382812
2020-06-15,177.61184692382812
2020-06-16,179.5606689453125
2020-06-17,185.1658935546875
2020-06-18,184.25906372070312
2020-06-19,180.20704650878906
2020-06-22,182.12696838378906
2020-06-23,182.34881591796875
2020-06-24,180.92100524902344
2020-06-25,187.53921508789062
2020-06-26,183.3232421875
2020-06-29,181.58670043945312
2020-06-30,185.8123321533203
2020-07-01,184.4037628173828
2020-07-02,184.70286560058594
2020-07-06,185.90878295898438
2020-07-07,185.67724609375
2020-07-08,188.64869689941406
2020-07-09,187.60678100585938
2020-07-10,190.59750366210938
2020-07-13,190.1151123046875
2020-07-14,192.03497314453125
2020-07-15,193.9066162109375
2020-07-16,195.52743530273438
2020-07-17,196.48255920410156
2020-07-20,196.7140655517578
2020-07-21,198.9523162841797
2020-07-22,200.53451538085938
2020-07-23,200.061767578125
2020-07-24,199.8688201904297
2020-07-27,199.72412109375
2020-07-28,198.4891815185547
2020-07-29,198.547119140625
2020-07-30,200.1196746826172
2020-07-31,198.4084014892578
2020-08-03,193.58401489257812
2020-08-04,193.01365661621094
2020-08-05,191.94046020507812
2020-08-06,189.11740112304688
2020-08-07,188.95303344726562
2020-08-10,186.43930053710938
2020-08-11,187.12574768066406
2020-08-12,185.75294494628906
2020-08-13,188.2086181640625
2020-08-14,190.6545867919922
2020-08-17,190.19052124023438
2020-08-18,189.90049743652344
2020-08-19,191.0123291015625
2020-08-20,190.47091674804688
2020-08-21,187.21278381347656
2020-08-24,183.8579559326172
2020-08-25,185.9849090576172
2020-08-26,188.95303344726562
2020-08-27,192.95562744140625
2020-08-28,193.46803283691406
2020-08-31,193.35198974609375
2020-09-01,195.9237060546875
2020-09-02,202.76870727539062
2020-09-03,197.08387756347656
2020-09-04,196.0107421875
2020-09-08,191.42803955078125
2020-09-09,196.87120056152344
2020-09-10,195.34365844726562
2020-09-11,194.85055541992188
2020-09-14,195.2566375732422
2020-09-15,195.29530334472656
2020-09-16,195.80770874023438
2020-09-17,194.97622680664062
2020-09-18,194.3284912109375
2020-09-21,192.58822631835938
2020-09-22,193.33267211914062
2020-09-23,193.75808715820312
2020-09-24,189.18505859375
2020-09-25,189.8424835205078
2020-09-28,196.6778106689453
2020-09-29,198.28268432617188
2020-09-30,199.4525604248047
2020-10-01,199.33653259277344
2020-10-02,198.698486328125
2020-10-05,199.6555938720703
2020-10-06,198.82412719726562
2020-10-07,201.45387268066406
2020-10-08,201.163818359375
2020-10-09,202.2466278076172
2020-10-12,207.39974975585938
2020-10-13,203.8902130126953
2020-10-14,203.1167449951172
2020-10-15,205.71746826171875
2020-10-16,205.81414794921875
2020-10-19,202.2466278076172
2020-10-20,199.5105743408203
2020-10-21,199.58792114257812
2020-10-22,200.58370971679688
2020-10-23,200.42901611328125
2020-10-26,195.4596405029297
2020-10-27,192.85894775390625
2020-10-28,188.23757934570312
2020-10-29,180.5998077392578
2020-10-30,178.341552734375
2020-11-02,175.07540893554688
2020-11-03,174.41632080078125
2020-11-04,177.82789611816406
2020-11-05,179.66940307617188
2020-11-06,184.4862823486328
2020-11-09,186.9674072265625
2020-11-10,193.9165496826172
2020-11-11,195.2152557373047
2020-11-12,193.80023193359375
2020-11-13,198.1422119140625
2020-11-16,201.62164306640625
2020-11-17,200.80751037597656
2020-11-18,197.09548950195312
2020-11-19,196.66905212402344
2020-11-20,192.54998779296875
2020-11-23,196.92105102539062
2020-11-24,201.5247344970703
2020-11-25,201.66041564941406
2020-11-27,200.21630859375
2020-11-30,198.578369140625
2020-12-01,204.19970703125
2020-12-02,202.63929748535156
2020-12-03,203.70541381835938
2020-12-04,205.08168029785156
2020-12-07,200.8171844482422
2020-12-08,203.1335906982422
2020-12-09,200.67184448242188
2020-12-10,199.8867950439453
2020-12-11,197.82237243652344
2020-12-14,197.67701721191406
2020-12-15,201.62164306640625
2020-12-16,202.76528930664062
2020-12-17,204.79090881347656
2020-12-18,199.15988159179688
2020-12-21,202.70712280273438
2020-12-22,202.78465270996094
2020-12-23,201.49563598632812
2020-12-24,204.12216186523438
2020-12-28,200.4586181640625
2020-12-29,200.53614807128906
2020-12-30,200.3423309326172
2020-12-31,204.76185607910156
2021-01-04,198.24880981445312
2021-01-05,198.0065155029297
2021-01-06,200.41017150878906
2021-01-07,200.19691467285156
2021-01-08,198.898193359375
2021-01-11,195.90338134765625
2021-01-12,196.24258422851562
2021-01-13,200.5264434814453
2021-01-14,200.2550811767578
2021-01-15,201.5247344970703
2021-01-19,202.71682739257812
2021-01-20,205.41119384765625
2021-01-21,203.0172882080078
2021-01-22,200.10000610351562
2021-01-25,202.23223876953125
2021-01-26,203.49217224121094
2021-01-27,200.42950439453125
2021-01-28,200.19691467285156
2021-01-29,197.28282165527344
2021-02-01,200.7602996826172
2021-02-02,204.1600799560547
2021-02-03,199.3907012939453
2021-02-04,202.1396484375
2021-02-05,216.82656860351562
2021-02-08,219.17726135253906
2021-02-09,221.90676879882812
2021-02-10,220.06117248535156
2021-02-11,222.74215698242188
2021-02-12,221.50852966308594
2021-02-16,220.59542846679688
2021-02-17,222.63528442382812
2021-02-18,220.75083923339844
2021-02-19,221.79991149902344
2021-02-22,222.1690216064453
2021-02-23,224.6556854248047
2021-02-24,227.0064239501953
2021-02-25,224.3448944091797
2021-02-26,221.18795776367188
2021-03-01,225.85047912597656
2021-03-02,225.86993408203125
2021-03-03,221.47935485839844
2021-03-04,219.5657958984375
2021-03-05,226.09332275390625
2021-03-08,223.412353515625
2021-03-09,224.86940002441406
2021-03-10,223.16954040527344
2021-03-11,221.4696502685547
2021-03-12,221.4696502685547
2021-03-15,219.041259765625
2021-03-16,220.2554473876953
2021-03-17,219.32298278808594
2021-03-18,218.1087646484375
2021-03-19,216.51576232910156
2021-03-22,217.00143432617188
2021-03-23,217.56483459472656
2021-03-24,218.75962829589844
2021-03-25,218.584716796875
2021-03-26,221.770751953125
2021-03-29,226.9384307861328
2021-03-30,225.44253540039062
2021-03-31,223.5192413330078
2021-04-01,225.1608123779297
2021-04-05,227.27838134765625
2021-04-06,227.51150512695312
2021-04-07,229.50282287597656
2021-04-08,228.26913452148438
2021-04-09,230.2118377685547
2021-04-12,231.98948669433594
2021-04-13,232.38771057128906
2021-04-14,228.1428985595703
2021-04-15,229.72618103027344
2021-04-16,232.27114868164062
2021-04-19,229.0753631591797
2021-04-20,228.09432983398438
2021-04-21,226.81211853027344
2021-04-22,224.52944946289062
2021-04-23,224.27688598632812
2021-04-26,222.9461212158203
2021-04-27,227.09384155273438
2021-04-28,231.5523681640625
2021-04-29,232.41688537597656
2021-04-30,244.75999450683594
2021-05-03,245.75289916992188
2021-05-04,247.183837890625
2021-05-05,247.60243225097656
2021-05-06,249.81210327148438
2021-05-07,251.65188598632812
2021-05-10,251.58375549316406
2021-05-11,247.36878967285156
2021-05-12,243.085693359375
2021-05-13,245.30514526367188
2021-05-14,247.4856414794922
2021-05-17,248.4200897216797
2021-05-18,247.45640563964844
2021-05-19,245.5290069580078
2021-05-20,247.8846893310547
2021-05-21,246.4829864501953
2021-05-24,246.45376586914062
2021-05-25,245.60690307617188
2021-05-26,244.41928100585938
2021-05-27,247.1351776123047
2021-05-28,246.6387176513672
2021-06-01,246.51219177246094
2021-06-02,246.2298583984375
2021-06-03,244.82810974121094
2021-06-04,244.35116577148438
2021-06-07,240.9441375732422
2021-06-08,238.29641723632812
2021-06-09,239.2211456298828
2021-06-10,242.81314086914062
2021-06-11,243.46531677246094
2021-06-14,243.4166717529297
2021-06-15,245.12986755371094
2021-06-16,237.61505126953125
2021-06-17,226.6541290283203
2021-06-18,223.9869384765625
2021-06-21,227.7833251953125
2021-06-22,227.3550262451172
2021-06-23,229.28240966796875
2021-06-24,232.14427185058594
2021-06-25,237.23536682128906
2021-06-28,234.5292205810547
2021-06-29,236.4468536376953
2021-06-30,232.4168701171875
2021-07-01,232.3389892578125
2021-07-02,233.22482299804688
2021-07-06,231.4044952392578
2021-07-07,232.6991729736328
2021-07-08,228.96121215820312
2021-07-09,230.0319366455078
2021-07-12,226.60543823242188
2021-07-13,225.4860382080078
2021-07-14,224.3081512451172
2021-07-15,225.1161346435547
2021-07-16,225.57362365722656
2021-07-19,220.7648468017578
2021-07-20,222.7117156982422
2021-07-21,223.94798278808594
2021-07-22,226.33291625976562
2021-07-23,226.30369567871094
2021-07-26,244.87680053710938
2021-07-27,252.6837158203125
2021-07-28,255.32171630859375
2021-07-29,256.76239013671875
2021-07-30,253.61215209960938
2021-08-02,253.52432250976562
2021-08-03,257.5426940917969
2021-08-04,253.00747680664062
2021-08-05,255.92367553710938
2021-08-06,255.0653533935547
2021-08-09,257.328125
2021-08-10,260.76116943359375
2021-08-11,266.4278869628906
2021-08-12,268.212646484375
2021-08-13,270.3973083496094
2021-08-16,272.7673645019531
2021-08-17,273.8695373535156
2021-08-18,269.8414306640625
2021-08-19,269.25628662109375
2021-08-20,272.474853515625
2021-08-23,271.6360778808594
2021-08-24,272.59185791015625
2021-08-25,274.0353088378906
2021-08-26,274.1621398925781
2021-08-27,278.0926818847656
2021-08-30,278.2974853515625
2021-08-31,279.7799072265625
2021-09-01,281.272216796875
2021-09-02,283.3984069824219
2021-09-03,284.2371826171875
2021-09-07,280.872314453125
2021-09-08,281.0283508300781
2021-09-09,285.1637268066406
2021-09-10,285.0857238769531
2021-09-13,285.3294677734375
2021-09-14,284.4907531738281
2021-09-15,286.4120788574219
2021-09-16,284.9198303222656
2021-09-17,282.0914611816406
2021-09-20,280.90155029296875
2021-09-21,283.7495422363281
2021-09-22,291.6983337402344
2021-09-23,290.92791748046875
2021-09-24,291.7861328125
2021-09-27,286.7437438964844
2021-09-28,282.1109313964844
2021-09-29,284.06158447265625
2021-09-30,278.7169189453125
2021-10-01,283.895751953125
2021-10-04,278.23895263671875
2021-10-05,284.9881286621094
2021-10-06,283.6519470214844
2021-10-07,286.0415344238281
2021-10-08,287.23138427734375
2021-10-11,287.8751220703125
2021-10-12,291.3471984863281
2021-10-13,293.2491455078125
2021-10-14,300.7395324707031
2021-10-15,301.6661376953125
2021-10-18,298.34033203125
2021-10-19,301.8807067871094
2021-10-20,306.1427917480469
2021-10-21,311.52655029296875
2021-10-22,312.9017639160156
2021-10-25,312.20928955078125
2021-10-26,312.3360290527344
2021-10-27,309.04925537109375
2021-10-28,313.1553039550781
2021-10-29,312.52044677734375
2021-11-01,299.7331848144531
2021-11-02,297.6329345703125
2021-11-03,288.0693054199219
2021-11-04,283.2923889160156
2021-11-05,281.8564453125
2021-11-08,289.7495422363281
2021-11-09,290.64825439453125
2021-11-10,290.8338623046875
2021-11-11,292.3382873535156
2021-11-12,293.393310546875
2021-11-15,293.4909973144531
2021-11-16,295.87457275390625
2021-11-17,292.87554931640625
2021-11-18,288.0107421875
2021-11-19,289.92535400390625
2021-11-22,291.62518310546875
2021-11-23,290.13055419921875
2021-11-24,291.8107604980469
2021-11-26,287.3073425292969
2021-11-29,289.8277282714844
2021-11-30,288.9289855957031
2021-12-01,284.37677001953125
2021-12-02,290.423583984375
2021-12-03,286.1156311035156
2021-12-06,290.5994567871094
2021-12-07,293.7547302246094
2021-12-08,293.9793701171875
2021-12-09,288.6651916503906
2021-12-10,286.9459228515625
2021-12-13,287.0143127441406
2021-12-14,287.3464660644531
2021-12-15,289.0657958984375
2021-12-16,288.3038024902344
2021-12-17,285.61737060546875
2021-12-20,283.8003845214844
2021-12-21,286.44775390625
2021-12-22,287.219482421875
2021-12-23,285.64666748046875
2021-12-27,291.5274658203125
2021-12-28,290.13055419921875
2021-12-29,293.72540283203125
2021-12-30,292.8949890136719
2021-12-31,293.6081848144531
2022-01-03,286.45751953125
2022-01-04,287.4636535644531
2022-01-05,286.2230224609375
2022-01-06,283.7808837890625
2022-01-07,276.23944091796875
2022-01-10,275.47747802734375
2022-01-11,281.0456848144531
2022-01-12,281.0456848144531
2022-01-13,273.94378662109375
2022-01-14,267.1252136230469
2022-01-18,266.373046875
2022-01-19,264.3705139160156
2022-01-20,263.99920654296875
2022-01-21,260.2578125
2022-01-24,267.32061767578125
2022-01-25,261.5179748535156
2022-01-26,261.4985046386719
2022-01-27,255.82289123535156
2022-01-28,263.93084716796875
2022-01-31,270.5567932128906
2022-02-01,270.9189453125
2022-02-02,272.7001647949219
2022-02-03,270.615478515625
2022-02-04,285.11029052734375
2022-02-07,280.03076171875
2022-02-08,281.78271484375
2022-02-09,287.5179138183594
2022-02-10,281.16607666015625
2022-02-11,277.3882751464844
2022-02-14,273.923583984375
2022-02-15,278.46478271484375
2022-02-16,278.9835205078125
2022-02-17,275.0588684082031
2022-02-18,277.7601623535156
2022-02-22,279.21844482421875
2022-02-23,274.2856750488281
2022-02-24,281.99798583984375
2022-02-25,286.7154235839844
2022-02-28,285.92266845703125
2022-03-01,283.67156982421875
2022-03-02,286.60772705078125
2022-03-03,287.9486083984375
2022-03-04,287.48858642578125
2022-03-07,282.2427062988281
2022-03-08,271.036376953125
2022-03-09,284.8069152832031
2022-03-10,287.3515625
2022-03-11,289.0447692871094
2022-03-14,290.93365478515625
2022-03-15,301.0732421875
2022-03-16,302.93280029296875
2022-03-17,309.2063293457031
2022-03-18,311.60418701171875
2022-03-21,311.1344299316406
2022-03-22,308.531005859375
2022-03-23,307.0923767089844
2022-03-24,310.6156311035156
2022-03-25,316.0671691894531
2022-03-28,319.2773742675781
2022-03-29,319.0424499511719
2022-03-30,319.44378662109375
2022-03-31,318.699951171875
2022-04-01,321.831787109375
2022-04-04,319.7764892578125
2022-04-05,319.03265380859375
2022-04-06,323.4271240234375
2022-04-07,326.3926696777344
2022-04-08,326.4122314453125
2022-04-11,326.51007080078125
2022-04-12,322.28204345703125
2022-04-13,323.0747985839844
2022-04-14,321.2739562988281
2022-04-18,322.0471496582031
2022-04-19,323.7501220703125
2022-04-20,326.1283874511719
2022-04-21,326.36328125
2022-04-22,314.79486083984375
2022-04-25,314.59906005859375
2022-04-26,303.6668395996094
2022-04-27,304.5965881347656
2022-04-28,311.2322998046875
2022-04-29,282.3581848144531
2022-05-02,276.60302734375
2022-05-03,278.9854431152344
2022-05-04,286.3878479003906
2022-05-05,280.9464111328125
2022-05-06,280.6914367675781
2022-05-09,269.7104797363281
2022-05-10,273.720458984375
2022-05-11,269.6712646484375
2022-05-12,270.3477783203125
2022-05-13,275.11273193359375
2022-05-16,272.3870849609375
2022-05-17,273.5734558105469
2022-05-18,264.2200012207031
2022-05-19,261.4453430175781
2022-05-20,257.57257080078125
2022-05-23,261.2688903808594
2022-05-24,262.8963623046875
2022-05-25,260.0530700683594
2022-05-26,267.4064025878906
2022-05-27,276.17156982421875
2022-05-31,270.2791442871094
2022-06-01,265.2984619140625
2022-06-02,273.1812744140625
2022-06-03,263.3277587890625
2022-06-06,266.57305908203125
2022-06-07,265.327880859375
2022-06-08,261.5826110839844
2022-06-09,254.04293823242188
2022-06-10,248.67994689941406
2022-06-13,248.17991638183594
2022-06-14,246.21905517578125
2022-06-15,248.17991638183594
2022-06-16,243.6404571533203
2022-06-17,246.7288360595703
2022-06-21,249.7780303955078
2022-06-22,252.0232391357422
2022-06-23,258.82757568359375
2022-06-24,266.4259948730469
2022-06-27,266.2102966308594
2022-06-28,260.4648742675781
2022-06-29,263.6219482421875
2022-06-30,264.4062194824219
2022-07-01,268.5633544921875
2022-07-05,270.5732727050781
2022-07-06,274.14202880859375
2022-07-07,268.9359130859375
2022-07-08,269.0045166015625
2022-07-11,268.6810302734375
2022-07-12,265.26910400390625
2022-07-13,264.1710205078125
2022-07-14,263.3375549316406
2022-07-15,266.28875732421875
2022-07-18,261.8767395019531
2022-07-19,270.2987365722656
2022-07-20,269.8869934082031
2022-07-21,275.1813659667969
2022-07-22,274.0244140625
2022-07-25,275.6617431640625
2022-07-26,273.77935791015625
2022-07-27,280.4659423828125
2022-07-28,287.034912109375
2022-07-29,285.89544677734375
2022-08-01,275.38458251953125
2022-08-02,275.3059997558594
2022-08-03,280.9739685058594
2022-08-04,280.69891357421875
2022-08-05,282.4474792480469
2022-08-08,284.70684814453125
2022-08-09,288.2333984375
2022-08-10,292.45733642578125
2022-08-11,291.445556640625
2022-08-12,296.1509094238281
2022-08-15,295.36505126953125
2022-08-16,295.6794128417969
2022-08-17,295.0899658203125
2022-08-18,297.22161865234375
2022-08-19,294.5693664550781
2022-08-22,287.57525634765625
2022-08-23,281.62237548828125
2022-08-24,282.2411804199219
2022-08-25,285.10955810546875
2022-08-26,280.8168029785156
2022-08-29,277.8993225097656
2022-08-30,277.1331481933594
2022-08-31,274.32366943359375
2022-09-01,275.8168029785156
2022-09-02,273.4198913574219
2022-09-06,276.2588195800781
2022-09-07,283.46917724609375
2022-09-08,285.8070373535156
2022-09-09,286.9268493652344
2022-09-12,288.8129577636719
2022-09-13,279.0191345214844
2022-09-14,278.7539367675781
2022-09-15,275.1783142089844
2022-09-16,272.22149658203125
2022-09-19,273.7833251953125
2022-09-20,271.3374328613281
2022-09-21,268.1644592285156
2022-09-22,267.4081115722656
2022-09-23,269.07806396484375
2022-09-26,265.0603332519531
2022-09-27,266.1802062988281
2022-09-28,270.40423583984375
2022-09-29,266.1605529785156
2022-09-30,263.1349792480469
2022-10-03,270.71856689453125
2022-10-04,279.29425048828125
2022-10-05,277.7814636230469
2022-10-06,275.7578430175781
2022-10-07,268.2823486328125
2022-10-10,274.64788818359375
2022-10-11,271.3471984863281
2022-10-12,269.0289611816406
2022-10-13,276.5240783691406
2022-10-14,266.0230407714844
2022-10-17,272.6045837402344
2022-10-18,275.37469482421875
2022-10-19,275.964111328125
2022-10-20,268.881591796875
2022-10-21,275.1684265136719
2022-10-24,279.48089599609375
2022-10-25,275.0505676269531
2022-10-26,272.2313232421875
2022-10-27,277.3296203613281
2022-10-28,284.0879821777344
2022-10-31,277.0507507324219
2022-11-01,280.00335693359375
2022-11-02,274.7279357910156
2022-11-03,272.0311584472656
2022-11-04,275.298828125
2022-11-07,282.5722351074219
2022-11-08,282.25726318359375
2022-11-09,276.6668701171875
2022-11-10,291.7059326171875
2022-11-11,288.37921142578125
2022-11-14,286.72564697265625
2022-11-15,287.2867431640625
2022-11-16,288.8319396972656
2022-11-17,291.1153869628906
2022-11-18,296.5679626464844
2022-11-21,296.9420166015625
2022-11-22,298.9990539550781
2022-11-23,299.4419250488281
2022-11-25,302.2370910644531
2022-11-28,300.4556579589844
2022-11-29,297.955810546875
2022-11-30,303.4182434082031
2022-12-01,298.2904052734375
2022-12-02,301.94183349609375
2022-12-05,303.8710021972656
2022-12-06,303.103271484375
2022-12-07,299.34356689453125
2022-12-08,301.7351989746094
2022-12-09,300.8592224121094
2022-12-12,302.7489929199219
2022-12-13,305.10125732421875
2022-12-14,301.31201171875
2022-12-15,298.8711242675781
2022-12-16,294.0483703613281
2022-12-19,292.37518310546875
2022-12-20,293.11334228515625
2022-12-21,298.2510681152344
2022-12-22,295.4164123535156
2022-12-23,295.8494873046875
2022-12-27,296.2234802246094
2022-12-28,294.7865295410156
2022-12-29,298.5955505371094
2022-12-30,295.4066467285156
2023-01-03,294.697998046875
2023-01-04,297.9458923339844
2023-01-05,295.61328125
2023-01-06,302.4831848144531
2023-01-09,301.4989929199219
2023-01-10,302.4831848144531
2023-01-11,307.2665710449219
2023-01-12,310.8884582519531
2023-01-13,312.1680603027344
2023-01-17,311.941650390625
2023-01-18,309.1365966796875
2023-01-19,313.9297790527344
2023-01-20,320.26824951171875
2023-01-23,320.84893798828125
2023-01-24,319.2249450683594
2023-01-25,317.827392578125
2023-01-26,319.7170104980469
2023-01-27,314.264404296875
2023-01-30,312.5321960449219
2023-01-31,314.2083435058594
2023-02-01,314.8985290527344
2023-02-02,318.46771240234375
2023-02-03,309.23907470703125
2023-02-06,313.27166748046875
2023-02-07,315.3126220703125
2023-02-08,315.12530517578125
2023-02-09,312.9265441894531
2023-02-10,313.3604431152344
2023-02-13,316.91973876953125
2023-02-14,308.055908203125
2023-02-15,310.6490173339844
2023-02-16,305.8966369628906
2023-02-17,305.91632080078125
2023-02-21,300.4047546386719
2023-02-22,300.5921630859375
2023-02-23,300.20758056640625
2023-02-24,298.7187805175781
2023-02-27,298.3441162109375
2023-02-28,299.7835998535156
2023-03-01,297.4764709472656
2023-03-02,297.5553283691406
2023-03-03,299.8033142089844
2023-03-06,301.0456237792969
2023-03-07,297.3384094238281
2023-03-08,296.55950927734375
2023-03-09,292.60577392578125
2023-03-10,290.1112060546875
2023-03-13,289.322509765625
2023-03-14,288.4647521972656
2023-03-15,281.8390197753906
2023-03-16,294.8241882324219
2023-03-17,292.4283142089844
2023-03-20,296.25384521484375
2023-03-21,300.5526428222656
2023-03-22,297.27923583984375
2023-03-23,298.7384948730469
2023-03-24,304.82196044921875
2023-03-27,304.82196044921875
2023-03-28,304.66412353515625
2023-03-29,308.30242919921875
2023-03-30,308.6080627441406
2023-03-31,310.8659362792969
2023-04-03,312.6307373046875
2023-04-04,314.3759460449219
2023-04-05,317.0479431152344
2023-04-06,317.53106689453125
2023-04-10,315.46051025390625
2023-04-11,316.39715576171875
2023-04-12,317.2451477050781
2023-04-13,320.42974853515625
2023-04-14,319.92694091796875
2023-04-17,325.1821594238281
2023-04-18,327.2132568359375
2023-04-19,324.45257568359375
2023-04-20,328.3964538574219
2023-04-21,328.9189453125
2023-04-24,326.9273376464844
2023-04-25,325.7441711425781
2023-04-26,322.76654052734375
2023-04-27,328.18939208984375
2023-04-28,321.2105712890625
2023-05-01,319.4819641113281
2023-05-02,316.99273681640625
2023-05-03,316.4296569824219
2023-05-04,316.7853088378906
2023-05-05,324.39129638671875
2023-05-08,328.4709167480469
2023-05-09,330.83172607421875
2023-05-10,329.6858825683594
2023-05-11,331.1280517578125
2023-05-12,332.06646728515625
2023-05-15,330.3575744628906
2023-05-16,326.9002990722656
2023-05-17,318.2966613769531
2023-05-18,320.2722473144531
2023-05-19,323.1269226074219
2023-05-22,321.6946716308594
2023-05-23,310.5622253417969
2023-05-24,308.2013854980469
2023-05-25,307.391357421875
2023-05-26,306.87774658203125
2023-05-30,308.05316162109375
2023-05-31,304.52679443359375
2023-06-01,308.2210998535156
2023-06-02,309.9695129394531
2023-06-05,308.55694580078125
2023-06-06,308.5668640136719
2023-06-07,308.4581604003906
2023-06-08,309.0706787109375
2023-06-09,310.4831848144531
2023-06-12,314.177490234375
2023-06-13,315.02703857421875
2023-06-14,319.027587890625
2023-06-15,327.0188293457031
2023-06-16,325.3593444824219
2023-06-20,324.9346008300781
2023-06-21,325.8236389160156
2023-06-22,329.3204040527344
2023-06-23,327.3843078613281
2023-06-26,326.3570556640625
2023-06-27,329.5673828125
2023-06-28,329.5179748535156
2023-06-29,337.9438171386719
2023-06-30,340.9862365722656
2023-07-03,334.55572509765625
2023-07-05,334.3285217285156
2023-07-06,333.0147705078125
2023-07-07,331.3157653808594
2023-07-10,333.39996337890625
2023-07-11,335.0792236328125
2023-07-12,331.7306213378906
2023-07-13,332.7381591796875
2023-07-14,332.40234375
2023-07-17,333.3703308105469
2023-07-18,330.57489013671875
2023-07-19,328.5301513671875
2023-07-20,335.4644775390625
2023-07-21,336.7386779785156
2023-07-24,338.3883361816406
2023-07-25,339.0205383300781
2023-07-26,337.0844421386719
2023-07-27,332.9455871582031
2023-07-28,315.91607666015625
2023-07-31,315.2182922363281
2023-08-01,316.1981201171875
2023-08-02,320.0579528808594
2023-08-03,314.05047607421875
2023-08-04,311.8137512207031
2023-08-07,315.00054931640625
2023-08-08,310.9032287597656
2023-08-09,313.5853271484375
2023-08-10,313.7436828613281
2023-08-11,317.4945983886719
2023-08-14,318.9395751953125
2023-08-15,314.278076171875
2023-08-16,317.96966552734375
2023-08-17,315.7131652832031
2023-08-18,320.72100830078125
2023-08-21,320.4141540527344
2023-08-22,320.127197265625
2023-08-23,322.50244140625
2023-08-24,323.660400390625
2023-08-25,328.64849853515625
2023-08-28,328.0942687988281
2023-08-29,329.7668762207031
2023-08-30,331.1820983886719
2023-08-31,329.9549255371094
2023-09-01,330.89508056640625
2023-09-05,326.05548095703125
2023-09-06,328.22296142578125
2023-09-07,330.944580078125
2023-09-08,330.0142822265625
2023-09-11,329.71734619140625
2023-09-12,331.53839111328125
2023-09-13,331.884765625
2023-09-14,335.2596740722656
2023-09-15,332.69635009765625
2023-09-18,335.82379150390625
2023-09-19,337.8526916503906
2023-09-20,338.4959411621094
2023-09-21,334.7252197265625
2023-09-22,332.5577697753906
2023-09-25,332.07281494140625
2023-09-26,327.91607666015625
2023-09-27,326.5206604003906
2023-09-28,325.9862060546875
2023-09-29,320.87939453125
2023-10-02,318.048828125
2023-10-03,315.7230529785156
2023-10-04,321.6117248535156
2023-10-05,322.4925842285156
2023-10-06,323.67034912109375
2023-10-09,324.1651306152344
2023-10-10,322.1363220214844
2023-10-11,323.94744873046875
2023-10-12,321.116943359375
2023-10-13,322.7400207519531
2023-10-16,324.3630676269531
2023-10-17,324.1651306152344
2023-10-18,321.6513366699219
2023-10-19,315.79229736328125
2023-10-20,310.8834228515625
2023-10-23,310.25006103515625
2023-10-24,316.4752197265625
2023-10-25,316.3564453125
2023-10-26,316.4158020019531
2023-10-27,303.718017578125
2023-10-30,305.6083679199219
2023-10-31,306.8231201171875
2023-11-01,309.1535949707031
2023-11-02,318.574462890625
2023-11-03,320.5875549316406
2023-11-06,322.80889892578125
2023-11-07,323.6221008300781
2023-11-08,324.8120422363281
2023-11-09,329.0167541503906
2023-11-10,331.2579345703125
2023-11-13,330.8315124511719
2023-11-14,330.5439453125
2023-11-15,326.9540710449219
2023-11-16,330.881103515625
2023-11-17,326.9937438964844
2023-11-20,328.44158935546875
2023-11-21,323.2154541015625
2023-11-22,326.2401123046875
2023-11-24,327.2713928222656
2023-11-27,324.8120422363281
2023-11-28,320.4586181640625
2023-11-29,319.4173889160156
2023-11-30,325.7541198730469
2023-12-01,324.0484924316406
2023-12-04,323.3939514160156
2023-12-05,319.566162109375
2023-12-06,316.9183654785156
2023-12-07,319.0107727050781
2023-12-08,321.4007263183594
2023-12-11,326.716064453125
2023-12-12,329.6811828613281
2023-12-13,332.52728271484375
2023-12-14,315.38128662109375
2023-12-15,307.84454345703125
2023-12-18,311.4344177246094
2023-12-19,310.403076171875
2023-12-20,291.6703796386719
2023-12-21,285.789794921875
2023-12-22,289.2408142089844
2023-12-26,287.17816162109375
2023-12-27,287.455810546875
2023-12-28,286.9004821777344
2023-12-29,288.5962219238281
2024-01-02,285.6211853027344
2024-01-03,288.46734619140625
2024-01-04,288.31854248046875
2024-01-05,287.17816162109375
2024-01-08,293.07861328125
2024-01-09,291.5315856933594
2024-01-10,296.8072509765625
2024-01-11,296.12298583984375
2024-01-12,297.7394104003906
2024-01-16,297.8187561035156
2024-01-17,300.73431396484375
2024-01-18,304.7207946777344
2024-01-19,308.9849548339844
2024-01-22,303.87786865234375
2024-01-23,301.9242858886719
2024-01-24,301.5276184082031
2024-01-25,297.2138366699219
2024-01-26,299.3855895996094
2024-01-29,295.9048767089844
2024-01-30,296.3114318847656
2024-01-31,296.55487060546875
2024-02-01,298.11505126953125
2024-02-02,290.5627746582031
2024-02-05,294.7463073730469
2024-02-06,298.9397888183594
2024-02-07,299.9832458496094
2024-02-08,305.2499084472656
2024-02-09,310.5960693359375
2024-02-12,308.08197021484375
2024-02-13,310.5762634277344
2024-02-14,306.53179931640625
2024-02-15,312.39471435546875
2024-02-16,309.2843933105469
2024-02-20,313.5176086425781
2024-02-21,309.3241271972656
2024-02-22,313.3785095214844
2024-02-23,313.3387451171875
2024-02-26,312.454345703125
2024-02-27,313.4083251953125
2024-02-28,315.6640930175781
2024-02-29,314.0045471191406
2024-03-01,312.2556457519531
2024-03-04,314.0244445800781
2024-03-05,313.2195129394531
2024-03-06,315.09765625
2024-03-07,314.7001647949219
2024-03-08,314.759765625
2024-03-11,315.97210693359375
2024-03-12,318.57562255859375
2024-03-13,318.2676086425781
2024-03-14,318.4663391113281
2024-03-15,316.9856872558594
2024-03-18,317.7707214355469
2024-03-19,320.741943359375
2024-03-20,324.021240234375
2024-03-21,324.4683837890625
2024-03-22,324.7366638183594
2024-03-25,325.5216979980469
2024-03-26,327.8470458984375
2024-03-27,331.69268798828125
2024-03-28,331.6231689453125
2024-04-01,327.51910400390625
2024-04-02,327.56878662109375
2024-04-03,322.4312744140625
2024-04-04,312.79217529296875
2024-04-05,316.9856872558594
2024-04-08,317.830322265625
2024-04-09,317.39312744140625
2024-04-10,314.01446533203125
2024-04-11,309.0458984375
2024-04-12,306.06475830078125
2024-04-15,303.262451171875
2024-04-16,302.1395568847656
2024-04-17,302.87493896484375
2024-04-18,306.7603454589844
2024-04-19,308.2409973144531
2024-04-22,309.0657653808594
2024-04-23,309.90045166015625
2024-04-24,306.8895568847656
2024-04-25,304.0773010253906
2024-04-26,283.23907470703125
2024-04-29,279.274169921875
2024-04-30,280.9127502441406
2024-05-01,282.7057189941406
2024-05-02,279.0002136230469
2024-05-03,278.88067626953125
2024-05-06,284.3592834472656
2024-05-07,287.22808837890625
2024-05-08,282.7057189941406
2024-05-09,286.4610595703125
2024-05-10,291.9595947265625
2024-05-13,287.4571838378906
2024-05-14,286.7997741699219
2024-05-15,286.6702575683594
2024-05-16,290.8837585449219
2024-05-17,291.3121337890625
2024-05-20,291.82012939453125
2024-05-21,288.85174560546875
2024-05-22,283.54248046875
2024-05-23,278.2132568359375
2024-05-24,279.65765380859375
2024-05-28,278.1734619140625
2024-05-29,274.746826171875
2024-05-30,275.83258056640625
2024-05-31,280.544189453125
2024-06-03,280.1656799316406
2024-06-04,283.39306640625
2024-06-05,284.4688415527344
2024-06-06,284.5983581542969
2024-06-07,282.0184326171875
2024-06-10,285.74383544921875
2024-06-11,292.5572814941406
2024-06-12,293.8323059082031
2024-06-13,294.27056884765625
2024-06-14,294.2406921386719
2024-06-17,298.84271240234375
2024-06-18,296.59149169921875
2024-06-20,295.4360046386719
2024-06-21,296.3026123046875
2024-06-24,297.2987365722656
2024-06-25,291.6806945800781
2024-06-26,287.64642333984375
2024-06-27,291.6607360839844
2024-06-28,292.4377136230469
2024-07-01,292.34808349609375
2024-07-02,294.41998291015625
2024-07-03,293.62310791015625
2024-07-05,294.7088317871094
2024-07-08,296.9500732421875
2024-07-09,292.0193786621094
2024-07-10,294.2606201171875
2024-07-11,295.6451721191406
2024-07-12,296.97003173828125
2024-07-15,296.1531982421875
2024-07-16,296.59149169921875
2024-07-17,299.281005859375
2024-07-18,298.5140075683594
2024-07-19,295.0176696777344
2024-07-22,297.9561462402344
2024-07-23,297.26885986328125
2024-07-24,297.0397644042969
2024-07-25,297.786865234375
2024-07-26,321.7432556152344
2024-07-29,318.0476989746094
2024-07-30,327.4609375
2024-07-31,327.2318115234375
2024-08-01,327.21685791015625
2024-08-02,329.6024475097656
2024-08-05,324.4219970703125
2024-08-06,322.80499267578125
2024-08-07,325.40020751953125
2024-08-08,326.3384704589844
2024-08-09,328.8338623046875
2024-08-12,328.2549133300781
2024-08-13,326.99725341796875
2024-08-14,330.3909912109375
2024-08-15,330.85015869140625
2024-08-16,331.4390563964844
2024-08-19,333.7648010253906
2024-08-20,336.1104736328125
2024-08-21,337.447998046875
2024-08-22,339.0151062011719
2024-08-23,336.2002868652344
2024-08-26,337.108642578125
2024-08-27,339.63397216796875
2024-08-28,338.9252624511719
2024-08-29,342.82806396484375
2024-08-30,343.08758544921875
2024-09-03,345.662841796875
2024-09-04,347.90869140625
2024-09-05,348.1582336425781
2024-09-06,347.3896789550781
2024-09-09,349.8451232910156
2024-09-10,350.4140930175781
2024-09-11,344.16558837890625
2024-09-12,347.6192626953125
2024-09-13,347.2099914550781
2024-09-16,350.0447692871094
2024-09-17,348.5575256347656
2024-09-18,348.66729736328125
2024-09-19,346.3316345214844
2024-09-20,346.3915100097656
2024-09-23,347.8787536621094
2024-09-24,346.790771484375
2024-09-25,346.28173828125
2024-09-26,346.5013122558594
2024-09-27,347.03033447265625
2024-09-30,345.3534240722656
2024-10-01,347.8587951660156
2024-10-02,348.0783996582031
2024-10-03,346.86065673828125
2024-10-04,347.4295959472656
2024-10-07,343.2772521972656
2024-10-08,353.3187255859375
2024-10-09,358.3694152832031
2024-10-10,353.0292663574219
2024-10-11,354.4965515136719
2024-10-14,357.9202575683594
2024-10-15,357.2315368652344
2024-10-16,357.7306213378906
2024-10-17,358.0899353027344
2024-10-18,357.2714538574219
2024-10-21,356.7723693847656
2024-10-22,355.4847717285156
2024-10-23,357.63079833984375
2024-10-24,356.1934509277344
2024-10-25,374.7492370605469
2024-10-28,371.0260925292969
2024-10-29,370.26751708984375
2024-10-30,368.79022216796875
2024-10-31,366.19500732421875
2024-11-01,364.4200134277344
2024-11-04,365.6400146484375
2024-11-05,368.70001220703125
2024-11-06,381.2799987792969
2024-11-07,379.8699951171875
2024-11-08,383.7799987792969
2024-11-11,383.3800048828125
2024-11-12,383.6600036621094
2024-11-13,386.9200134277344
2024-11-14,376.3299865722656
2024-11-15,379.2900085449219
2024-11-18,380.510009765625
2024-11-19,379.1499938964844
2024-11-20,380.0799865722656
2024-11-21,382.6199951171875
2024-11-22,386.2099914550781
2024-11-25,389.7200012207031
2024-11-26,390.25
2024-11-27,393.30999755859375
2024-11-29,391.5400085449219
2024-12-02,387.7099914550781
2024-12-03,385.55999755859375
2024-12-04,382.0
2024-12-05,379.7300109863281
2024-12-06,378.0
2024-12-09,367.8999938964844
2024-12-10,361.2900085449219
2024-12-11,362.6300048828125
2024-12-12,362.7200012207031
2024-12-13,361.19000244140625
2024-12-16,361.75
2024-12-17,358.8800048828125
