,ATO
2014-01-02,33.98279571533203
2014-01-03,34.036048889160156
2014-01-06,33.61762619018555
2014-01-07,34.37077713012695
2014-01-08,34.553348541259766
2014-01-09,34.72834396362305
2014-01-10,34.85005187988281
2014-01-13,34.41642761230469
2014-01-14,34.705501556396484
2014-01-15,34.766361236572266
2014-01-16,34.87287902832031
2014-01-17,35.16957473754883
2014-01-21,35.81621170043945
2014-01-22,35.9531364440918
2014-01-23,36.16616439819336
2014-01-24,35.67166519165039
2014-01-27,35.428218841552734
2014-01-28,35.580379486083984
2014-01-29,35.451053619384766
2014-01-30,36.16616439819336
2014-01-31,36.52370834350586
2014-02-03,35.534725189208984
2014-02-04,35.60318374633789
2014-02-05,35.20759963989258
2014-02-06,35.81621170043945
2014-02-07,35.89988708496094
2014-02-10,36.06725311279297
2014-02-11,34.59139633178711
2014-02-12,34.29469680786133
2014-02-13,34.888092041015625
2014-02-14,34.63703918457031
2014-02-18,34.73593521118164
2014-02-19,34.18819808959961
2014-02-20,34.74814987182617
2014-02-21,34.94760513305664
2014-02-24,35.024295806884766
2014-02-25,35.154701232910156
2014-02-26,34.87089157104492
2014-02-27,35.062644958496094
2014-02-28,35.36180877685547
2014-03-03,35.21607208251953
2014-03-04,35.645633697509766
2014-03-05,35.277435302734375
2014-03-06,35.11635208129883
2014-03-07,34.87855911254883
2014-03-10,34.89390182495117
2014-03-11,34.564056396484375
2014-03-12,34.76348876953125
2014-03-13,35.239078521728516
2014-03-14,35.515228271484375
2014-03-17,35.8834228515625
2014-03-18,35.98313522338867
2014-03-19,35.653297424316406
2014-03-20,35.277435302734375
2014-03-21,35.37714767456055
2014-03-24,35.36948776245117
2014-03-25,35.21607208251953
2014-03-26,35.131690979003906
2014-03-27,35.239078521728516
2014-03-28,35.33879470825195
2014-03-31,36.151893615722656
2014-04-01,36.006134033203125
2014-04-02,36.35898971557617
2014-04-03,36.658145904541016
2014-04-04,36.55076217651367
2014-04-07,36.55076217651367
2014-04-08,36.81157302856445
2014-04-09,37.21811294555664
2014-04-10,37.509605407714844
2014-04-11,37.21811294555664
2014-04-14,37.57863235473633
2014-04-15,38.40707015991211
2014-04-16,38.675533294677734
2014-04-17,38.27667236328125
2014-04-21,38.07722091674805
2014-04-22,38.38404846191406
2014-04-23,38.65251922607422
2014-04-24,38.959346771240234
2014-04-25,39.32754898071289
2014-04-28,39.557674407958984
2014-04-29,39.174129486083984
2014-04-30,39.1511344909668
2014-05-01,39.33522033691406
2014-05-02,38.782928466796875
2014-05-05,39.158790588378906
2014-05-06,39.24317169189453
2014-05-07,39.57301330566406
2014-05-08,38.72156524658203
2014-05-09,38.66787338256836
2014-05-12,38.368709564208984
2014-05-13,38.43775177001953
2014-05-14,38.72156524658203
2014-05-15,38.46076202392578
2014-05-16,38.798274993896484
2014-05-19,38.44541931152344
2014-05-20,38.68320083618164
2014-05-21,38.552818298339844
2014-05-22,38.962371826171875
2014-05-23,38.8928337097168
2014-05-27,38.69963836669922
2014-05-28,38.730533599853516
2014-05-29,38.45235061645508
2014-05-30,38.71510314941406
2014-06-02,39.078277587890625
2014-06-03,39.487850189208984
2014-06-04,39.673301696777344
2014-06-05,39.796958923339844
2014-06-06,39.541934967041016
2014-06-09,39.541934967041016
2014-06-10,39.27146911621094
2014-06-11,38.9469108581543
2014-06-12,39.101463317871094
2014-06-13,39.46464920043945
2014-06-16,39.796958923339844
2014-06-17,39.94376754760742
2014-06-18,40.40742874145508
2014-06-19,40.78607940673828
2014-06-20,40.70106887817383
2014-06-23,40.523353576660156
2014-06-24,40.65470504760742
2014-06-25,40.971527099609375
2014-06-26,40.68561553955078
2014-06-27,40.73199462890625
2014-06-30,41.265193939208984
2014-07-01,40.708797454833984
2014-07-02,40.036502838134766
2014-07-03,39.75831604003906
2014-07-07,39.541934967041016
2014-07-08,39.82014465332031
2014-07-09,39.611480712890625
2014-07-10,39.91286849975586
2014-07-11,39.56511306762695
2014-07-14,39.43375015258789
2014-07-15,39.596031188964844
2014-07-16,39.418296813964844
2014-07-17,39.062835693359375
2014-07-18,39.681034088134766
2014-07-21,39.46464920043945
2014-07-22,39.56511306762695
2014-07-23,39.36420440673828
2014-07-24,39.356475830078125
2014-07-25,38.792354583740234
2014-07-28,39.19418716430664
2014-07-29,39.0473747253418
2014-07-30,38.08142852783203
2014-07-31,37.33958053588867
2014-08-01,37.215946197509766
2014-08-04,36.93001937866211
2014-08-05,36.63636779785156
2014-08-06,36.55137634277344
2014-08-07,36.77546691894531
2014-08-08,37.45551300048828
2014-08-11,37.55595779418945
2014-08-12,37.50186538696289
2014-08-13,37.965511322021484
2014-08-14,38.305519104003906
2014-08-15,38.460086822509766
2014-08-18,38.45235061645508
2014-08-19,39.070552825927734
2014-08-20,39.140098571777344
2014-08-21,39.08561706542969
2014-08-22,38.953269958496094
2014-08-25,38.976627349853516
2014-08-26,38.67304611206055
2014-08-27,38.90657043457031
2014-08-28,39.155677795410156
2014-08-29,39.358070373535156
2014-09-02,39.17903518676758
2014-09-03,39.513755798339844
2014-09-04,39.342498779296875
2014-09-05,39.941898345947266
2014-09-08,39.941898345947266
2014-09-09,39.38143539428711
2014-09-10,39.054481506347656
2014-09-11,39.28023147583008
2014-09-12,38.61854934692383
2014-09-15,38.78982162475586
2014-09-16,39.02332305908203
2014-09-17,38.813167572021484
2014-09-18,38.447296142578125
2014-09-19,38.330535888671875
2014-09-22,38.06586456298828
2014-09-23,37.59100341796875
2014-09-24,37.1628532409668
2014-09-25,36.78142547607422
2014-09-26,36.5946044921875
2014-09-29,37.240699768066406
2014-09-30,37.131717681884766
2014-10-01,36.937103271484375
2014-10-02,36.9604606628418
2014-10-03,37.12392807006836
2014-10-06,37.19400405883789
2014-10-07,36.85926055908203
2014-10-08,37.770050048828125
2014-10-09,37.12392807006836
2014-10-10,37.349693298339844
2014-10-13,37.302974700927734
2014-10-14,37.941314697265625
2014-10-15,37.74669647216797
2014-10-16,38.260467529296875
2014-10-17,39.08561706542969
2014-10-20,39.58381652832031
2014-10-21,39.887413024902344
2014-10-22,40.02752685546875
2014-10-23,40.416748046875
2014-10-24,40.183231353759766
2014-10-27,40.183231353759766
2014-10-28,40.77482986450195
2014-10-29,40.829322814941406
2014-10-30,41.506568908691406
2014-10-31,41.25746154785156
2014-11-03,41.62334060668945
2014-11-04,41.61555099487305
2014-11-05,42.19159698486328
2014-11-06,42.20717239379883
2014-11-07,42.370643615722656
2014-11-10,42.269447326660156
2014-11-11,42.222740173339844
2014-11-12,41.958072662353516
2014-11-13,42.43291091918945
2014-11-14,41.483219146728516
2014-11-17,41.62334060668945
2014-11-18,41.58440399169922
2014-11-19,41.36644744873047
2014-11-20,41.625247955322266
2014-11-21,42.072235107421875
2014-11-24,42.040870666503906
2014-11-25,42.10359573364258
2014-11-26,42.142822265625
2014-11-28,42.11143493652344
2014-12-01,42.276123046875
2014-12-02,42.472164154052734
2014-12-03,42.70742416381836
2014-12-04,42.879947662353516
2014-12-05,42.62902069091797
2014-12-08,42.472164154052734
2014-12-09,43.17794418334961
2014-12-10,42.25259017944336
2014-12-11,42.778011322021484
2014-12-12,41.66444778442383
2014-12-15,41.22529220581055
2014-12-16,41.49192428588867
2014-12-17,42.20553207397461
2014-12-18,42.86426544189453
2014-12-19,42.64469528198242
2014-12-22,42.785850524902344
2014-12-23,42.879947662353516
2014-12-24,43.58572006225586
2014-12-26,43.92293930053711
2014-12-29,45.54622268676758
2014-12-30,44.58165740966797
2014-12-31,43.71120071411133
2015-01-02,43.836669921875
2015-01-05,43.044639587402344
2015-01-06,42.778011322021484
2015-01-07,43.389678955078125
2015-01-08,43.6798210144043
2015-01-09,43.32695770263672
2015-01-12,43.39752197265625
2015-01-13,43.60926055908203
2015-01-14,44.80907440185547
2015-01-15,44.942405700683594
2015-01-16,45.85205841064453
2015-01-20,45.656009674072266
2015-01-21,45.961856842041016
2015-01-22,45.985389709472656
2015-01-23,46.00106430053711
2015-01-26,46.11870193481445
2015-01-27,45.85205841064453
2015-01-28,45.12275695800781
2015-01-29,46.02457809448242
2015-01-30,44.62871551513672
2015-02-02,45.09139633178711
2015-02-03,45.420745849609375
2015-02-04,44.51108932495117
2015-02-05,45.044334411621094
2015-02-06,43.20148468017578
2015-02-09,42.73097229003906
2015-02-10,43.09169006347656
2015-02-11,41.93891525268555
2015-02-12,41.69580841064453
2015-02-13,41.18608093261719
2015-02-17,41.2017707824707
2015-02-18,41.97812271118164
2015-02-19,41.756935119628906
2015-02-20,41.812232971191406
2015-02-23,41.97022247314453
2015-02-24,42.128211975097656
2015-02-25,41.98603057861328
2015-02-26,41.46466064453125
2015-02-27,41.89913558959961
2015-03-02,41.17237854003906
2015-03-03,42.09661865234375
2015-03-04,41.962337493896484
2015-03-05,42.20722579956055
2015-03-06,41.24347686767578
2015-03-09,41.219757080078125
2015-03-10,41.0933723449707
2015-03-11,41.11708450317383
2015-03-12,42.18351745605469
2015-03-13,41.938621520996094
2015-03-16,42.56269073486328
2015-03-17,42.85498809814453
2015-03-18,43.968814849853516
2015-03-19,43.597530364990234
2015-03-20,44.118896484375
2015-03-23,43.787109375
2015-03-24,43.597530364990234
2015-03-25,43.163047790527344
2015-03-26,42.57059097290039
2015-03-27,43.13936233520508
2015-03-30,43.74763107299805
2015-03-31,43.684425354003906
2015-04-01,44.09519577026367
2015-04-02,44.197898864746094
2015-04-06,44.5612678527832
2015-04-07,43.87401580810547
2015-04-08,43.755523681640625
2015-04-09,43.471134185791016
2015-04-10,43.73973083496094
2015-04-13,43.09196090698242
2015-04-14,43.35264205932617
2015-04-15,43.26575469970703
2015-04-16,42.87077331542969
2015-04-17,42.681182861328125
2015-04-20,43.32105255126953
2015-04-21,43.163047790527344
2015-04-22,43.08406066894531
2015-04-23,43.67652130126953
2015-04-24,43.9846076965332
2015-04-27,43.73182678222656
2015-04-28,44.05570602416992
2015-04-29,43.87401580810547
2015-04-30,42.65748596191406
2015-05-01,42.90237045288086
2015-05-04,42.87077331542969
2015-05-05,41.472557067871094
2015-05-06,41.57525634765625
2015-05-07,42.23880386352539
2015-05-08,42.58639907836914
2015-05-11,42.34941482543945
2015-05-12,41.82012939453125
2015-05-13,41.472557067871094
2015-05-14,42.18351745605469
2015-05-15,42.53108596801758
2015-05-18,42.94977569580078
2015-05-19,42.88657760620117
2015-05-20,42.87866973876953
2015-05-21,42.639976501464844
2015-05-22,42.568363189697266
2015-05-26,42.32966995239258
2015-05-27,42.49674987792969
2015-05-28,42.9582405090332
2015-05-29,42.98210906982422
2015-06-01,43.03781509399414
2015-06-02,42.32966995239258
2015-06-03,41.907958984375
2015-06-04,41.65333557128906
2015-06-05,40.92927932739258
2015-06-08,40.897457122802734
2015-06-09,40.87358093261719
2015-06-10,41.01681137084961
2015-06-11,41.3350715637207
2015-06-12,40.961097717285156
2015-06-15,40.92927932739258
2015-06-16,41.32710647583008
2015-06-17,41.47034454345703
2015-06-18,42.0830078125
2015-06-19,41.93183135986328
2015-06-22,41.971614837646484
2015-06-23,41.788597106933594
2015-06-24,41.3350715637207
2015-06-25,41.112281799316406
2015-06-26,41.175941467285156
2015-06-29,40.92132568359375
2015-06-30,40.80198287963867
2015-07-01,40.961097717285156
2015-07-02,41.51012420654297
2015-07-06,41.71699905395508
2015-07-07,42.8309440612793
2015-07-08,42.8309440612793
2015-07-09,42.122779846191406
2015-07-10,42.4330940246582
2015-07-13,42.59223175048828
2015-07-14,42.64792251586914
2015-07-15,42.71953201293945
2015-07-16,43.90509033203125
2015-07-17,43.09349822998047
2015-07-20,42.950294494628906
2015-07-21,42.64792251586914
2015-07-22,43.09349822998047
2015-07-23,42.616111755371094
2015-07-24,42.80706024169922
2015-07-27,43.19694900512695
2015-07-28,43.25265121459961
2015-07-29,43.50724792480469
2015-07-30,43.50724792480469
2015-07-31,44.000572204589844
2015-08-03,44.016475677490234
2015-08-04,43.491336822509766
2015-08-05,43.73799133300781
2015-08-06,43.666385650634766
2015-08-07,44.263145446777344
2015-08-10,43.96874237060547
2015-08-11,44.19948959350586
2015-08-12,45.591915130615234
2015-08-13,45.44868850708008
2015-08-14,45.6873893737793
2015-08-17,46.04544448852539
2015-08-18,45.591915130615234
2015-08-19,45.7271728515625
2015-08-20,45.070274353027344
2015-08-21,44.48546600341797
2015-08-24,44.30922317504883
2015-08-25,43.64430618286133
2015-08-26,44.00479507446289
2015-08-27,44.34125900268555
2015-08-28,44.5255012512207
2015-08-31,43.892642974853516
2015-09-01,42.931312561035156
2015-09-02,43.05949020385742
2015-09-03,42.827152252197266
2015-09-04,42.10617446899414
2015-09-08,43.02743148803711
2015-09-09,42.931312561035156
2015-09-10,42.68296813964844
2015-09-11,43.32386016845703
2015-09-14,43.48406982421875
2015-09-15,43.74043655395508
2015-09-16,44.277164459228516
2015-09-17,44.66169357299805
2015-09-18,44.47745132446289
2015-09-21,44.98214340209961
2015-09-22,45.32662582397461
2015-09-23,45.35065460205078
2015-09-24,45.56695556640625
2015-09-25,46.191810607910156
2015-09-28,46.14373779296875
2015-09-29,45.74319839477539
2015-09-30,46.60839080810547
2015-10-01,46.31999588012695
2015-10-02,47.20922088623047
2015-10-05,47.5536994934082
2015-10-06,46.9288330078125
2015-10-07,47.040992736816406
2015-10-08,47.69789505004883
2015-10-09,47.26528549194336
2015-10-12,47.713924407958984
2015-10-13,47.35342788696289
2015-10-14,47.137123107910156
2015-10-15,47.88215637207031
2015-10-16,48.667236328125
2015-10-19,48.81143569946289
2015-10-20,48.46696090698242
2015-10-21,48.31474685668945
2015-10-22,48.587127685546875
2015-10-23,48.010337829589844
2015-10-26,49.51640701293945
2015-10-27,49.56447219848633
2015-10-28,49.84486770629883
2015-10-29,49.772769927978516
2015-10-30,50.469730377197266
2015-11-02,50.49375534057617
2015-11-03,50.62192153930664
2015-11-04,50.50177001953125
2015-11-05,50.101219177246094
2015-11-06,47.91420364379883
2015-11-09,47.6578369140625
2015-11-10,48.81943893432617
2015-11-11,49.10784912109375
2015-11-12,48.531044006347656
2015-11-13,48.26668930053711
2015-11-16,48.95564270019531
2015-11-17,48.507015228271484
2015-11-18,49.58850860595703
2015-11-19,50.33057403564453
2015-11-20,50.419288635253906
2015-11-23,50.31442642211914
2015-11-24,50.5402717590332
2015-11-25,50.16118240356445
2015-11-27,50.685462951660156
2015-11-30,50.25796890258789
2015-12-01,50.48381423950195
2015-12-02,49.951473236083984
2015-12-03,49.31427764892578
2015-12-04,50.20957946777344
2015-12-07,49.991798400878906
2015-12-08,50.169246673583984
2015-12-09,50.459617614746094
2015-12-10,49.31427764892578
2015-12-11,49.048095703125
2015-12-14,49.08843231201172
2015-12-15,49.6772346496582
2015-12-16,51.024227142333984
2015-12-17,50.927433013916016
2015-12-18,50.661258697509766
2015-12-21,50.072452545166016
2015-12-22,50.354774475097656
2015-12-23,51.03228759765625
2015-12-24,50.95163345336914
2015-12-28,51.79853820800781
2015-12-29,51.8227424621582
2015-12-30,51.74208068847656
2015-12-31,50.84676742553711
2016-01-04,50.30636978149414
2016-01-05,50.49188232421875
2016-01-06,50.65318298339844
2016-01-07,50.16118240356445
2016-01-08,50.2176399230957
2016-01-11,50.387027740478516
2016-01-12,50.080528259277344
2016-01-13,49.798221588134766
2016-01-14,50.79838562011719
2016-01-15,50.790321350097656
2016-01-19,51.58882141113281
2016-01-20,50.32249450683594
2016-01-21,50.31442642211914
2016-01-22,51.637210845947266
2016-01-25,51.49203872680664
2016-01-26,52.75836181640625
2016-01-27,52.532527923583984
2016-01-28,54.194087982177734
2016-01-29,55.831443786621094
2016-02-01,55.323299407958984
2016-02-02,56.379913330078125
2016-02-03,56.23471450805664
2016-02-04,56.16212844848633
2016-02-05,56.081485748291016
2016-02-08,56.33959197998047
2016-02-09,57.1058349609375
2016-02-10,56.68640899658203
2016-02-11,56.6944694519043
2016-02-12,56.32345199584961
2016-02-16,56.80739212036133
2016-02-17,56.17020034790039
2016-02-18,57.46855926513672
2016-02-19,56.88428497314453
2016-02-22,57.09527587890625
2016-02-23,57.168312072753906
2016-02-24,57.66331100463867
2016-02-25,58.11774444580078
2016-02-26,56.924869537353516
2016-02-29,56.324378967285156
2016-03-01,56.210777282714844
2016-03-02,57.0709342956543
2016-03-03,56.494789123535156
2016-03-04,57.37118148803711
2016-03-07,57.35496139526367
2016-03-08,57.43610382080078
2016-03-09,57.54159164428711
2016-03-10,57.55781555175781
2016-03-11,57.57404708862305
2016-03-14,57.84996032714844
2016-03-15,58.19887924194336
2016-03-16,58.71010971069336
2016-03-17,59.188899993896484
2016-03-18,58.49102020263672
2016-03-21,57.87429428100586
2016-03-22,58.109615325927734
2016-03-23,58.2962760925293
2016-03-24,58.734439849853516
2016-03-28,58.88863754272461
2016-03-29,60.31682586669922
2016-03-30,60.089630126953125
2016-03-31,60.26001739501953
2016-04-01,60.503482818603516
2016-04-04,60.357391357421875
2016-04-05,59.407962799072266
2016-04-06,59.627071380615234
2016-04-07,59.756919860839844
2016-04-08,60.203224182128906
2016-04-11,59.83806228637695
2016-04-12,60.04091262817383
2016-04-13,59.959754943847656
2016-04-14,59.318702697753906
2016-04-15,59.7487907409668
2016-04-18,59.78936767578125
2016-04-19,60.081504821777344
2016-04-20,58.929203033447266
2016-04-21,57.29002380371094
2016-04-22,57.86617660522461
2016-04-25,57.87429428100586
2016-04-26,58.19076156616211
2016-04-27,58.2638053894043
2016-04-28,58.482887268066406
2016-04-29,58.87240982055664
2016-05-02,59.196990966796875
2016-05-03,59.091495513916016
2016-05-04,60.12207794189453
2016-05-05,59.70011901855469
2016-05-06,59.71634292602539
2016-05-09,60.29249954223633
2016-05-10,60.42232131958008
2016-05-11,60.479129791259766
2016-05-12,60.446651458740234
2016-05-13,60.26001739501953
2016-05-16,60.85239028930664
2016-05-17,59.042808532714844
2016-05-18,58.239437103271484
2016-05-19,58.680233001708984
2016-05-20,58.851654052734375
2016-05-23,58.32923889160156
2016-05-24,59.112831115722656
2016-05-25,58.65574645996094
2016-05-26,59.07202911376953
2016-05-27,59.33324432373047
2016-05-31,59.5046501159668
2016-06-01,59.5128059387207
2016-06-02,59.341392517089844
2016-06-03,60.99838638305664
2016-06-06,60.69636917114258
2016-06-07,60.77798843383789
2016-06-08,61.13715362548828
2016-06-09,62.353363037109375
2016-06-10,61.99419403076172
2016-06-13,61.82279586791992
2016-06-14,62.255401611328125
2016-06-15,62.035030364990234
2016-06-16,62.30439376831055
2016-06-17,62.01869583129883
2016-06-20,62.18193817138672
2016-06-21,62.549251556396484
2016-06-22,62.47579574584961
2016-06-23,62.794132232666016
2016-06-24,62.89208984375
2016-06-27,63.5614013671875
2016-06-28,63.855255126953125
2016-06-29,64.05117797851562
2016-06-30,66.37747192382812
2016-07-01,65.68364715576172
2016-07-05,66.22238159179688
2016-07-06,66.24686431884766
2016-07-07,64.97351837158203
2016-07-08,65.30004119873047
2016-07-11,65.37348175048828
2016-07-12,65.2265853881836
2016-07-13,65.904052734375
2016-07-14,65.37348175048828
2016-07-15,65.3489990234375
2016-07-18,65.21839141845703
2016-07-19,65.24288940429688
2016-07-20,65.02250671386719
2016-07-21,65.08777618408203
2016-07-22,65.71630859375
2016-07-25,65.25920867919922
2016-07-26,64.96534729003906
2016-07-27,64.3531723022461
2016-07-28,64.72864532470703
2016-07-29,65.12860107421875
2016-08-01,64.82659149169922
2016-08-02,64.66336822509766
2016-08-03,64.4103012084961
2016-08-04,64.49195861816406
2016-08-05,63.765464782714844
2016-08-08,63.35734176635742
2016-08-09,63.185951232910156
2016-08-10,63.16961669921875
2016-08-11,63.13694763183594
2016-08-12,63.06348419189453
2016-08-15,61.84726333618164
2016-08-16,60.63106918334961
2016-08-17,61.4228401184082
2016-08-18,62.39141845703125
2016-08-19,61.63625717163086
2016-08-22,61.751163482666016
2016-08-23,61.48028564453125
2016-08-24,61.33253479003906
2016-08-25,61.49671173095703
2016-08-26,60.56917953491211
2016-08-29,61.14375686645508
2016-08-30,60.65126037597656
2016-08-31,60.49528121948242
2016-09-01,60.12592697143555
2016-09-02,60.716915130615234
2016-09-06,61.30790328979492
2016-09-07,61.98100280761719
2016-09-08,61.88250732421875
2016-09-09,59.001380920410156
2016-09-12,60.10952377319336
2016-09-13,59.58417510986328
2016-09-14,59.62522888183594
2016-09-15,60.3393440246582
2016-09-16,60.81542205810547
2016-09-19,61.93174743652344
2016-09-20,61.72654342651367
2016-09-21,63.0891227722168
2016-09-22,63.73759078979492
2016-09-23,62.908538818359375
2016-09-26,62.93318557739258
2016-09-27,62.309329986572266
2016-09-28,62.251861572265625
2016-09-29,61.46385955810547
2016-09-30,61.127349853515625
2016-10-03,60.51993179321289
2016-10-04,58.500667572021484
2016-10-05,57.95893478393555
2016-10-06,58.06562042236328
2016-10-07,57.51566696166992
2016-10-10,58.032772064208984
2016-10-11,56.604549407958984
2016-10-12,57.48283004760742
2016-10-13,58.2872428894043
2016-10-14,58.3447265625
2016-10-17,58.83723068237305
2016-10-18,59.23943328857422
2016-10-19,59.362552642822266
2016-10-20,59.23943328857422
2016-10-21,58.87005615234375
2016-10-24,58.97673797607422
2016-10-25,59.21479034423828
2016-10-26,59.41180419921875
2016-10-27,58.98496627807617
2016-10-28,59.08346176147461
2016-10-31,61.0616569519043
2016-11-01,59.058834075927734
2016-11-02,58.18055725097656
2016-11-03,58.574554443359375
2016-11-04,58.25442886352539
2016-11-07,59.71549987792969
2016-11-08,60.060245513916016
2016-11-09,59.1573486328125
2016-11-10,57.84400177001953
2016-11-11,57.92608642578125
2016-11-14,58.2051887512207
2016-11-15,58.648414611816406
2016-11-16,58.50889587402344
2016-11-17,58.500667572021484
2016-11-18,58.796173095703125
2016-11-21,59.78936767578125
2016-11-22,59.41180419921875
2016-11-23,59.09791564941406
2016-11-25,60.204715728759766
2016-11-28,60.04779052734375
2016-11-29,61.245445251464844
2016-11-30,58.742774963378906
2016-12-01,57.94984436035156
2016-12-02,59.031864166259766
2016-12-05,58.76753616333008
2016-12-06,58.69320297241211
2016-12-07,59.72566223144531
2016-12-08,60.3781623840332
2016-12-09,60.485572814941406
2016-12-12,61.09676742553711
2016-12-13,61.080238342285156
2016-12-14,59.80827331542969
2016-12-15,60.29558563232422
2016-12-16,61.25371551513672
2016-12-19,61.212406158447266
2016-12-20,61.46847152709961
2016-12-21,61.34456253051758
2016-12-22,61.666709899902344
2016-12-23,61.62540817260742
2016-12-27,61.724517822265625
2016-12-28,60.86550521850586
2016-12-29,61.65843200683594
2016-12-30,61.245445251464844
2017-01-03,61.575836181640625
2017-01-04,61.92273712158203
2017-01-05,61.61712646484375
2017-01-06,61.261959075927734
2017-01-09,60.46902847290039
2017-01-10,60.535118103027344
2017-01-11,61.195892333984375
2017-01-12,61.542781829833984
2017-01-13,61.83187484741211
2017-01-17,61.73278045654297
2017-01-18,62.145751953125
2017-01-19,61.33631896972656
2017-01-20,61.70799255371094
2017-01-23,61.44366455078125
2017-01-24,62.06315612792969
2017-01-25,61.93099594116211
2017-01-26,62.52568817138672
2017-01-27,62.22834396362305
2017-01-30,61.79883575439453
2017-01-31,62.92214584350586
2017-02-01,61.58408737182617
2017-02-02,62.01360321044922
2017-02-03,62.674373626708984
2017-02-06,62.145751953125
2017-02-07,62.74869155883789
2017-02-08,62.3439826965332
2017-02-09,62.07141876220703
2017-02-10,62.31919860839844
2017-02-13,62.46788024902344
2017-02-14,62.145751953125
2017-02-15,62.51743698120117
2017-02-16,62.690879821777344
2017-02-17,62.8065071105957
2017-02-21,63.632484436035156
2017-02-22,63.805938720703125
2017-02-23,64.62014770507812
2017-02-24,64.95245361328125
2017-02-27,65.02720642089844
2017-02-28,65.04383850097656
2017-03-01,65.31803131103516
2017-03-02,65.50077056884766
2017-03-03,65.13520812988281
2017-03-06,64.91090393066406
2017-03-07,64.81121826171875
2017-03-08,63.66468811035156
2017-03-09,63.348995208740234
2017-03-10,64.66166687011719
2017-03-13,64.91922760009766
2017-03-14,65.07707977294922
2017-03-15,66.4229736328125
2017-03-16,66.01588439941406
2017-03-17,66.4063491821289
2017-03-20,65.35954284667969
2017-03-21,66.3814468383789
2017-03-22,66.35649871826172
2017-03-23,66.5891342163086
2017-03-24,66.5808334350586
2017-03-27,66.72206115722656
2017-03-28,66.79684448242188
2017-03-29,66.33988189697266
2017-03-30,65.63370513916016
2017-03-31,65.6253890991211
2017-04-03,65.5506362915039
2017-04-04,66.17375946044922
2017-04-05,66.48944091796875
2017-04-06,66.75530242919922
2017-04-07,66.564208984375
2017-04-10,66.66390991210938
2017-04-11,66.87161254882812
2017-04-12,66.87161254882812
2017-04-13,66.5891342163086
2017-04-17,67.29532623291016
2017-04-18,67.14576721191406
2017-04-19,66.51436614990234
2017-04-20,66.39804077148438
2017-04-21,66.32328033447266
2017-04-24,66.4728012084961
2017-04-25,66.8466796875
2017-04-26,67.5196533203125
2017-04-27,67.62764739990234
2017-04-28,67.31194305419922
2017-05-01,67.05438995361328
2017-05-02,67.06271362304688
2017-05-03,66.55590057373047
2017-05-04,67.61103057861328
2017-05-05,68.26736450195312
2017-05-08,68.05137634277344
2017-05-09,66.92146301269531
2017-05-10,67.20394897460938
2017-05-11,67.12085723876953
2017-05-12,67.57781219482422
2017-05-15,67.59443664550781
2017-05-16,66.73869323730469
2017-05-17,66.92146301269531
2017-05-18,67.13867950439453
2017-05-19,67.74022674560547
2017-05-22,68.11618041992188
2017-05-23,68.58403778076172
2017-05-24,68.64253997802734
2017-05-25,69.42788696289062
2017-05-26,69.2190170288086
2017-05-30,69.50306701660156
2017-05-31,69.60331726074219
2017-06-01,70.53070831298828
2017-06-02,70.91500854492188
2017-06-05,70.07957458496094
2017-06-06,70.26335144042969
2017-06-07,70.00435638427734
2017-06-08,69.79549407958984
2017-06-09,69.87903594970703
2017-06-12,70.09626007080078
2017-06-13,70.45552062988281
2017-06-14,71.09046936035156
2017-06-15,71.09883117675781
2017-06-16,71.4664535522461
2017-06-19,71.0654067993164
2017-06-20,70.64765930175781
2017-06-21,70.07957458496094
2017-06-22,69.72027587890625
2017-06-23,69.77043914794922
2017-06-26,70.43878936767578
2017-06-27,69.75372314453125
2017-06-28,69.63674926757812
2017-06-29,69.13545989990234
2017-06-30,69.30255126953125
2017-07-03,69.30255126953125
2017-07-05,69.07698059082031
2017-07-06,69.10205841064453
2017-07-07,69.91246032714844
2017-07-10,69.65345764160156
2017-07-11,68.8597640991211
2017-07-12,69.9709243774414
2017-07-13,69.5364761352539
2017-07-14,70.00435638427734
2017-07-17,70.1798324584961
2017-07-18,70.24666595458984
2017-07-19,70.67274475097656
2017-07-20,71.4581069946289
2017-07-21,72.03457641601562
2017-07-24,71.8089828491211
2017-07-25,72.60267639160156
2017-07-26,72.49407196044922
2017-07-27,72.70293426513672
2017-07-28,72.32695770263672
2017-07-31,72.48572540283203
2017-08-01,73.00371551513672
2017-08-02,74.09819030761719
2017-08-03,73.0287857055664
2017-08-04,72.84498596191406
2017-08-07,72.58596801757812
2017-08-08,73.17916107177734
2017-08-09,73.04547882080078
2017-08-10,73.2459945678711
2017-08-11,72.81991577148438
2017-08-14,73.3044662475586
2017-08-15,73.3379135131836
2017-08-16,73.85589599609375
2017-08-17,73.44441986083984
2017-08-18,73.15888977050781
2017-08-21,73.55357360839844
2017-08-22,74.04901885986328
2017-08-23,74.13301849365234
2017-08-24,74.2421646118164
2017-08-25,74.29254913330078
2017-08-28,74.47731018066406
2017-08-29,74.05744934082031
2017-08-30,73.88108825683594
2017-08-31,73.93148803710938
2017-09-01,74.0322494506836
2017-09-05,73.91465759277344
2017-09-06,72.8313980102539
2017-09-07,73.39404296875
2017-09-08,73.24287414550781
2017-09-11,73.90628051757812
2017-09-12,72.83979797363281
2017-09-13,72.13440704345703
2017-09-14,73.01614379882812
2017-09-15,73.16729736328125
2017-09-18,72.63825225830078
2017-09-19,72.15961456298828
2017-09-20,71.4458236694336
2017-09-21,71.00076293945312
2017-09-22,70.44652557373047
2017-09-25,71.37864685058594
2017-09-26,71.71451568603516
2017-09-27,70.62285614013672
2017-09-28,70.79080200195312
2017-09-29,70.4045181274414
2017-10-02,71.10153198242188
2017-10-03,70.88319396972656
2017-10-04,71.10153198242188
2017-10-05,71.21068572998047
2017-10-06,71.57177734375
2017-10-09,71.68096923828125
2017-10-10,72.12601470947266
2017-10-11,72.3863525390625
2017-10-12,72.88178253173828
2017-10-13,72.4619140625
2017-10-16,72.42832946777344
2017-10-17,72.40313720703125
2017-10-18,72.5794677734375
2017-10-19,73.12530517578125
2017-10-20,72.948974609375
2017-10-23,72.7054443359375
2017-10-24,72.47869873046875
2017-10-25,72.25199127197266
2017-10-26,72.52069854736328
2017-10-27,73.3016586303711
2017-10-30,73.00774383544922
2017-10-31,73.25968170166016
2017-11-01,73.0329360961914
2017-11-02,72.65503692626953
2017-11-03,73.55357360839844
2017-11-06,73.76350402832031
2017-11-07,74.37651824951172
2017-11-08,74.93917846679688
2017-11-09,75.40103912353516
2017-11-10,74.87198638916016
2017-11-13,75.19107818603516
2017-11-14,76.03084564208984
2017-11-15,75.21627807617188
2017-11-16,75.535400390625
2017-11-17,75.0147476196289
2017-11-20,74.83000946044922
2017-11-21,75.09033203125
2017-11-22,74.82158660888672
2017-11-24,74.9102554321289
2017-11-27,75.56885528564453
2017-11-28,76.218994140625
2017-11-29,76.42164611816406
2017-11-30,77.92457580566406
2017-12-01,77.88236999511719
2017-12-04,77.42640686035156
2017-12-05,77.21533966064453
2017-12-06,77.19844055175781
2017-12-07,77.30818939208984
2017-12-08,77.5108413696289
2017-12-11,77.60372161865234
2017-12-12,75.38312530517578
2017-12-13,75.9572525024414
2017-12-14,75.50128936767578
2017-12-15,75.45907592773438
2017-12-18,74.90179443359375
2017-12-19,73.61842346191406
2017-12-20,73.07804107666016
2017-12-21,71.65109252929688
2017-12-22,71.84529876708984
2017-12-26,71.43156433105469
2017-12-27,71.7608413696289
2017-12-28,72.2674560546875
2017-12-29,72.52075958251953
2018-01-02,71.80306243896484
2018-01-03,71.2120132446289
2018-01-04,70.90807342529297
2018-01-05,70.24104309082031
2018-01-08,70.46057891845703
2018-01-09,69.73440551757812
2018-01-10,68.22306060791016
2018-01-11,67.5475845336914
2018-01-12,67.4124755859375
2018-01-16,67.63199615478516
2018-01-17,68.23995208740234
2018-01-18,68.13018035888672
2018-01-19,68.2483901977539
2018-01-22,68.72966003417969
2018-01-23,69.45579528808594
2018-01-24,69.44733428955078
2018-01-25,70.00462341308594
2018-01-26,70.09748077392578
2018-01-29,69.54866790771484
2018-01-30,69.64154815673828
2018-01-31,69.9961929321289
2018-02-01,69.48114013671875
2018-02-02,68.81407928466797
2018-02-05,66.96498107910156
2018-02-06,65.88422393798828
2018-02-07,66.26417541503906
2018-02-08,66.66100311279297
2018-02-09,68.48477935791016
2018-02-12,67.87686157226562
2018-02-13,67.90221405029297
2018-02-14,67.75023651123047
2018-02-15,69.16870880126953
2018-02-16,70.04683685302734
2018-02-20,69.29537200927734
2018-02-21,68.42568969726562
2018-02-22,68.2737045288086
2018-02-23,70.15522766113281
2018-02-26,69.81546020507812
2018-02-27,68.84709930419922
2018-02-28,68.37139129638672
2018-03-01,68.08261108398438
2018-03-02,67.2671127319336
2018-03-05,68.47335052490234
2018-03-06,67.98915100097656
2018-03-07,67.49647521972656
2018-03-08,67.8022689819336
2018-03-09,68.15055084228516
2018-03-12,68.91504669189453
2018-03-13,68.82157897949219
2018-03-14,69.09341430664062
2018-03-15,69.20386505126953
2018-03-16,70.38455963134766
2018-03-19,69.39921569824219
2018-03-20,69.0339584350586
2018-03-21,69.12740325927734
2018-03-22,68.94900512695312
2018-03-23,67.98065185546875
2018-03-26,69.3907241821289
2018-03-27,70.61389923095703
2018-03-28,71.09808349609375
2018-03-29,71.5567855834961
2018-04-02,70.37606811523438
2018-04-03,71.34443664550781
2018-04-04,71.09808349609375
2018-04-05,71.8031234741211
2018-04-06,71.48033905029297
2018-04-09,71.50582885742188
2018-04-10,71.40388488769531
2018-04-11,71.21700286865234
2018-04-12,70.23167419433594
2018-04-13,70.82626342773438
2018-04-16,71.93054962158203
2018-04-17,72.34675598144531
2018-04-18,71.75215148925781
2018-04-19,71.54830169677734
2018-04-20,71.26799774169922
2018-04-23,71.70120239257812
2018-04-24,72.44873046875
2018-04-25,72.46570587158203
2018-04-26,73.7228775024414
2018-04-27,74.24951171875
2018-04-30,73.80782318115234
2018-05-01,73.7568359375
2018-05-02,73.87576293945312
2018-05-03,74.80164337158203
2018-05-04,76.22022247314453
2018-05-07,75.481201171875
2018-05-08,74.538330078125
2018-05-09,74.47886657714844
2018-05-10,75.26034545898438
2018-05-11,74.96306610107422
2018-05-14,74.29200744628906
2018-05-15,73.52748107910156
2018-05-16,72.94986724853516
2018-05-17,72.53363800048828
2018-05-18,72.53792572021484
2018-05-21,72.83695983886719
2018-05-22,73.64852142333984
2018-05-23,74.29776763916016
2018-05-24,74.74198150634766
2018-05-25,74.964111328125
2018-05-29,75.51085662841797
2018-05-30,76.86918640136719
2018-05-31,76.21138000488281
2018-06-01,75.16060638427734
2018-06-04,75.0153579711914
2018-06-05,74.65657043457031
2018-06-06,73.2982406616211
2018-06-07,73.23844909667969
2018-06-08,72.87965393066406
2018-06-11,72.28162384033203
2018-06-12,72.87965393066406
2018-06-13,72.25601196289062
2018-06-14,73.19572448730469
2018-06-15,74.14399719238281
2018-06-18,74.41735076904297
2018-06-19,75.45106506347656
2018-06-20,75.4596176147461
2018-06-21,75.9038314819336
2018-06-22,76.12596130371094
2018-06-25,77.33903503417969
2018-06-26,76.74958038330078
2018-06-27,76.99732208251953
2018-06-28,77.21944427490234
2018-06-29,77.00586700439453
2018-07-02,77.17671966552734
2018-07-03,77.9712142944336
2018-07-05,78.63756561279297
2018-07-06,79.08179473876953
2018-07-09,76.72393035888672
2018-07-10,77.45862579345703
2018-07-11,77.79180908203125
2018-07-12,77.85163116455078
2018-07-13,77.85163116455078
2018-07-16,77.83454132080078
2018-07-17,77.5697021484375
2018-07-18,77.34759521484375
2018-07-19,78.36419677734375
2018-07-20,78.11644744873047
2018-07-23,77.58677673339844
2018-07-24,77.4159164428711
2018-07-25,77.22798156738281
2018-07-26,78.0053939819336
2018-07-27,77.6380615234375
2018-07-30,77.32194519042969
2018-07-31,78.48379516601562
2018-08-01,77.73200988769531
2018-08-02,78.24459075927734
2018-08-03,78.44963073730469
2018-08-06,78.56071472167969
2018-08-07,78.56071472167969
2018-08-08,78.48379516601562
2018-08-09,77.94558715820312
2018-08-10,77.9712142944336
2018-08-13,78.44107818603516
2018-08-14,79.10740661621094
2018-08-15,79.48332214355469
2018-08-16,80.45721435546875
2018-08-17,80.5938949584961
2018-08-20,79.95318603515625
2018-08-21,79.36372375488281
2018-08-22,79.03053283691406
2018-08-23,78.6973876953125
2018-08-24,79.19977569580078
2018-08-27,78.82191467285156
2018-08-28,78.83908081054688
2018-08-29,79.29425048828125
2018-08-30,79.4831771850586
2018-08-31,79.20836639404297
2018-09-04,79.34575653076172
2018-09-05,80.38492584228516
2018-09-06,80.77999877929688
2018-09-07,80.402099609375
2018-09-10,79.8696517944336
2018-09-11,80.50519561767578
2018-09-12,80.39351654052734
2018-09-13,81.1578598022461
2018-09-14,80.83151245117188
2018-09-17,81.38973236083984
2018-09-18,81.14928436279297
2018-09-19,79.6205825805664
2018-09-20,80.13587188720703
2018-09-21,80.73705291748047
2018-09-24,80.642578125
2018-09-25,80.29905700683594
2018-09-26,79.55188751220703
2018-09-27,80.11869812011719
2018-09-28,80.65119171142578
2018-10-01,79.65495300292969
2018-10-02,80.46223449707031
2018-10-03,79.6463623046875
2018-10-04,79.73225402832031
2018-10-05,81.2780990600586
2018-10-08,83.26195526123047
2018-10-09,83.15890502929688
2018-10-10,82.46324920654297
2018-10-11,80.17024230957031
2018-10-12,79.53471374511719
2018-10-15,80.2732925415039
2018-10-16,81.52714538574219
2018-10-17,81.26952362060547
2018-10-18,81.92220306396484
2018-10-19,83.36502075195312
2018-10-22,82.88409423828125
2018-10-23,82.17127227783203
2018-10-24,83.42511749267578
2018-10-25,82.12832641601562
2018-10-26,80.402099609375
2018-10-29,81.14928436279297
2018-10-30,81.41551971435547
2018-10-31,79.93836212158203
2018-11-01,79.81813049316406
2018-11-02,79.13106536865234
2018-11-05,80.11869812011719
2018-11-06,81.98233032226562
2018-11-07,83.04727935791016
2018-11-08,82.30865478515625
2018-11-09,83.03866577148438
2018-11-12,83.02149963378906
2018-11-13,82.78961181640625
2018-11-14,83.553955078125
2018-11-15,84.94522094726562
2018-11-16,85.04830169677734
2018-11-19,85.31452178955078
2018-11-20,84.33546447753906
2018-11-21,83.9232406616211
2018-11-23,83.8843994140625
2018-11-26,84.45426177978516
2018-11-27,84.9809799194336
2018-11-28,84.29884338378906
2018-11-29,80.68962860107422
2018-11-30,82.60647583007812
2018-12-03,84.28157043457031
2018-12-04,84.23841094970703
2018-12-06,85.09322357177734
2018-12-07,85.30044555664062
2018-12-10,85.00686645507812
2018-12-11,85.05004119873047
2018-12-12,85.12779235839844
2018-12-13,85.91350555419922
2018-12-14,85.02415466308594
2018-12-17,82.5114974975586
2018-12-18,81.6135025024414
2018-12-19,81.96751403808594
2018-12-20,82.11432647705078
2018-12-21,81.56168365478516
2018-12-24,77.13220977783203
2018-12-26,77.81432342529297
2018-12-27,78.74684143066406
2018-12-28,79.14404296875
2018-12-31,80.05931091308594
2019-01-02,77.5811767578125
2019-01-03,78.1683349609375
2019-01-04,79.16993713378906
2019-01-07,78.59142303466797
2019-01-08,79.61894226074219
2019-01-09,78.31512451171875
2019-01-10,79.80023956298828
2019-01-11,79.35127258300781
2019-01-14,78.86772155761719
2019-01-15,79.96434020996094
2019-01-16,81.4753646850586
2019-01-17,82.01934051513672
2019-01-18,82.39926147460938
2019-01-22,82.2006607055664
2019-01-23,83.02957153320312
2019-01-24,83.46991729736328
2019-01-25,81.88118743896484
2019-01-28,81.44947052001953
2019-01-29,81.83799743652344
2019-01-30,82.45106506347656
2019-01-31,84.29884338378906
2019-02-01,83.94483947753906
2019-02-04,83.27135467529297
2019-02-05,83.3922119140625
2019-02-06,82.77915954589844
2019-02-07,83.78076934814453
2019-02-08,84.59242248535156
2019-02-11,83.62535858154297
2019-02-12,82.76190185546875
2019-02-13,83.40086364746094
2019-02-14,82.85688781738281
2019-02-15,83.79806518554688
2019-02-19,84.0138931274414
2019-02-20,84.61831665039062
2019-02-21,85.59400177001953
2019-02-22,86.35358428955078
2019-02-25,85.32927703857422
2019-02-26,85.31190490722656
2019-02-27,85.81537628173828
2019-02-28,85.80670166015625
2019-03-01,85.8501205444336
2019-03-04,86.69210052490234
2019-03-05,86.25811004638672
2019-03-06,86.36224365234375
2019-03-07,86.3362045288086
2019-03-08,86.94385528564453
2019-03-11,87.29103088378906
2019-03-12,88.02022552490234
2019-03-13,88.37612915039062
2019-03-14,88.10702514648438
2019-03-15,88.11572265625
2019-03-18,88.54106140136719
2019-03-19,88.08966064453125
2019-03-20,88.02890014648438
2019-03-21,89.10528564453125
2019-03-22,89.24417877197266
2019-03-25,89.34835052490234
2019-03-26,90.03409576416016
2019-03-27,89.35702514648438
2019-03-28,88.95771026611328
2019-03-29,89.34835052490234
2019-04-01,88.601806640625
2019-04-02,86.95250701904297
2019-04-03,88.11572265625
2019-04-04,87.3604965209961
2019-04-05,88.13306427001953
2019-04-08,87.60357666015625
2019-04-09,87.30844116210938
2019-04-10,87.17822265625
2019-04-11,87.40391540527344
2019-04-12,87.83792877197266
2019-04-15,87.76848602294922
2019-04-16,86.95250701904297
2019-04-17,86.31885528564453
2019-04-18,86.09314727783203
2019-04-22,85.99766540527344
2019-04-23,86.43168640136719
2019-04-24,86.88308715820312
2019-04-25,87.6556396484375
2019-04-26,87.6556396484375
2019-04-29,87.22162628173828
2019-04-30,88.83617401123047
2019-05-01,88.53236389160156
2019-05-02,88.61048889160156
2019-05-03,89.35702514648438
2019-05-06,89.46118927001953
2019-05-07,88.74069213867188
2019-05-08,87.44730377197266
2019-05-09,87.4125747680664
2019-05-10,88.47160339355469
2019-05-13,88.97506713867188
2019-05-14,88.0549545288086
2019-05-15,87.44730377197266
2019-05-16,88.23722076416016
2019-05-17,89.11396789550781
2019-05-20,89.27889251708984
2019-05-21,88.59313201904297
2019-05-22,89.3136215209961
2019-05-23,89.72159576416016
2019-05-24,89.69978332519531
2019-05-28,88.56556701660156
2019-05-29,87.89373779296875
2019-05-30,87.8064956665039
2019-05-31,88.81857299804688
2019-06-03,89.75214385986328
2019-06-04,88.60044860839844
2019-06-05,90.59843444824219
2019-06-06,90.92998504638672
2019-06-07,90.92127990722656
2019-06-10,89.97025299072266
2019-06-11,89.53401947021484
2019-06-12,91.02596282958984
2019-06-13,91.20919036865234
2019-06-14,91.60177612304688
2019-06-17,91.39240264892578
2019-06-18,91.3313217163086
2019-06-19,92.20382690429688
2019-06-20,92.39574432373047
2019-06-21,93.75682830810547
2019-06-24,93.37294006347656
2019-06-25,94.16690063476562
2019-06-26,90.80784606933594
2019-06-27,91.46218872070312
2019-06-28,92.09910583496094
2019-07-01,91.84607696533203
2019-07-02,92.95413208007812
2019-07-03,93.63468933105469
2019-07-05,93.45146179199219
2019-07-08,93.18973541259766
2019-07-09,93.33802032470703
2019-07-10,93.18973541259766
2019-07-11,93.35548400878906
2019-07-12,92.88434600830078
2019-07-15,93.58232879638672
2019-07-16,93.44273376464844
2019-07-17,94.15815734863281
2019-07-18,94.585693359375
2019-07-19,93.59104919433594
2019-07-22,93.73938751220703
2019-07-23,93.9051284790039
2019-07-24,93.91387176513672
2019-07-25,93.45146179199219
2019-07-26,94.34140014648438
2019-07-29,94.98703002929688
2019-07-30,94.98703002929688
2019-07-31,95.13534545898438
2019-08-01,96.0078353881836
2019-08-02,95.6501235961914
2019-08-05,93.30313873291016
2019-08-06,94.53333282470703
2019-08-07,94.16690063476562
2019-08-08,95.47561645507812
2019-08-09,94.71656036376953
2019-08-12,95.03065490722656
2019-08-13,95.1789779663086
2019-08-14,94.48970794677734
2019-08-15,95.42327117919922
2019-08-16,96.35684204101562
2019-08-19,96.74070739746094
2019-08-20,96.15614318847656
2019-08-21,96.91520690917969
2019-08-22,97.01990509033203
2019-08-23,95.2271957397461
2019-08-26,95.7707290649414
2019-08-27,94.71002197265625
2019-08-28,94.92039489746094
2019-08-29,96.41064453125
2019-08-30,96.62981414794922
2019-09-03,97.97980499267578
2019-09-04,97.26973724365234
2019-09-05,96.14766693115234
2019-09-06,95.6304702758789
2019-09-09,94.4470443725586
2019-09-10,95.37625122070312
2019-09-11,96.05122375488281
2019-09-12,95.93728637695312
2019-09-13,96.19152069091797
2019-09-16,96.52462005615234
2019-09-17,97.26973724365234
2019-09-18,98.00611877441406
2019-09-19,98.4268798828125
2019-09-20,99.04052734375
2019-09-23,98.6986312866211
2019-09-24,100.18889617919922
2019-09-25,100.30284118652344
2019-09-26,100.50447082519531
2019-09-27,99.9784927368164
2019-09-30,99.83824920654297
2019-10-01,99.04052734375
2019-10-02,97.74311065673828
2019-10-03,97.99732971191406
2019-10-04,99.1807632446289
2019-10-07,98.78630065917969
2019-10-08,97.51519775390625
2019-10-09,97.58531951904297
2019-10-10,97.17330169677734
2019-10-11,97.62039947509766
2019-10-14,97.62039947509766
2019-10-15,96.41941833496094
2019-10-16,97.4012222290039
2019-10-17,98.0411605834961
2019-10-18,97.83078002929688
2019-10-21,98.07624053955078
2019-10-22,98.4707260131836
2019-10-23,99.06681060791016
2019-10-24,99.42621612548828
2019-10-25,98.44441986083984
2019-10-28,97.25223541259766
2019-10-29,97.79570007324219
2019-10-30,98.4707260131836
2019-10-31,98.60221862792969
2019-11-01,97.91844177246094
2019-11-04,95.98111724853516
2019-11-05,94.60480499267578
2019-11-06,95.34994506835938
2019-11-07,94.83273315429688
2019-11-08,94.07884216308594
2019-11-11,94.24540710449219
2019-11-12,93.79832458496094
2019-11-13,95.65676879882812
2019-11-14,96.05122375488281
2019-11-15,95.98111724853516
2019-11-18,95.80577850341797
2019-11-19,95.23599243164062
2019-11-20,95.36747741699219
2019-11-21,94.71002197265625
2019-11-22,94.58222961425781
2019-11-25,94.08868408203125
2019-11-26,94.5557861328125
2019-11-27,94.22969055175781
2019-11-29,94.26494598388672
2019-12-02,93.20738220214844
2019-12-03,92.9518051147461
2019-12-04,94.29138946533203
2019-12-05,94.08868408203125
2019-12-06,93.8771743774414
2019-12-09,93.69210052490234
2019-12-10,94.0798568725586
2019-12-11,94.4764633178711
2019-12-12,93.86836242675781
2019-12-13,94.34426879882812
2019-12-16,95.56048583984375
2019-12-17,95.75437927246094
2019-12-18,97.07633972167969
2019-12-19,97.65800476074219
2019-12-20,98.93590545654297
2019-12-23,97.92237854003906
2019-12-24,97.45528411865234
2019-12-26,97.38479614257812
2019-12-27,97.05870056152344
2019-12-30,97.35833740234375
2019-12-31,98.58336639404297
2020-01-02,97.2790298461914
2020-01-03,97.92237854003906
2020-01-06,97.79017639160156
2020-01-07,98.44237518310547
2020-01-08,97.5962905883789
2020-01-09,97.91356658935547
2020-01-10,98.1691665649414
2020-01-13,99.18265533447266
2020-01-14,99.42061614990234
2020-01-15,100.2490463256836
2020-01-16,101.09510803222656
2020-01-17,101.33306121826172
2020-01-21,102.16149139404297
2020-01-22,102.31132507324219
2020-01-23,103.00755310058594
2020-01-24,103.44818878173828
2020-01-27,102.57571411132812
2020-01-28,102.50519561767578
2020-01-29,102.50519561767578
2020-01-30,103.44818878173828
2020-01-31,103.13973999023438
2020-02-03,104.58506774902344
2020-02-04,103.30718994140625
2020-02-05,104.24137115478516
2020-02-06,103.69496154785156
2020-02-07,103.63328552246094
2020-02-10,104.26781463623047
2020-02-11,105.1932144165039
2020-02-12,103.94172668457031
2020-02-13,105.31658935546875
2020-02-14,106.15382385253906
2020-02-18,106.25957489013672
2020-02-19,105.40470886230469
2020-02-20,105.07862854003906
2020-02-21,105.11846923828125
2020-02-24,102.92222595214844
2020-02-25,100.72598266601562
2020-02-26,99.26477813720703
2020-02-27,94.9343032836914
2020-02-28,91.4362564086914
2020-03-02,95.54535675048828
2020-03-03,94.34980010986328
2020-03-04,99.98210906982422
2020-03-05,98.41462707519531
2020-03-06,98.52090454101562
2020-03-09,93.10113525390625
2020-03-10,93.3668212890625
2020-03-11,91.0820083618164
2020-03-12,83.84681701660156
2020-03-13,89.15144348144531
2020-03-16,82.96124267578125
2020-03-17,95.72245788574219
2020-03-18,93.72991943359375
2020-03-19,87.23860931396484
2020-03-20,76.33708190917969
2020-03-23,71.28929138183594
2020-03-24,78.4536361694336
2020-03-25,79.96797180175781
2020-03-26,85.2548828125
2020-03-27,86.26445770263672
2020-03-30,91.05543518066406
2020-03-31,87.876220703125
2020-04-01,83.8114013671875
2020-04-02,86.22905731201172
2020-04-03,83.38632202148438
2020-04-06,91.77277374267578
2020-04-07,87.15890502929688
2020-04-08,90.90489959716797
2020-04-09,93.16313934326172
2020-04-13,91.45394897460938
2020-04-14,95.74017333984375
2020-04-15,94.1815414428711
2020-04-16,93.06571960449219
2020-04-17,98.03382110595703
2020-04-20,90.79862976074219
2020-04-21,89.25770568847656
2020-04-22,90.61266326904297
2020-04-23,89.73593139648438
2020-04-24,92.46353149414062
2020-04-27,93.47306823730469
2020-04-28,94.89002227783203
2020-04-29,92.86203002929688
2020-04-30,90.30269622802734
2020-05-01,88.64666748046875
2020-05-04,89.22228240966797
2020-05-05,90.1255874633789
2020-05-06,85.50284576416016
2020-05-07,85.3523178100586
2020-05-08,86.193603515625
2020-05-11,85.70653533935547
2020-05-12,85.34346771240234
2020-05-13,85.40544891357422
2020-05-14,84.03279876708984
2020-05-15,84.22763061523438
2020-05-18,87.2474365234375
2020-05-19,85.2814712524414
2020-05-20,88.03562927246094
2020-05-21,86.59212493896484
2020-05-22,87.59429931640625
2020-05-26,86.9439926147461
2020-05-27,88.35149383544922
2020-05-28,90.57855224609375
2020-05-29,91.55842590332031
2020-06-01,91.70988464355469
2020-06-02,91.97714233398438
2020-06-03,93.322265625
2020-06-04,92.84122467041016
2020-06-05,93.11737823486328
2020-06-08,94.4535903930664
2020-06-09,92.9302978515625
2020-06-10,92.41362762451172
2020-06-11,88.43165588378906
2020-06-12,89.46501159667969
2020-06-15,90.04405212402344
2020-06-16,91.09521484375
2020-06-17,90.13314056396484
2020-06-18,90.37364959716797
2020-06-19,88.83251953125
2020-06-22,89.18885803222656
2020-06-23,88.0486068725586
2020-06-24,88.15550231933594
2020-06-25,86.47186279296875
2020-06-26,86.81927490234375
2020-06-29,87.63883209228516
2020-06-30,88.70783233642578
2020-07-01,89.6966323852539
2020-07-02,90.13314056396484
2020-07-06,90.18656921386719
2020-07-07,89.14429473876953
2020-07-08,88.52963256835938
2020-07-09,87.02417755126953
2020-07-10,88.27131652832031
2020-07-13,88.8058090209961
2020-07-14,89.46501159667969
2020-07-15,89.6520767211914
2020-07-16,89.5719223022461
2020-07-17,90.02621459960938
2020-07-20,88.91270446777344
2020-07-21,90.99722290039062
2020-07-22,92.6719741821289
2020-07-23,92.37797546386719
2020-07-24,91.75443267822266
2020-07-27,91.37136840820312
2020-07-28,93.17972564697266
2020-07-29,94.1240005493164
2020-07-30,93.91019439697266
2020-07-31,94.41796112060547
2020-08-03,93.81220245361328
2020-08-04,93.36680603027344
2020-08-05,92.36907958984375
2020-08-06,93.26880645751953
2020-08-07,94.16854095458984
2020-08-10,94.4625244140625
2020-08-11,92.22655487060547
2020-08-12,93.50043487548828
2020-08-13,93.19755554199219
2020-08-14,93.09065246582031
2020-08-17,92.75214385986328
2020-08-18,91.75443267822266
2020-08-19,91.4337158203125
2020-08-20,90.59635162353516
2020-08-21,90.34101104736328
2020-08-24,91.29965209960938
2020-08-25,89.98267364501953
2020-08-26,88.96136474609375
2020-08-27,88.67467498779297
2020-08-28,89.21221923828125
2020-08-31,89.42723083496094
2020-09-01,87.28607177734375
2020-09-02,88.18193817138672
2020-09-03,87.87733459472656
2020-09-04,87.09791564941406
2020-09-08,86.1124496459961
2020-09-09,86.58726501464844
2020-09-10,84.45506286621094
2020-09-11,83.50542449951172
2020-09-14,83.60397338867188
2020-09-15,82.73494720458984
2020-09-16,84.11463165283203
2020-09-17,83.69356536865234
2020-09-18,82.42139434814453
2020-09-21,82.66329193115234
2020-09-22,83.96234893798828
2020-09-23,83.20081329345703
2020-09-24,83.84586334228516
2020-09-25,85.33302307128906
2020-09-28,85.1448745727539
2020-09-29,85.19864654541016
2020-09-30,85.63761138916016
2020-10-01,85.53013610839844
2020-10-02,86.02284240722656
2020-10-05,85.30613708496094
2020-10-06,86.88292694091797
2020-10-07,86.34538269042969
2020-10-08,86.71270751953125
2020-10-09,86.46183013916016
2020-10-12,86.55143737792969
2020-10-13,85.47637939453125
2020-10-14,85.1448745727539
2020-10-15,84.66111755371094
2020-10-16,84.65214538574219
2020-10-19,84.42818450927734
2020-10-20,84.4640121459961
2020-10-21,85.59282684326172
2020-10-22,86.57829284667969
2020-10-23,87.51898956298828
2020-10-26,87.33085632324219
2020-10-27,86.96354675292969
2020-10-28,83.03956604003906
2020-10-29,82.49307250976562
2020-10-30,82.12577056884766
2020-11-02,85.56594848632812
2020-11-03,87.46524047851562
2020-11-04,85.63761138916016
2020-11-05,85.12696838378906
2020-11-06,83.89066314697266
2020-11-09,87.60857391357422
2020-11-10,91.78341674804688
2020-11-11,90.25143432617188
2020-11-12,88.44175720214844
2020-11-13,91.5235824584961
2020-11-16,90.73522186279297
2020-11-17,89.63328552246094
2020-11-18,86.15724182128906
2020-11-19,85.19864654541016
2020-11-20,85.70929718017578
2020-11-23,86.775390625
2020-11-24,89.8393325805664
2020-11-25,89.05992126464844
2020-11-27,87.28836059570312
2020-11-30,86.44990539550781
2020-12-01,87.12606048583984
2020-12-02,86.72037506103516
2020-12-03,87.01790618896484
2020-12-04,87.69405364990234
2020-12-07,87.67601776123047
2020-12-08,87.9825439453125
2020-12-09,88.12680053710938
2020-12-10,88.50544738769531
2020-12-11,89.31684875488281
2020-12-14,89.71354675292969
2020-12-15,91.66991424560547
2020-12-16,89.56928253173828
2020-12-17,89.33489227294922
2020-12-18,85.74671936035156
2020-12-21,82.96090698242188
2020-12-22,83.24040222167969
2020-12-23,82.96991729736328
2020-12-24,83.6370849609375
2020-12-28,84.21405792236328
2020-12-29,83.98867797851562
2020-12-30,84.30421447753906
2020-12-31,86.03520202636719
2021-01-04,84.77301025390625
2021-01-05,83.49282836914062
2021-01-06,84.48455047607422
2021-01-07,80.93240356445312
2021-01-08,80.47261810302734
2021-01-11,79.03914642333984
2021-01-12,78.99407196044922
2021-01-13,79.75138854980469
2021-01-14,79.01211547851562
2021-01-15,81.16680908203125
2021-01-19,81.21189880371094
2021-01-20,81.22090911865234
2021-01-21,80.64390563964844
2021-01-22,80.3193359375
2021-01-25,81.53644561767578
2021-01-26,81.99623107910156
2021-01-27,81.88806915283203
2021-01-28,79.85055541992188
2021-01-29,80.23821258544922
2021-02-01,79.92269134521484
2021-02-02,79.93167877197266
2021-02-03,78.48017120361328
2021-02-04,80.03987121582031
2021-02-05,80.28327941894531
2021-02-08,80.31033325195312
2021-02-09,80.77914428710938
2021-02-10,82.80764770507812
2021-02-11,82.07738494873047
2021-02-12,82.08641052246094
2021-02-16,82.15851593017578
2021-02-17,83.33053588867188
2021-02-18,84.46649932861328
2021-02-19,84.91576385498047
2021-02-22,81.1491928100586
2021-02-23,81.348876953125
2021-02-24,80.4775390625
2021-02-25,80.07821655273438
2021-02-26,76.79269409179688
2021-03-01,77.82733917236328
2021-03-02,79.17967224121094
2021-03-03,80.27788543701172
2021-03-04,80.68631744384766
2021-03-05,83.2366943359375
2021-03-08,83.17317199707031
2021-03-09,81.08565521240234
2021-03-10,82.41984558105469
2021-03-11,81.57576751708984
2021-03-12,82.97348022460938
2021-03-15,84.57996368408203
2021-03-16,85.13359832763672
2021-03-17,83.8901596069336
2021-03-18,84.88853454589844
2021-03-19,85.39678955078125
2021-03-22,84.89761352539062
2021-03-23,85.47847747802734
2021-03-24,86.99419403076172
2021-03-25,88.11054229736328
2021-03-26,88.25575256347656
2021-03-29,89.71701049804688
2021-03-30,89.75331115722656
2021-03-31,89.71701049804688
2021-04-01,89.16337585449219
2021-04-05,89.50825500488281
2021-04-06,89.1815185546875
2021-04-07,89.154296875
2021-04-08,89.23600006103516
2021-04-09,89.97115325927734
2021-04-12,90.17988586425781
2021-04-13,89.93484497070312
2021-04-14,90.87874603271484
2021-04-15,91.95880126953125
2021-04-16,92.41259765625
2021-04-19,92.43074798583984
2021-04-20,94.92666625976562
2021-04-21,93.83755493164062
2021-04-22,93.84662628173828
2021-04-23,93.80123901367188
2021-04-26,92.94808959960938
2021-04-27,92.1040267944336
2021-04-28,91.03304290771484
2021-04-29,92.73933410644531
2021-04-30,94.0190658569336
2021-05-03,94.20059204101562
2021-05-04,93.98275756835938
2021-05-05,93.05699920654297
2021-05-06,93.80123901367188
2021-05-07,93.48356628417969
2021-05-10,93.94646453857422
2021-05-11,91.94972229003906
2021-05-12,90.08004760742188
2021-05-13,91.31439971923828
2021-05-14,91.17826080322266
2021-05-17,89.40843200683594
2021-05-18,89.98021697998047
2021-05-19,89.04537963867188
2021-05-20,89.23600006103516
2021-05-21,89.67898559570312
2021-05-24,89.90733337402344
2021-05-25,89.77945709228516
2021-05-26,90.08088684082031
2021-05-27,90.57413482666016
2021-05-28,90.58326721191406
2021-06-01,90.82988739013672
2021-06-02,91.77069091796875
2021-06-03,92.42835235595703
2021-06-04,91.98991394042969
2021-06-07,92.22742462158203
2021-06-08,91.60628509521484
2021-06-09,92.39183807373047
2021-06-10,92.45575714111328
2021-06-11,92.97639465332031
2021-06-14,92.34613800048828
2021-06-15,92.2182846069336
2021-06-16,91.86205291748047
2021-06-17,91.61542510986328
2021-06-18,89.40494537353516
2021-06-21,90.46451568603516
2021-06-22,89.88906860351562
2021-06-23,88.92085266113281
2021-06-24,89.02132415771484
2021-06-25,90.3640365600586
2021-06-28,90.19961547851562
2021-06-29,88.06224822998047
2021-06-30,87.7882080078125
2021-07-01,88.5828857421875
2021-07-02,88.70162200927734
2021-07-06,88.67424011230469
2021-07-07,89.46890258789062
2021-07-08,89.20401000976562
2021-07-09,89.99868774414062
2021-07-12,90.82988739013672
2021-07-13,90.24530029296875
2021-07-14,90.83902740478516
2021-07-15,92.09037780761719
2021-07-16,92.47401428222656
2021-07-19,90.38228607177734
2021-07-20,90.87554931640625
2021-07-21,89.742919921875
2021-07-22,89.20401000976562
2021-07-23,90.83902740478516
2021-07-26,90.90294647216797
2021-07-27,92.34613800048828
2021-07-28,91.66109466552734
2021-07-29,91.51495361328125
2021-07-30,90.05348205566406
2021-08-02,90.92122650146484
2021-08-03,91.0490951538086
2021-08-04,90.78422546386719
2021-08-05,92.5379638671875
2021-08-06,92.15433502197266
2021-08-09,92.36442565917969
2021-08-10,92.15433502197266
2021-08-11,92.38267517089844
2021-08-12,91.86205291748047
2021-08-13,92.68411254882812
2021-08-16,92.31876373291016
2021-08-17,92.20912170410156
2021-08-18,90.41883850097656
2021-08-19,90.09915161132812
2021-08-20,90.79316711425781
2021-08-23,89.91989135742188
2021-08-24,90.19566345214844
2021-08-25,89.61656188964844
2021-08-26,88.89035034179688
2021-08-27,89.51543426513672
2021-08-30,89.59815979003906
2021-08-31,89.63494873046875
2021-09-01,90.31517791748047
2021-09-02,90.36114501953125
2021-09-03,89.625732421875
2021-09-07,88.36640167236328
2021-09-08,89.76363372802734
2021-09-09,88.4215316772461
2021-09-10,85.59947967529297
2021-09-13,84.73539733886719
2021-09-14,83.9080810546875
2021-09-15,82.32698822021484
2021-09-16,82.5108413696289
2021-09-17,81.89494323730469
2021-09-20,81.93172454833984
2021-09-21,81.60997772216797
2021-09-22,81.58241271972656
2021-09-23,81.0124740600586
2021-09-24,81.09520721435547
2021-09-27,80.50690460205078
2021-09-28,79.68876647949219
2021-09-29,81.72948455810547
2021-09-30,81.07682037353516
2021-10-01,81.60997772216797
2021-10-04,83.23704528808594
2021-10-05,82.74063873291016
2021-10-06,82.87854766845703
2021-10-07,82.5108413696289
2021-10-08,82.69468688964844
2021-10-11,81.913330078125
2021-10-12,81.7938232421875
2021-10-13,84.75377655029297
2021-10-14,86.35325622558594
2021-10-15,85.48917388916016
2021-10-18,83.74263000488281
2021-10-19,85.37886047363281
2021-10-20,86.88641357421875
2021-10-21,85.90282440185547
2021-10-22,86.44518280029297
2021-10-25,86.59224700927734
2021-10-26,86.43598175048828
2021-10-27,84.36770629882812
2021-10-28,85.38805389404297
2021-10-29,84.68023681640625
2021-11-01,85.52593994140625
2021-11-02,86.21537017822266
2021-11-03,85.82010650634766
2021-11-04,86.06827545166016
2021-11-05,86.39920043945312
2021-11-08,85.46158599853516
2021-11-09,85.61786651611328
2021-11-10,86.47276306152344
2021-11-11,87.11620330810547
2021-11-12,87.7229232788086
2021-11-15,88.4399185180664
2021-11-16,86.932373046875
2021-11-17,86.27052307128906
2021-11-18,85.13066101074219
2021-11-19,87.2357406616211
2021-11-22,87.89757537841797
2021-11-23,87.61259460449219
2021-11-24,87.32765197753906
2021-11-26,86.45734405517578
2021-11-29,86.84619903564453
2021-11-30,83.62417602539062
2021-12-01,82.8001708984375
2021-12-02,83.95748901367188
2021-12-03,85.88329315185547
2021-12-06,87.54984283447266
2021-12-07,87.84613037109375
2021-12-08,87.41098022460938
2021-12-09,88.17020416259766
2021-12-10,88.64237976074219
2021-12-13,90.1330337524414
2021-12-14,89.9385757446289
2021-12-15,91.21627807617188
2021-12-16,92.91061401367188
2021-12-17,91.50330352783203
2021-12-20,91.96623992919922
2021-12-21,92.08660125732422
2021-12-22,94.5494155883789
2021-12-23,95.11417388916016
2021-12-27,96.34558868408203
2021-12-28,95.76229095458984
2021-12-29,97.0584945678711
2021-12-30,96.74370574951172
2021-12-31,97.00294494628906
2022-01-03,97.22514343261719
2022-01-04,98.38248443603516
2022-01-05,98.69727325439453
2022-01-06,97.92880249023438
2022-01-07,97.48441314697266
2022-01-10,97.35477447509766
2022-01-11,96.88257598876953
2022-01-12,96.47520446777344
2022-01-13,98.13250732421875
2022-01-14,98.18804931640625
2022-01-18,97.59549713134766
2022-01-19,97.53067779541016
2022-01-20,97.23441314697266
2022-01-21,96.8362808227539
2022-01-24,94.73458099365234
2022-01-25,96.2159423828125
2022-01-26,95.96598815917969
2022-01-27,97.0584945678711
2022-01-28,98.24359893798828
2022-01-31,99.27131652832031
2022-02-01,98.40100860595703
2022-02-02,98.8731918334961
2022-02-03,98.86393737792969
2022-02-04,97.91954040527344
2022-02-07,98.0862045288086
2022-02-08,98.66949462890625
2022-02-09,100.78047180175781
2022-02-10,98.09547424316406
2022-02-11,98.77134704589844
2022-02-14,98.12324523925781
2022-02-15,97.70659637451172
2022-02-16,98.2250747680664
2022-02-17,99.38987731933594
2022-02-18,98.81214904785156
2022-02-22,99.01715087890625
2022-02-23,98.2064437866211
2022-02-24,97.61006927490234
2022-02-25,101.65425109863281
2022-02-28,102.32518005371094
2022-03-01,102.43700408935547
2022-03-02,103.56452178955078
2022-03-03,105.98729705810547
2022-03-04,108.23302459716797
2022-03-07,108.10256958007812
2022-03-08,105.67047882080078
2022-03-09,104.53363037109375
2022-03-10,105.56797790527344
2022-03-11,105.98729705810547
2022-03-14,105.16728210449219
2022-03-15,106.33207702636719
2022-03-16,106.55571746826172
2022-03-17,106.66754150390625
2022-03-18,105.046142578125
2022-03-21,107.38504791259766
2022-03-22,106.37867736816406
2022-03-23,106.51844787597656
2022-03-24,107.78573608398438
2022-03-25,110.44148254394531
2022-03-28,109.7612533569336
2022-03-29,111.0564956665039
2022-03-30,112.1653823852539
2022-03-31,111.34537506103516
2022-04-01,113.13450622558594
2022-04-04,111.0564956665039
2022-04-05,112.0349349975586
2022-04-06,113.73088073730469
2022-04-07,112.62200164794922
2022-04-08,113.41404724121094
2022-04-11,112.29585266113281
2022-04-12,112.0069808959961
2022-04-13,111.7274169921875
2022-04-14,111.57833862304688
2022-04-18,111.4478759765625
2022-04-19,112.3890380859375
2022-04-20,114.32726287841797
2022-04-21,112.90155029296875
2022-04-22,110.6092300415039
2022-04-25,109.67737579345703
2022-04-26,109.0716781616211
2022-04-27,108.14916229248047
2022-04-28,108.84803771972656
2022-04-29,105.67047882080078
2022-05-02,104.14225769042969
2022-05-03,104.93431854248047
2022-05-04,107.45028686523438
2022-05-05,107.19869232177734
2022-05-06,107.0682373046875
2022-05-09,105.88480377197266
2022-05-10,105.4002456665039
2022-05-11,104.94363403320312
2022-05-12,104.44975280761719
2022-05-13,105.26046752929688
2022-05-16,105.44682312011719
2022-05-17,105.99662017822266
2022-05-18,104.22612762451172
2022-05-19,103.77883911132812
2022-05-20,104.72577667236328
2022-05-23,106.57278442382812
2022-05-24,108.78543090820312
2022-05-25,108.68230438232422
2022-05-26,109.45109558105469
2022-05-27,110.2948989868164
2022-05-31,109.0479507446289
2022-06-01,109.16045379638672
2022-06-02,109.31982421875
2022-06-03,108.86044311523438
2022-06-06,109.46985626220703
2022-06-07,110.0979995727539
2022-06-08,108.02600860595703
2022-06-09,105.89773559570312
2022-06-10,104.97891235351562
2022-06-13,100.32862854003906
2022-06-14,98.95040893554688
2022-06-15,99.46605682373047
2022-06-16,98.05033111572266
2022-06-17,97.04713439941406
2022-06-21,98.88475799560547
2022-06-22,99.06290435791016
2022-06-23,100.35673522949219
2022-06-24,102.41937255859375
2022-06-27,103.83509826660156
2022-06-28,103.74134063720703
2022-06-29,103.97573852539062
2022-06-30,105.10079956054688
2022-07-01,107.96036529541016
2022-07-05,103.70384216308594
2022-07-06,105.9446029663086
2022-07-07,105.32581329345703
2022-07-08,105.05393981933594
2022-07-11,105.11955261230469
2022-07-12,104.86641693115234
2022-07-13,104.14448547363281
2022-07-14,103.99446868896484
2022-07-15,104.91328430175781
2022-07-18,104.91328430175781
2022-07-19,106.38526916503906
2022-07-20,104.72577667236328
2022-07-21,105.58834075927734
2022-07-22,106.27275085449219
2022-07-25,107.6041030883789
2022-07-26,108.99168395996094
2022-07-27,109.21670532226562
2022-07-28,112.4419174194336
2022-07-29,113.8107681274414
2022-08-01,113.6045150756836
2022-08-02,112.60131072998047
2022-08-03,111.83250427246094
2022-08-04,108.5979232788086
2022-08-05,106.7790298461914
2022-08-08,107.44470977783203
2022-08-09,108.08226013183594
2022-08-10,107.32282257080078
2022-08-11,108.07286834716797
2022-08-12,109.6479721069336
2022-08-15,110.06051635742188
2022-08-16,110.23865509033203
2022-08-17,110.31365966796875
2022-08-18,110.70743560791016
2022-08-19,111.28266143798828
2022-08-22,109.52869415283203
2022-08-23,109.5947036743164
2022-08-24,110.06620788574219
2022-08-25,110.87718200683594
2022-08-26,109.37781524658203
2022-08-29,109.72672271728516
2022-08-30,107.90673828125
2022-08-31,106.9166030883789
2022-09-01,108.2367935180664
2022-09-02,108.01990509033203
2022-09-06,107.69929504394531
2022-09-07,110.93375396728516
2022-09-08,111.22608184814453
2022-09-09,111.35808563232422
2022-09-12,112.63114929199219
2022-09-13,109.82102966308594
2022-09-14,110.35853576660156
2022-09-15,107.61441802978516
2022-09-16,107.51068878173828
2022-09-19,108.65172576904297
2022-09-20,107.03919982910156
2022-09-21,106.2093505859375
2022-09-22,106.86946105957031
2022-09-23,105.17205810546875
2022-09-26,102.94659423828125
2022-09-27,101.43781280517578
2022-09-28,102.84285736083984
2022-09-29,98.69371032714844
2022-09-30,96.04388427734375
2022-10-03,99.02375030517578
2022-10-04,100.34394836425781
2022-10-05,98.17504119873047
2022-10-06,95.06316375732422
2022-10-07,93.72412109375
2022-10-10,94.18619537353516
2022-10-11,96.37393951416016
2022-10-12,93.60153198242188
2022-10-13,95.67613220214844
2022-10-14,92.51708984375
2022-10-17,93.95043182373047
2022-10-18,95.9495849609375
2022-10-19,96.22306060791016
2022-10-20,94.40306854248047
2022-10-21,95.94014739990234
2022-10-24,95.5723876953125
2022-10-25,97.43008422851562
2022-10-26,97.52438354492188
2022-10-27,98.72198486328125
2022-10-28,101.00402069091797
2022-10-31,100.47595977783203
2022-11-01,100.21192169189453
2022-11-02,99.53296661376953
2022-11-03,98.76912689208984
2022-11-04,99.98558807373047
2022-11-07,98.04302215576172
2022-11-08,98.67484283447266
2022-11-09,97.26978302001953
2022-11-10,105.42667388916016
2022-11-11,104.37996673583984
2022-11-14,104.22908020019531
2022-11-15,105.2192153930664
2022-11-16,105.8981704711914
2022-11-17,104.82315826416016
2022-11-18,108.49139404296875
2022-11-21,109.189208984375
2022-11-22,110.81116485595703
2022-11-23,111.8201675415039
2022-11-25,113.07274627685547
2022-11-28,112.03840637207031
2022-11-29,112.57929992675781
2022-11-30,114.05960083007812
2022-12-01,111.488037109375
2022-12-02,110.58657836914062
2022-12-05,109.94131469726562
2022-12-06,111.44058990478516
2022-12-07,111.4121322631836
2022-12-08,111.49752807617188
2022-12-09,111.65884399414062
2022-12-12,112.92091369628906
2022-12-13,112.47491455078125
2022-12-14,112.29462432861328
2022-12-15,110.89022827148438
2022-12-16,108.90699768066406
2022-12-19,107.68289184570312
2022-12-20,107.2938461303711
2022-12-21,108.72669982910156
2022-12-22,108.20480346679688
2022-12-23,109.22013854980469
2022-12-27,109.67561340332031
2022-12-28,109.19165802001953
2022-12-29,108.64130401611328
2022-12-30,106.34490966796875
2023-01-03,105.51936340332031
2023-01-04,106.22156524658203
2023-01-05,103.30841064453125
2023-01-06,106.78141021728516
2023-01-09,107.97705078125
2023-01-10,108.46101379394531
2023-01-11,110.7668685913086
2023-01-12,110.43475341796875
2023-01-13,108.8785400390625
2023-01-17,108.1288833618164
2023-01-18,105.91791534423828
2023-01-19,106.31645965576172
2023-01-20,107.22740936279297
2023-01-23,107.7208480834961
2023-01-24,108.98291015625
2023-01-25,109.25809478759766
2023-01-26,109.58073425292969
2023-01-27,110.02670288085938
2023-01-30,109.628173828125
2023-01-31,111.53549194335938
2023-02-01,112.8924331665039
2023-02-02,113.44281005859375
2023-02-03,111.203369140625
2023-02-06,111.63038635253906
2023-02-07,110.92819213867188
2023-02-08,110.50116729736328
2023-02-09,108.74567413330078
2023-02-10,110.31138610839844
2023-02-13,110.84278106689453
2023-02-14,109.85590362548828
2023-02-15,110.93768310546875
2023-02-16,110.47929382324219
2023-02-17,111.83533477783203
2023-02-21,110.82308197021484
2023-02-22,110.4315414428711
2023-02-23,110.9185791015625
2023-02-24,110.53659057617188
2023-02-27,109.72488403320312
2023-02-28,107.72900390625
2023-03-01,105.56124114990234
2023-03-02,106.46846008300781
2023-03-03,107.6526107788086
2023-03-06,108.29244232177734
2023-03-07,106.19152069091797
2023-03-08,107.32793426513672
2023-03-09,105.55171203613281
2023-03-10,104.24341583251953
2023-03-13,105.55171203613281
2023-03-14,107.00324249267578
2023-03-15,108.65532684326172
2023-03-16,109.19009399414062
2023-03-17,109.52433013916016
2023-03-20,109.70577239990234
2023-03-21,105.2461166381836
2023-03-22,102.45762634277344
2023-03-23,101.72229766845703
2023-03-24,104.45349884033203
2023-03-27,105.28431701660156
2023-03-28,105.10286712646484
2023-03-29,106.50665283203125
2023-03-30,106.898193359375
2023-03-31,107.29927825927734
2023-04-03,106.10558319091797
2023-04-04,106.14378356933594
2023-04-05,109.66758728027344
2023-04-06,110.2214584350586
2023-04-10,110.84217834472656
2023-04-11,111.12866973876953
2023-04-12,110.67984008789062
2023-04-13,109.19009399414062
2023-04-14,107.94865417480469
2023-04-17,108.9609146118164
2023-04-18,108.48342895507812
2023-04-19,109.57209014892578
2023-04-20,110.55567932128906
2023-04-21,110.18326568603516
2023-04-24,110.98541259765625
2023-04-25,111.03316497802734
2023-04-26,108.72216796875
2023-04-27,109.76307678222656
2023-04-28,108.99911499023438
2023-05-01,109.39064025878906
2023-05-02,107.24198150634766
2023-05-03,107.82450866699219
2023-05-04,112.64704895019531
2023-05-05,112.26506805419922
2023-05-08,112.55155944824219
2023-05-09,113.16273498535156
2023-05-10,113.93624114990234
2023-05-11,112.78074645996094
2023-05-12,113.78345489501953
2023-05-15,112.29370880126953
2023-05-16,110.76577758789062
2023-05-17,111.52019500732422
2023-05-18,110.88037872314453
2023-05-19,112.0240707397461
2023-05-22,111.84146881103516
2023-05-23,111.87030792236328
2023-05-24,111.8799057006836
2023-05-25,110.37100982666016
2023-05-26,109.27537536621094
2023-05-30,109.9769515991211
2023-05-31,110.79388427734375
2023-06-01,107.70878601074219
2023-06-02,110.0634536743164
2023-06-05,110.14034271240234
2023-06-06,110.68816375732422
2023-06-07,112.58150482177734
2023-06-08,112.92748260498047
2023-06-09,112.76410675048828
2023-06-12,112.92748260498047
2023-06-13,112.99476623535156
2023-06-14,112.51422119140625
2023-06-15,112.9178695678711
2023-06-16,112.44694519042969
2023-06-20,111.39936828613281
2023-06-21,113.00437927246094
2023-06-22,111.43779754638672
2023-06-23,109.96734619140625
2023-06-26,111.82223510742188
2023-06-27,112.62955474853516
2023-06-28,110.774658203125
2023-06-29,111.1975326538086
2023-06-30,111.81262969970703
2023-07-03,112.73528289794922
2023-07-05,113.97505950927734
2023-07-06,112.96593475341797
2023-07-07,112.744873046875
2023-07-10,113.00437927246094
2023-07-11,113.86935424804688
2023-07-12,115.68580627441406
2023-07-13,115.70501708984375
2023-07-14,114.79199981689453
2023-07-17,115.03226470947266
2023-07-18,114.70549011230469
2023-07-19,116.45467376708984
2023-07-20,117.42536163330078
2023-07-21,118.48255920410156
2023-07-24,118.37683868408203
2023-07-25,119.03038787841797
2023-07-26,119.56859588623047
2023-07-27,117.50225830078125
2023-07-28,117.34848022460938
2023-07-31,116.9736557006836
2023-08-01,116.34895324707031
2023-08-02,116.75260925292969
2023-08-03,113.73480224609375
2023-08-04,112.70643615722656
2023-08-07,113.3984146118164
2023-08-08,112.58150482177734
2023-08-09,112.90827178955078
2023-08-10,112.40850067138672
2023-08-11,112.88904571533203
2023-08-14,111.72612762451172
2023-08-15,110.23644256591797
2023-08-16,111.15910339355469
2023-08-17,112.139404296875
2023-08-18,113.12596130371094
2023-08-21,112.91317749023438
2023-08-22,113.17432403564453
2023-08-23,112.69071197509766
2023-08-24,112.5843276977539
2023-08-25,113.8416976928711
2023-08-28,112.98087310791016
2023-08-29,113.40645599365234
2023-08-30,113.51285552978516
2023-08-31,112.14906311035156
2023-09-01,111.68480682373047
2023-09-05,108.54134368896484
2023-09-06,108.5896987915039
2023-09-07,110.2920150756836
2023-09-08,110.43709564208984
2023-09-11,110.19528198242188
2023-09-12,110.14691925048828
2023-09-13,111.481689453125
2023-09-14,112.5456314086914
2023-09-15,111.23988342285156
2023-09-18,110.7466049194336
2023-09-19,110.35003662109375
2023-09-20,110.41775512695312
2023-09-21,107.9803466796875
2023-09-22,107.21625518798828
2023-09-25,106.8583755493164
2023-09-26,103.47311401367188
2023-09-27,102.97016143798828
2023-09-28,102.43818664550781
2023-09-29,102.45752716064453
2023-10-02,99.3914566040039
2023-10-03,100.9196548461914
2023-10-04,102.82508087158203
2023-10-05,103.91803741455078
2023-10-06,104.99165344238281
2023-10-09,106.09428405761719
2023-10-10,107.16789245605469
2023-10-11,108.12544250488281
2023-10-12,107.47740173339844
2023-10-13,108.3092041015625
2023-10-16,108.57035827636719
2023-10-17,109.03462219238281
2023-10-18,108.21248626708984
2023-10-19,106.49082946777344
2023-10-20,105.214111328125
2023-10-23,104.2565689086914
2023-10-24,105.10771942138672
2023-10-25,104.79820251464844
2023-10-26,105.19476318359375
2023-10-27,102.64130401611328
2023-10-30,102.95082092285156
2023-10-31,104.13082885742188
2023-11-01,105.10771942138672
2023-11-02,107.72886657714844
2023-11-03,107.83527374267578
2023-11-06,107.0711669921875
2023-11-07,106.25870513916016
2023-11-08,105.68804168701172
2023-11-09,107.64183807373047
2023-11-10,107.75789642333984
2023-11-13,107.47740173339844
2023-11-14,110.39840698242188
2023-11-15,109.80840301513672
2023-11-16,110.31135559082031
2023-11-17,110.16627502441406
2023-11-20,109.21839141845703
2023-11-21,107.94166564941406
2023-11-22,109.3441390991211
2023-11-24,109.10546112060547
2023-11-27,109.72891998291016
2023-11-28,109.59253692626953
2023-11-29,109.15418243408203
2023-11-30,110.86868286132812
2023-12-01,110.90765380859375
2023-12-04,111.94999694824219
2023-12-05,110.93687438964844
2023-12-06,111.7649154663086
2023-12-07,111.57007598876953
2023-12-08,110.52772521972656
2023-12-11,110.39134216308594
2023-12-12,110.76152801513672
2023-12-13,113.83012390136719
2023-12-14,112.4078598022461
2023-12-15,111.85258483886719
2023-12-18,111.32654571533203
2023-12-19,112.17405700683594
2023-12-20,110.23548126220703
2023-12-21,110.81024169921875
2023-12-22,111.94025421142578
2023-12-26,112.8169937133789
2023-12-27,112.92415618896484
2023-12-28,113.08002471923828
2023-12-29,112.90467071533203
2024-01-02,113.90805053710938
2024-01-03,114.96987915039062
2024-01-04,114.56073760986328
2024-01-05,114.93092346191406
2024-01-08,115.7784194946289
2024-01-09,115.30109405517578
2024-01-10,114.98936462402344
2024-01-11,112.4078598022461
2024-01-12,112.7975082397461
2024-01-16,111.1317138671875
2024-01-17,109.82633209228516
2024-01-18,109.52435302734375
2024-01-19,110.15754699707031
2024-01-22,110.21600341796875
2024-01-23,109.78736114501953
2024-01-24,108.02415466308594
2024-01-25,110.9758529663086
2024-01-26,110.76152801513672
2024-01-29,111.30706024169922
2024-01-30,111.55059814453125
2024-01-31,110.99533081054688
2024-02-01,112.7975082397461
2024-02-02,110.82971954345703
2024-02-05,108.89115142822266
2024-02-06,108.92037200927734
2024-02-07,109.03727722167969
2024-02-08,110.01143646240234
2024-02-09,110.18677520751953
2024-02-12,111.05377960205078
2024-02-13,108.86192321777344
2024-02-14,110.06013488769531
2024-02-15,111.3167953491211
2024-02-16,111.00506591796875
2024-02-20,110.75179290771484
2024-02-21,111.72593688964844
2024-02-22,111.2388687133789
2024-02-23,110.62570190429688
2024-02-26,109.50727844238281
2024-02-27,110.4000473022461
2024-02-28,110.33137512207031
2024-02-29,110.77286529541016
2024-03-01,110.59626770019531
2024-03-04,112.50936126708984
2024-03-05,112.29351806640625
2024-03-06,113.0195083618164
2024-03-07,113.40213012695312
2024-03-08,113.62777709960938
2024-03-11,114.78544616699219
2024-03-12,114.31452178955078
2024-03-13,114.03001403808594
2024-03-14,112.7251968383789
2024-03-15,112.38182067871094
2024-03-18,113.22554016113281
2024-03-19,113.58853149414062
2024-03-20,114.2948989868164
2024-03-21,114.61866760253906
2024-03-22,114.36358642578125
2024-03-25,113.90248107910156
2024-03-26,113.06856536865234
2024-03-27,116.02159881591797
2024-03-28,116.62004852294922
2024-04-01,115.61935424804688
2024-04-02,115.54086303710938
2024-04-03,114.75601196289062
2024-04-04,113.9319076538086
2024-04-05,114.03001403808594
2024-04-08,114.12812805175781
2024-04-09,114.43225860595703
2024-04-10,112.90178680419922
2024-04-11,112.21503448486328
2024-04-12,111.83241271972656
2024-04-15,110.9200210571289
2024-04-16,110.20384216308594
2024-04-17,112.39163208007812
2024-04-18,112.40144348144531
2024-04-19,114.98165893554688
2024-04-22,115.84500122070312
2024-04-23,115.44275665283203
2024-04-24,116.41402435302734
2024-04-25,115.93329620361328
2024-04-26,114.7167739868164
2024-04-29,116.39440155029297
2024-04-30,115.66841125488281
2024-05-01,116.41402435302734
2024-05-02,116.79664611816406
2024-05-03,117.06153106689453
2024-05-06,117.1890640258789
2024-05-07,118.06221771240234
2024-05-08,118.30748748779297
2024-05-09,117.42453002929688
2024-05-10,114.96204376220703
2024-05-13,114.12812805175781
2024-05-14,115.03071594238281
2024-05-15,115.58010864257812
2024-05-16,116.31591796875
2024-05-17,116.39440155029297
2024-05-20,116.04122161865234
2024-05-21,116.25704956054688
2024-05-22,114.97184753417969
2024-05-23,111.83241271972656
2024-05-24,111.2642822265625
2024-05-28,110.70110321044922
2024-05-29,110.00946807861328
2024-05-30,111.24452209472656
2024-05-31,114.53472900390625
2024-06-03,114.12963104248047
2024-06-04,114.50508880615234
2024-06-05,113.63561248779297
2024-06-06,114.07034301757812
2024-06-07,113.4083480834961
2024-06-10,114.0999984741211
2024-06-11,114.36676788330078
2024-06-12,114.7916259765625
2024-06-13,114.78174591064453
2024-06-14,114.7619857788086
2024-06-17,114.90031433105469
2024-06-18,115.6018295288086
2024-06-20,115.77967834472656
2024-06-21,114.90031433105469
2024-06-24,116.60963439941406
2024-06-25,115.13744354248047
2024-06-26,114.72246551513672
2024-06-27,115.15721130371094
2024-06-28,115.25601196289062
2024-07-01,114.5940170288086
2024-07-02,115.12755584716797
2024-07-03,113.7838134765625
2024-07-05,113.2502670288086
2024-07-08,112.71672058105469
2024-07-09,113.39847564697266
2024-07-10,115.61170959472656
2024-07-11,118.43753051757812
2024-07-12,119.49474334716797
2024-07-15,119.38605499267578
2024-07-16,120.87801361083984
2024-07-17,123.16040802001953
2024-07-18,121.74749755859375
2024-07-19,121.48072052001953
2024-07-22,122.0340347290039
2024-07-23,123.05171966552734
2024-07-24,124.39546966552734
2024-07-25,123.43706512451172
2024-07-26,124.6523666381836
2024-07-29,125.5218505859375
2024-07-30,126.68775177001953
2024-07-31,126.351806640625
2024-08-01,128.5255126953125
2024-08-02,128.4365997314453
2024-08-05,125.73921966552734
2024-08-06,125.99610137939453
2024-08-07,126.56918334960938
2024-08-08,125.43292236328125
2024-08-09,126.519775390625
2024-08-12,127.10272979736328
2024-08-13,127.26082611083984
2024-08-14,127.12248992919922
2024-08-15,127.4880599975586
2024-08-16,127.6659164428711
2024-08-19,127.863525390625
2024-08-20,127.7153091430664
2024-08-21,128.04136657714844
2024-08-22,128.16981506347656
2024-08-23,128.53538513183594
2024-08-26,129.43515014648438
2024-08-27,128.5602569580078
2024-08-28,128.34152221679688
2024-08-29,128.63978576660156
2024-08-30,129.98196411132812
2024-09-03,131.08554077148438
2024-09-04,131.43350219726562
2024-09-05,130.65802001953125
2024-09-06,130.0416259765625
2024-09-09,133.02423095703125
2024-09-10,135.41030883789062
2024-09-11,133.99853515625
2024-09-12,133.9886016845703
2024-09-13,136.17584228515625
2024-09-16,137.4683074951172
2024-09-17,137.3489990234375
2024-09-18,135.73838806152344
2024-09-19,135.46002197265625
2024-09-20,135.76821899414062
2024-09-23,136.55364990234375
2024-09-24,135.6886749267578
2024-09-25,135.78810119628906
2024-09-26,135.9770050048828
2024-09-27,136.98114013671875
2024-09-30,137.90576171875
2024-10-01,138.17417907714844
2024-10-02,138.31336975097656
2024-10-03,138.4127960205078
2024-10-04,139.02920532226562
2024-10-07,136.86184692382812
2024-10-08,137.42852783203125
2024-10-09,137.2396240234375
2024-10-10,137.39871215820312
2024-10-11,138.55198669433594
2024-10-14,139.46664428710938
2024-10-15,141.1766815185547
2024-10-16,143.10543823242188
2024-10-17,142.9264678955078
2024-10-18,142.4293670654297
2024-10-21,141.38546752929688
2024-10-22,141.09713745117188
2024-10-23,142.28024291992188
2024-10-24,141.84278869628906
2024-10-25,139.9040985107422
2024-10-28,140.66964721679688
2024-10-29,139.6356658935547
2024-10-30,138.8104705810547
2024-10-31,137.975341796875
2024-11-01,137.59754943847656
2024-11-04,136.8717803955078
2024-11-05,137.1799774169922
2024-11-06,138.07476806640625
2024-11-07,140.61993408203125
2024-11-08,143.35398864746094
2024-11-11,145.26284790039062
2024-11-12,145.96873474121094
2024-11-13,145.6605224609375
2024-11-14,143.50311279296875
2024-11-15,144.0499267578125
2024-11-18,146.11785888671875
2024-11-19,145.928955078125
2024-11-20,146.3664093017578
2024-11-21,149.38877868652344
2024-11-22,149.1800079345703
2024-11-25,150.17999267578125
2024-11-26,150.3300018310547
2024-11-27,151.42999267578125
2024-11-29,151.32000732421875
2024-12-02,148.55999755859375
2024-12-03,146.02999877929688
2024-12-04,144.0
2024-12-05,143.0399932861328
2024-12-06,141.9600067138672
2024-12-09,141.0500030517578
2024-12-10,141.11000061035156
2024-12-11,140.02999877929688
2024-12-12,140.22000122070312
2024-12-13,140.5800018310547
2024-12-16,140.4499969482422
2024-12-17,141.3800048828125
