,BWA
2014-01-02,41.30388259887695
2014-01-03,41.26628112792969
2014-01-06,41.34897994995117
2014-01-07,42.386474609375
2014-01-08,42.31130599975586
2014-01-09,42.326332092285156
2014-01-10,42.664634704589844
2014-01-13,41.77751541137695
2014-01-14,42.687191009521484
2014-01-15,42.070716857910156
2014-01-16,42.799957275390625
2014-01-17,41.957950592041016
2014-01-21,42.183475494384766
2014-01-22,42.664634704589844
2014-01-23,41.83012008666992
2014-01-24,40.379173278808594
2014-01-27,40.35660934448242
2014-01-28,40.597171783447266
2014-01-29,40.55960464477539
2014-01-30,40.85725402832031
2014-01-31,40.46540832519531
2014-02-03,38.671966552734375
2014-02-04,39.32000732421875
2014-02-05,39.51594924926758
2014-02-06,40.26948165893555
2014-02-07,40.6236457824707
2014-02-10,40.6161003112793
2014-02-11,41.19634246826172
2014-02-12,41.77655792236328
2014-02-13,42.899356842041016
2014-02-14,43.67551803588867
2014-02-18,43.78101348876953
2014-02-19,44.66264724731445
2014-02-20,45.52922058105469
2014-02-21,46.086849212646484
2014-02-24,46.19234085083008
2014-02-25,45.973812103271484
2014-02-26,45.868324279785156
2014-02-27,46.260169982910156
2014-02-28,46.305381774902344
2014-03-03,45.81557846069336
2014-03-04,46.734893798828125
2014-03-05,46.305381774902344
2014-03-06,46.606807708740234
2014-03-07,46.19987869262695
2014-03-10,46.388282775878906
2014-03-11,46.07931900024414
2014-03-12,46.252628326416016
2014-03-13,45.74022674560547
2014-03-14,46.064247131347656
2014-03-17,46.2375602722168
2014-03-18,46.84792709350586
2014-03-19,46.2677116394043
2014-03-20,47.03632736206055
2014-03-21,46.5239143371582
2014-03-24,45.76283645629883
2014-03-25,45.12230682373047
2014-03-26,45.25042724609375
2014-03-27,44.941463470458984
2014-03-28,45.227813720703125
2014-03-31,46.32044982910156
2014-04-01,47.5261344909668
2014-04-02,47.92549514770508
2014-04-03,47.62408447265625
2014-04-04,46.79518508911133
2014-04-07,45.40867614746094
2014-04-08,45.58952331542969
2014-04-09,46.81026077270508
2014-04-10,45.51416778564453
2014-04-11,44.66264724731445
2014-04-14,45.48402404785156
2014-04-15,45.92107391357422
2014-04-16,46.76504135131836
2014-04-17,47.164424896240234
2014-04-21,47.571327209472656
2014-04-22,47.76726531982422
2014-04-23,47.84260940551758
2014-04-24,48.03853988647461
2014-04-25,46.44855880737305
2014-04-28,46.20741653442383
2014-04-29,46.07931900024414
2014-04-30,46.92124557495117
2014-05-01,45.803707122802734
2014-05-02,45.79615783691406
2014-05-05,45.68290328979492
2014-05-06,45.426151275634766
2014-05-07,45.25251007080078
2014-05-08,45.16943359375
2014-05-09,44.6408805847168
2014-05-12,46.14350509643555
2014-05-13,45.93962860107422
2014-05-14,45.56964111328125
2014-05-15,44.5955696105957
2014-05-16,45.09393310546875
2014-05-19,45.2827033996582
2014-05-20,44.844749450683594
2014-05-21,45.66780471801758
2014-05-22,46.105743408203125
2014-05-23,46.94388198852539
2014-05-27,47.087364196777344
2014-05-28,47.29124069213867
2014-05-29,47.44979476928711
2014-05-30,47.48755645751953
2014-06-02,47.8046875
2014-06-03,48.17469024658203
2014-06-04,48.62020492553711
2014-06-05,49.19406509399414
2014-06-06,49.95669174194336
2014-06-09,49.767940521240234
2014-06-10,49.888736724853516
2014-06-11,49.89629364013672
2014-06-12,48.680599212646484
2014-06-13,49.17140579223633
2014-06-16,49.18650817871094
2014-06-17,49.133663177490234
2014-06-18,49.04304504394531
2014-06-19,49.14875030517578
2014-06-20,48.824073791503906
2014-06-23,48.77876663208008
2014-06-24,48.09162902832031
2014-06-25,48.725914001464844
2014-06-26,49.12611389160156
2014-06-27,49.35262680053711
2014-06-30,49.22426986694336
2014-07-01,49.89629364013672
2014-07-02,50.304046630859375
2014-07-03,50.5985221862793
2014-07-07,50.3870964050293
2014-07-08,50.258731842041016
2014-07-09,50.87791061401367
2014-07-10,49.94914245605469
2014-07-11,49.979347229003906
2014-07-14,49.7603759765625
2014-07-15,49.36017608642578
2014-07-16,49.21672439575195
2014-07-17,48.446537017822266
2014-07-18,49.21672439575195
2014-07-21,48.95243835449219
2014-07-22,49.60934829711914
2014-07-23,49.43568801879883
2014-07-24,49.50364303588867
2014-07-25,49.71505355834961
2014-07-28,49.4507942199707
2014-07-29,48.725914001464844
2014-07-30,48.70325469970703
2014-07-31,47.00429916381836
2014-08-01,45.99248504638672
2014-08-04,46.83061981201172
2014-08-05,46.354923248291016
2014-08-06,45.89431381225586
2014-08-07,45.87921142578125
2014-08-08,46.755126953125
2014-08-11,46.69471740722656
2014-08-12,46.55879592895508
2014-08-13,46.989200592041016
2014-08-14,47.13267135620117
2014-08-15,46.936344146728516
2014-08-18,47.13267135620117
2014-08-19,47.48755645751953
2014-08-20,48.11429214477539
2014-08-21,47.351646423339844
2014-08-22,46.989200592041016
2014-08-25,47.12512969970703
2014-08-26,46.67960739135742
2014-08-27,46.792877197265625
2014-08-28,46.87611770629883
2014-08-29,47.05770492553711
2014-09-02,47.436058044433594
2014-09-03,47.496578216552734
2014-09-04,47.708457946777344
2014-09-05,47.81439208984375
2014-09-08,47.314979553222656
2014-09-09,46.777740478515625
2014-09-10,46.414546966552734
2014-09-11,46.301029205322266
2014-09-12,45.55192184448242
2014-09-15,44.409339904785156
2014-09-16,44.152061462402344
2014-09-17,43.72834014892578
2014-09-18,44.14451217651367
2014-09-19,43.73590087890625
2014-09-22,43.01704788208008
2014-09-23,42.61602020263672
2014-09-24,43.00193786621094
2014-09-25,42.61602020263672
2014-09-26,42.61602020263672
2014-09-29,41.095096588134766
2014-09-30,39.80874252319336
2014-10-01,40.361122131347656
2014-10-02,40.88323211669922
2014-10-03,41.0572509765625
2014-10-06,40.90593719482422
2014-10-07,39.740638732910156
2014-10-08,40.4670524597168
2014-10-09,38.90830612182617
2014-10-10,39.241241455078125
2014-10-13,38.01542282104492
2014-10-14,39.68013000488281
2014-10-15,39.61201477050781
2014-10-16,41.25400161743164
2014-10-17,41.602073669433594
2014-10-20,41.306968688964844
2014-10-21,42.706825256347656
2014-10-22,42.162017822265625
2014-10-23,42.76734924316406
2014-10-24,42.600894927978516
2014-10-27,41.82149887084961
2014-10-28,43.22136306762695
2014-10-29,43.024635314941406
2014-10-30,41.14051055908203
2014-10-31,43.14570236206055
2014-11-03,43.18352127075195
2014-11-04,42.15445327758789
2014-11-05,43.3726921081543
2014-11-06,44.45473861694336
2014-11-07,43.64510726928711
2014-11-10,42.56306457519531
2014-11-11,41.995548248291016
2014-11-12,41.8063850402832
2014-11-13,41.84421157836914
2014-11-14,41.75341033935547
2014-11-17,42.351192474365234
2014-11-18,43.31216812133789
2014-11-19,43.19865417480469
2014-11-20,43.64510726928711
2014-11-21,44.05370330810547
2014-11-24,43.98561477661133
2014-11-25,43.26675796508789
2014-11-26,43.1909294128418
2014-11-28,42.895145416259766
2014-12-01,43.09233474731445
2014-12-02,43.41843032836914
2014-12-03,44.55603790283203
2014-12-04,44.0099983215332
2014-12-05,43.585289001464844
2014-12-08,42.51594543457031
2014-12-09,42.44771194458008
2014-12-10,40.51376724243164
2014-12-11,40.50617980957031
2014-12-12,40.01322555541992
2014-12-15,40.01322555541992
2014-12-16,38.93629455566406
2014-12-17,39.77812194824219
2014-12-18,40.657875061035156
2014-12-19,41.57552719116211
2014-12-22,41.605857849121094
2014-12-23,42.766212463378906
2014-12-24,42.22016525268555
2014-12-26,42.22776412963867
2014-12-29,42.66763687133789
2014-12-30,41.99264907836914
2014-12-31,41.674129486083984
2015-01-02,41.514854431152344
2015-01-05,40.31657791137695
2015-01-06,40.03597640991211
2015-01-07,40.97639846801758
2015-01-08,41.674129486083984
2015-01-09,40.58960723876953
2015-01-12,39.527854919433594
2015-01-13,39.01212692260742
2015-01-14,39.23207092285156
2015-01-15,38.26890563964844
2015-01-16,38.526771545410156
2015-01-20,40.01322555541992
2015-01-21,40.58960723876953
2015-01-22,41.80305099487305
2015-01-23,41.545196533203125
2015-01-26,41.58311462402344
2015-01-27,41.621028900146484
2015-01-28,40.43793487548828
2015-01-29,41.48452377319336
2015-01-30,40.96123123168945
2015-02-02,42.113983154296875
2015-02-03,43.25159454345703
2015-02-04,43.56254959106445
2015-02-05,44.222347259521484
2015-02-06,44.41195297241211
2015-02-09,43.22883605957031
2015-02-10,43.91142272949219
2015-02-11,44.002410888671875
2015-02-12,46.55062484741211
2015-02-13,45.63297653198242
2015-02-17,45.928741455078125
2015-02-18,45.7315673828125
2015-02-19,45.95149612426758
2015-02-20,46.48996353149414
2015-02-23,46.429298400878906
2015-02-24,46.30795669555664
2015-02-25,46.8615837097168
2015-02-26,46.777984619140625
2015-02-27,46.70957946777344
2015-03-02,47.8875846862793
2015-03-03,47.857177734375
2015-03-04,47.249183654785156
2015-03-05,47.15038299560547
2015-03-06,46.101593017578125
2015-03-09,46.15479278564453
2015-03-10,45.15158462524414
2015-03-11,44.55118179321289
2015-03-12,45.66078186035156
2015-03-13,44.687992095947266
2015-03-16,45.736793518066406
2015-03-17,45.16678237915039
2015-03-18,46.12438201904297
2015-03-19,45.70639419555664
2015-03-20,45.94957733154297
2015-03-23,46.002784729003906
2015-03-24,45.59239196777344
2015-03-25,44.87038040161133
2015-03-26,44.938785552978516
2015-03-27,45.136383056640625
2015-03-30,46.435977935791016
2015-03-31,45.964778900146484
2015-04-01,45.66837692260742
2015-04-02,46.42839050292969
2015-04-06,47.180782318115234
2015-04-07,46.352394104003906
2015-04-08,46.79318618774414
2015-04-09,46.89958953857422
2015-04-10,46.5955810546875
2015-04-13,45.987586975097656
2015-04-14,46.01038360595703
2015-04-15,46.162384033203125
2015-04-16,46.276390075683594
2015-04-17,46.14719009399414
2015-04-20,46.473976135253906
2015-04-21,46.321983337402344
2015-04-22,46.352394104003906
2015-04-23,46.12438201904297
2015-04-24,46.20038986206055
2015-04-27,46.53477478027344
2015-04-28,46.41318130493164
2015-04-29,46.29918670654297
2015-04-30,44.99198532104492
2015-05-01,45.21999740600586
2015-05-04,45.99519348144531
2015-05-05,46.002784729003906
2015-05-06,46.07119369506836
2015-05-07,46.01038360595703
2015-05-08,46.56519317626953
2015-05-11,46.15479278564453
2015-05-12,46.314388275146484
2015-05-13,46.572792053222656
2015-05-14,46.86158752441406
2015-05-15,46.983184814453125
2015-05-18,46.88438034057617
2015-05-19,46.352394104003906
2015-05-20,46.20038986206055
2015-05-21,46.777984619140625
2015-05-22,46.435977935791016
2015-05-26,45.911582946777344
2015-05-27,46.20038986206055
2015-05-28,45.98712921142578
2015-05-29,45.81196975708008
2015-06-01,46.35270690917969
2015-06-02,46.60405349731445
2015-06-03,46.931549072265625
2015-06-04,46.101375579833984
2015-06-05,45.7433967590332
2015-06-08,45.61393356323242
2015-06-09,45.69009017944336
2015-06-10,46.42886734008789
2015-06-11,46.3070182800293
2015-06-12,46.07853317260742
2015-06-15,45.73579406738281
2015-06-16,45.84242630004883
2015-06-17,46.07853317260742
2015-06-18,46.39079284667969
2015-06-19,45.979515075683594
2015-06-22,46.29177474975586
2015-06-23,46.01759719848633
2015-06-24,45.49208068847656
2015-06-25,45.27119827270508
2015-06-26,45.30928039550781
2015-06-29,43.763160705566406
2015-06-30,43.29096984863281
2015-07-01,43.73271179199219
2015-07-02,43.90788269042969
2015-07-06,43.260501861572266
2015-07-07,43.1234130859375
2015-07-08,40.7166633605957
2015-07-09,40.579559326171875
2015-07-10,40.84613800048828
2015-07-13,41.729618072509766
2015-07-14,41.546836853027344
2015-07-15,40.99845886230469
2015-07-16,39.452362060546875
2015-07-17,39.77225112915039
2015-07-20,39.63514709472656
2015-07-21,39.83317565917969
2015-07-22,39.261940002441406
2015-07-23,39.38381576538086
2015-07-24,38.736427307128906
2015-07-27,38.370845794677734
2015-07-28,39.147705078125
2015-07-29,39.93217849731445
2015-07-30,37.967166900634766
2015-07-31,37.86056137084961
2015-08-03,37.3045654296875
2015-08-04,36.89329147338867
2015-08-05,36.3753662109375
2015-08-06,36.314449310302734
2015-08-07,36.451541900634766
2015-08-10,36.855201721191406
2015-08-11,35.49189758300781
2015-08-12,35.628990173339844
2015-08-13,35.324317932128906
2015-08-14,35.316715240478516
2015-08-17,35.636592864990234
2015-08-18,35.91078567504883
2015-08-19,35.40810775756836
2015-08-20,34.50177764892578
2015-08-21,33.67920684814453
2015-08-24,33.03182601928711
2015-08-25,32.85666275024414
2015-08-26,33.557342529296875
2015-08-27,33.67920684814453
2015-08-28,33.8472785949707
2015-08-31,33.335472106933594
2015-09-01,32.44173812866211
2015-09-02,32.78547668457031
2015-09-03,32.81603240966797
2015-09-04,32.51049041748047
2015-09-08,33.557003021240234
2015-09-09,33.595191955566406
2015-09-10,33.41184997558594
2015-09-11,32.9764518737793
2015-09-14,32.92298126220703
2015-09-15,33.22853469848633
2015-09-16,34.09170150756836
2015-09-17,33.91602325439453
2015-09-18,32.808387756347656
2015-09-21,32.548683166503906
2015-09-22,30.073728561401367
2015-09-23,29.775814056396484
2015-09-24,29.707063674926758
2015-09-25,30.55496597290039
2015-09-28,30.417470932006836
2015-09-29,30.87579917907715
2015-09-30,31.769535064697266
2015-10-01,31.876476287841797
2015-10-02,32.266048431396484
2015-10-05,33.00700759887695
2015-10-06,33.22853469848633
2015-10-07,34.22156524658203
2015-10-08,34.32850646972656
2015-10-09,34.51946258544922
2015-10-12,34.25212097167969
2015-10-13,33.22088623046875
2015-10-14,33.14449691772461
2015-10-15,33.6257438659668
2015-10-16,33.335472106933594
2015-10-19,32.686180114746094
2015-10-20,32.930625915527344
2015-10-21,32.75492858886719
2015-10-22,32.28132247924805
2015-10-23,33.35075759887695
2015-10-26,34.07642364501953
2015-10-27,33.36601638793945
2015-10-28,34.77918243408203
2015-10-29,31.754247665405273
2015-10-30,32.709083557128906
2015-11-02,32.693817138671875
2015-11-03,32.70146179199219
2015-11-04,32.464664459228516
2015-11-05,32.31188201904297
2015-11-06,31.84591293334961
2015-11-09,32.288978576660156
2015-11-10,32.12091064453125
2015-11-11,31.6778621673584
2015-11-12,31.211891174316406
2015-11-13,30.455669403076172
2015-11-16,30.982738494873047
2015-11-17,31.04384994506836
2015-11-18,32.563968658447266
2015-11-19,32.372989654541016
2015-11-20,33.014644622802734
2015-11-23,32.884788513183594
2015-11-24,32.90769958496094
2015-11-25,32.83895492553711
2015-11-27,32.77764892578125
2015-11-30,32.708709716796875
2015-12-01,33.26802062988281
2015-12-02,32.77764892578125
2015-12-03,32.35625076293945
2015-12-04,33.17607116699219
2015-12-07,32.76234436035156
2015-12-08,31.636035919189453
2015-12-09,31.620710372924805
2015-12-10,31.50577735900879
2015-12-11,30.50973129272461
2015-12-14,30.624662399291992
2015-12-15,31.245281219482422
2015-12-16,32.271968841552734
2015-12-17,31.46746063232422
2015-12-18,31.275930404663086
2015-12-21,31.858224868774414
2015-12-22,32.27963638305664
2015-12-23,33.38295364379883
2015-12-24,33.336978912353516
2015-12-28,33.24502944946289
2015-12-29,33.74306106567383
2015-12-30,33.65111541748047
2015-12-31,33.1224365234375
2016-01-04,32.371578216552734
2016-01-05,31.850563049316406
2016-01-06,30.808549880981445
2016-01-07,28.893064498901367
2016-01-08,28.042593002319336
2016-01-11,28.264785766601562
2016-01-12,28.655550003051758
2016-01-13,25.927906036376953
2016-01-14,25.17703628540039
2016-01-15,23.805559158325195
2016-01-19,23.246240615844727
2016-01-20,23.085338592529297
2016-01-21,22.395769119262695
2016-01-22,22.28084373474121
2016-01-25,21.629575729370117
2016-01-26,22.027997970581055
2016-01-27,22.211885452270508
2016-01-28,21.813461303710938
2016-01-29,22.4953670501709
2016-02-01,22.809511184692383
2016-02-02,22.01266860961914
2016-02-03,21.798141479492188
2016-02-04,22.778858184814453
2016-02-05,22.564327239990234
2016-02-08,22.242530822753906
2016-02-09,22.68691635131836
2016-02-10,23.25390625
2016-02-11,23.131309509277344
2016-02-12,24.318910598754883
2016-02-16,24.824594497680664
2016-02-17,25.736366271972656
2016-02-18,25.008480072021484
2016-02-19,24.74798011779785
2016-02-22,25.184703826904297
2016-02-23,24.61005973815918
2016-02-24,24.832258224487305
2016-02-25,24.97783660888672
2016-02-26,25.41631317138672
2016-02-29,25.139375686645508
2016-03-01,26.277883529663086
2016-03-02,26.716352462768555
2016-03-03,26.977901458740234
2016-03-04,26.92405891418457
2016-03-07,27.27791404724121
2016-03-08,26.47788429260254
2016-03-09,27.016366958618164
2016-03-10,26.63942527770996
2016-03-11,27.64715576171875
2016-03-14,27.64715576171875
2016-03-15,27.424076080322266
2016-03-16,28.524118423461914
2016-03-17,28.93181610107422
2016-03-18,29.208755493164062
2016-03-21,29.070293426513672
2016-03-22,28.893360137939453
2016-03-23,28.262563705444336
2016-03-24,28.40103530883789
2016-03-28,28.554885864257812
2016-03-29,28.793357849121094
2016-03-30,29.1702938079834
2016-03-31,29.53953742980957
2016-04-01,28.98567008972168
2016-04-04,27.13945198059082
2016-04-05,27.06252670288086
2016-04-06,26.754823684692383
2016-04-07,26.193260192871094
2016-04-08,26.29326629638672
2016-04-11,26.770200729370117
2016-04-12,26.862518310546875
2016-04-13,28.2702579498291
2016-04-14,28.50103759765625
2016-04-15,28.70873260498047
2016-04-18,28.770278930664062
2016-04-19,29.624147415161133
2016-04-20,29.685693740844727
2016-04-21,29.662614822387695
2016-04-22,29.601072311401367
2016-04-25,29.570301055908203
2016-04-26,30.716501235961914
2016-04-27,29.708768844604492
2016-04-28,28.03948402404785
2016-04-29,27.63178062438965
2016-05-02,27.45484161376953
2016-05-03,27.53177261352539
2016-05-04,26.447118759155273
2016-05-05,26.039403915405273
2016-05-06,26.1009464263916
2016-05-09,26.031715393066406
2016-05-10,26.339418411254883
2016-05-11,26.154794692993164
2016-05-12,25.962480545043945
2016-05-13,25.362459182739258
2016-05-16,25.70862579345703
2016-05-17,25.739398956298828
2016-05-18,25.7163143157959
2016-05-19,24.862443923950195
2016-05-20,25.26245880126953
2016-05-23,24.970134735107422
2016-05-24,25.485544204711914
2016-05-25,25.908634185791016
2016-05-26,25.6547794342041
2016-05-27,25.9482421875
2016-05-31,26.280315399169922
2016-06-01,25.90191078186035
2016-06-02,26.566055297851562
2016-06-03,26.010019302368164
2016-06-06,26.542888641357422
2016-06-07,26.91357421875
2016-06-08,26.73595428466797
2016-06-09,26.766849517822266
2016-06-10,25.994579315185547
2016-06-13,25.291810989379883
2016-06-14,24.828453063964844
2016-06-15,25.175975799560547
2016-06-16,25.430822372436523
2016-06-17,25.855567932128906
2016-06-20,26.820913314819336
2016-06-21,25.755176544189453
2016-06-22,25.60072135925293
2016-06-23,26.025470733642578
2016-06-24,23.55420684814453
2016-06-27,21.38412857055664
2016-06-28,21.947887420654297
2016-06-29,22.61976432800293
2016-06-30,22.797386169433594
2016-07-01,23.392038345336914
2016-07-05,22.02511215209961
2016-07-06,22.1486759185791
2016-07-07,22.72015953063965
2016-07-08,23.6082706451416
2016-07-11,23.94806480407715
2016-07-12,24.20290756225586
2016-07-13,24.071624755859375
2016-07-14,24.35736656188965
2016-07-15,24.604496002197266
2016-07-18,24.843896865844727
2016-07-19,24.604496002197266
2016-07-20,24.913402557373047
2016-07-21,25.639333724975586
2016-07-22,25.500322341918945
2016-07-25,25.685672760009766
2016-07-26,26.210811614990234
2016-07-27,26.419328689575195
2016-07-28,25.091022491455078
2016-07-29,25.62388801574707
2016-08-01,25.5698299407959
2016-08-02,24.81300926208496
2016-08-03,25.260923385620117
2016-08-04,25.160533905029297
2016-08-05,25.685672760009766
2016-08-08,25.816959381103516
2016-08-09,26.03318214416504
2016-08-10,26.03318214416504
2016-08-11,26.257150650024414
2016-08-12,26.11041831970215
2016-08-15,26.488832473754883
2016-08-16,26.450212478637695
2016-08-17,26.257150650024414
2016-08-18,26.26487159729004
2016-08-19,26.419328689575195
2016-08-22,26.434768676757812
2016-08-23,26.612390518188477
2016-08-24,26.249427795410156
2016-08-25,26.079532623291016
2016-08-26,25.98685073852539
2016-08-29,26.257150650024414
2016-08-30,26.613750457763672
2016-08-31,26.660274505615234
2016-09-01,26.83082389831543
2016-09-02,27.210683822631836
2016-09-06,27.559539794921875
2016-09-07,28.001420974731445
2016-09-08,27.784358978271484
2016-09-09,26.466459274291992
2016-09-12,27.3502254486084
2016-09-13,26.985868453979492
2016-09-14,27.063396453857422
2016-09-15,27.202939987182617
2016-09-16,27.047889709472656
2016-09-19,26.792062759399414
2016-09-20,26.559492111206055
2016-09-21,26.427696228027344
2016-09-22,27.210683822631836
2016-09-23,27.202939987182617
2016-09-26,26.923852920532227
2016-09-27,26.73779296875
2016-09-28,26.970367431640625
2016-09-29,26.59050178527832
2016-09-30,27.272705078125
2016-10-03,27.28046226501465
2016-10-04,27.171924591064453
2016-10-05,28.14096450805664
2016-10-06,27.528533935546875
2016-10-07,27.668075561523438
2016-10-10,27.985923767089844
2016-10-11,27.567293167114258
2016-10-12,27.59830093383789
2016-10-13,26.776554107666016
2016-10-14,26.877336502075195
2016-10-17,26.481962203979492
2016-10-18,26.07884407043457
2016-10-19,27.040136337280273
2016-10-20,27.102153778076172
2016-10-21,26.970367431640625
2016-10-24,27.497528076171875
2016-10-25,27.094398498535156
2016-10-26,27.435501098632812
2016-10-27,27.474266052246094
2016-10-28,27.62156105041504
2016-10-31,27.784358978271484
2016-11-01,27.342477798461914
2016-11-02,26.947105407714844
2016-11-03,26.536231994628906
2016-11-04,26.427696228027344
2016-11-07,27.3037166595459
2016-11-08,27.419994354248047
2016-11-09,26.38118553161621
2016-11-10,27.288209915161133
2016-11-11,26.65251922607422
2016-11-14,26.528486251831055
2016-11-15,26.714536666870117
2016-11-16,26.73779296875
2016-11-17,27.427749633789062
2016-11-18,27.660320281982422
2016-11-21,28.03243637084961
2016-11-22,27.7611026763916
2016-11-23,27.435501098632812
2016-11-25,27.660320281982422
2016-11-28,27.435501098632812
2016-11-29,26.820636749267578
2016-11-30,27.707908630371094
2016-12-01,28.66524314880371
2016-12-02,28.073720932006836
2016-12-05,29.17892074584961
2016-12-06,30.478708267211914
2016-12-07,32.37779998779297
2016-12-08,32.40114212036133
2016-12-09,32.58015060424805
2016-12-12,31.988624572753906
2016-12-13,31.73178482055664
2016-12-14,30.595447540283203
2016-12-15,30.712194442749023
2016-12-16,30.930131912231445
2016-12-19,31.01573944091797
2016-12-20,31.428245544433594
2016-12-21,31.576120376586914
2016-12-22,30.844505310058594
2016-12-23,30.92234230041504
2016-12-27,31.210323333740234
2016-12-28,30.611013412475586
2016-12-29,30.73554801940918
2016-12-30,30.69662857055664
2017-01-03,31.186965942382812
2017-01-04,31.770700454711914
2017-01-05,31.73178482055664
2017-01-06,31.988624572753906
2017-01-09,31.770700454711914
2017-01-10,31.73178482055664
2017-01-11,31.22588348388672
2017-01-12,31.124704360961914
2017-01-13,31.365982055664062
2017-01-17,30.969045639038086
2017-01-18,30.961246490478516
2017-01-19,30.992395401000977
2017-01-20,31.02352523803711
2017-01-23,30.743328094482422
2017-01-24,31.467164993286133
2017-01-25,32.14427947998047
2017-01-26,31.739578247070312
2017-01-27,31.443803787231445
2017-01-30,31.568340301513672
2017-01-31,31.778484344482422
2017-02-01,31.934144973754883
2017-02-02,31.49828338623047
2017-02-03,31.599472045898438
2017-02-06,31.576120376586914
2017-02-07,31.210323333740234
2017-02-08,31.490507125854492
2017-02-09,31.638399124145508
2017-02-10,32.40114212036133
2017-02-13,32.43227005004883
2017-02-14,32.29996109008789
2017-02-15,32.619056701660156
2017-02-16,32.206546783447266
2017-02-17,32.98486328125
2017-02-21,33.17945861816406
2017-02-22,33.28841018676758
2017-02-23,33.05492401123047
2017-02-24,32.32330322265625
2017-02-27,33.15110397338867
2017-02-28,32.948062896728516
2017-03-01,33.572818756103516
2017-03-02,33.689964294433594
2017-03-03,33.54938888549805
2017-03-06,32.72159194946289
2017-03-07,32.55759811401367
2017-03-08,32.75282287597656
2017-03-09,32.456058502197266
2017-03-10,32.635684967041016
2017-03-13,33.276065826416016
2017-03-14,33.59625244140625
2017-03-15,34.32252883911133
2017-03-16,34.0882453918457
2017-03-17,33.3931999206543
2017-03-20,33.24481964111328
2017-03-21,31.89377784729004
2017-03-22,32.393592834472656
2017-03-23,32.1827278137207
2017-03-24,32.237403869628906
2017-03-27,32.174922943115234
2017-03-28,32.60444641113281
2017-03-29,32.74501419067383
2017-03-30,32.768455505371094
2017-03-31,32.635684967041016
2017-04-03,31.503318786621094
2017-04-04,30.214746475219727
2017-04-05,29.816469192504883
2017-04-06,29.668087005615234
2017-04-07,29.69932746887207
2017-04-10,29.675899505615234
2017-04-11,29.87112808227539
2017-04-12,30.136667251586914
2017-04-13,29.68370246887207
2017-04-17,30.253799438476562
2017-04-18,30.339702606201172
2017-04-19,30.964454650878906
2017-04-20,31.31588363647461
2017-04-21,30.85513687133789
2017-04-24,31.589218139648438
2017-04-25,31.89377784729004
2017-04-26,32.06558609008789
2017-04-27,32.90901565551758
2017-04-28,33.01835250854492
2017-05-01,33.4166374206543
2017-05-02,31.925025939941406
2017-05-03,32.018741607666016
2017-05-04,32.27643585205078
2017-05-05,32.58881378173828
2017-05-08,32.49510955810547
2017-05-09,32.72159194946289
2017-05-10,32.90901565551758
2017-05-11,32.666927337646484
2017-05-12,32.526344299316406
2017-05-15,32.8153076171875
2017-05-16,32.96367263793945
2017-05-17,31.190937042236328
2017-05-18,31.33930778503418
2017-05-19,31.550172805786133
2017-05-22,32.30769348144531
2017-05-23,31.878173828125
2017-05-24,32.05778121948242
2017-05-25,31.57360076904297
2017-05-26,32.01093673706055
2017-05-30,33.060977935791016
2017-05-31,33.311729431152344
2017-06-01,34.76144790649414
2017-06-02,34.69091033935547
2017-06-05,34.72225570678711
2017-06-06,34.4166374206543
2017-06-07,34.259918212890625
2017-06-08,33.24904251098633
2017-06-09,33.66436767578125
2017-06-12,34.21289825439453
2017-06-13,34.424476623535156
2017-06-14,33.8837776184082
2017-06-15,33.946475982666016
2017-06-16,32.12063217163086
2017-06-19,32.38706588745117
2017-06-20,31.916898727416992
2017-06-21,32.15198516845703
2017-06-22,32.018768310546875
2017-06-23,32.28519821166992
2017-06-26,32.81806182861328
2017-06-27,32.183326721191406
2017-06-28,32.261688232421875
2017-06-29,32.3165397644043
2017-06-30,33.19420623779297
2017-07-03,33.836769104003906
2017-07-05,33.836769104003906
2017-07-06,33.69571304321289
2017-07-07,34.549861907958984
2017-07-10,35.32564163208008
2017-07-11,35.678279876708984
2017-07-12,35.740966796875
2017-07-13,36.20330047607422
2017-07-14,36.25032424926758
2017-07-17,36.21897888183594
2017-07-18,36.195465087890625
2017-07-19,36.642127990722656
2017-07-20,36.2738151550293
2017-07-21,35.20027160644531
2017-07-24,35.04352951049805
2017-07-25,35.921207427978516
2017-07-26,35.93686294555664
2017-07-27,36.84587860107422
2017-07-28,36.759666442871094
2017-07-31,36.6264533996582
2017-08-01,35.91337203979492
2017-08-02,36.16412353515625
2017-08-03,35.95254135131836
2017-08-04,36.579437255859375
2017-08-07,36.438385009765625
2017-08-08,36.80669403076172
2017-08-09,36.46188735961914
2017-08-10,35.1845817565918
2017-08-11,34.99652862548828
2017-08-14,35.39616012573242
2017-08-15,35.458866119384766
2017-08-16,35.54505157470703
2017-08-17,34.95734405517578
2017-08-18,34.74577331542969
2017-08-21,34.96516799926758
2017-08-22,35.20811080932617
2017-08-23,35.03570556640625
2017-08-24,34.753604888916016
2017-08-25,34.604705810546875
2017-08-28,34.67523956298828
2017-08-29,34.76927185058594
2017-08-30,35.201629638671875
2017-08-31,36.482975006103516
2017-09-01,36.679500579833984
2017-09-05,36.12922668457031
2017-09-06,36.490840911865234
2017-09-07,36.22356414794922
2017-09-08,36.317893981933594
2017-09-11,36.93891906738281
2017-09-12,37.37913131713867
2017-09-13,37.44987869262695
2017-09-14,37.94511795043945
2017-09-15,38.330318450927734
2017-09-18,38.652610778808594
2017-09-19,38.589717864990234
2017-09-20,38.880592346191406
2017-09-21,38.98278045654297
2017-09-22,39.273643493652344
2017-09-25,39.698123931884766
2017-09-26,39.97327423095703
2017-09-27,39.666690826416016
2017-09-28,39.533050537109375
2017-09-29,40.27198791503906
2017-10-02,40.75936508178711
2017-10-03,40.72792434692383
2017-10-04,41.23102951049805
2017-10-05,40.92445373535156
2017-10-06,40.77509307861328
2017-10-09,40.87728500366211
2017-10-10,40.86942672729492
2017-10-11,40.885135650634766
2017-10-12,40.02829360961914
2017-10-13,40.193382263183594
2017-10-16,41.01091766357422
2017-10-17,40.893009185791016
2017-10-18,41.18385696411133
2017-10-19,40.91658401489258
2017-10-20,41.034488677978516
2017-10-23,40.9794807434082
2017-10-24,41.466880798339844
2017-10-25,40.610008239746094
2017-10-26,41.9542350769043
2017-10-27,41.56119918823242
2017-10-30,41.18385696411133
2017-10-31,41.44327163696289
2017-11-01,41.42756271362305
2017-11-02,41.58477783203125
2017-11-03,41.63978958129883
2017-11-06,41.3803825378418
2017-11-07,41.191715240478516
2017-11-08,41.02663803100586
2017-11-09,40.95589065551758
2017-11-10,40.932308197021484
2017-11-13,40.9008674621582
2017-11-14,40.932308197021484
2017-11-15,40.625732421875
2017-11-16,40.90871810913086
2017-11-17,40.830116271972656
2017-11-20,41.15241241455078
2017-11-21,41.38825225830078
2017-11-22,41.576908111572266
2017-11-24,41.569053649902344
2017-11-27,41.70269012451172
2017-11-28,42.67745590209961
2017-11-29,43.12553024291992
2017-11-30,43.906185150146484
2017-12-01,43.377872467041016
2017-12-04,42.77068328857422
2017-12-05,42.881072998046875
2017-12-06,41.83232498168945
2017-12-07,42.329097747802734
2017-12-08,42.392173767089844
2017-12-11,42.23447799682617
2017-12-12,42.09254837036133
2017-12-13,41.25667953491211
2017-12-14,40.64161682128906
2017-12-15,40.63372802734375
2017-12-18,41.1541633605957
2017-12-19,41.16204833984375
2017-12-20,41.84020233154297
2017-12-21,41.00434494018555
2017-12-22,40.775665283203125
2017-12-26,40.60218048095703
2017-12-27,40.6652717590332
2017-12-28,41.08319854736328
2017-12-29,40.28676986694336
2018-01-02,40.830875396728516
2018-01-03,41.03589630126953
2018-01-04,42.368526458740234
2018-01-05,43.59866714477539
2018-01-08,43.622314453125
2018-01-09,43.95350646972656
2018-01-10,42.98359298706055
2018-01-11,44.08755111694336
2018-01-12,45.1284294128418
2018-01-16,44.410865783691406
2018-01-17,45.664649963378906
2018-01-18,45.03382110595703
2018-01-19,44.899757385253906
2018-01-22,44.53702926635742
2018-01-23,44.24525833129883
2018-01-24,44.74205017089844
2018-01-25,44.36354446411133
2018-01-26,45.07323455810547
2018-01-29,44.805137634277344
2018-01-30,44.72628402709961
2018-01-31,44.36354446411133
2018-02-01,44.466060638427734
2018-02-02,42.952064514160156
2018-02-05,41.28033447265625
2018-02-06,42.70760726928711
2018-02-07,43.36998748779297
2018-02-08,40.957027435302734
2018-02-09,41.485355377197266
2018-02-12,41.76923751831055
2018-02-13,41.24879455566406
2018-02-14,42.17927932739258
2018-02-15,41.53267288208008
2018-02-16,41.177825927734375
2018-02-20,41.20936965942383
2018-02-21,41.0753173828125
2018-02-22,41.193603515625
2018-02-23,41.25667953491211
2018-02-26,40.933372497558594
2018-02-27,39.49822998046875
2018-02-28,38.83359146118164
2018-03-01,38.23225402832031
2018-03-02,37.986976623535156
2018-03-05,38.54875183105469
2018-03-06,38.667423248291016
2018-03-07,38.65160369873047
2018-03-08,39.44283676147461
2018-03-09,40.79583740234375
2018-03-12,40.170772552490234
2018-03-13,40.21824264526367
2018-03-14,40.028343200683594
2018-03-15,40.09956359863281
2018-03-16,40.700897216796875
2018-03-19,40.02043533325195
2018-03-20,39.62482833862305
2018-03-21,40.416046142578125
2018-03-22,39.43492889404297
2018-03-23,38.46171951293945
2018-03-26,39.806793212890625
2018-03-27,38.92853927612305
2018-03-28,38.49335479736328
2018-03-29,39.74351119995117
2018-04-02,38.64369583129883
2018-04-03,39.85428237915039
2018-04-04,40.83540725708008
2018-04-05,41.51585388183594
2018-04-06,40.5663948059082
2018-04-09,40.80375671386719
2018-04-10,41.94312286376953
2018-04-11,42.10136795043945
2018-04-12,42.38621139526367
2018-04-13,41.8244514465332
2018-04-16,42.56820297241211
2018-04-17,42.631492614746094
2018-04-18,42.655235290527344
2018-04-19,41.674110412597656
2018-04-20,41.745323181152344
2018-04-23,41.97477722167969
2018-04-24,41.41300582885742
2018-04-25,41.864009857177734
2018-04-26,40.99365234375
2018-04-27,39.26085662841797
2018-04-30,38.72282791137695
2018-05-01,38.40632247924805
2018-05-02,38.32719802856445
2018-05-03,37.85247039794922
2018-05-04,38.87315368652344
2018-05-07,38.920631408691406
2018-05-08,39.26876449584961
2018-05-09,39.50614547729492
2018-05-10,39.941307067871094
2018-05-11,40.044166564941406
2018-05-14,40.33694076538086
2018-05-15,40.154945373535156
2018-05-16,41.00156021118164
2018-05-17,41.45256805419922
2018-05-18,41.0806884765625
2018-05-21,41.405094146728516
2018-05-22,41.674110412597656
2018-05-23,41.27848434448242
2018-05-24,40.787933349609375
2018-05-25,40.71672821044922
2018-05-29,38.358856201171875
2018-05-30,39.14216232299805
2018-05-31,38.729312896728516
2018-06-01,39.658233642578125
2018-06-04,39.983768463134766
2018-06-05,40.04728698730469
2018-06-06,40.30929183959961
2018-06-07,39.85673141479492
2018-06-08,39.71383285522461
2018-06-11,39.920249938964844
2018-06-12,38.99132537841797
2018-06-13,38.41966247558594
2018-06-14,38.76107406616211
2018-06-15,38.292633056640625
2018-06-18,38.09414291381836
2018-06-19,37.41926574707031
2018-06-20,37.236671447753906
2018-06-21,36.474464416503906
2018-06-22,35.79961013793945
2018-06-25,35.871063232421875
2018-06-26,35.696380615234375
2018-06-27,35.426448822021484
2018-06-28,34.71980667114258
2018-06-29,34.267269134521484
2018-07-02,34.73571014404297
2018-07-03,34.46575164794922
2018-07-05,35.1247444152832
2018-07-06,35.40262222290039
2018-07-09,36.585628509521484
2018-07-10,36.736480712890625
2018-07-11,35.426448822021484
2018-07-12,35.33116149902344
2018-07-13,35.79166793823242
2018-07-16,35.61699676513672
2018-07-17,36.260101318359375
2018-07-18,36.52211380004883
2018-07-19,35.7519645690918
2018-07-20,35.212074279785156
2018-07-23,35.35498046875
2018-07-24,35.27558898925781
2018-07-25,34.950069427490234
2018-07-26,35.30735397338867
2018-07-27,36.363319396972656
2018-07-30,36.17276382446289
2018-07-31,36.53797912597656
2018-08-01,35.06916809082031
2018-08-02,35.44232177734375
2018-08-03,35.974281311035156
2018-08-06,36.21245574951172
2018-08-07,36.80793380737305
2018-08-08,36.16482925415039
2018-08-09,35.728145599365234
2018-08-10,34.88655090332031
2018-08-13,34.862728118896484
2018-08-14,35.148555755615234
2018-08-15,34.950069427490234
2018-08-16,35.3629264831543
2018-08-17,35.95045852661133
2018-08-20,36.44270706176758
2018-08-21,36.48241424560547
2018-08-22,35.196197509765625
2018-08-23,34.82303237915039
2018-08-24,35.25971984863281
2018-08-27,36.450660705566406
2018-08-28,36.67296600341797
2018-08-29,35.886940002441406
2018-08-30,35.339107513427734
2018-08-31,34.88481903076172
2018-09-04,34.91668701171875
2018-09-05,35.29128646850586
2018-09-06,35.20362091064453
2018-09-07,34.80512237548828
2018-09-10,35.29128646850586
2018-09-11,34.4384880065918
2018-09-12,34.8449592590332
2018-09-13,35.33112716674805
2018-09-14,35.761512756347656
2018-09-17,35.18767547607422
2018-09-18,34.255184173583984
2018-09-19,35.968746185302734
2018-09-20,36.48679733276367
2018-09-21,36.072349548339844
2018-09-24,35.48257064819336
2018-09-25,34.62180709838867
2018-09-26,34.5739860534668
2018-09-27,34.08781433105469
2018-09-28,34.095787048339844
2018-10-01,33.95232391357422
2018-10-02,34.446468353271484
2018-10-03,34.797142028808594
2018-10-04,34.23925018310547
2018-10-05,33.23501968383789
2018-10-08,33.6654052734375
2018-10-09,32.597415924072266
2018-10-10,30.748371124267578
2018-10-11,30.18250274658203
2018-10-12,30.166561126708984
2018-10-15,30.18250274658203
2018-10-16,30.517240524291992
2018-10-17,30.20640754699707
2018-10-18,29.417375564575195
2018-10-19,29.234066009521484
2018-10-22,29.186243057250977
2018-10-23,29.943395614624023
2018-10-24,28.524730682373047
2018-10-25,30.062944412231445
2018-10-26,30.32595443725586
2018-10-29,31.529436111450195
2018-10-30,31.003414154052734
2018-10-31,31.409887313842773
2018-11-01,32.70899963378906
2018-11-02,32.18297576904297
2018-11-05,31.385969161987305
2018-11-06,31.864168167114258
2018-11-07,32.055458068847656
2018-11-08,31.991701126098633
2018-11-09,30.91574478149414
2018-11-12,30.20640754699707
2018-11-13,30.166561126708984
2018-11-14,31.226579666137695
2018-11-15,31.704771041870117
2018-11-16,31.704771041870117
2018-11-19,31.409887313842773
2018-11-20,30.44550895690918
2018-11-21,31.441761016845703
2018-11-23,31.46567726135254
2018-11-26,31.864168167114258
2018-11-27,31.1707820892334
2018-11-28,31.896055221557617
2018-11-29,31.378000259399414
2018-11-30,31.68216896057129
2018-12-03,32.578697204589844
2018-12-04,30.13728904724121
2018-12-06,29.841123580932617
2018-12-07,28.608413696289062
2018-12-10,27.92002296447754
2018-12-11,27.92002296447754
2018-12-12,28.12813949584961
2018-12-13,27.583829879760742
2018-12-14,27.71990203857422
2018-12-17,27.22361946105957
2018-12-18,27.52779197692871
2018-12-19,27.13556671142578
2018-12-20,27.18359375
2018-12-21,27.031511306762695
2018-12-24,26.57525062561035
2018-12-26,27.535804748535156
2018-12-27,27.83196449279785
2018-12-28,27.62384796142578
2018-12-31,27.807958602905273
2019-01-02,28.120134353637695
2019-01-03,27.271650314331055
2019-01-04,28.296236038208008
2019-01-07,29.032657623291016
2019-01-08,29.945188522338867
2019-01-09,30.977779388427734
2019-01-10,31.450048446655273
2019-01-11,31.37800407409668
2019-01-14,31.530094146728516
2019-01-15,31.61814308166504
2019-01-16,31.722198486328125
2019-01-17,32.08240509033203
2019-01-18,32.51465606689453
2019-01-22,32.03438186645508
2019-01-23,31.353992462158203
2019-01-24,32.10641860961914
2019-01-25,32.802825927734375
2019-01-28,32.48264694213867
2019-01-29,32.33854675292969
2019-01-30,32.402587890625
2019-01-31,32.73878860473633
2019-02-01,32.98693084716797
2019-02-04,32.802825927734375
2019-02-05,32.77080535888672
2019-02-06,32.97092056274414
2019-02-07,31.394012451171875
2019-02-08,30.641582489013672
2019-02-11,31.073822021484375
2019-02-12,32.13043975830078
2019-02-13,32.32254409790039
2019-02-14,32.61071014404297
2019-02-15,33.55525588989258
2019-02-19,33.45119857788086
2019-02-20,33.507225036621094
2019-02-21,32.67474365234375
2019-02-22,33.3631477355957
2019-02-25,33.587276458740234
2019-02-26,33.3631477355957
2019-02-27,33.11499786376953
2019-02-28,32.64078140258789
2019-03-01,32.87386703491211
2019-03-04,32.74526596069336
2019-03-05,32.5523681640625
2019-03-06,31.796836853027344
2019-03-07,31.041297912597656
2019-03-08,30.631378173828125
2019-03-11,31.049325942993164
2019-03-12,31.226163864135742
2019-03-13,31.049325942993164
2019-03-14,30.25360679626465
2019-03-15,30.39025115966797
2019-03-18,30.896615982055664
2019-03-19,30.67156219482422
2019-03-20,29.932106018066406
2019-03-21,30.36612892150879
2019-03-22,29.128341674804688
2019-03-25,29.28105354309082
2019-03-26,29.578453063964844
2019-03-27,29.835655212402344
2019-03-28,30.39025115966797
2019-03-29,30.87250328063965
2019-04-01,32.56843948364258
2019-04-02,32.721160888671875
2019-04-03,33.46062469482422
2019-04-04,34.055397033691406
2019-04-05,33.878570556640625
2019-04-08,34.256343841552734
2019-04-09,33.613338470458984
2019-04-10,34.384944915771484
2019-04-11,34.37689971923828
2019-04-12,35.550392150878906
2019-04-15,35.26908493041992
2019-04-16,35.26103973388672
2019-04-17,34.963661193847656
2019-04-18,35.365535736083984
2019-04-22,35.132442474365234
2019-04-23,35.068145751953125
2019-04-24,35.003849029541016
2019-04-25,33.41239547729492
2019-04-26,34.17597198486328
2019-04-29,33.79016876220703
2019-04-30,33.57314682006836
2019-05-01,32.99443817138672
2019-05-02,32.825645446777344
2019-05-03,33.18734359741211
2019-05-06,32.74526596069336
2019-05-07,31.965620040893555
2019-05-08,31.66019058227539
2019-05-09,31.009143829345703
2019-05-10,30.92876625061035
2019-05-13,29.42572784423828
2019-05-14,29.369468688964844
2019-05-15,29.73116111755371
2019-05-16,29.457881927490234
2019-05-17,29.1444149017334
2019-05-20,28.8872127532959
2019-05-21,29.586483001708984
2019-05-22,28.38084602355957
2019-05-23,28.509443283081055
2019-05-24,28.64608383178711
2019-05-28,29.289093017578125
2019-05-29,29.007776260375977
2019-05-30,29.56237030029297
2019-05-31,28.64990234375
2019-06-03,29.893442153930664
2019-06-04,30.95933723449707
2019-06-05,31.346939086914062
2019-06-06,31.451904296875
2019-06-07,32.114051818847656
2019-06-10,32.566253662109375
2019-06-11,33.042667388916016
2019-06-12,32.76813507080078
2019-06-13,33.19609832763672
2019-06-14,33.066898345947266
2019-06-17,33.131492614746094
2019-06-18,33.47872543334961
2019-06-19,33.46257400512695
2019-06-20,34.092403411865234
2019-06-21,33.9228515625
2019-06-24,33.67251968383789
2019-06-25,33.50294494628906
2019-06-26,33.583702087402344
2019-06-27,34.019752502441406
2019-06-28,33.898616790771484
2019-07-01,33.8744010925293
2019-07-02,33.17995071411133
2019-07-03,32.8569450378418
2019-07-05,32.921539306640625
2019-07-08,32.50973129272461
2019-07-09,31.734542846679688
2019-07-10,31.678003311157227
2019-07-11,31.508426666259766
2019-07-12,32.275550842285156
2019-07-15,32.07368469238281
2019-07-16,32.61470413208008
2019-07-17,31.879884719848633
2019-07-18,31.77489471435547
2019-07-19,32.33208084106445
2019-07-22,32.28363800048828
2019-07-23,33.6563606262207
2019-07-24,34.3023681640625
2019-07-25,32.76005935668945
2019-07-26,31.621484756469727
2019-07-29,31.37116241455078
2019-07-30,30.7493896484375
2019-07-31,30.52328872680664
2019-08-01,29.27167510986328
2019-08-02,28.94059944152832
2019-08-05,27.826261520385742
2019-08-06,27.745508193969727
2019-08-07,27.785888671875
2019-08-08,28.24616050720215
2019-08-09,27.301389694213867
2019-08-12,26.663469314575195
2019-08-13,26.841115951538086
2019-08-14,25.436077117919922
2019-08-15,25.096927642822266
2019-08-16,25.83982276916504
2019-08-19,26.25971794128418
2019-08-20,25.63794708251953
2019-08-21,25.88827133178711
2019-08-22,25.678321838378906
2019-08-23,24.935428619384766
2019-08-26,25.08077621459961
2019-08-27,25.14537811279297
2019-08-28,25.69447135925293
2019-08-29,26.445446014404297
2019-08-30,26.486034393310547
2019-09-03,26.234403610229492
2019-09-04,26.95682144165039
2019-09-05,28.482833862304688
2019-09-06,28.750694274902344
2019-09-09,29.757213592529297
2019-09-10,31.17770004272461
2019-09-11,31.754018783569336
2019-09-12,31.851421356201172
2019-09-13,32.46832275390625
2019-09-16,32.05434799194336
2019-09-17,31.28322982788086
2019-09-18,30.495866775512695
2019-09-19,30.05754852294922
2019-09-20,29.84650230407715
2019-09-23,29.87896156311035
2019-09-24,29.408178329467773
2019-09-25,29.9033203125
2019-09-26,29.684162139892578
2019-09-27,29.53805160522461
2019-09-30,29.773447036743164
2019-10-01,29.1646671295166
2019-10-02,28.1662654876709
2019-10-03,28.263668060302734
2019-10-04,28.53153419494629
2019-10-07,28.3773136138916
2019-10-08,27.695478439331055
2019-10-09,28.174379348754883
2019-10-10,28.734458923339844
2019-10-11,30.19553565979004
2019-10-14,30.090009689331055
2019-10-15,30.625732421875
2019-10-16,31.112754821777344
2019-10-17,30.86113929748535
2019-10-18,31.445560455322266
2019-10-21,31.640369415283203
2019-10-22,32.25726318359375
2019-10-23,32.452091217041016
2019-10-24,31.90013313293457
2019-10-25,32.24103927612305
2019-10-28,32.801109313964844
2019-10-29,32.21669006347656
2019-10-30,31.843297958374023
2019-10-31,33.83197784423828
2019-11-01,35.43104553222656
2019-11-04,36.77036666870117
2019-11-05,36.57555389404297
2019-11-06,36.3807487487793
2019-11-07,37.31421661376953
2019-11-08,37.59019470214844
2019-11-11,37.54148864746094
2019-11-12,37.11128616333008
2019-11-13,36.28334426879883
2019-11-14,35.99113464355469
2019-11-15,36.19406509399414
2019-11-18,35.52033996582031
2019-11-19,35.317413330078125
2019-11-20,34.107967376708984
2019-11-21,34.424530029296875
2019-11-22,34.73298645019531
2019-11-25,35.28494644165039
2019-11-26,34.77357482910156
2019-11-27,34.49758529663086
2019-11-29,34.2693977355957
2019-12-02,34.61167907714844
2019-12-03,33.87821578979492
2019-12-04,34.179744720458984
2019-12-05,34.76652526855469
2019-12-06,35.32884979248047
2019-12-09,35.32884979248047
2019-12-10,35.4266471862793
2019-12-11,35.801544189453125
2019-12-12,36.26606750488281
2019-12-13,35.695594787597656
2019-12-16,35.972679138183594
2019-12-17,36.37201690673828
2019-12-18,36.8365364074707
2019-12-19,36.59204864501953
2019-12-20,36.037872314453125
2019-12-23,36.10307312011719
2019-12-24,35.76078414916992
2019-12-26,35.703739166259766
2019-12-27,35.662986755371094
2019-12-30,35.369598388671875
2019-12-31,35.353302001953125
2020-01-02,35.81782913208008
2020-01-03,34.522029876708984
2020-01-06,34.37534713745117
2020-01-07,34.58723449707031
2020-01-08,34.799129486083984
2020-01-09,34.171600341796875
2020-01-10,33.755977630615234
2020-01-13,33.723365783691406
2020-01-14,34.008609771728516
2020-01-15,33.6500129699707
2020-01-16,34.13084030151367
2020-01-17,33.84561538696289
2020-01-21,33.006195068359375
2020-01-22,32.83504867553711
2020-01-23,33.05508804321289
2020-01-24,31.97934341430664
2020-01-27,31.26216697692871
2020-01-28,28.874305725097656
2020-01-29,28.760217666625977
2020-01-30,28.57276725769043
2020-01-31,27.94524574279785
2020-02-03,28.018596649169922
2020-02-04,28.05933952331543
2020-02-05,28.55647087097168
2020-02-06,27.513309478759766
2020-02-07,27.358470916748047
2020-02-10,27.122129440307617
2020-02-11,27.798553466796875
2020-02-12,28.271230697631836
2020-02-13,28.589069366455078
2020-02-14,27.831151962280273
2020-02-18,27.985992431640625
2020-02-19,28.35272789001465
2020-02-20,28.6461181640625
2020-02-21,27.692607879638672
2020-02-24,26.20935821533203
2020-02-25,25.07655906677246
2020-02-26,24.620176315307617
2020-02-27,24.92986488342285
2020-02-28,25.896902084350586
2020-03-02,26.49515151977539
2020-03-03,25.60187530517578
2020-03-04,25.847732543945312
2020-03-05,24.503711700439453
2020-03-06,23.659605026245117
2020-03-09,21.348554611206055
2020-03-10,22.77452278137207
2020-03-11,21.955001831054688
2020-03-12,20.1766357421875
2020-03-13,21.028940200805664
2020-03-16,18.889986038208008
2020-03-17,18.267152786254883
2020-03-18,16.169170379638672
2020-03-19,17.21816062927246
2020-03-20,16.800203323364258
2020-03-23,17.332889556884766
2020-03-24,18.676910400390625
2020-03-25,19.439064025878906
2020-03-26,20.43888282775879
2020-03-27,19.422672271728516
2020-03-30,20.14385414123535
2020-03-31,19.97175407409668
2020-04-01,18.570375442504883
2020-04-02,18.258953094482422
2020-04-03,17.44762420654297
2020-04-06,20.266786575317383
2020-04-07,20.217613220214844
2020-04-08,20.922401428222656
2020-04-09,21.094501495361328
2020-04-13,21.43869972229004
2020-04-14,22.282806396484375
2020-04-15,21.6927490234375
2020-04-16,21.348554611206055
2020-04-17,22.1107120513916
2020-04-20,20.914203643798828
2020-04-21,20.906007766723633
2020-04-22,21.02074432373047
2020-04-23,21.840269088745117
2020-04-24,22.19266128540039
2020-04-27,22.995792388916016
2020-04-28,23.397356033325195
2020-04-29,24.315223693847656
2020-04-30,23.41375160217285
2020-05-01,22.258222579956055
2020-05-04,22.143489837646484
2020-05-05,22.094316482543945
2020-05-06,23.003986358642578
2020-05-07,22.815494537353516
2020-05-08,24.085756301879883
2020-05-11,23.97921371459961
2020-05-12,23.126914978027344
2020-05-13,21.586210250854492
2020-05-14,22.790912628173828
2020-05-15,22.75813102722168
2020-05-18,24.208683013916016
2020-05-19,23.675992965698242
2020-05-20,24.380788803100586
2020-05-21,24.503711700439453
2020-05-22,24.45454216003418
2020-05-26,25.83133888244629
2020-05-27,26.66724967956543
2020-05-28,26.306663513183594
2020-05-29,26.4879150390625
2020-06-01,27.402429580688477
2020-06-02,27.962671279907227
2020-06-03,28.283987045288086
2020-06-04,28.811277389526367
2020-06-05,30.72268295288086
2020-06-08,30.912179946899414
2020-06-09,30.195402145385742
2020-06-10,29.30561065673828
2020-06-11,26.908100128173828
2020-06-12,27.641355514526367
2020-06-15,27.896757125854492
2020-06-16,27.68255043029785
2020-06-17,27.46834373474121
2020-06-18,27.394189834594727
2020-06-19,28.20983123779297
2020-06-22,28.2427921295166
2020-06-23,29.18202018737793
2020-06-24,27.336517333984375
2020-06-25,27.60016441345215
2020-06-26,27.377714157104492
2020-06-29,28.901897430419922
2020-06-30,29.083152770996094
2020-07-01,28.20983123779297
2020-07-02,28.992528915405273
2020-07-06,29.124347686767578
2020-07-07,28.86894416809082
2020-07-08,28.778318405151367
2020-07-09,28.341659545898438
2020-07-10,29.25617218017578
2020-07-13,29.04195785522461
2020-07-14,29.89055824279785
2020-07-15,30.94513511657715
2020-07-16,31.118144989013672
2020-07-17,30.887460708618164
2020-07-20,31.118144989013672
2020-07-21,31.06048011779785
2020-07-22,31.563047409057617
2020-07-23,31.909074783325195
2020-07-24,31.604238510131836
2020-07-27,32.11505126953125
2020-07-28,31.719585418701172
2020-07-29,32.06562042236328
2020-07-30,30.57439422607422
2020-07-31,30.154211044311523
2020-08-03,30.426084518432617
2020-08-04,30.615591049194336
2020-08-05,31.90083885192871
2020-08-06,31.867889404296875
2020-08-07,32.05738830566406
2020-08-10,33.35912322998047
2020-08-11,34.388973236083984
2020-08-12,34.1994743347168
2020-08-13,33.7463493347168
2020-08-14,34.430171966552734
2020-08-17,34.26539611816406
2020-08-18,33.95231246948242
2020-08-19,33.787532806396484
2020-08-20,33.499176025390625
2020-08-21,33.44150924682617
2020-08-24,34.09237289428711
2020-08-25,33.779300689697266
2020-08-26,34.21596145629883
2020-08-27,33.581565856933594
2020-08-28,34.13357162475586
2020-08-31,33.57929611206055
2020-09-01,34.39829635620117
2020-09-02,35.51513671875
2020-09-03,34.91121292114258
2020-09-04,34.80366897583008
2020-09-08,34.423126220703125
2020-09-09,34.98567199707031
2020-09-10,34.4644889831543
2020-09-11,35.051856994628906
2020-09-14,35.424129486083984
2020-09-15,34.96912384033203
2020-09-16,32.72719192504883
2020-09-17,32.74374008178711
2020-09-18,32.2639274597168
2020-09-21,30.94854164123535
2020-09-22,30.94854164123535
2020-09-23,30.940263748168945
2020-09-24,30.634187698364258
2020-09-25,30.452177047729492
2020-09-28,31.44491958618164
2020-09-29,31.461454391479492
2020-09-30,32.048828125
2020-10-01,32.71064758300781
2020-10-02,32.42936706542969
2020-10-05,33.81920623779297
2020-10-06,33.04157257080078
2020-10-07,34.365211486816406
2020-10-08,33.165653228759766
2020-10-09,32.77684020996094
2020-10-12,32.61137390136719
2020-10-13,32.222557067871094
2020-10-14,31.899919509887695
2020-10-15,32.43764877319336
2020-10-16,32.00746536254883
2020-10-19,31.98264503479004
2020-10-20,32.50383758544922
2020-10-21,32.77684020996094
2020-10-22,33.248382568359375
2020-10-23,32.88438034057617
2020-10-26,31.833730697631836
2020-10-27,31.056095123291016
2020-10-28,30.319812774658203
2020-10-29,29.318803787231445
2020-10-30,28.938255310058594
2020-11-02,29.451168060302734
2020-11-03,30.063358306884766
2020-11-04,29.649717330932617
2020-11-05,30.625904083251953
2020-11-06,30.1378116607666
2020-11-09,31.428363800048828
2020-11-10,32.09846878051758
2020-11-11,31.899919509887695
2020-11-12,30.00544548034668
2020-11-13,31.155366897583008
2020-11-16,32.048828125
2020-11-17,31.4366397857666
2020-11-18,31.734453201293945
2020-11-19,31.196733474731445
2020-11-20,31.072635650634766
2020-11-23,32.31355667114258
2020-11-24,33.48002624511719
2020-11-25,32.35492706298828
2020-11-27,32.67756271362305
2020-11-30,32.278751373291016
2020-12-01,32.16242599487305
2020-12-02,32.07933807373047
2020-12-03,32.145816802978516
2020-12-04,33.12622833251953
2020-12-07,32.586158752441406
2020-12-08,32.694183349609375
2020-12-09,33.11791229248047
2020-12-10,31.805160522460938
2020-12-11,30.342857360839844
2020-12-14,30.19330406188965
2020-12-15,31.323257446289062
2020-12-16,31.913171768188477
2020-12-17,32.40338134765625
2020-12-18,32.087650299072266
2020-12-21,32.021183013916016
2020-12-22,32.49477005004883
2020-12-23,32.91851043701172
2020-12-24,32.370140075683594
2020-12-28,32.602787017822266
2020-12-29,32.02949142456055
2020-12-30,32.561241149902344
2020-12-31,32.104270935058594
2021-01-04,31.62237548828125
2021-01-05,32.370140075683594
2021-01-06,33.3754768371582
2021-01-07,34.14817810058594
2021-01-08,33.47518539428711
2021-01-11,33.38378143310547
2021-01-12,34.20633316040039
2021-01-13,33.358863830566406
2021-01-14,32.90188217163086
2021-01-15,32.0710334777832
2021-01-19,32.65262222290039
2021-01-20,33.965389251708984
2021-01-21,36.225318908691406
2021-01-22,35.56063461303711
2021-01-25,36.15053939819336
2021-01-26,36.5244140625
2021-01-27,37.305419921875
2021-01-28,35.236595153808594
2021-01-29,34.887638092041016
2021-02-01,34.96242141723633
2021-02-02,34.34757995605469
2021-02-03,35.4775390625
2021-02-04,35.485862731933594
2021-02-05,35.80988693237305
2021-02-08,36.09238052368164
2021-02-09,35.65202331542969
2021-02-10,36.30009078979492
2021-02-11,35.593875885009766
2021-02-12,34.887638092041016
2021-02-16,36.3748664855957
2021-02-17,37.03124237060547
2021-02-18,35.77665710449219
2021-02-19,36.192073822021484
2021-02-22,37.089412689208984
2021-02-23,37.2888069152832
2021-02-24,38.219364166259766
2021-02-25,37.47990417480469
2021-02-26,37.529945373535156
2021-03-01,37.72175979614258
2021-03-02,38.54742431640625
2021-03-03,39.464820861816406
2021-03-04,38.78928756713867
2021-03-05,40.732505798339844
2021-03-08,41.45808410644531
2021-03-09,40.7908821105957
2021-03-10,41.61654281616211
2021-03-11,40.99104309082031
2021-03-12,41.975162506103516
2021-03-15,42.15863037109375
2021-03-16,40.67412185668945
2021-03-17,41.416385650634766
2021-03-18,40.16538619995117
2021-03-19,40.88261413574219
2021-03-22,40.14036178588867
2021-03-23,36.94615173339844
2021-03-24,36.278953552246094
2021-03-25,36.44574737548828
2021-03-26,38.1470947265625
2021-03-29,37.780147552490234
2021-03-30,38.805965423583984
2021-03-31,38.664180755615234
2021-04-01,38.6141471862793
2021-04-05,39.02281188964844
2021-04-06,38.922725677490234
2021-04-07,37.94694900512695
2021-04-08,38.36394119262695
2021-04-09,38.76426315307617
2021-04-12,39.681663513183594
2021-04-13,39.34806823730469
2021-04-14,39.58158874511719
2021-04-15,39.93186569213867
2021-04-16,40.83259201049805
2021-04-19,41.13282775878906
2021-04-20,39.97356414794922
2021-04-21,41.81669998168945
2021-04-22,41.31629943847656
2021-04-23,42.50891876220703
2021-04-26,42.10860061645508
2021-04-27,41.791683197021484
2021-04-28,42.08357620239258
2021-04-29,41.166175842285156
2021-04-30,40.51565933227539
2021-05-03,41.08278274536133
2021-05-04,40.448944091796875
2021-05-05,42.63401412963867
2021-05-06,43.55976104736328
2021-05-07,44.86912536621094
2021-05-10,44.143558502197266
2021-05-11,43.07603454589844
2021-05-12,41.49144744873047
2021-05-13,42.325439453125
2021-05-14,42.89256286621094
2021-05-17,43.07603454589844
2021-05-18,42.642364501953125
2021-05-19,41.71662521362305
2021-05-20,41.48310470581055
2021-05-21,42.125282287597656
2021-05-24,41.825042724609375
2021-05-25,41.53313446044922
2021-05-26,42.13362503051758
2021-05-27,42.884220123291016
2021-05-28,42.91768264770508
2021-06-01,44.315086364746094
2021-06-02,44.691627502441406
2021-06-03,45.43635177612305
2021-06-04,45.561866760253906
2021-06-07,44.440608978271484
2021-06-08,44.842247009277344
2021-06-09,44.44896697998047
2021-06-10,43.720977783203125
2021-06-11,44.273250579833984
2021-06-14,43.486690521240234
2021-06-15,43.58709716796875
2021-06-16,42.993003845214844
2021-06-17,41.37804412841797
2021-06-18,39.81329345703125
2021-06-21,40.58311462402344
2021-06-22,40.57474899291992
2021-06-23,40.53291320800781
2021-06-24,40.80904769897461
2021-06-25,40.959659576416016
2021-06-28,40.0977897644043
2021-06-29,40.465965270996094
2021-06-30,40.616580963134766
2021-07-01,41.11027145385742
2021-07-02,41.11027145385742
2021-07-06,40.01411056518555
2021-07-07,39.38654327392578
2021-07-08,39.00999069213867
2021-07-09,39.99738311767578
2021-07-12,40.26515197753906
2021-07-13,39.79655075073242
2021-07-14,39.69614028930664
2021-07-15,39.60409927368164
2021-07-16,38.46609115600586
2021-07-19,37.81342315673828
2021-07-20,39.35306930541992
2021-07-21,39.7296142578125
2021-07-22,38.88447952270508
2021-07-23,39.32796859741211
2021-07-26,39.955535888671875
2021-07-27,39.6375732421875
2021-07-28,39.913700103759766
2021-07-29,40.91781997680664
2021-07-30,40.984764099121094
2021-08-02,40.82577896118164
2021-08-03,41.302730560302734
2021-08-04,39.127140045166016
2021-08-05,38.92631912231445
2021-08-06,38.10628890991211
2021-08-09,38.13976287841797
2021-08-10,38.37405776977539
2021-08-11,39.160614013671875
2021-08-12,38.71712875366211
2021-08-13,38.164852142333984
2021-08-16,38.156497955322266
2021-08-17,37.39503860473633
2021-08-18,37.035240173339844
2021-08-19,35.579261779785156
2021-08-20,35.54579544067383
2021-08-23,35.478843688964844
2021-08-24,36.30724334716797
2021-08-25,36.098060607910156
2021-08-26,35.587623596191406
2021-08-27,36.39091491699219
2021-08-30,35.94743347167969
2021-08-31,35.85502624511719
2021-09-01,35.754215240478516
2021-09-02,36.45149230957031
2021-09-03,36.24147033691406
2021-09-07,36.174259185791016
2021-09-08,35.485382080078125
2021-09-09,35.78782653808594
2021-09-10,36.0062370300293
2021-09-13,36.770721435546875
2021-09-14,36.08184814453125
2021-09-15,36.73712158203125
2021-09-16,36.31707763671875
2021-09-17,36.05664825439453
2021-09-20,34.7461051940918
2021-09-21,34.91412353515625
2021-09-22,35.871822357177734
2021-09-23,36.76232147216797
2021-09-24,36.82112121582031
2021-09-27,37.19916915893555
2021-09-28,37.577205657958984
2021-09-29,37.16556167602539
2021-09-30,36.300270080566406
2021-10-01,36.82112121582031
2021-10-04,37.425994873046875
2021-10-05,38.081260681152344
2021-10-06,36.83793258666992
2021-10-07,38.45930099487305
2021-10-08,39.190181732177734
2021-10-11,39.4170036315918
2021-10-12,39.75303649902344
2021-10-13,39.585025787353516
2021-10-14,40.31589889526367
2021-10-15,39.50941467285156
2021-10-18,38.56010818481445
2021-10-19,38.49290466308594
2021-10-20,38.45930099487305
2021-10-21,38.627323150634766
2021-10-22,37.871246337890625
2021-10-25,38.21567916870117
2021-10-26,36.99753952026367
2021-10-27,37.56040954589844
2021-10-28,38.081260681152344
2021-10-29,37.86283493041992
2021-11-01,39.13978576660156
2021-11-02,39.52621841430664
2021-11-03,39.49260711669922
2021-11-04,39.12296676635742
2021-11-05,39.400203704833984
2021-11-08,39.290992736816406
2021-11-09,39.06416320800781
2021-11-10,39.49260711669922
2021-11-11,39.68583679199219
2021-11-12,40.534324645996094
2021-11-15,40.78635025024414
2021-11-16,40.660335540771484
2021-11-17,40.299102783203125
2021-11-18,39.30779266357422
2021-11-19,38.526512145996094
2021-11-22,39.80344772338867
2021-11-23,40.10586929321289
2021-11-24,39.48420333862305
2021-11-26,37.99724578857422
2021-11-29,37.644412994384766
2021-11-30,36.497535705566406
2021-12-01,36.12649917602539
2021-12-02,37.332401275634766
2021-12-03,37.003517150878906
2021-12-06,37.77090835571289
2021-12-07,38.411808013916016
2021-12-08,38.95994567871094
2021-12-09,38.892486572265625
2021-12-10,38.850311279296875
2021-12-13,37.78777313232422
2021-12-14,37.61068344116211
2021-12-15,37.66128158569336
2021-12-16,37.29023361206055
2021-12-17,36.792686462402344
2021-12-20,35.3843994140625
2021-12-21,36.151798248291016
2021-12-22,36.2951545715332
2021-12-23,36.78425979614258
2021-12-27,37.39142990112305
2021-12-28,37.872100830078125
2021-12-29,37.838375091552734
2021-12-30,37.796199798583984
2021-12-31,38.00702667236328
2022-01-03,38.09979248046875
2022-01-04,40.41883850097656
2022-01-05,40.452571868896484
2022-01-06,41.06816482543945
2022-01-07,41.000709533691406
2022-01-10,40.52002716064453
2022-01-11,40.96696853637695
2022-01-12,40.34293746948242
2022-01-13,42.06324768066406
2022-01-14,41.96205139160156
2022-01-18,41.28742599487305
2022-01-19,39.19606399536133
2022-01-20,37.50948715209961
2022-01-21,37.03725051879883
2022-01-24,37.248069763183594
2022-01-25,37.23963165283203
2022-01-26,37.29023361206055
2022-01-27,36.67462921142578
2022-01-28,35.974700927734375
2022-01-31,36.97821807861328
2022-02-01,37.70344543457031
2022-02-02,38.0407600402832
2022-02-03,37.29023361206055
2022-02-04,36.52284622192383
2022-02-07,36.58186721801758
2022-02-08,37.52635192871094
2022-02-09,37.711875915527344
2022-02-10,37.15530776977539
2022-02-11,36.59030532836914
2022-02-14,36.05903625488281
2022-02-15,38.184120178222656
2022-02-16,38.13352584838867
2022-02-17,37.62754440307617
2022-02-18,36.73365783691406
2022-02-22,35.738582611083984
2022-02-23,35.679542541503906
2022-02-24,34.65917205810547
2022-02-25,35.54463195800781
2022-02-28,34.72332763671875
2022-03-01,32.877506256103516
2022-03-02,34.393104553222656
2022-03-03,33.79194641113281
2022-03-04,31.268770217895508
2022-03-07,29.65157127380371
2022-03-08,30.582942962646484
2022-03-09,31.717529296875
2022-03-10,31.090967178344727
2022-03-11,30.75228500366211
2022-03-14,30.74381446838379
2022-03-15,30.92162322998047
2022-03-16,32.310218811035156
2022-03-17,32.471092224121094
2022-03-18,32.69969940185547
2022-03-21,32.49649429321289
2022-03-22,32.55575942993164
2022-03-23,31.675193786621094
2022-03-24,32.615028381347656
2022-03-25,32.67430114746094
2022-03-28,32.65736389160156
2022-03-29,33.935890197753906
2022-03-30,33.54641342163086
2022-03-31,32.9367790222168
2022-04-01,33.326263427734375
2022-04-04,32.84364318847656
2022-04-05,31.395780563354492
2022-04-06,31.514312744140625
2022-04-07,30.76922035217285
2022-04-08,30.8284854888916
2022-04-11,31.20103645324707
2022-04-12,31.37884521484375
2022-04-13,31.20103645324707
2022-04-14,31.33650779724121
2022-04-18,31.573583602905273
2022-04-19,32.5388298034668
2022-04-20,32.8182373046875
2022-04-21,32.801300048828125
2022-04-22,32.05620574951172
2022-04-25,31.937658309936523
2022-04-26,30.422067642211914
2022-04-27,31.090967178344727
2022-04-28,31.82760238647461
2022-04-29,31.184101104736328
2022-05-02,31.607452392578125
2022-05-03,32.29328155517578
2022-05-04,33.00450897216797
2022-05-05,32.2594108581543
2022-05-06,32.14934158325195
2022-05-09,31.17563247680664
2022-05-10,30.7353458404541
2022-05-11,30.515201568603516
2022-05-12,31.048625946044922
2022-05-13,32.513427734375
2022-05-16,31.709056854248047
2022-05-17,33.41093063354492
2022-05-18,32.471092224121094
2022-05-19,32.90290451049805
2022-05-20,32.3017463684082
2022-05-23,32.34408187866211
2022-05-24,31.709056854248047
2022-05-25,32.58116149902344
2022-05-26,33.351661682128906
2022-05-27,33.63953399658203
2022-05-31,34.285804748535156
2022-06-01,34.11573791503906
2022-06-02,34.20927047729492
2022-06-03,33.4184455871582
2022-06-06,34.08171844482422
2022-06-07,33.86913299560547
2022-06-08,33.750091552734375
2022-06-09,33.30790710449219
2022-06-10,31.88783836364746
2022-06-13,29.991573333740234
2022-06-14,29.812999725341797
2022-06-15,30.425249099731445
2022-06-16,28.018779754638672
2022-06-17,28.631027221679688
2022-06-21,30.10211944580078
2022-06-22,30.059602737426758
2022-06-23,29.608919143676758
2022-06-24,30.34871482849121
2022-06-27,30.3912353515625
2022-06-28,30.65484046936035
2022-06-29,29.87252426147461
2022-06-30,28.37592124938965
2022-07-01,28.971162796020508
2022-07-05,28.67354393005371
2022-07-06,27.90823745727539
2022-07-07,29.47286605834961
2022-07-08,29.29429054260254
2022-07-11,28.852115631103516
2022-07-12,29.345312118530273
2022-07-13,28.580005645751953
2022-07-14,28.09531021118164
2022-07-15,28.614017486572266
2022-07-18,29.047697067260742
2022-07-19,30.3912353515625
2022-07-20,30.7653865814209
2022-07-21,30.92695426940918
2022-07-22,30.960962295532227
2022-07-25,31.173547744750977
2022-07-26,31.00347900390625
2022-07-27,31.658245086669922
2022-07-28,32.64463424682617
2022-07-29,32.704166412353516
2022-08-01,32.8657341003418
2022-08-02,32.78920364379883
2022-08-03,33.597023010253906
2022-08-04,32.6191291809082
2022-08-05,32.20246887207031
2022-08-08,32.678653717041016
2022-08-09,32.36403274536133
2022-08-10,33.2909049987793
2022-08-11,33.801109313964844
2022-08-12,34.03070068359375
2022-08-15,33.758583068847656
2022-08-16,33.801109313964844
2022-08-17,32.78069305419922
2022-08-18,33.597023010253906
2022-08-19,33.10383224487305
2022-08-22,31.199058532714844
2022-08-23,31.581710815429688
2022-08-24,31.921857833862305
2022-08-25,33.061309814453125
2022-08-26,32.28749465942383
2022-08-29,32.48307418823242
2022-08-30,32.534095764160156
2022-08-31,32.200984954833984
2022-09-01,31.919118881225586
2022-09-02,31.620174407958984
2022-09-06,31.124771118164062
2022-09-07,32.29493713378906
2022-09-08,32.20952224731445
2022-09-09,32.9440803527832
2022-09-12,33.67863845825195
2022-09-13,32.40597915649414
2022-09-14,31.67142105102539
2022-09-15,31.67142105102539
2022-09-16,31.586008071899414
2022-09-19,32.23515319824219
2022-09-20,31.107688903808594
2022-09-21,30.057100296020508
2022-09-22,29.64710807800293
2022-09-23,28.16091537475586
2022-09-26,28.485483169555664
2022-09-27,28.42569351196289
2022-09-28,28.64777183532715
2022-09-29,27.050533294677734
2022-09-30,26.819915771484375
2022-10-03,27.973005294799805
2022-10-04,29.322540283203125
2022-10-05,29.185880661010742
2022-10-06,29.24566650390625
2022-10-07,28.699020385742188
2022-10-10,28.05841636657715
2022-10-11,28.126747131347656
2022-10-12,27.861967086791992
2022-10-13,28.587982177734375
2022-10-14,28.36590576171875
2022-10-17,28.86984634399414
2022-10-18,29.13463020324707
2022-10-19,29.1004638671875
2022-10-20,28.844221115112305
2022-10-21,29.501911163330078
2022-10-24,30.44145965576172
2022-10-25,31.056442260742188
2022-10-26,31.210187911987305
2022-10-27,31.500593185424805
2022-10-28,32.32056427001953
2022-10-31,32.0557861328125
2022-11-01,31.867876052856445
2022-11-02,31.039356231689453
2022-11-03,30.99664878845215
2022-11-04,32.40597915649414
2022-11-07,32.679298400878906
2022-11-08,33.1832389831543
2022-11-09,32.91845703125
2022-11-10,34.9940071105957
2022-11-11,36.23250961303711
2022-11-14,35.856693267822266
2022-11-15,36.54854202270508
2022-11-16,35.40399932861328
2022-11-17,35.29296112060547
2022-11-18,36.061683654785156
2022-11-21,35.78836441040039
2022-11-22,36.283756256103516
2022-11-23,35.8823127746582
2022-11-25,36.07876968383789
2022-11-28,35.47233200073242
2022-11-29,35.81398010253906
2022-11-30,36.45719528198242
2022-12-01,36.58583450317383
2022-12-02,36.602989196777344
2022-12-05,35.942626953125
2022-12-06,35.16219711303711
2022-12-07,35.316566467285156
2022-12-08,34.93922424316406
2022-12-09,34.707664489746094
2022-12-12,35.45378875732422
2022-12-13,35.26511001586914
2022-12-14,35.29941940307617
2022-12-15,34.98209762573242
2022-12-16,34.767696380615234
2022-12-19,34.836299896240234
2022-12-20,34.69908905029297
2022-12-21,35.16219711303711
2022-12-22,33.93581008911133
2022-12-23,34.304588317871094
2022-12-27,34.4332275390625
2022-12-28,33.85862350463867
2022-12-29,34.69908905029297
2022-12-30,34.51899337768555
2023-01-03,34.5361442565918
2023-01-04,35.68535232543945
2023-01-05,36.01981735229492
2023-01-06,37.006065368652344
2023-01-09,36.22563934326172
2023-01-10,36.937461853027344
2023-01-11,37.35769271850586
2023-01-12,38.2581901550293
2023-01-13,38.146690368652344
2023-01-17,37.949440002441406
2023-01-18,37.60639953613281
2023-01-19,37.47776412963867
2023-01-20,38.07808303833008
2023-01-23,38.30963897705078
2023-01-24,38.180999755859375
2023-01-25,38.46401596069336
2023-01-26,38.867095947265625
2023-01-27,39.42454147338867
2023-01-30,39.587493896484375
2023-01-31,40.54801559448242
2023-02-01,41.405635833740234
2023-02-02,41.34559631347656
2023-02-03,40.831031799316406
2023-02-06,40.282161712646484
2023-02-07,40.57374954223633
2023-02-08,39.99056625366211
2023-02-09,41.12261962890625
2023-02-10,41.43993377685547
2023-02-13,42.76066589355469
2023-02-14,42.6148681640625
2023-02-15,42.34900665283203
2023-02-16,43.15516662597656
2023-02-17,43.2495002746582
2023-02-21,42.30612564086914
2023-02-22,42.65774917602539
2023-02-23,42.68347930908203
2023-02-24,42.692054748535156
2023-02-27,43.0179443359375
2023-02-28,43.26750946044922
2023-03-01,43.58589553833008
2023-03-02,43.628929138183594
2023-03-03,43.72357940673828
2023-03-06,43.2588996887207
2023-03-07,43.009342193603516
2023-03-08,43.08678436279297
2023-03-09,42.14881134033203
2023-03-10,41.25385665893555
2023-03-13,39.894222259521484
2023-03-14,40.96988296508789
2023-03-15,39.506980895996094
2023-03-16,40.3933219909668
2023-03-17,39.360694885253906
2023-03-20,39.61024475097656
2023-03-21,40.62567138671875
2023-03-22,40.126564025878906
2023-03-23,40.117958068847656
2023-03-24,40.771968841552734
2023-03-27,40.81498718261719
2023-03-28,41.02151870727539
2023-03-29,41.42596435546875
2023-03-30,41.48619842529297
2023-03-31,42.26068115234375
2023-04-03,41.907859802246094
2023-04-04,40.81498718261719
2023-04-05,39.92864227294922
2023-04-06,39.63606262207031
2023-04-10,40.376121520996094
2023-04-11,41.04732894897461
2023-04-12,41.365726470947266
2023-04-13,41.40875244140625
2023-04-14,41.933677673339844
2023-04-17,41.63249206542969
2023-04-18,41.718544006347656
2023-04-19,42.00252151489258
2023-04-20,42.05415344238281
2023-04-21,42.14881134033203
2023-04-24,42.303707122802734
2023-04-25,41.6066780090332
2023-04-26,41.468997955322266
2023-04-27,40.995704650878906
2023-04-28,41.417362213134766
2023-05-01,41.141990661621094
2023-05-02,40.703121185302734
2023-05-03,39.98027420043945
2023-05-04,36.830726623535156
2023-05-05,38.3882942199707
2023-05-08,38.74971389770508
2023-05-09,38.302242279052734
2023-05-10,38.13013458251953
2023-05-11,38.41410827636719
2023-05-12,37.95802688598633
2023-05-15,38.32805633544922
2023-05-16,37.52775955200195
2023-05-17,38.2161865234375
2023-05-18,38.706687927246094
2023-05-19,39.7135124206543
2023-05-22,40.995704650878906
2023-05-23,40.212615966796875
2023-05-24,39.75653839111328
2023-05-25,40.32448959350586
2023-05-26,40.591251373291016
2023-05-30,40.195404052734375
2023-05-31,38.28668975830078
2023-06-01,39.098541259765625
2023-06-02,41.179996490478516
2023-06-05,40.54951095581055
2023-06-06,40.56678771972656
2023-06-07,40.359500885009766
2023-06-08,39.4526481628418
2023-06-09,39.5994758605957
2023-06-12,39.53901672363281
2023-06-13,40.31631851196289
2023-06-14,41.283634185791016
2023-06-15,41.69820022583008
2023-06-16,41.97457504272461
2023-06-20,40.06585693359375
2023-06-21,39.99676513671875
2023-06-22,39.65129089355469
2023-06-23,39.06399154663086
2023-06-26,39.0726318359375
2023-06-27,40.03131103515625
2023-06-28,41.205902099609375
2023-06-29,41.62047576904297
2023-06-30,42.24231719970703
2023-07-03,43.114627838134766
2023-07-05,42.36537170410156
2023-07-06,44.04310989379883
2023-07-07,44.10198211669922
2023-07-10,43.964622497558594
2023-07-11,44.71028137207031
2023-07-12,45.52462387084961
2023-07-13,46.064247131347656
2023-07-14,44.75933074951172
2023-07-17,44.543495178222656
2023-07-18,44.78877258300781
2023-07-19,45.06349182128906
2023-07-20,45.269527435302734
2023-07-21,45.269527435302734
2023-07-24,45.27934265136719
2023-07-25,45.13216781616211
2023-07-26,45.52462387084961
2023-07-27,44.90650177001953
2023-07-28,45.33820724487305
2023-07-31,45.622737884521484
2023-08-01,45.59330368041992
2023-08-02,42.16913986206055
2023-08-03,40.618953704833984
2023-08-04,41.71782302856445
2023-08-07,41.59027099609375
2023-08-08,41.11933135986328
2023-08-09,41.531410217285156
2023-08-10,40.6876335144043
2023-08-11,39.99102783203125
2023-08-14,40.51102828979492
2023-08-15,39.99102783203125
2023-08-16,39.09819030761719
2023-08-17,38.68612289428711
2023-08-18,38.89215850830078
2023-08-21,39.11781692504883
2023-08-22,38.695926666259766
2023-08-23,39.088382720947266
2023-08-24,38.94121170043945
2023-08-25,39.14725875854492
2023-08-28,39.618194580078125
2023-08-29,39.971405029296875
2023-08-30,39.92234420776367
2023-08-31,40.0895881652832
2023-09-01,40.62084197998047
2023-09-05,39.8928337097168
2023-09-06,39.84364318847656
2023-09-07,39.10580062866211
2023-09-08,39.38125991821289
2023-09-11,39.518985748291016
2023-09-12,40.67002868652344
2023-09-13,39.755104064941406
2023-09-14,39.68623352050781
2023-09-15,40.38473129272461
2023-09-18,40.23716354370117
2023-09-19,40.56181335449219
2023-09-20,40.51261901855469
2023-09-21,39.45012664794922
2023-09-22,40.099430084228516
2023-09-25,40.611000061035156
2023-09-26,39.214012145996094
2023-09-27,39.15498352050781
2023-09-28,40.03056335449219
2023-09-29,39.71574783325195
2023-10-02,39.214012145996094
2023-10-03,38.240055084228516
2023-10-04,38.584388732910156
2023-10-05,38.03346252441406
2023-10-06,39.23368835449219
2023-10-09,38.83033752441406
2023-10-10,39.115631103515625
2023-10-11,39.32223129272461
2023-10-12,38.6139030456543
2023-10-13,38.07281494140625
2023-10-16,38.820499420166016
2023-10-17,38.83033752441406
2023-10-18,37.876060485839844
2023-10-19,37.49237823486328
2023-10-20,37.98427200317383
2023-10-23,37.61042785644531
2023-10-24,37.77767562866211
2023-10-25,37.512054443359375
2023-10-26,37.63994216918945
2023-10-27,36.08555603027344
2023-10-30,36.11507034301758
2023-10-31,36.30198669433594
2023-11-01,36.508583068847656
2023-11-02,31.737180709838867
2023-11-03,32.81935501098633
2023-11-06,32.29794692993164
2023-11-07,32.1011848449707
2023-11-08,31.8355655670166
2023-11-09,31.50107192993164
2023-11-10,31.84539794921875
2023-11-13,31.99296760559082
2023-11-14,32.976768493652344
2023-11-15,33.576881408691406
2023-11-16,33.27190017700195
2023-11-17,33.86217498779297
2023-11-20,33.9605598449707
2023-11-21,33.468658447265625
2023-11-22,34.049102783203125
2023-11-24,33.783470153808594
2023-11-27,33.655582427978516
2023-11-28,33.13417053222656
2023-11-29,33.60639572143555
2023-11-30,33.25108337402344
2023-12-01,33.50769805908203
2023-12-04,33.87287139892578
2023-12-05,32.55033493041992
2023-12-06,32.3035888671875
2023-12-07,32.609554290771484
2023-12-08,32.47137451171875
2023-12-11,32.836551666259766
2023-12-12,32.5108528137207
2023-12-13,33.0339469909668
2023-12-14,35.36320114135742
2023-12-15,34.40583419799805
2023-12-18,34.277530670166016
2023-12-19,34.899322509765625
2023-12-20,34.45518493652344
2023-12-21,35.442161560058594
2023-12-22,35.36320114135742
2023-12-26,35.53098678588867
2023-12-27,35.37307357788086
2023-12-28,35.5211181640625
2023-12-29,35.382938385009766
2024-01-02,35.47176742553711
2024-01-03,33.58665084838867
2024-01-04,33.863006591796875
2024-01-05,34.53414535522461
2024-01-08,34.63283920288086
2024-01-09,33.527435302734375
2024-01-10,33.4484748840332
2024-01-11,33.62613296508789
2024-01-12,32.36280822753906
2024-01-16,32.67863845825195
2024-01-17,32.283851623535156
2024-01-18,32.323326110839844
2024-01-19,32.44176483154297
2024-01-22,32.78720474243164
2024-01-23,33.01420974731445
2024-01-24,32.836551666259766
2024-01-25,33.34977722167969
2024-01-26,33.69521713256836
2024-01-29,33.82352828979492
2024-01-30,33.97157287597656
2024-01-31,33.458351135253906
2024-02-01,34.030792236328125
2024-02-02,33.645870208740234
2024-02-05,33.04381561279297
2024-02-06,33.62613296508789
2024-02-07,33.389259338378906
2024-02-08,31.069873809814453
2024-02-09,31.385704040527344
2024-02-12,31.898929595947266
2024-02-13,30.645475387573242
2024-02-14,30.734304428100586
2024-02-15,31.079742431640625
2024-02-16,30.211210250854492
2024-02-20,29.767070770263672
2024-02-21,29.875638961791992
2024-02-22,30.112510681152344
2024-02-23,30.013813018798828
2024-02-26,29.776939392089844
2024-02-27,30.280296325683594
2024-02-28,30.37899398803711
2024-02-29,30.83462905883789
2024-03-01,30.85443878173828
2024-03-04,30.5374755859375
2024-03-05,31.0228271484375
2024-03-06,31.636945724487305
2024-03-07,31.973718643188477
2024-03-08,31.73599624633789
2024-03-11,31.825143814086914
2024-03-12,32.23125076293945
2024-03-13,32.16191864013672
2024-03-14,31.72608757019043
2024-03-15,31.815235137939453
2024-03-18,31.765710830688477
2024-03-19,31.47846221923828
2024-03-20,32.4095458984375
2024-03-21,33.083091735839844
2024-03-22,32.884986877441406
2024-03-25,32.85527038574219
2024-03-26,33.330718994140625
2024-03-27,34.370758056640625
2024-03-28,34.41038131713867
2024-04-01,34.7075309753418
2024-04-02,34.41038131713867
2024-04-03,34.46980667114258
2024-04-04,34.10331726074219
2024-04-05,34.28160858154297
2024-04-08,34.79667663574219
2024-04-09,35.272125244140625
2024-04-10,34.49952697753906
2024-04-11,34.17265701293945
2024-04-12,33.1821403503418
2024-04-15,32.81565475463867
2024-04-16,32.1322021484375
2024-04-17,31.557703018188477
2024-04-18,31.80533218383789
2024-04-19,32.4887809753418
2024-04-22,32.77602767944336
2024-04-23,33.02366256713867
2024-04-24,33.330718994140625
2024-04-25,32.50859451293945
2024-04-26,32.875083923339844
2024-04-29,33.40995788574219
2024-04-30,32.459068298339844
2024-05-01,32.55812072753906
2024-05-02,35.291934967041016
2024-05-03,36.09424591064453
2024-05-06,36.589500427246094
2024-05-07,36.450828552246094
2024-05-08,37.154090881347656
2024-05-09,37.36210632324219
2024-05-10,37.144187927246094
2024-05-13,37.2630500793457
2024-05-14,37.23333740234375
2024-05-15,37.144187927246094
2024-05-16,37.27295684814453
2024-05-17,36.73807907104492
2024-05-20,36.52016830444336
2024-05-21,36.15367889404297
2024-05-22,35.50984191894531
2024-05-23,34.747154235839844
2024-05-24,35.35136413574219
2024-05-28,35.59899139404297
2024-05-29,34.45990753173828
2024-05-30,34.885826110839844
2024-05-31,35.32164764404297
2024-06-03,35.67933654785156
2024-06-04,34.496978759765625
2024-06-05,34.3876838684082
2024-06-06,34.655948638916016
2024-06-07,34.3876838684082
2024-06-10,34.099544525146484
2024-06-11,33.50340270996094
2024-06-12,34.02006149291992
2024-06-13,33.493465423583984
2024-06-14,32.152137756347656
2024-06-17,32.976806640625
2024-06-18,32.79795837402344
2024-06-20,32.91719436645508
2024-06-21,32.91719436645508
2024-06-24,33.38417053222656
2024-06-25,32.65886306762695
2024-06-26,32.38066101074219
2024-06-27,31.794450759887695
2024-06-28,32.03290939331055
2024-07-01,31.2877254486084
2024-07-02,31.555992126464844
2024-07-03,31.685155868530273
2024-07-05,31.118818283081055
2024-07-08,31.228111267089844
2024-07-09,31.456634521484375
2024-07-10,31.883872985839844
2024-07-11,32.927127838134766
2024-07-12,32.90725326538086
2024-07-15,32.96686935424805
2024-07-16,34.288326263427734
2024-07-17,33.96044921875
2024-07-18,33.62263107299805
2024-07-19,32.410465240478516
2024-07-22,32.440277099609375
2024-07-23,32.34091567993164
2024-07-24,31.7646427154541
2024-07-25,31.973295211791992
2024-07-26,32.599246978759766
2024-07-29,32.50982666015625
2024-07-30,32.24155807495117
2024-07-31,35.083187103271484
2024-08-01,33.81140899658203
2024-08-02,32.8277702331543
2024-08-05,32.162071228027344
2024-08-06,31.655349731445312
2024-08-07,31.446697235107422
2024-08-08,31.923616409301758
2024-08-09,31.585798263549805
2024-08-12,30.989652633666992
2024-08-13,31.665285110473633
2024-08-14,31.52618408203125
2024-08-15,32.33098220825195
2024-08-16,32.430335998535156
2024-08-19,32.867515563964844
2024-08-20,32.301170349121094
2024-08-21,32.857574462890625
2024-08-22,32.678733825683594
2024-08-23,33.771671295166016
2024-08-26,33.59282302856445
2024-08-27,33.4338493347168
2024-08-28,33.4338493347168
2024-08-29,33.672306060791016
2024-08-30,33.85115432739258
2024-09-03,32.983943939208984
2024-09-04,32.96400451660156
2024-09-05,32.74470901489258
2024-09-06,32.18650817871094
2024-09-09,32.77461624145508
2024-09-10,31.458845138549805
2024-09-11,31.538589477539062
2024-09-12,31.877500534057617
2024-09-13,32.10676193237305
2024-09-16,32.09679412841797
2024-09-17,32.794551849365234
2024-09-18,32.62509536743164
2024-09-19,34.000675201416016
2024-09-20,33.29294967651367
2024-09-23,34.23990249633789
2024-09-24,34.98749923706055
2024-09-25,34.399391174316406
2024-09-26,35.69522476196289
2024-09-27,36.6322135925293
2024-09-30,36.17368698120117
2024-10-01,35.376251220703125
2024-10-02,35.30647277832031
2024-10-03,34.71836853027344
2024-10-04,35.01740646362305
2024-10-07,34.90775680541992
2024-10-08,34.56884765625
2024-10-09,34.95759582519531
2024-10-10,34.77817153930664
2024-10-11,34.937660217285156
2024-10-14,35.316444396972656
2024-10-15,34.86788558959961
2024-10-16,34.92769241333008
2024-10-17,34.79811096191406
2024-10-18,35.087181091308594
2024-10-21,34.22993469238281
2024-10-22,34.080413818359375
2024-10-23,34.01063919067383
2024-10-24,33.34278869628906
2024-10-25,33.492305755615234
2024-10-28,34.299713134765625
2024-10-29,34.110321044921875
2024-10-30,33.442466735839844
2024-10-31,33.522212982177734
2024-11-01,33.332820892333984
2024-11-04,33.34278869628906
2024-11-05,33.91096115112305
2024-11-06,34.73830032348633
2024-11-07,34.947628021240234
2024-11-08,33.811279296875
2024-11-11,34.548912048339844
2024-11-12,35.02737045288086
2024-11-13,34.69843292236328
2024-11-14,34.31964874267578
2024-11-15,34.38942337036133
2024-11-18,34.26980972290039
2024-11-19,33.0238151550293
2024-11-20,33.20323944091797
2024-11-21,33.65179443359375
2024-11-22,34.01063919067383
2024-11-25,35.06724548339844
2024-11-26,34.06047821044922
2024-11-27,34.170127868652344
2024-11-29,34.209999084472656
2024-12-02,34.31999969482422
2024-12-03,33.849998474121094
2024-12-04,34.79999923706055
2024-12-05,33.9900016784668
2024-12-06,33.79999923706055
2024-12-09,34.29999923706055
2024-12-10,34.61000061035156
2024-12-11,35.09000015258789
2024-12-12,35.04999923706055
2024-12-13,34.04999923706055
2024-12-16,32.97999954223633
2024-12-17,33.2400016784668
