,CAG
2014-01-02,18.564483642578125
2014-01-03,18.520252227783203
2014-01-06,18.43177032470703
2014-01-07,18.746980667114258
2014-01-08,18.592140197753906
2014-01-09,18.664031982421875
2014-01-10,18.724857330322266
2014-01-13,18.564483642578125
2014-01-14,18.73592185974121
2014-01-15,18.669559478759766
2014-01-16,18.82993507385254
2014-01-17,18.481538772583008
2014-01-21,18.55895233154297
2014-01-22,18.608726501464844
2014-01-23,18.393056869506836
2014-01-24,18.11102294921875
2014-01-27,18.243743896484375
2014-01-28,18.133142471313477
2014-01-29,17.75420570373535
2014-01-30,17.720767974853516
2014-01-31,17.715194702148438
2014-02-03,17.107789993286133
2014-02-04,17.17465591430664
2014-02-05,17.118934631347656
2014-02-06,17.107789993286133
2014-02-07,17.191377639770508
2014-02-10,17.30282974243164
2014-02-11,16.205034255981445
2014-02-12,16.14373207092285
2014-02-13,16.160451889038086
2014-02-14,16.361064910888672
2014-02-18,16.266332626342773
2014-02-19,16.12700843811035
2014-02-20,15.915255546569824
2014-02-21,15.881817817687988
2014-02-24,15.904111862182617
2014-02-25,15.842815399169922
2014-02-26,15.787090301513672
2014-02-27,15.748083114624023
2014-02-28,15.826093673706055
2014-03-03,15.814952850341797
2014-03-04,16.02113914489746
2014-03-05,16.149307250976562
2014-03-06,16.238473892211914
2014-03-07,16.422365188598633
2014-03-10,16.40007781982422
2014-03-11,16.388925552368164
2014-03-12,16.617406845092773
2014-03-13,16.422365188598633
2014-03-14,16.394502639770508
2014-03-17,16.47251319885254
2014-03-18,16.611833572387695
2014-03-19,16.489229202270508
2014-03-20,16.71213150024414
2014-03-21,16.7567138671875
2014-03-24,16.77900505065918
2014-03-25,16.85702896118164
2014-03-26,16.85702896118164
2014-03-27,16.968475341796875
2014-03-28,17.10221290588379
2014-03-31,17.29168701171875
2014-04-01,17.17465591430664
2014-04-02,17.341846466064453
2014-04-03,17.542451858520508
2014-04-04,17.263822555541992
2014-04-07,17.31954574584961
2014-04-08,17.391986846923828
2014-04-09,17.3306884765625
2014-04-10,17.07435417175293
2014-04-11,16.996339797973633
2014-04-14,17.18023681640625
2014-04-15,17.202518463134766
2014-04-16,17.38641929626465
2014-04-17,17.46442985534668
2014-04-21,17.397563934326172
2014-04-22,17.425424575805664
2014-04-23,17.364124298095703
2014-04-24,17.30839729309082
2014-04-25,17.27496337890625
2014-04-28,17.246870040893555
2014-04-29,17.123279571533203
2014-04-30,17.14013671875
2014-05-01,17.10081672668457
2014-05-02,17.19631004333496
2014-05-05,17.050247192382812
2014-05-06,16.960365295410156
2014-05-07,17.319908142089844
2014-05-08,17.134517669677734
2014-05-09,17.28620147705078
2014-05-12,17.387325286865234
2014-05-13,17.52215003967285
2014-05-14,17.67945098876953
2014-05-15,17.47721290588379
2014-05-16,17.66259765625
2014-05-19,17.62327003479004
2014-05-20,17.561477661132812
2014-05-21,17.651365280151367
2014-05-22,17.746864318847656
2014-05-23,17.758102416992188
2014-05-27,17.730010986328125
2014-05-28,17.74125099182129
2014-05-29,18.072708129882812
2014-05-30,18.14573860168457
2014-06-02,18.050233840942383
2014-06-03,18.083946228027344
2014-06-04,18.185060501098633
2014-06-05,18.246854782104492
2014-06-06,18.370450973510742
2014-06-09,18.286182403564453
2014-06-10,18.241241455078125
2014-06-11,18.106409072875977
2014-06-12,18.106409072875977
2014-06-13,18.25809669494629
2014-06-16,18.421010971069336
2014-06-17,18.454723358154297
2014-06-18,17.117666244506836
2014-06-19,16.50531578063965
2014-06-20,16.185094833374023
2014-06-23,16.196327209472656
2014-06-24,16.19071388244629
2014-06-25,16.140153884887695
2014-06-26,16.274986267089844
2014-06-27,16.64576530456543
2014-06-30,16.673852920532227
2014-07-01,16.90418815612793
2014-07-02,17.1457576751709
2014-07-03,17.45473861694336
2014-07-07,17.44350242614746
2014-07-08,17.21317481994629
2014-07-09,17.168222427368164
2014-07-10,17.14013671875
2014-07-11,17.185083389282227
2014-07-14,17.35361671447754
2014-07-15,17.387325286865234
2014-07-16,17.34800148010254
2014-07-17,17.14013671875
2014-07-18,17.230018615722656
2014-07-21,17.218782424926758
2014-07-22,17.201934814453125
2014-07-23,17.460355758666992
2014-07-24,17.567960739135742
2014-07-25,17.60194206237793
2014-07-28,17.522647857666016
2014-07-29,17.347084045410156
2014-07-30,17.279123306274414
2014-07-31,17.06391716003418
2014-08-01,17.21117401123047
2014-08-04,17.347084045410156
2014-08-05,17.273462295532227
2014-08-06,17.432035446166992
2014-08-07,17.443370819091797
2014-08-08,17.533979415893555
2014-08-11,17.800161361694336
2014-08-12,17.800161361694336
2014-08-13,17.811491012573242
2014-08-14,18.049354553222656
2014-08-15,17.998384475708008
2014-08-18,18.060678482055664
2014-08-19,18.060678482055664
2014-08-20,18.13430404663086
2014-08-21,18.207929611206055
2014-08-22,18.038034439086914
2014-08-25,18.185279846191406
2014-08-26,18.049354553222656
2014-08-27,18.196605682373047
2014-08-28,18.196605682373047
2014-08-29,18.236248016357422
2014-09-02,18.185279846191406
2014-09-03,18.36083984375
2014-09-04,18.37783432006836
2014-09-05,18.411808013916016
2014-09-08,18.502424240112305
2014-09-09,18.400484085083008
2014-09-10,18.38349151611328
2014-09-11,18.406152725219727
2014-09-12,18.315534591674805
2014-09-15,18.321195602416992
2014-09-16,18.332521438598633
2014-09-17,18.128639221191406
2014-09-18,18.961166381835938
2014-09-19,19.03478240966797
2014-09-22,18.989479064941406
2014-09-23,18.76861000061035
2014-09-24,18.972492218017578
2014-09-25,18.6043701171875
2014-09-26,18.825239181518555
2014-09-29,18.67799949645996
2014-09-30,18.71197509765625
2014-10-01,18.734628677368164
2014-10-02,18.559064865112305
2014-10-03,18.87621307373047
2014-10-06,19.080093383789062
2014-10-07,18.85355567932129
2014-10-08,19.176374435424805
2014-10-09,19.17070960998535
2014-10-10,18.972492218017578
2014-10-13,18.774272918701172
2014-10-14,19.01779556274414
2014-10-15,19.040449142456055
2014-10-16,18.85355567932129
2014-10-17,19.05744171142578
2014-10-20,19.408578872680664
2014-10-21,19.27831268310547
2014-10-22,19.346275329589844
2014-10-23,19.26698875427246
2014-10-24,19.368934631347656
2014-10-27,19.289644241333008
2014-10-28,19.436893463134766
2014-10-29,19.151643753051758
2014-10-30,19.357025146484375
2014-10-31,19.596633911132812
2014-11-03,19.653684616088867
2014-11-04,19.596633911132812
2014-11-05,19.608041763305664
2014-11-06,19.824827194213867
2014-11-07,19.750667572021484
2014-11-10,19.699321746826172
2014-11-11,19.51106071472168
2014-11-12,19.767789840698242
2014-11-13,19.81342124938965
2014-11-14,19.81342124938965
2014-11-17,19.938936233520508
2014-11-18,20.33827781677246
2014-11-19,20.292634963989258
2014-11-20,20.27552604675293
2014-11-21,20.258413314819336
2014-11-24,20.224178314208984
2014-11-25,20.258413314819336
2014-11-26,20.4523868560791
2014-11-28,20.834613800048828
2014-12-01,20.771854400634766
2014-12-02,21.005765914916992
2014-12-03,20.908777236938477
2014-12-04,20.828908920288086
2014-12-05,21.102745056152344
2014-12-08,21.131275177001953
2014-12-09,21.097043991088867
2014-12-10,20.99435806274414
2014-12-11,21.27389907836914
2014-12-12,20.95442008972168
2014-12-15,20.914480209350586
2014-12-16,20.851726531982422
2014-12-17,21.165508270263672
2014-12-18,20.868844985961914
2014-12-19,21.028587341308594
2014-12-22,21.028587341308594
2014-12-23,21.068519592285156
2014-12-24,21.028587341308594
2014-12-26,21.028587341308594
2014-12-29,21.068519592285156
2014-12-30,21.000062942504883
2014-12-31,20.697694778442383
2015-01-02,20.435266494750977
2015-01-05,20.2127742767334
2015-01-06,20.013093948364258
2015-01-07,20.486608505249023
2015-01-08,20.931596755981445
2015-01-09,20.67487144470215
2015-01-12,20.35539436340332
2015-01-13,20.435266494750977
2015-01-14,20.258413314819336
2015-01-15,20.731924057006836
2015-01-16,20.66916847229004
2015-01-20,20.691991806030273
2015-01-21,20.67487144470215
2015-01-22,21.20543670654297
2015-01-23,20.97153663635254
2015-01-26,21.074228286743164
2015-01-27,20.914480209350586
2015-01-28,20.983417510986328
2015-01-29,20.948951721191406
2015-01-30,20.351560592651367
2015-02-02,20.535375595092773
2015-02-03,20.667484283447266
2015-02-04,20.828325271606445
2015-02-05,20.937461853027344
2015-02-06,20.931724548339844
2015-02-09,20.770877838134766
2015-02-10,20.92597007751465
2015-02-11,20.776626586914062
2015-02-12,20.92023468017578
2015-02-13,20.00691032409668
2015-02-17,19.39228630065918
2015-02-18,19.28314208984375
2015-02-19,19.80011749267578
2015-02-20,19.82884407043457
2015-02-23,19.834579467773438
2015-02-24,19.937973022460938
2015-02-25,19.9552059173584
2015-02-26,19.915000915527344
2015-02-27,20.093069076538086
2015-03-02,20.162002563476562
2015-03-03,20.081584930419922
2015-03-04,19.82884407043457
2015-03-05,20.024139404296875
2015-03-06,19.679492950439453
2015-03-09,19.725440979003906
2015-03-10,19.47844123840332
2015-03-11,19.28888702392578
2015-03-12,19.62779998779297
2015-03-13,19.49567413330078
2015-03-16,19.777143478393555
2015-03-17,19.811609268188477
2015-03-18,19.846067428588867
2015-03-19,19.736928939819336
2015-03-20,20.081584930419922
2015-03-23,20.133277893066406
2015-03-24,19.892026901245117
2015-03-25,20.070087432861328
2015-03-26,19.960952758789062
2015-03-27,21.115530014038086
2015-03-30,21.195947647094727
2015-03-31,20.983417510986328
2015-04-01,21.172975540161133
2015-04-02,21.72441291809082
2015-04-06,21.850788116455078
2015-04-07,21.804828643798828
2015-04-08,21.78185272216797
2015-04-09,21.76462173461914
2015-04-10,21.74164390563965
2015-04-13,21.598041534423828
2015-04-14,21.707178115844727
2015-04-15,21.5808048248291
2015-04-16,21.47167205810547
2015-04-17,21.425704956054688
2015-04-20,21.62676429748535
2015-04-21,21.60378074645996
2015-04-22,21.552087783813477
2015-04-23,21.546340942382812
2015-04-24,21.552087783813477
2015-04-27,21.454439163208008
2015-04-28,21.39082145690918
2015-04-29,21.0554141998291
2015-04-30,20.905067443847656
2015-05-01,21.14216423034668
2015-05-04,21.466001510620117
2015-05-05,21.402393341064453
2015-05-06,21.51226234436035
2015-05-07,21.604793548583984
2015-05-08,21.6915340423584
2015-05-11,21.61057472229004
2015-05-12,21.789838790893555
2015-05-13,21.662622451782227
2015-05-14,21.934412002563477
2015-05-15,22.258251190185547
2015-05-18,22.275602340698242
2015-05-19,22.281387329101562
2015-05-20,22.4953556060791
2015-05-21,22.483783721923828
2015-05-22,22.466440200805664
2015-05-26,22.229337692260742
2015-05-27,22.379695892333984
2015-05-28,22.379695892333984
2015-05-29,22.327651977539062
2015-06-01,22.47800636291504
2015-06-02,22.067424774169922
2015-06-03,22.165727615356445
2015-06-04,21.9228515625
2015-06-05,21.639490127563477
2015-06-08,21.795623779296875
2015-06-09,21.951763153076172
2015-06-10,21.992244720458984
2015-06-11,22.09055519104004
2015-06-12,22.038509368896484
2015-06-15,21.998031616210938
2015-06-16,22.33343505859375
2015-06-17,22.437530517578125
2015-06-18,22.622577667236328
2015-06-19,25.08030128479004
2015-06-22,24.901029586791992
2015-06-23,25.091861724853516
2015-06-24,25.363656997680664
2015-06-25,25.357872009277344
2015-06-26,25.444622039794922
2015-06-29,25.114988327026367
2015-06-30,25.28268814086914
2015-07-01,25.791587829589844
2015-07-02,25.76845359802246
2015-07-06,25.80315589904785
2015-07-07,26.306257247924805
2015-07-08,25.820507049560547
2015-07-09,25.745325088500977
2015-07-10,25.924592971801758
2015-07-13,25.86098289489746
2015-07-14,25.86098289489746
2015-07-15,25.69327735900879
2015-07-16,25.80315589904785
2015-07-17,25.699058532714844
2015-07-20,25.61231803894043
2015-07-21,25.45618438720703
2015-07-22,25.537137985229492
2015-07-23,25.444622039794922
2015-07-24,25.253782272338867
2015-07-27,25.172819137573242
2015-07-28,25.55669403076172
2015-07-29,25.667203903198242
2015-07-30,25.847509384155273
2015-07-31,25.626495361328125
2015-08-03,25.632305145263672
2015-08-04,25.690481185913086
2015-08-05,26.027807235717773
2015-08-06,26.15576934814453
2015-08-07,26.26047134399414
2015-08-10,26.167407989501953
2015-08-11,26.15576934814453
2015-08-12,25.992918014526367
2015-08-13,25.847509384155273
2015-08-14,26.31863021850586
2015-08-17,26.248836517333984
2015-08-18,26.08017349243164
2015-08-19,25.899852752685547
2015-08-20,25.562515258789062
2015-08-21,25.004148483276367
2015-08-24,24.131711959838867
2015-08-25,23.46283721923828
2015-08-26,24.30620002746582
2015-08-27,24.37017250061035
2015-08-28,24.27130889892578
2015-08-31,24.242219924926758
2015-09-01,23.77109718322754
2015-09-02,23.90487289428711
2015-09-03,24.265483856201172
2015-09-04,23.980485916137695
2015-09-08,24.277118682861328
2015-09-09,23.922319412231445
2015-09-10,23.933963775634766
2015-09-11,24.236404418945312
2015-09-14,24.044464111328125
2015-09-15,24.346908569335938
2015-09-16,24.70752716064453
2015-09-17,24.864561080932617
2015-09-18,24.55629539489746
2015-09-21,24.660991668701172
2015-09-22,22.916107177734375
2015-09-23,22.97426986694336
2015-09-24,23.887434005737305
2015-09-25,24.15497589111328
2015-09-28,23.509374618530273
2015-09-29,23.29998016357422
2015-09-30,23.56171417236328
2015-10-01,23.794363021850586
2015-10-02,24.32946014404297
2015-10-05,24.63772201538086
2015-10-06,24.375995635986328
2015-10-07,23.811813354492188
2015-10-08,24.294567108154297
2015-10-09,24.288747787475586
2015-10-12,24.451602935791016
2015-10-13,24.14333724975586
2015-10-14,23.683855056762695
2015-10-15,24.038650512695312
2015-10-16,24.248027801513672
2015-10-19,24.18987464904785
2015-10-20,23.887434005737305
2015-10-21,24.02120590209961
2015-10-22,24.655176162719727
2015-10-23,24.009565353393555
2015-10-26,24.061914443969727
2015-10-27,23.567533493041992
2015-10-28,23.667024612426758
2015-10-29,23.819181442260742
2015-10-30,23.731395721435547
2015-11-02,23.942087173461914
2015-11-03,23.971342086791992
2015-11-04,24.006458282470703
2015-11-05,24.146915435791016
2015-11-06,23.813339233398438
2015-11-09,24.182037353515625
2015-11-10,24.082538604736328
2015-11-11,23.930381774902344
2015-11-12,22.947179794311523
2015-11-13,22.730649948120117
2015-11-16,23.2749080657959
2015-11-17,23.034961700439453
2015-11-18,23.95378875732422
2015-11-19,24.053279876708984
2015-11-20,23.90696907043457
2015-11-23,24.340042114257812
2015-11-24,24.316633224487305
2015-11-25,24.351749420166016
2015-11-27,24.375158309936523
2015-11-30,23.95378875732422
2015-12-01,23.930381774902344
2015-12-02,23.883562088012695
2015-12-03,23.409513473510742
2015-12-04,24.082538604736328
2015-12-07,23.86014747619629
2015-12-08,23.73725128173828
2015-12-09,23.643613815307617
2015-12-10,23.5967960357666
2015-12-11,23.005704879760742
2015-12-14,22.99399757385254
2015-12-15,23.181276321411133
2015-12-16,23.87771224975586
2015-12-17,23.778215408325195
2015-12-18,23.754804611206055
2015-12-21,23.98889923095703
2015-12-22,24.24640464782715
2015-12-23,24.82579231262207
2015-12-24,24.656078338623047
2015-12-28,24.796531677246094
2015-12-29,24.98965835571289
2015-12-30,24.92527961730957
2015-12-31,24.673627853393555
2016-01-04,24.310781478881836
2016-01-05,24.328340530395508
2016-01-06,24.457088470458984
2016-01-07,23.620201110839844
2016-01-08,23.73725128173828
2016-01-11,23.520709991455078
2016-01-12,23.813339233398438
2016-01-13,23.134458541870117
2016-01-14,23.427078247070312
2016-01-15,22.847686767578125
2016-01-19,22.748205184936523
2016-01-20,22.648706436157227
2016-01-21,22.970584869384766
2016-01-22,23.555822372436523
2016-01-25,22.871095657348633
2016-01-26,23.116899490356445
2016-01-27,23.169902801513672
2016-01-28,23.62340545654297
2016-01-29,24.5245304107666
2016-02-01,24.724777221679688
2016-02-02,24.09458351135254
2016-02-03,24.224151611328125
2016-02-04,23.576295852661133
2016-02-05,23.199357986450195
2016-02-08,23.046220779418945
2016-02-09,23.38193130493164
2016-02-10,23.69997787475586
2016-02-11,23.71175193786621
2016-02-12,24.5009708404541
2016-02-16,24.60108757019043
2016-02-17,24.559860229492188
2016-02-18,24.595203399658203
2016-02-19,24.642322540283203
2016-02-22,24.683547973632812
2016-02-23,24.68943214416504
2016-02-24,24.724777221679688
2016-02-25,25.019262313842773
2016-02-26,24.783676147460938
2016-02-29,24.771888732910156
2016-03-01,25.036924362182617
2016-03-02,25.184165954589844
2016-03-03,25.378524780273438
2016-03-04,25.502208709716797
2016-03-07,25.231287002563477
2016-03-08,25.195947647094727
2016-03-09,25.472761154174805
2016-03-10,25.56110382080078
2016-03-11,25.832029342651367
2016-03-14,25.779020309448242
2016-03-15,25.967493057250977
2016-03-16,25.861478805541992
2016-03-17,25.720125198364258
2016-03-18,25.47865104675293
2016-03-21,25.40796661376953
2016-03-22,25.290185928344727
2016-03-23,25.508102416992188
2016-03-24,25.955711364746094
2016-03-28,26.07939338684082
2016-03-29,26.173629760742188
2016-03-30,26.4739990234375
2016-03-31,26.279644012451172
2016-04-01,26.951059341430664
2016-04-04,26.744932174682617
2016-04-05,26.556455612182617
2016-04-06,26.75670051574707
2016-04-07,27.145418167114258
2016-04-08,27.174867630004883
2016-04-11,26.909835815429688
2016-04-12,27.274993896484375
2016-04-13,26.921615600585938
2016-04-14,26.63890838623047
2016-04-15,26.880388259887695
2016-04-18,26.886274337768555
2016-04-19,26.67424774169922
2016-04-20,26.733139038085938
2016-04-21,26.17951774597168
2016-04-22,26.25608253479004
2016-04-25,26.238414764404297
2016-04-26,26.267858505249023
2016-04-27,26.581777572631836
2016-04-28,26.46924591064453
2016-04-29,26.39225196838379
2016-05-02,26.5936222076416
2016-05-03,26.25601577758789
2016-05-04,26.52254295349121
2016-05-05,26.581777572631836
2016-05-06,26.646926879882812
2016-05-09,27.05559539794922
2016-05-10,27.44651222229004
2016-05-11,27.14444923400879
2016-05-12,27.499814987182617
2016-05-13,27.174060821533203
2016-05-16,27.06744384765625
2016-05-17,26.457395553588867
2016-05-18,26.48700523376465
2016-05-19,26.48700523376465
2016-05-20,26.285633087158203
2016-05-23,26.26193618774414
2016-05-24,26.410017013549805
2016-05-25,26.48700523376465
2016-05-26,26.91938018798828
2016-05-27,26.824615478515625
2016-05-31,27.06744384765625
2016-06-01,27.06744384765625
2016-06-02,27.351734161376953
2016-06-03,27.547203063964844
2016-06-06,27.422826766967773
2016-06-07,27.63604164123535
2016-06-08,27.683429718017578
2016-06-09,27.926258087158203
2016-06-10,27.807804107666016
2016-06-13,27.523509979248047
2016-06-14,27.61235237121582
2016-06-15,27.535356521606445
2016-06-16,27.86110496520996
2016-06-17,27.760421752929688
2016-06-20,27.88481330871582
2016-06-21,28.109874725341797
2016-06-22,28.0743350982666
2016-06-23,28.37640380859375
2016-06-24,27.807804107666016
2016-06-27,27.81372833251953
2016-06-28,27.896644592285156
2016-06-29,28.19279670715332
2016-06-30,28.317184448242188
2016-07-01,28.660694122314453
2016-07-05,28.26978874206543
2016-07-06,28.133567810058594
2016-07-07,28.26978874206543
2016-07-08,28.607397079467773
2016-07-11,28.49485969543457
2016-07-12,28.26386260986328
2016-07-13,28.53632164001465
2016-07-14,28.48893928527832
2016-07-15,28.417865753173828
2016-07-18,28.46524429321289
2016-07-19,28.293485641479492
2016-07-20,28.098024368286133
2016-07-21,27.837419509887695
2016-07-22,28.026947021484375
2016-07-25,28.056562423706055
2016-07-26,27.630123138427734
2016-07-27,27.380035400390625
2016-07-28,27.63607406616211
2016-07-29,27.844505310058594
2016-08-01,27.933813095092773
2016-08-02,27.83258628845215
2016-08-03,27.95167350769043
2016-08-04,27.8742618560791
2016-08-05,27.576528549194336
2016-08-08,27.77898597717285
2016-08-09,27.784944534301758
2016-08-10,27.606307983398438
2016-08-11,27.481250762939453
2016-08-12,27.7372989654541
2016-08-15,27.558664321899414
2016-08-16,27.2728328704834
2016-08-17,27.576528549194336
2016-08-18,27.904033660888672
2016-08-19,27.95167350769043
2016-08-22,28.017181396484375
2016-08-23,27.540800094604492
2016-08-24,27.52889060974121
2016-08-25,27.433618545532227
2016-08-26,27.415752410888672
2016-08-29,27.731351852416992
2016-08-30,27.58842658996582
2016-08-31,27.75517463684082
2016-09-01,27.40384864807129
2016-09-02,27.773027420043945
2016-09-06,27.63607406616211
2016-09-07,27.29665756225586
2016-09-08,26.724992752075195
2016-09-09,25.796056747436523
2016-09-12,26.474891662597656
2016-09-13,26.195016860961914
2016-09-14,26.093786239624023
2016-09-15,25.998517990112305
2016-09-16,25.75436782836914
2016-09-19,25.724594116210938
2016-09-20,25.42685890197754
2016-09-21,25.75436782836914
2016-09-22,25.956830978393555
2016-09-23,25.93301773071289
2016-09-26,25.629316329956055
2016-09-27,25.7484130859375
2016-09-28,25.682907104492188
2016-09-29,27.540800094604492
2016-09-30,28.05290985107422
2016-10-03,28.303007125854492
2016-10-04,28.279190063476562
2016-10-05,28.07672119140625
2016-10-06,28.058862686157227
2016-10-07,27.88617515563965
2016-10-10,28.213687896728516
2016-10-11,27.97549057006836
2016-10-12,28.118410110473633
2016-10-13,27.93976593017578
2016-10-14,28.314918518066406
2016-10-17,28.285146713256836
2016-10-18,28.809165954589844
2016-10-19,28.493558883666992
2016-10-20,28.27323341369629
2016-10-21,28.588842391967773
2016-10-24,28.398283004760742
2016-10-25,28.48760414123535
2016-10-26,28.612655639648438
2016-10-27,28.40913200378418
2016-10-28,28.786252975463867
2016-10-31,28.840126037597656
2016-11-01,28.486957550048828
2016-11-02,28.510892868041992
2016-11-03,28.181678771972656
2016-11-04,27.87040901184082
2016-11-07,28.76828956604004
2016-11-08,29.13941764831543
2016-11-09,28.636598587036133
2016-11-10,26.383207321166992
2016-11-11,26.8677978515625
2016-11-14,27.298542022705078
2016-11-15,27.552370071411133
2016-11-16,27.89850616455078
2016-11-17,28.090801239013672
2016-11-18,28.306180953979492
2016-11-21,28.49078369140625
2016-11-22,28.883079528808594
2016-11-23,28.590782165527344
2016-11-25,29.006135940551758
2016-11-28,28.967681884765625
2016-11-29,29.013835906982422
2016-11-30,28.221567153930664
2016-12-01,28.052356719970703
2016-12-02,28.375410079956055
2016-12-05,28.575397491455078
2016-12-06,28.936912536621094
2016-12-07,29.067684173583984
2016-12-08,28.98307228088379
2016-12-09,29.567646026611328
2016-12-12,29.706100463867188
2016-12-13,29.54458236694336
2016-12-14,29.029216766357422
2016-12-15,29.552263259887695
2016-12-16,29.54458236694336
2016-12-19,29.50611686706543
2016-12-20,29.406118392944336
2016-12-21,29.229206085205078
2016-12-22,30.221466064453125
2016-12-23,30.590662002563477
2016-12-27,30.65220832824707
2016-12-28,30.41376304626465
2016-12-29,30.598358154296875
2016-12-30,30.42145347595215
2017-01-03,30.58298110961914
2017-01-04,30.06761932373047
2017-01-05,29.959930419921875
2017-01-06,29.79840660095215
2017-01-09,29.567646026611328
2017-01-10,29.452260971069336
2017-01-11,29.72148895263672
2017-01-12,29.621496200561523
2017-01-13,29.621496200561523
2017-01-17,29.698406219482422
2017-01-18,29.783029556274414
2017-01-19,29.759950637817383
2017-01-20,30.0983943939209
2017-01-23,29.91379165649414
2017-01-24,30.159931182861328
2017-01-25,30.16761589050293
2017-01-26,30.11349105834961
2017-01-27,30.14442253112793
2017-01-30,30.167619705200195
2017-01-31,30.22173309326172
2017-02-01,30.10576820373535
2017-02-02,30.337709426879883
2017-02-03,30.43821144104004
2017-02-06,30.32997703552246
2017-02-07,30.569650650024414
2017-02-08,30.554183959960938
2017-02-09,30.7165470123291
2017-02-10,30.80158233642578
2017-02-13,30.739736557006836
2017-02-14,30.7629337310791
2017-02-15,30.87889862060547
2017-02-16,30.87116241455078
2017-02-17,30.62377166748047
2017-02-21,31.07991600036621
2017-02-22,31.296388626098633
2017-02-23,31.31185531616211
2017-02-24,31.822120666503906
2017-02-27,31.61337661743164
2017-02-28,31.860774993896484
2017-03-01,31.860774993896484
2017-03-02,31.75254249572754
2017-03-03,31.814395904541016
2017-03-06,31.891698837280273
2017-03-07,31.50513458251953
2017-03-08,31.164960861206055
2017-03-09,31.3659725189209
2017-03-10,31.628829956054688
2017-03-13,31.713890075683594
2017-03-14,31.883970260620117
2017-03-15,32.084983825683594
2017-03-16,32.069522857666016
2017-03-17,32.02313232421875
2017-03-20,31.559263229370117
2017-03-21,31.53606605529785
2017-03-22,31.296388626098633
2017-03-23,31.195878982543945
2017-03-24,31.288658142089844
2017-03-27,31.033523559570312
2017-03-28,31.07991600036621
2017-03-29,31.381433486938477
2017-03-30,31.14176368713379
2017-03-31,31.188146591186523
2017-04-03,31.195878982543945
2017-04-04,31.095375061035156
2017-04-05,31.23453712463379
2017-04-06,31.296388626098633
2017-04-07,31.304126739501953
2017-04-10,31.3659725189209
2017-04-11,31.31185531616211
2017-04-12,31.40462303161621
2017-04-13,31.172687530517578
2017-04-17,31.280925750732422
2017-04-18,31.53606605529785
2017-04-19,31.296388626098633
2017-04-20,31.481945037841797
2017-04-21,31.435550689697266
2017-04-24,31.644298553466797
2017-04-25,30.407285690307617
2017-04-26,30.31403923034668
2017-04-27,30.15862464904785
2017-04-28,30.135299682617188
2017-05-01,29.754545211791992
2017-05-02,29.490318298339844
2017-05-03,29.342683792114258
2017-05-04,29.29606819152832
2017-05-05,29.3271427154541
2017-05-08,29.25720977783203
2017-05-09,28.977458953857422
2017-05-10,29.218355178833008
2017-05-11,29.13287353515625
2017-05-12,29.109556198120117
2017-05-15,29.412620544433594
2017-05-16,29.195037841796875
2017-05-17,29.233888626098633
2017-05-18,29.280521392822266
2017-05-19,29.311594009399414
2017-05-22,29.575803756713867
2017-05-23,29.824472427368164
2017-05-24,29.948816299438477
2017-05-25,30.1663875579834
2017-05-26,30.329580307006836
2017-05-30,29.933271408081055
2017-05-31,29.948816299438477
2017-06-01,31.044496536254883
2017-06-02,30.764745712280273
2017-06-05,30.920167922973633
2017-06-06,30.64818000793457
2017-06-07,30.640419006347656
2017-06-08,30.39175033569336
2017-06-09,30.119770050048828
2017-06-12,30.073144912719727
2017-06-13,30.29073143005371
2017-06-14,30.275184631347656
2017-06-15,30.508316040039062
2017-06-16,29.53695297241211
2017-06-19,29.15619468688965
2017-06-20,29.3504581451416
2017-06-21,29.280521392822266
2017-06-22,28.822040557861328
2017-06-23,28.930830001831055
2017-06-26,29.25720977783203
2017-06-27,28.752103805541992
2017-06-28,29.03961753845215
2017-06-29,28.037187576293945
2017-06-30,27.788515090942383
2017-07-03,27.586475372314453
2017-07-05,27.12799835205078
2017-07-06,26.521869659423828
2017-07-07,25.97014045715332
2017-07-10,25.822492599487305
2017-07-11,25.698163986206055
2017-07-12,25.939056396484375
2017-07-13,26.047849655151367
2017-07-14,26.094484329223633
2017-07-17,26.01676368713379
2017-07-18,25.892436981201172
2017-07-19,26.30428695678711
2017-07-20,26.226573944091797
2017-07-21,26.32759666442871
2017-07-24,26.29652214050293
2017-07-25,26.545175552368164
2017-07-26,26.288745880126953
2017-07-27,26.861955642700195
2017-07-28,26.775936126708984
2017-07-31,26.775936126708984
2017-08-01,26.455312728881836
2017-08-02,26.752473831176758
2017-08-03,26.83068084716797
2017-08-04,26.57261085510254
2017-08-07,26.721193313598633
2017-08-08,26.73682975769043
2017-08-09,26.89323616027832
2017-08-10,26.63517189025879
2017-08-11,27.213857650756836
2017-08-14,27.28423309326172
2017-08-15,27.29205894470215
2017-08-16,27.479738235473633
2017-08-17,27.15129852294922
2017-08-18,26.94797134399414
2017-08-21,26.97926139831543
2017-08-22,26.987079620361328
2017-08-23,26.76029396057129
2017-08-24,25.986108779907227
2017-08-25,25.915721893310547
2017-08-28,25.438703536987305
2017-08-29,25.36050033569336
2017-08-30,25.602928161621094
2017-08-31,25.383956909179688
2017-09-01,25.71240234375
2017-09-05,26.3458309173584
2017-09-06,26.775936126708984
2017-09-07,26.88541603088379
2017-09-08,26.97926139831543
2017-09-11,27.174760818481445
2017-09-12,27.229503631591797
2017-09-13,27.159120559692383
2017-09-14,26.963611602783203
2017-09-15,27.378076553344727
2017-09-18,27.28423309326172
2017-09-19,26.721193313598633
2017-09-20,26.353652954101562
2017-09-21,26.134689331054688
2017-09-22,25.92354393005371
2017-09-25,26.17379379272461
2017-09-26,26.087770462036133
2017-09-27,26.072124481201172
2017-09-28,26.549150466918945
2017-09-29,26.384937286376953
2017-10-02,26.072124481201172
2017-10-03,26.12686538696289
2017-10-04,26.556964874267578
2017-10-05,26.666454315185547
2017-10-06,26.65081214904785
2017-10-09,26.16596031188965
2017-10-10,26.369293212890625
2017-10-11,26.42403221130371
2017-10-12,27.04963493347168
2017-10-13,26.846317291259766
2017-10-16,26.97926139831543
2017-10-17,26.752473831176758
2017-10-18,26.666454315185547
2017-10-19,26.400569915771484
2017-10-20,26.517873764038086
2017-10-23,26.752473831176758
2017-10-24,26.721193313598633
2017-10-25,26.53351402282715
2017-10-26,26.103404998779297
2017-10-27,26.3458309173584
2017-10-30,26.387540817260742
2017-10-31,26.88334083557129
2017-11-01,26.8597354888916
2017-11-02,26.64723777770996
2017-11-03,26.686594009399414
2017-11-06,26.22227668762207
2017-11-07,26.568546295166016
2017-11-08,27.00139045715332
2017-11-09,26.725936889648438
2017-11-10,27.387004852294922
2017-11-13,27.418489456176758
2017-11-14,28.22907829284668
2017-11-15,27.686058044433594
2017-11-16,28.032337188720703
2017-11-17,28.10315704345703
2017-11-20,28.150379180908203
2017-11-21,27.969371795654297
2017-11-22,27.945764541625977
2017-11-24,27.906414031982422
2017-11-27,28.28416633605957
2017-11-28,28.67765998840332
2017-11-29,29.27577018737793
2017-11-30,29.378074645996094
2017-12-01,29.488248825073242
2017-12-04,29.850263595581055
2017-12-05,29.252159118652344
2017-12-06,29.181325912475586
2017-12-07,29.31511688232422
2017-12-08,29.31511688232422
2017-12-11,29.307252883911133
2017-12-12,29.551210403442383
2017-12-13,29.385948181152344
2017-12-14,29.12624168395996
2017-12-15,29.716476440429688
2017-12-18,29.724346160888672
2017-12-19,29.889616012573242
2017-12-20,30.015533447265625
2017-12-21,29.787302017211914
2017-12-22,29.96830940246582
2017-12-26,30.07061195373535
2017-12-27,29.960451126098633
2017-12-28,29.944705963134766
2017-12-29,29.645654678344727
2018-01-02,29.52760124206543
2018-01-03,29.378074645996094
2018-01-04,29.858139038085938
2018-01-05,29.95257568359375
2018-01-08,29.52760124206543
2018-01-09,29.425289154052734
2018-01-10,28.98458480834961
2018-01-11,28.929494857788086
2018-01-12,28.8901424407959
2018-01-16,28.937366485595703
2018-01-17,29.322988510131836
2018-01-18,29.24428939819336
2018-01-19,29.724346160888672
2018-01-22,29.724346160888672
2018-01-23,29.68499755859375
2018-01-24,29.59055519104004
2018-01-25,29.936840057373047
2018-01-26,30.298847198486328
2018-01-29,30.237899780273438
2018-01-30,29.960933685302734
2018-01-31,30.071720123291016
2018-02-01,29.763093948364258
2018-02-02,29.050865173339844
2018-02-05,28.212032318115234
2018-02-06,28.25950050354004
2018-02-07,28.40195083618164
2018-02-08,28.08540916442871
2018-02-09,28.14080047607422
2018-02-12,28.251590728759766
2018-02-13,28.0695743560791
2018-02-14,28.124971389770508
2018-02-15,28.773889541625977
2018-02-16,28.68684196472168
2018-02-20,28.552309036254883
2018-02-21,28.243684768676758
2018-02-22,28.441516876220703
2018-02-23,28.710580825805664
2018-02-26,28.90842056274414
2018-02-27,28.64727210998535
2018-02-28,28.59187889099121
2018-03-01,28.8055477142334
2018-03-02,29.177486419677734
2018-03-05,29.905542373657227
2018-03-06,30.301212310791016
2018-03-07,29.889713287353516
2018-03-08,30.055896759033203
2018-03-09,30.11920928955078
2018-03-12,30.11129379272461
2018-03-13,30.095462799072266
2018-03-14,29.644384384155273
2018-03-15,28.789722442626953
2018-03-16,28.97173500061035
2018-03-19,28.758071899414062
2018-03-20,28.813467025756836
2018-03-21,27.96670150756836
2018-03-22,28.053754806518555
2018-03-23,28.09331703186035
2018-03-26,28.773889541625977
2018-03-27,28.72641372680664
2018-03-28,28.74223518371582
2018-03-29,29.185394287109375
2018-04-02,28.40195083618164
2018-04-03,28.631452560424805
2018-04-04,29.288278579711914
2018-04-05,29.130008697509766
2018-04-06,29.074609756469727
2018-04-09,29.098352432250977
2018-04-10,29.161651611328125
2018-04-11,29.074609756469727
2018-04-12,29.10626792907715
2018-04-13,29.122085571289062
2018-04-16,29.446550369262695
2018-04-17,29.683950424194336
2018-04-18,29.41489601135254
2018-04-19,29.011302947998047
2018-04-20,28.82928466796875
2018-04-23,28.88468360900879
2018-04-24,29.137920379638672
2018-04-25,29.399065017700195
2018-04-26,29.604814529418945
2018-04-27,29.718631744384766
2018-04-30,29.503742218017578
2018-05-01,29.09783363342285
2018-05-02,28.604381561279297
2018-05-03,28.508872985839844
2018-05-04,29.384357452392578
2018-05-07,29.74251365661621
2018-05-08,29.766382217407227
2018-05-09,29.981292724609375
2018-05-10,30.052906036376953
2018-05-11,30.12453842163086
2018-05-14,30.044954299926758
2018-05-15,30.021074295043945
2018-05-16,30.068822860717773
2018-05-17,30.021074295043945
2018-05-18,29.782304763793945
2018-05-21,29.37639808654785
2018-05-22,29.344558715820312
2018-05-23,29.408239364624023
2018-05-24,29.49578857421875
2018-05-25,29.774341583251953
2018-05-29,29.73455047607422
2018-05-30,30.044954299926758
2018-05-31,29.49578857421875
2018-06-01,29.400278091430664
2018-06-04,29.909645080566406
2018-06-05,29.74251365661621
2018-06-06,29.487817764282227
2018-06-07,29.59128761291504
2018-06-08,30.036991119384766
2018-06-11,29.973316192626953
2018-06-12,30.005159378051758
2018-06-13,30.204126358032227
2018-06-14,30.403091430664062
2018-06-15,30.641870498657227
2018-06-18,30.196168899536133
2018-06-19,30.48268699645996
2018-06-20,30.602079391479492
2018-06-21,30.466772079467773
2018-06-22,30.68166160583496
2018-06-25,30.9920597076416
2018-06-26,30.426977157592773
2018-06-27,28.214401245117188
2018-06-28,28.5168399810791
2018-06-29,28.43724822998047
2018-07-02,27.8801212310791
2018-07-03,27.56972312927246
2018-07-05,28.588457107543945
2018-07-06,28.43724822998047
2018-07-09,29.002330780029297
2018-07-10,29.145591735839844
2018-07-11,29.08192253112793
2018-07-12,28.69989776611328
2018-07-13,28.707849502563477
2018-07-16,28.405412673950195
2018-07-17,28.73969078063965
2018-07-18,28.405412673950195
2018-07-19,28.874984741210938
2018-07-20,28.771528244018555
2018-07-23,28.57254981994629
2018-07-24,28.33378028869629
2018-07-25,28.827238082885742
2018-07-26,29.5196533203125
2018-07-27,29.678836822509766
2018-07-30,29.22496795654297
2018-07-31,29.385068893432617
2018-08-01,29.10490608215332
2018-08-02,29.505136489868164
2018-08-03,30.097476959228516
2018-08-06,29.985414505004883
2018-08-07,29.545156478881836
2018-08-08,29.32103729248047
2018-08-09,29.441097259521484
2018-08-10,29.337038040161133
2018-08-13,29.264997482299805
2018-08-14,29.513141632080078
2018-08-15,29.665231704711914
2018-08-16,29.76128387451172
2018-08-17,30.001422882080078
2018-08-20,30.025432586669922
2018-08-21,30.0334415435791
2018-08-22,29.793302536010742
2018-08-23,29.385068893432617
2018-08-24,29.497129440307617
2018-08-27,29.20096206665039
2018-08-28,29.080888748168945
2018-08-29,29.345046997070312
2018-08-30,29.216964721679688
2018-08-31,29.417089462280273
2018-09-04,28.91278648376465
2018-09-05,28.89678382873535
2018-09-06,29.0168514251709
2018-09-07,29.080888748168945
2018-09-10,29.31302833557129
2018-09-11,29.577186584472656
2018-09-12,30.089468002319336
2018-09-13,30.40165901184082
2018-09-14,30.6177921295166
2018-09-17,30.56974983215332
2018-09-18,30.217559814453125
2018-09-19,29.63321304321289
2018-09-20,29.76128387451172
2018-09-21,29.977415084838867
2018-09-24,29.43309783935547
2018-09-25,28.976831436157227
2018-09-26,28.864763259887695
2018-09-27,26.399328231811523
2018-09-28,27.191791534423828
2018-10-01,26.775554656982422
2018-10-02,26.743532180786133
2018-10-03,26.75954246520996
2018-10-04,26.847597122192383
2018-10-05,26.887617111206055
2018-10-08,27.736120223999023
2018-10-09,28.47254180908203
2018-10-10,28.232402801513672
2018-10-11,27.912212371826172
2018-10-12,28.28843116760254
2018-10-15,28.856765747070312
2018-10-16,28.714237213134766
2018-10-17,28.42435073852539
2018-10-18,28.529041290283203
2018-10-19,28.859182357788086
2018-10-22,29.173206329345703
2018-10-23,29.318157196044922
2018-10-24,29.914020538330078
2018-10-25,29.285934448242188
2018-10-26,28.52098846435547
2018-10-29,28.955799102783203
2018-10-30,29.29400062561035
2018-10-31,28.665922164916992
2018-11-01,28.682039260864258
2018-11-02,28.18279266357422
2018-11-05,28.18279266357422
2018-11-06,28.231109619140625
2018-11-07,28.005640029907227
2018-11-08,27.747966766357422
2018-11-09,27.691600799560547
2018-11-12,28.384096145629883
2018-11-13,28.335784912109375
2018-11-14,26.282461166381836
2018-11-15,26.105308532714844
2018-11-16,26.628711700439453
2018-11-19,26.910539627075195
2018-11-20,26.757545471191406
2018-11-21,26.483768463134766
2018-11-23,26.725337982177734
2018-11-26,26.25025177001953
2018-11-27,25.984535217285156
2018-11-28,26.113367080688477
2018-11-29,25.984535217285156
2018-11-30,26.04090118408203
2018-12-03,26.113367080688477
2018-12-04,25.831544876098633
2018-12-06,25.461137771606445
2018-12-07,24.833065032958984
2018-12-10,24.486814498901367
2018-12-11,24.647863388061523
2018-12-12,24.631759643554688
2018-12-13,24.462663650512695
2018-12-14,24.06810188293457
2018-12-17,23.359506607055664
2018-12-18,22.997159957885742
2018-12-19,23.42392921447754
2018-12-20,19.55080795288086
2018-12-21,17.83568000793457
2018-12-24,16.87746238708496
2018-12-26,17.255922317504883
2018-12-27,17.08682632446289
2018-12-28,17.05461311340332
2018-12-31,17.199556350708008
2019-01-02,17.175397872924805
2019-01-03,17.360597610473633
2019-01-04,17.60216522216797
2019-01-07,17.96451759338379
2019-01-08,17.263975143432617
2019-01-09,17.215656280517578
2019-01-10,17.28812599182129
2019-01-11,17.400859832763672
2019-01-14,16.788888931274414
2019-01-15,17.006298065185547
2019-01-16,17.04656410217285
2019-01-17,17.102922439575195
2019-01-18,17.368648529052734
2019-01-22,17.272024154663086
2019-01-23,17.28812599182129
2019-01-24,17.03045654296875
2019-01-25,16.917724609375
2019-01-28,17.143186569213867
2019-01-29,17.397769927978516
2019-01-30,17.438438415527344
2019-01-31,17.601110458374023
2019-02-01,17.40590476989746
2019-02-04,17.625511169433594
2019-02-05,17.967126846313477
2019-02-06,17.8288516998291
2019-02-07,18.072858810424805
2019-02-08,18.0484619140625
2019-02-11,18.552738189697266
2019-02-12,19.30103302001953
2019-02-13,19.154626846313477
2019-02-14,19.29290008544922
2019-02-15,19.92732048034668
2019-02-19,19.528776168823242
2019-02-20,19.545042037963867
2019-02-21,19.577573776245117
2019-02-22,19.016357421875
2019-02-25,18.959421157836914
2019-02-26,19.000089645385742
2019-02-27,18.780481338500977
2019-02-28,19.008222579956055
2019-03-01,18.91875457763672
2019-03-04,18.84555435180664
2019-03-05,18.601545333862305
2019-03-06,18.617813110351562
2019-03-07,18.194866180419922
2019-03-08,18.27619743347168
2019-03-11,18.62594223022461
2019-03-12,18.536476135253906
2019-03-13,18.73981285095215
2019-03-14,18.780481338500977
2019-03-15,18.780481338500977
2019-03-18,18.764217376708984
2019-03-19,18.552738189697266
2019-03-20,18.62594223022461
2019-03-21,21.00095558166504
2019-03-22,21.51337432861328
2019-03-25,22.253528594970703
2019-03-26,22.058326721191406
2019-03-27,22.058326721191406
2019-03-28,22.562602996826172
2019-03-29,22.562602996826172
2019-04-01,22.473134994506836
2019-04-02,22.277929306030273
2019-04-03,22.342998504638672
2019-04-04,22.603273391723633
2019-04-05,23.009958267211914
2019-04-08,23.01808738708496
2019-04-09,22.399938583374023
2019-04-10,23.90464973449707
2019-04-11,24.221864700317383
2019-04-12,24.19745635986328
2019-04-15,24.465869903564453
2019-04-16,24.4740047454834
2019-04-17,24.498409271240234
2019-04-18,24.823749542236328
2019-04-22,25.116552352905273
2019-04-23,25.12469482421875
2019-04-24,25.4419002532959
2019-04-25,25.17348861694336
2019-04-26,25.206022262573242
2019-04-29,24.8645076751709
2019-04-30,25.208484649658203
2019-05-01,24.684328079223633
2019-05-02,24.528722763061523
2019-05-03,24.577863693237305
2019-05-06,24.40587615966797
2019-05-07,23.914480209350586
2019-05-08,24.233888626098633
2019-05-09,23.939048767089844
2019-05-10,23.521364212036133
2019-05-13,23.021787643432617
2019-05-14,23.423086166381836
2019-05-15,23.75068473815918
2019-05-16,23.832582473754883
2019-05-17,23.816200256347656
2019-05-20,23.32480812072754
2019-05-21,23.39032745361328
2019-05-22,23.30024528503418
2019-05-23,23.660593032836914
2019-05-24,23.6114559173584
2019-05-28,23.308425903320312
2019-05-29,22.317453384399414
2019-05-30,21.998046875
2019-05-31,21.924339294433594
2019-06-03,22.538578033447266
2019-06-04,23.439470291137695
2019-06-05,23.955432891845703
2019-06-06,24.283023834228516
2019-06-07,24.266647338867188
2019-06-10,24.037330627441406
2019-06-11,24.40587615966797
2019-06-12,24.20112419128418
2019-06-13,24.40587615966797
2019-06-14,24.471397399902344
2019-06-17,24.029142379760742
2019-06-18,23.734296798706055
2019-06-19,23.947240829467773
2019-06-20,23.914480209350586
2019-06-21,23.521364212036133
2019-06-24,23.013593673706055
2019-06-25,23.660593032836914
2019-06-26,23.69335174560547
2019-06-27,20.826894760131836
2019-06-28,21.719589233398438
2019-07-01,22.030805587768555
2019-07-02,21.84244155883789
2019-07-03,23.144630432128906
2019-07-05,22.980833053588867
2019-07-08,23.316614151000977
2019-07-09,22.93169593811035
2019-07-10,23.21015167236328
2019-07-11,22.505823135375977
2019-07-12,22.612293243408203
2019-07-15,22.538578033447266
2019-07-16,23.046350479125977
2019-07-17,23.717918395996094
2019-07-18,23.840770721435547
2019-07-19,23.668781280517578
2019-07-22,23.136442184448242
2019-07-23,23.914480209350586
2019-07-24,23.447654724121094
2019-07-25,23.37394905090332
2019-07-26,23.881723403930664
2019-07-29,23.94194793701172
2019-07-30,24.007951736450195
2019-07-31,23.818199157714844
2019-08-01,24.04094886779785
2019-08-02,23.323190689086914
2019-08-05,23.100433349609375
2019-08-06,22.803428649902344
2019-08-07,23.075681686401367
2019-08-08,23.26543617248535
2019-08-09,23.63669204711914
2019-08-12,23.661441802978516
2019-08-13,23.8511962890625
2019-08-14,23.182931900024414
2019-08-15,23.801698684692383
2019-08-16,24.31320571899414
2019-08-19,24.783466339111328
2019-08-20,23.661441802978516
2019-08-21,23.430442810058594
2019-08-22,23.760448455810547
2019-08-23,23.042682647705078
2019-08-26,23.60369110107422
2019-08-27,23.02618408203125
2019-08-28,23.47168731689453
2019-08-29,23.58719253540039
2019-08-30,23.397438049316406
2019-09-03,23.512941360473633
2019-09-04,23.834701538085938
2019-09-05,23.47168731689453
2019-09-06,23.644943237304688
2019-09-09,24.01620101928711
2019-09-10,24.296707153320312
2019-09-11,24.33795166015625
2019-09-12,24.552457809448242
2019-09-13,24.643211364746094
2019-09-16,25.113468170166016
2019-09-17,24.725711822509766
2019-09-18,24.33795166015625
2019-09-19,24.469961166381836
2019-09-20,24.59371566772461
2019-09-23,23.842947006225586
2019-09-24,24.387453079223633
2019-09-25,24.667959213256836
2019-09-26,25.575477600097656
2019-09-27,24.981470108032227
2019-09-30,25.311471939086914
2019-10-01,24.321453094482422
2019-10-02,23.356182098388672
2019-10-03,23.075681686401367
2019-10-04,23.8099422454834
2019-10-07,23.62019157409668
2019-10-08,23.00968360900879
2019-10-09,23.1746826171875
2019-10-10,23.389190673828125
2019-10-11,23.43868637084961
2019-10-14,22.918926239013672
2019-10-15,22.341419219970703
2019-10-16,22.20941734313965
2019-10-17,22.5971736907959
2019-10-18,22.399171829223633
2019-10-21,22.654926300048828
2019-10-22,22.580671310424805
2019-10-23,22.778675079345703
2019-10-24,22.349668502807617
2019-10-25,22.20941734313965
2019-10-28,22.52292251586914
2019-10-29,22.679672241210938
2019-10-30,22.92717742919922
2019-10-31,22.48903465270996
2019-11-01,22.838218688964844
2019-11-04,23.079326629638672
2019-11-05,22.95461654663086
2019-11-06,23.145832061767578
2019-11-07,23.112579345703125
2019-11-08,22.813282012939453
2019-11-11,22.90472984313965
2019-11-12,22.929676055908203
2019-11-13,23.536584854125977
2019-11-14,23.644668579101562
2019-11-15,23.952280044555664
2019-11-18,24.15181541442871
2019-11-19,24.37628746032715
2019-11-20,24.517620086669922
2019-11-21,23.461761474609375
2019-11-22,23.88576316833496
2019-11-25,23.985536575317383
2019-11-26,24.160127639770508
2019-11-27,24.259891510009766
2019-11-29,24.002164840698242
2019-12-02,23.91071128845215
2019-12-03,23.777692794799805
2019-12-04,24.434486389160156
2019-12-05,23.927331924438477
2019-12-06,24.027103424072266
2019-12-09,24.359661102294922
2019-12-10,24.293148040771484
2019-12-11,23.802631378173828
2019-12-12,23.470075607299805
2019-12-13,23.594783782958984
2019-12-16,23.943967819213867
2019-12-17,24.26820945739746
2019-12-18,24.15181541442871
2019-12-19,27.984506607055664
2019-12-20,29.15676498413086
2019-12-23,28.283811569213867
2019-12-24,28.308748245239258
2019-12-26,28.009456634521484
2019-12-27,28.416837692260742
2019-12-30,28.30044174194336
2019-12-31,28.466724395751953
2020-01-02,27.95956802368164
2020-01-03,27.718463897705078
2020-01-06,27.868118286132812
2020-01-07,26.87044906616211
2020-01-08,26.49632453918457
2020-01-09,26.77899742126465
2020-01-10,26.463069915771484
2020-01-13,26.629348754882812
2020-01-14,26.72911834716797
2020-01-15,26.54620933532715
2020-01-16,26.853822708129883
2020-01-17,27.71015739440918
2020-01-21,27.23626136779785
2020-01-22,26.845510482788086
2020-01-23,27.178058624267578
2020-01-24,26.837196350097656
2020-01-27,27.0450382232666
2020-01-28,27.70183753967285
2020-01-29,27.602067947387695
2020-01-30,27.822139739990234
2020-01-31,27.546009063720703
2020-02-03,27.5627384185791
2020-02-04,26.709253311157227
2020-02-05,27.336822509765625
2020-02-06,26.851505279541016
2020-02-07,26.734359741210938
2020-02-10,26.977014541625977
2020-02-11,27.445598602294922
2020-02-12,27.303348541259766
2020-02-13,27.261510848999023
2020-02-14,27.353553771972656
2020-02-18,25.67167854309082
2020-02-19,24.935331344604492
2020-02-20,25.002267837524414
2020-02-21,24.759611129760742
2020-02-24,24.45838165283203
2020-02-25,23.74713706970215
2020-02-26,22.54220962524414
2020-02-27,22.065258026123047
2020-02-28,22.333023071289062
2020-03-02,23.62999153137207
2020-03-03,23.15304183959961
2020-03-04,24.090211868286133
2020-03-05,23.822444915771484
2020-03-06,23.63836097717285
2020-03-09,23.02752685546875
2020-03-10,23.312026977539062
2020-03-11,22.433429718017578
2020-03-12,20.19928741455078
2020-03-13,20.743183135986328
2020-03-16,22.768131256103516
2020-03-17,24.935331344604492
2020-03-18,22.809972763061523
2020-03-19,22.015052795410156
2020-03-20,21.797496795654297
2020-03-23,21.554834365844727
2020-03-24,22.199140548706055
2020-03-25,21.822603225708008
2020-03-26,23.30365753173828
2020-03-27,23.362228393554688
2020-03-30,23.621623992919922
2020-03-31,24.550424575805664
2020-04-01,24.901866912841797
2020-04-02,25.044109344482422
2020-04-03,26.115154266357422
2020-04-06,26.190462112426758
2020-04-07,25.479225158691406
2020-04-08,26.198833465576172
2020-04-09,27.16109848022461
2020-04-13,26.74272346496582
2020-04-14,27.89744758605957
2020-04-15,27.50417137145996
2020-04-16,28.0062313079834
2020-04-17,28.0982723236084
2020-04-20,28.34929847717285
2020-04-21,28.307458877563477
2020-04-22,28.70073127746582
2020-04-23,28.432966232299805
2020-04-24,28.600326538085938
2020-04-27,28.951753616333008
2020-04-28,28.960126876831055
2020-04-29,28.802684783935547
2020-04-30,28.154394149780273
2020-05-01,28.019685745239258
2020-05-04,28.137554168701172
2020-05-05,28.112295150756836
2020-05-06,28.12912940979004
2020-05-07,27.92706871032715
2020-05-08,28.22174835205078
2020-05-11,28.12912940979004
2020-05-12,28.718490600585938
2020-05-13,28.6679744720459
2020-05-14,28.482751846313477
2020-05-15,28.768999099731445
2020-05-18,28.634296417236328
2020-05-19,27.8176212310791
2020-05-20,27.556612014770508
2020-05-21,27.15248680114746
2020-05-22,27.51451873779297
2020-05-26,27.741849899291992
2020-05-27,28.3985538482666
2020-05-28,28.55010223388672
2020-05-29,29.2910099029541
2020-06-01,29.23207664489746
2020-06-02,29.021587371826172
2020-06-03,28.331201553344727
2020-06-04,28.044944763183594
2020-06-05,28.137554168701172
2020-06-08,28.56694793701172
2020-06-09,28.26384925842285
2020-06-10,27.952329635620117
2020-06-11,26.79045295715332
2020-06-12,27.287195205688477
2020-06-15,28.061784744262695
2020-06-16,28.836360931396484
2020-06-17,28.878459930419922
2020-06-18,28.827939987182617
2020-06-19,28.24700164794922
2020-06-22,28.962656021118164
2020-06-23,28.811107635498047
2020-06-24,28.449073791503906
2020-06-25,28.36488151550293
2020-06-26,27.48084259033203
2020-06-29,28.3732967376709
2020-06-30,29.610942840576172
2020-07-01,30.03191375732422
2020-07-02,29.813011169433594
2020-07-06,29.922454833984375
2020-07-07,30.208723068237305
2020-07-08,30.057174682617188
2020-07-09,29.972972869873047
2020-07-10,30.570756912231445
2020-07-13,30.00665855407715
2020-07-14,30.958040237426758
2020-07-15,30.81492042541504
2020-07-16,30.81492042541504
2020-07-17,30.798072814941406
2020-07-20,30.478145599365234
2020-07-21,30.596012115478516
2020-07-22,30.73914337158203
2020-07-23,31.00014877319336
2020-07-24,30.823347091674805
2020-07-27,31.12643051147461
2020-07-28,31.395854949951172
2020-07-29,31.682113647460938
2020-07-30,31.463211059570312
2020-07-31,31.530561447143555
2020-08-03,31.804058074951172
2020-08-04,32.22744369506836
2020-08-05,31.821001052856445
2020-08-06,31.72785758972168
2020-08-07,32.04115676879883
2020-08-10,31.95648193359375
2020-08-11,31.54157066345215
2020-08-12,32.04115676879883
2020-08-13,31.922616958618164
2020-08-14,31.99036407470703
2020-08-17,32.21896743774414
2020-08-18,32.32905197143555
2020-08-19,32.12582778930664
2020-08-20,32.15122985839844
2020-08-21,32.02421951293945
2020-08-24,32.396785736083984
2020-08-25,32.8032341003418
2020-08-26,32.79477310180664
2020-08-27,32.82863998413086
2020-08-28,32.31211471557617
2020-08-31,32.48146438598633
2020-09-01,32.03269577026367
2020-09-02,32.388328552246094
2020-09-03,31.67704200744629
2020-09-04,31.439960479736328
2020-09-08,29.763389587402344
2020-09-09,30.322246551513672
2020-09-10,29.382349014282227
2020-09-11,29.18759536743164
2020-09-14,29.289213180541992
2020-09-15,29.272274017333984
2020-09-16,29.458555221557617
2020-09-17,29.467021942138672
2020-09-18,29.25533676147461
2020-09-21,29.670246124267578
2020-09-22,29.763389587402344
2020-09-23,28.671072006225586
2020-09-24,29.32307243347168
2020-09-25,29.737985610961914
2020-09-28,30.025882720947266
2020-09-29,30.04281997680664
2020-09-30,30.23756980895996
2020-10-01,30.373058319091797
2020-10-02,31.228271484375
2020-10-05,31.41455078125
2020-10-06,31.20286750793457
2020-10-07,31.651641845703125
2020-10-08,31.54157066345215
2020-10-09,31.60084342956543
2020-10-12,32.18510818481445
2020-10-13,32.12582778930664
2020-10-14,31.914138793945312
2020-10-15,31.99881935119629
2020-10-16,32.100425720214844
2020-10-19,31.72785758972168
2020-10-20,31.431495666503906
2020-10-21,31.40608787536621
2020-10-22,31.88027572631836
2020-10-23,32.176639556884766
2020-10-26,31.795595169067383
2020-10-27,31.296018600463867
2020-10-28,30.364582061767578
2020-10-29,30.059751510620117
2020-10-30,29.944551467895508
2020-11-02,30.379758834838867
2020-11-03,30.9344482421875
2020-11-04,30.968584060668945
2020-11-05,30.857648849487305
2020-11-06,30.780839920043945
2020-11-09,29.338655471801758
2020-11-10,29.850679397583008
2020-11-11,30.30295753479004
2020-11-12,30.21762466430664
2020-11-13,30.74671173095703
2020-11-16,31.181934356689453
2020-11-17,30.499235153198242
2020-11-18,30.277359008789062
2020-11-19,30.883251190185547
2020-11-20,30.601640701293945
2020-11-23,30.465099334716797
2020-11-24,30.17495346069336
2020-11-25,30.516300201416016
2020-11-27,30.66990852355957
2020-11-30,31.198989868164062
2020-12-01,30.968584060668945
2020-12-02,30.0128173828125
2020-12-03,30.192028045654297
2020-12-04,30.2858943939209
2020-12-07,30.183488845825195
2020-12-08,30.465099334716797
2020-12-09,30.4736270904541
2020-12-10,30.183488845825195
2020-12-11,30.166419982910156
2020-12-14,30.40536880493164
2020-12-15,30.439502716064453
2020-12-16,30.362699508666992
2020-12-17,30.866180419921875
2020-12-18,30.82351303100586
2020-12-21,30.695507049560547
2020-12-22,30.712575912475586
2020-12-23,31.07099151611328
2020-12-24,31.045385360717773
2020-12-28,31.25019645690918
2020-12-29,31.079519271850586
2020-12-30,30.832046508789062
2020-12-31,30.94298553466797
2021-01-04,30.712575912475586
2021-01-05,30.34563446044922
2021-01-06,30.49070167541504
2021-01-07,28.826641082763672
2021-01-08,29.074111938476562
2021-01-11,28.246353149414062
2021-01-12,28.084217071533203
2021-01-13,28.48529815673828
2021-01-14,29.057050704956055
2021-01-15,28.894906997680664
2021-01-19,28.698637008666992
2021-01-20,28.809572219848633
2021-01-21,29.065580368041992
2021-01-22,29.338655471801758
2021-01-25,29.8336124420166
2021-01-26,30.2858943939209
2021-01-27,30.524839401245117
2021-01-28,29.84114646911621
2021-01-29,29.755157470703125
2021-02-01,29.411161422729492
2021-02-02,29.815353393554688
2021-02-03,29.77235221862793
2021-02-04,29.74655532836914
2021-02-05,29.77235221862793
2021-02-08,29.92715072631836
2021-02-09,29.90995216369629
2021-02-10,30.37434196472168
2021-02-11,29.608963012695312
2021-02-12,29.712158203125
2021-02-16,29.153175354003906
2021-02-17,29.2133731842041
2021-02-18,29.84114646911621
2021-02-19,29.325164794921875
2021-02-22,29.651962280273438
2021-02-23,30.073348999023438
2021-02-24,30.305540084838867
2021-02-25,29.72936248779297
2021-02-26,29.178974151611328
2021-03-01,29.3681697845459
2021-03-02,29.50575828552246
2021-03-03,29.91855239868164
2021-03-04,29.815353393554688
2021-03-05,30.529130935668945
2021-03-08,31.4149112701416
2021-03-09,30.993518829345703
2021-03-10,31.655704498291016
2021-03-11,31.389108657836914
2021-03-12,31.887895584106445
2021-03-15,32.10289001464844
2021-03-16,32.09429168701172
2021-03-17,31.86209487915039
2021-03-18,31.922290802001953
2021-03-19,32.55007553100586
2021-03-22,32.91127014160156
2021-03-23,32.6790771484375
2021-03-24,31.73310661315918
2021-03-25,32.57587814331055
2021-03-26,33.10906219482422
2021-03-29,33.272457122802734
2021-03-30,32.95426559448242
2021-03-31,32.3350830078125
2021-04-01,32.06849670410156
2021-04-05,32.2404899597168
2021-04-06,32.35227584838867
2021-04-07,32.02549743652344
2021-04-08,32.07709503173828
2021-04-09,31.122520446777344
2021-04-12,32.27488327026367
2021-04-13,32.00829315185547
2021-04-14,32.034095764160156
2021-04-15,32.31787872314453
2021-04-16,32.292083740234375
2021-04-19,32.55007553100586
2021-04-20,32.91127014160156
2021-04-21,33.15205764770508
2021-04-22,32.82526779174805
2021-04-23,32.34368133544922
2021-04-26,31.991090774536133
2021-04-27,31.870697021484375
2021-04-28,31.810501098632812
2021-04-29,32.022769927978516
2021-04-30,32.13540267944336
2021-05-03,32.490638732910156
2021-05-04,32.56861114501953
2021-05-05,32.72456741333008
2021-05-06,33.05380630493164
2021-05-07,32.880523681640625
2021-05-10,33.14044189453125
2021-05-11,32.880523681640625
2021-05-12,32.490638732910156
2021-05-13,33.03647994995117
2021-05-14,32.5426139831543
2021-05-17,32.68124771118164
2021-05-18,32.5946044921875
2021-05-19,32.60327911376953
2021-05-20,32.9498405456543
2021-05-21,33.07112503051758
2021-05-24,33.12311935424805
2021-05-25,33.0191535949707
2021-05-26,32.84586715698242
2021-05-27,32.85452651977539
2021-05-28,33.0104866027832
2021-06-01,33.07980728149414
2021-06-02,33.6776237487793
2021-06-03,33.625640869140625
2021-06-04,33.720947265625
2021-06-07,33.60831069946289
2021-06-08,33.33106231689453
2021-06-09,32.326019287109375
2021-06-10,32.2047233581543
2021-06-11,32.34334945678711
2021-06-14,32.46465301513672
2021-06-15,32.27402877807617
2021-06-16,32.08341598510742
2021-06-17,31.520244598388672
2021-06-18,30.91375160217285
2021-06-21,31.052377700805664
2021-06-22,30.95707130432129
2021-06-23,30.55852699279785
2021-06-24,30.6884822845459
2021-06-25,30.88776397705078
2021-06-28,31.043718338012695
2021-06-29,31.156354904174805
2021-06-30,31.520244598388672
2021-07-01,31.19100570678711
2021-07-02,31.06971549987793
2021-07-06,31.095703125
2021-07-07,31.338302612304688
2021-07-08,31.26898956298828
2021-07-09,31.29497718811035
2021-07-12,31.130367279052734
2021-07-13,29.440847396850586
2021-07-14,29.362869262695312
2021-07-15,30.047340393066406
2021-07-16,30.203296661376953
2021-07-19,30.671159744262695
2021-07-20,30.33325958251953
2021-07-21,29.908716201782227
2021-07-22,29.570810317993164
2021-07-23,29.674776077270508
2021-07-26,29.674776077270508
2021-07-27,29.648788452148438
2021-07-28,29.25023078918457
2021-07-29,29.146265029907227
2021-07-30,29.01630401611328
2021-08-02,29.193849563598633
2021-08-03,28.966445922851562
2021-08-04,28.328001022338867
2021-08-05,28.223051071166992
2021-08-06,28.651596069335938
2021-08-09,28.992687225341797
2021-08-10,29.21133804321289
2021-08-11,29.56991958618164
2021-08-12,29.368764877319336
2021-08-13,29.779817581176758
2021-08-16,29.70985221862793
2021-08-17,29.797313690185547
2021-08-18,29.088895797729492
2021-08-19,29.33378028869629
2021-08-20,29.499956130981445
2021-08-23,29.342529296875
2021-08-24,28.948955535888672
2021-08-25,28.739059448242188
2021-08-26,28.71282386779785
2021-08-27,28.905229568481445
2021-08-30,28.53790283203125
2021-08-31,28.966445922851562
2021-09-01,29.237573623657227
2021-09-02,29.27255630493164
2021-09-03,29.290050506591797
2021-09-07,29.018930435180664
2021-09-08,29.360023498535156
2021-09-09,29.05391502380371
2021-09-10,28.94021224975586
2021-09-13,29.202590942382812
2021-09-14,29.027673721313477
2021-09-15,29.246320724487305
2021-09-16,29.237573623657227
2021-09-17,29.27255630493164
2021-09-20,29.06265640258789
2021-09-21,28.835264205932617
2021-09-22,29.12387466430664
2021-09-23,29.027673721313477
2021-09-24,29.167604446411133
2021-09-27,29.552431106567383
2021-09-28,29.421236038208008
2021-09-29,30.313325881958008
2021-09-30,29.622390747070312
2021-10-01,29.473711013793945
2021-10-04,29.75358009338379
2021-10-05,29.972232818603516
2021-10-06,30.155895233154297
2021-10-07,29.928504943847656
2021-10-08,29.4912109375
2021-10-11,29.342529296875
2021-10-12,29.220081329345703
2021-10-13,29.001434326171875
2021-10-14,29.561174392700195
2021-10-15,29.08014678955078
2021-10-18,28.992687225341797
2021-10-19,29.05391502380371
2021-10-20,29.473711013793945
2021-10-21,29.158859252929688
2021-10-22,29.158859252929688
2021-10-25,28.76529312133789
2021-10-26,28.88773536682129
2021-10-27,28.529155731201172
2021-10-28,28.66908836364746
2021-10-29,28.43332290649414
2021-11-01,28.627582550048828
2021-11-02,28.9896297454834
2021-11-03,29.139739990234375
2021-11-04,28.8306884765625
2021-11-05,28.777700424194336
2021-11-08,28.512794494628906
2021-11-09,28.73355484008789
2021-11-10,28.680566787719727
2021-11-11,28.327360153198242
2021-11-12,28.477476119995117
2021-11-15,28.521623611450195
2021-11-16,28.247888565063477
2021-11-17,28.088947296142578
2021-11-18,27.47966194152832
2021-11-19,27.126449584960938
2021-11-22,27.700414657592773
2021-11-23,27.841697692871094
2021-11-24,27.90351104736328
2021-11-26,27.90351104736328
2021-11-29,27.82403564453125
2021-11-30,26.976335525512695
2021-12-01,26.88803482055664
2021-12-02,27.356033325195312
2021-12-03,27.700414657592773
2021-12-06,28.053625106811523
2021-12-07,28.080116271972656
2021-12-08,28.000638961791992
2021-12-09,28.14192771911621
2021-12-10,28.327360153198242
2021-12-13,28.671741485595703
2021-12-14,28.698230743408203
2021-12-15,29.077932357788086
2021-12-16,30.375978469848633
2021-12-17,30.534915924072266
2021-12-20,30.305328369140625
2021-12-21,29.87265396118164
2021-12-22,29.545928955078125
2021-12-23,29.431140899658203
2021-12-27,29.51061248779297
2021-12-28,29.96978187561035
2021-12-29,29.916797637939453
2021-12-30,29.916797637939453
2021-12-31,30.15522003173828
2022-01-03,30.07574462890625
2022-01-04,30.199365615844727
2022-01-05,30.15522003173828
2022-01-06,29.607744216918945
2022-01-07,30.685026168823242
2022-01-10,30.17287254333496
2022-01-11,30.00510597229004
2022-01-12,29.616575241088867
2022-01-13,30.349477767944336
2022-01-14,31.0029239654541
2022-01-18,31.17069435119629
2022-01-19,31.400279998779297
2022-01-20,31.303144454956055
2022-01-21,31.126543045043945
2022-01-24,31.179529190063477
2022-01-25,30.94110107421875
2022-01-26,30.76449966430664
2022-01-27,31.232501983642578
2022-01-28,31.48462677001953
2022-01-31,30.967905044555664
2022-02-01,31.154998779296875
2022-02-02,31.39554214477539
2022-02-03,31.422271728515625
2022-02-04,30.941171646118164
2022-02-07,31.163908004760742
2022-02-08,31.404451370239258
2022-02-09,31.350990295410156
2022-02-10,31.110445022583008
2022-02-11,31.796449661254883
2022-02-14,31.44899559020996
2022-02-15,31.555904388427734
2022-02-16,31.5648136138916
2022-02-17,31.965728759765625
2022-02-18,32.090450286865234
2022-02-22,31.930084228515625
2022-02-23,31.840993881225586
2022-02-24,30.566999435424805
2022-02-25,31.493539810180664
2022-02-28,31.154998779296875
2022-03-01,30.72736167907715
2022-03-02,30.825359344482422
2022-03-03,30.843177795410156
2022-03-04,30.647184371948242
2022-03-07,30.023544311523438
2022-03-08,27.555734634399414
2022-03-09,27.778461456298828
2022-03-10,27.324100494384766
2022-03-11,26.816282272338867
2022-03-14,28.12591552734375
2022-03-15,28.3575496673584
2022-03-16,28.241729736328125
2022-03-17,28.562458038330078
2022-03-18,28.277366638183594
2022-03-21,28.473365783691406
2022-03-22,28.785184860229492
2022-03-23,28.633729934692383
2022-03-24,28.758453369140625
2022-03-25,29.30190658569336
2022-03-28,29.248458862304688
2022-03-29,29.75627326965332
2022-03-30,29.75627326965332
2022-03-31,29.907730102539062
2022-04-01,30.362091064453125
2022-04-04,30.397722244262695
2022-04-05,30.379901885986328
2022-04-06,30.593725204467773
2022-04-07,30.673906326293945
2022-04-08,30.73626708984375
2022-04-11,31.18172264099121
2022-04-12,31.26190948486328
2022-04-13,31.769725799560547
2022-04-14,31.73409080505371
2022-04-18,31.529178619384766
2022-04-19,32.27753829956055
2022-04-20,32.55371856689453
2022-04-21,32.57154083251953
2022-04-22,32.179534912109375
2022-04-25,32.170631408691406
2022-04-26,31.546993255615234
2022-04-27,31.742992401123047
2022-04-28,32.284969329833984
2022-04-29,31.39515495300293
2022-05-02,30.75701141357422
2022-05-03,31.32325553894043
2022-05-04,32.0782470703125
2022-05-05,31.835567474365234
2022-05-06,31.98836326599121
2022-05-09,32.617530822753906
2022-05-10,32.09622573852539
2022-05-11,32.0782470703125
2022-05-12,32.060272216796875
2022-05-13,32.25800704956055
2022-05-16,32.03330993652344
2022-05-17,31.73670768737793
2022-05-18,29.058269500732422
2022-05-19,28.527976989746094
2022-05-20,28.51000213623047
2022-05-23,29.0672607421875
2022-05-24,29.5526123046875
2022-05-25,29.45374298095703
2022-05-26,29.642492294311523
2022-05-27,29.795286178588867
2022-05-31,29.561599731445312
2022-06-01,29.229045867919922
2022-06-02,29.049283981323242
2022-06-03,28.76166534423828
2022-06-06,28.950414657592773
2022-06-07,29.300947189331055
2022-06-08,29.354875564575195
2022-06-09,28.986370086669922
2022-06-10,29.273983001708984
2022-06-13,28.76166534423828
2022-06-14,28.581905364990234
2022-06-15,28.743690490722656
2022-06-16,28.536962509155273
2022-06-17,28.19542121887207
2022-06-21,29.0672607421875
2022-06-22,29.175111770629883
2022-06-23,29.939102172851562
2022-06-24,30.649147033691406
2022-06-27,30.60420799255371
2022-06-28,30.505340576171875
2022-06-29,30.855876922607422
2022-06-30,30.774988174438477
2022-07-01,31.062597274780273
2022-07-05,30.89182472229004
2022-07-06,31.269325256347656
2022-07-07,31.637832641601562
2022-07-08,31.73670768737793
2022-07-11,31.961402893066406
2022-07-12,31.997356414794922
2022-07-13,32.12318801879883
2022-07-14,29.795286178588867
2022-07-15,30.31659698486328
2022-07-18,30.02897834777832
2022-07-19,30.064929962158203
2022-07-20,29.777313232421875
2022-07-21,29.82225799560547
2022-07-22,30.226716995239258
2022-07-25,30.44242286682129
2022-07-26,30.397485733032227
2022-07-27,30.002017974853516
2022-07-28,30.55028533935547
2022-07-29,30.748018264770508
2022-08-01,31.305280685424805
2022-08-02,30.960460662841797
2022-08-03,31.123798370361328
2022-08-04,30.83342933654785
2022-08-05,31.24176025390625
2022-08-08,31.09657859802246
2022-08-09,31.13287353515625
2022-08-10,31.22360610961914
2022-08-11,31.250839233398438
2022-08-12,31.205459594726562
2022-08-15,31.668237686157227
2022-08-16,31.976755142211914
2022-08-17,31.967676162719727
2022-08-18,32.02212142944336
2022-08-19,32.12193298339844
2022-08-22,31.89508819580078
2022-08-23,31.931377410888672
2022-08-24,32.25804138183594
2022-08-25,32.28526306152344
2022-08-26,31.677310943603516
2022-08-29,31.795269012451172
2022-08-30,31.532121658325195
2022-08-31,31.19638442993164
2022-09-01,31.123798370361328
2022-09-02,31.051206588745117
2022-09-06,30.706390380859375
2022-09-07,31.48676109313965
2022-09-08,31.141942977905273
2022-09-09,31.18730926513672
2022-09-12,31.45046615600586
2022-09-13,30.53398323059082
2022-09-14,30.261762619018555
2022-09-15,30.506763458251953
2022-09-16,30.69732093811035
2022-09-19,31.069355010986328
2022-09-20,30.83342933654785
2022-09-21,31.141942977905273
2022-09-22,31.541200637817383
2022-09-23,31.169164657592773
2022-09-26,30.851577758789062
2022-09-27,30.05306053161621
2022-09-28,30.370655059814453
2022-09-29,30.18010139465332
2022-09-30,29.608442306518555
2022-10-03,29.862510681152344
2022-10-04,30.769912719726562
2022-10-05,30.670093536376953
2022-10-06,29.544923782348633
2022-10-07,29.808067321777344
2022-10-10,30.461397171020508
2022-10-11,30.751766204833984
2022-10-12,30.47047233581543
2022-10-13,31.19638442993164
2022-10-14,31.114727020263672
2022-10-17,31.078426361083984
2022-10-18,31.695457458496094
2022-10-19,31.695457458496094
2022-10-20,31.17824363708496
2022-10-21,31.477676391601562
2022-10-24,31.75897216796875
2022-10-25,31.795269012451172
2022-10-26,31.976755142211914
2022-10-27,32.46674728393555
2022-10-28,33.247108459472656
2022-10-31,33.301551818847656
2022-11-01,32.97488784790039
2022-11-02,32.88331985473633
2022-11-03,32.75511932373047
2022-11-04,32.947418212890625
2022-11-07,33.05730438232422
2022-11-08,32.68185806274414
2022-11-09,32.535343170166016
2022-11-10,32.22400665283203
2022-11-11,31.647106170654297
2022-11-14,31.097673416137695
2022-11-15,31.48227310180664
2022-11-16,32.086647033691406
2022-11-17,31.995079040527344
2022-11-18,32.919952392578125
2022-11-21,33.3320198059082
2022-11-22,33.49684524536133
2022-11-23,33.76240158081055
2022-11-25,33.991329193115234
2022-11-28,33.91807556152344
2022-11-29,33.84482192993164
2022-11-30,34.77884292602539
2022-12-01,34.64149475097656
2022-12-02,34.90705108642578
2022-12-05,35.02608871459961
2022-12-06,34.39424514770508
2022-12-07,35.00777816772461
2022-12-08,35.24586486816406
2022-12-09,34.81547546386719
2022-12-12,35.22754669189453
2022-12-13,35.00777816772461
2022-12-14,35.23670196533203
2022-12-15,35.081031799316406
2022-12-16,34.80631637573242
2022-12-19,34.91621017456055
2022-12-20,35.24586486816406
2022-12-21,35.511417388916016
2022-12-22,35.49310302734375
2022-12-23,35.56636047363281
2022-12-27,35.73119354248047
2022-12-28,35.39237976074219
2022-12-29,35.502262115478516
2022-12-30,35.43815994262695
2023-01-03,35.557212829589844
2023-01-04,35.39237976074219
2023-01-05,36.60112380981445
2023-01-06,37.5076789855957
2023-01-09,37.0131950378418
2023-01-10,37.03151321411133
2023-01-11,37.10477066040039
2023-01-12,36.74763488769531
2023-01-13,36.54617691040039
2023-01-17,36.656063079833984
2023-01-18,35.209228515625
2023-01-19,35.04440689086914
2023-01-20,34.77884292602539
2023-01-23,34.275211334228516
2023-01-24,34.11953353881836
2023-01-25,34.009647369384766
2023-01-26,33.73493194580078
2023-01-27,33.6887321472168
2023-01-30,34.15997314453125
2023-01-31,34.36325454711914
2023-02-01,34.10453796386719
2023-02-02,33.503936767578125
2023-02-03,33.67949295043945
2023-02-06,34.10453796386719
2023-02-07,33.503936767578125
2023-02-08,33.53165817260742
2023-02-09,33.22673797607422
2023-02-10,33.60557556152344
2023-02-13,33.98440933227539
2023-02-14,33.31913757324219
2023-02-15,33.15282440185547
2023-02-16,33.09737777709961
2023-02-17,33.64253616333008
2023-02-21,33.596336364746094
2023-02-22,33.49469757080078
2023-02-23,33.624053955078125
2023-02-24,33.75341796875
2023-02-27,33.96592712402344
2023-02-28,33.64253616333008
2023-03-01,33.02346420288086
2023-03-02,33.125099182128906
2023-03-03,33.11586380004883
2023-03-06,33.1805419921875
2023-03-07,33.10662078857422
2023-03-08,33.17129898071289
2023-03-09,32.41362762451172
2023-03-10,32.34894561767578
2023-03-13,32.43210220336914
2023-03-14,32.78322219848633
2023-03-15,32.958778381347656
2023-03-16,33.15282440185547
2023-03-17,32.820186614990234
2023-03-20,33.40230178833008
2023-03-21,33.651771545410156
2023-03-22,33.55937194824219
2023-03-23,33.790374755859375
2023-03-24,34.38172912597656
2023-03-27,34.36325454711914
2023-03-28,34.44640350341797
2023-03-29,34.70512390136719
2023-03-30,34.54804992675781
2023-03-31,34.70512390136719
2023-04-03,34.5942497253418
2023-04-04,34.723609924316406
2023-04-05,35.36116027832031
2023-04-06,35.462799072265625
2023-04-10,34.7143669128418
2023-04-11,35.02852249145508
2023-04-12,34.76056671142578
2023-04-13,34.6866455078125
2023-04-14,34.15997314453125
2023-04-17,34.43716812133789
2023-04-18,34.37248992919922
2023-04-19,34.511085510253906
2023-04-20,34.557289123535156
2023-04-21,34.60348892211914
2023-04-24,34.85296630859375
2023-04-25,35.24103927612305
2023-04-26,34.94536209106445
2023-04-27,35.327537536621094
2023-04-28,35.38345718383789
2023-05-01,35.62581253051758
2023-05-02,35.84020233154297
2023-05-03,35.504642486572266
2023-05-04,35.0665397644043
2023-05-05,35.25296401977539
2023-05-08,35.17839431762695
2023-05-09,35.243648529052734
2023-05-10,34.255592346191406
2023-05-11,34.022560119628906
2023-05-12,34.255592346191406
2023-05-15,34.05984115600586
2023-05-16,33.96663284301758
2023-05-17,34.19966125488281
2023-05-18,33.37007141113281
2023-05-19,33.4073600769043
2023-05-22,32.9879035949707
2023-05-23,32.82944107055664
2023-05-24,32.680301666259766
2023-05-25,32.37269592285156
2023-05-26,32.47523880004883
2023-05-30,31.96256446838379
2023-05-31,32.50319290161133
2023-06-01,32.083736419677734
2023-06-02,32.745548248291016
2023-06-05,32.64301681518555
2023-06-06,31.99053192138672
2023-06-07,31.78545570373535
2023-06-08,32.12102508544922
2023-06-09,32.046451568603516
2023-06-12,31.99053192138672
2023-06-13,32.148990631103516
2023-06-14,32.57776641845703
2023-06-15,32.428627014160156
2023-06-16,32.2888069152832
2023-06-20,31.915956497192383
2023-06-21,32.05577087402344
2023-06-22,32.05577087402344
2023-06-23,31.776138305664062
2023-06-26,31.953243255615234
2023-06-27,31.915956497192383
2023-06-28,30.80672836303711
2023-06-29,31.04907989501953
2023-06-30,31.431251525878906
2023-07-03,31.776138305664062
2023-07-05,31.384641647338867
2023-07-06,31.160934448242188
2023-07-07,30.965194702148438
2023-07-10,30.676231384277344
2023-07-11,30.871978759765625
2023-07-12,30.74148178100586
2023-07-13,30.909263610839844
2023-07-14,30.66691017150879
2023-07-17,30.0889892578125
2023-07-18,30.005098342895508
2023-07-19,30.35930633544922
2023-07-20,30.85333251953125
2023-07-21,31.030437469482422
2023-07-24,31.002473831176758
2023-07-25,31.06772232055664
2023-07-26,30.918581008911133
2023-07-27,30.86265754699707
2023-07-28,31.11701774597168
2023-07-31,30.909759521484375
2023-08-01,30.68366050720215
2023-08-02,30.93802261352539
2023-08-03,30.627134323120117
2023-08-04,30.438718795776367
2023-08-07,30.24087905883789
2023-08-08,29.411846160888672
2023-08-09,29.468372344970703
2023-08-10,29.261112213134766
2023-08-11,29.468372344970703
2023-08-14,29.110380172729492
2023-08-15,28.535709381103516
2023-08-16,28.290767669677734
2023-08-17,28.215402603149414
2023-08-18,28.44150161743164
2023-08-21,28.064668655395508
2023-08-22,28.03640365600586
2023-08-23,27.89509391784668
2023-08-24,27.942197799682617
2023-08-25,28.281347274780273
2023-08-28,28.55455207824707
2023-08-29,28.526288986206055
2023-08-30,28.366134643554688
2023-08-31,28.14945411682129
2023-09-01,27.621889114379883
2023-09-05,27.461734771728516
2023-09-06,27.367525100708008
2023-09-07,27.207372665405273
2023-09-08,27.414628982543945
2023-09-11,27.35810661315918
2023-09-12,26.97184944152832
2023-09-13,26.915325164794922
2023-09-14,27.37694549560547
2023-09-15,27.263896942138672
2023-09-18,27.056638717651367
2023-09-19,27.028377532958984
2023-09-20,27.24505615234375
2023-09-21,27.348684310913086
2023-09-22,27.18852996826172
2023-09-25,26.65154266357422
2023-09-26,26.387760162353516
2023-09-27,25.944982528686523
2023-09-28,25.850772857666016
2023-09-29,25.83193016052246
2023-10-02,25.238418579101562
2023-10-03,24.99347686767578
2023-10-04,24.99347686767578
2023-10-05,24.494171142578125
2023-10-06,24.88042640686035
2023-10-09,25.992084503173828
2023-10-10,25.93556022644043
2023-10-11,25.775405883789062
2023-10-12,25.087682723999023
2023-10-13,25.973243713378906
2023-10-16,26.152238845825195
2023-10-17,26.076871871948242
2023-10-18,25.79424476623535
2023-10-19,25.577566146850586
2023-10-20,25.42683219909668
2023-10-23,25.144208908081055
2023-10-24,25.502199172973633
2023-10-25,26.142820358276367
2023-10-26,26.06745147705078
2023-10-27,25.615251541137695
2023-10-30,25.652935028076172
2023-10-31,25.775405883789062
2023-11-01,25.746776580810547
2023-11-02,26.405237197875977
2023-11-03,26.538837432861328
2023-11-06,26.17620849609375
2023-11-07,26.13803482055664
2023-11-08,26.481582641601562
2023-11-09,26.66289710998535
2023-11-10,26.538837432861328
2023-11-13,26.3098087310791
2023-11-14,26.739238739013672
2023-11-15,26.863298416137695
2023-11-16,26.796493530273438
2023-11-17,26.891925811767578
2023-11-20,26.815582275390625
2023-11-21,26.911014556884766
2023-11-22,27.03506851196289
2023-11-24,27.18775749206543
2023-11-27,26.90146827697754
2023-11-28,26.930097579956055
2023-11-29,26.739238739013672
2023-11-30,26.996898651123047
2023-12-01,27.063697814941406
2023-12-04,27.636272430419922
2023-12-05,27.44541358947754
2023-12-06,28.056161880493164
2023-12-07,28.428335189819336
2023-12-08,28.17067527770996
2023-12-11,28.113418579101562
2023-12-12,28.256563186645508
2023-12-13,29.048622131347656
2023-12-14,28.552392959594727
2023-12-15,27.98935890197754
2023-12-18,28.142045974731445
2023-12-19,28.056161880493164
2023-12-20,27.063697814941406
2023-12-21,27.168668746948242
2023-12-22,27.349985122680664
2023-12-26,27.245012283325195
2023-12-27,27.149585723876953
2023-12-28,27.26409912109375
2023-12-29,27.349985122680664
2024-01-02,28.180219650268555
2024-01-03,27.941646575927734
2024-01-04,27.407243728637695
2024-01-05,26.920555114746094
2024-01-08,27.416786193847656
2024-01-09,27.97981834411621
2024-01-10,27.893932342529297
2024-01-11,27.43587303161621
2024-01-12,27.626731872558594
2024-01-16,27.27364158630371
2024-01-17,27.588560104370117
2024-01-18,27.3976993560791
2024-01-19,27.31181526184082
2024-01-22,27.416786193847656
2024-01-23,28.065702438354492
2024-01-24,28.065702438354492
2024-01-25,28.3233642578125
2024-01-26,28.26610565185547
2024-01-29,28.19850730895996
2024-01-30,28.430274963378906
2024-01-31,28.15022087097168
2024-02-01,28.633071899414062
2024-02-02,28.449588775634766
2024-02-05,27.580453872680664
2024-02-06,27.638399124145508
2024-02-07,27.38731575012207
2024-02-08,27.136232376098633
2024-02-09,26.460241317749023
2024-02-12,26.82720947265625
2024-02-13,26.35401725769043
2024-02-14,25.813220977783203
2024-02-15,26.238130569458008
2024-02-16,26.276758193969727
2024-02-20,27.503198623657227
2024-02-21,27.43560028076172
2024-02-22,27.31005859375
2024-02-23,27.32937240600586
2024-02-26,27.049320220947266
2024-02-27,27.010692596435547
2024-02-28,27.165203094482422
2024-02-29,27.11691665649414
2024-03-01,26.82720947265625
2024-03-04,26.74995231628418
2024-03-05,26.74995231628418
2024-03-06,26.991378784179688
2024-03-07,26.846521377563477
2024-03-08,27.165203094482422
2024-03-11,27.551485061645508
2024-03-12,27.46457290649414
2024-03-13,27.37765884399414
2024-03-14,26.943092346191406
2024-03-15,27.107261657714844
2024-03-18,27.252117156982422
2024-03-19,27.870166778564453
2024-03-20,27.850852966308594
2024-03-21,27.957080841064453
2024-03-22,27.995708465576172
2024-03-25,28.09227752685547
2024-03-26,27.918453216552734
2024-03-27,28.478557586669922
2024-03-28,28.6234130859375
2024-04-01,28.662044525146484
2024-04-02,28.536500930786133
2024-04-03,28.06330680847168
2024-04-04,29.5891170501709
2024-04-05,30.023683547973633
2024-04-08,30.20716667175293
2024-04-09,30.20716667175293
2024-04-10,29.55048942565918
2024-04-11,28.971067428588867
2024-04-12,28.304733276367188
2024-04-15,28.73929786682129
2024-04-16,28.980724334716797
2024-04-17,29.202835083007812
2024-04-18,29.3187198638916
2024-04-19,29.569805145263672
2024-04-22,30.033340454101562
2024-04-23,30.197509765625
2024-04-24,30.487220764160156
2024-04-25,30.197509765625
2024-04-26,30.014026641845703
2024-04-29,30.219133377075195
2024-04-30,30.062862396240234
2024-05-01,30.023792266845703
2024-05-02,30.131229400634766
2024-05-03,29.877288818359375
2024-05-06,29.486608505249023
2024-05-07,30.00425910949707
2024-05-08,30.111696243286133
2024-05-09,30.062862396240234
2024-05-10,30.404706954956055
2024-05-13,30.228900909423828
2024-05-14,30.277734756469727
2024-05-15,29.71125030517578
2024-05-16,30.267969131469727
2024-05-17,30.014026641845703
2024-05-20,29.994491577148438
2024-05-21,30.072629928588867
2024-05-22,30.0433292388916
2024-05-23,29.730783462524414
2024-05-24,29.57451057434082
2024-05-28,29.037324905395508
2024-05-29,28.539207458496094
2024-05-30,28.480606079101562
2024-05-31,29.18383026123047
2024-06-03,29.037324905395508
2024-06-04,29.301034927368164
2024-06-05,29.076393127441406
2024-06-06,28.85175132751465
2024-06-07,29.027557373046875
2024-06-10,28.607576370239258
2024-06-11,28.558740615844727
2024-06-12,28.05085563659668
2024-06-13,27.90435218811035
2024-06-14,27.679712295532227
2024-06-17,28.03132438659668
2024-06-18,28.00202178955078
2024-06-20,27.835983276367188
2024-06-21,28.148527145385742
2024-06-24,28.65641212463379
2024-06-25,28.392702102661133
2024-06-26,27.826215744018555
2024-06-27,27.679712295532227
2024-06-28,27.75784683227539
2024-07-01,27.640642166137695
2024-07-02,27.66994285583496
2024-07-03,27.47460174560547
2024-07-05,27.582040786743164
2024-07-08,27.738313674926758
2024-07-09,28.070392608642578
2024-07-10,28.13875961303711
2024-07-11,27.71877670288086
2024-07-12,27.689477920532227
2024-07-15,27.93365478515625
2024-07-16,28.314565658569336
2024-07-17,29.41823959350586
2024-07-18,29.38893699645996
2024-07-19,28.939653396606445
2024-07-22,28.968955993652344
2024-07-23,28.588043212890625
2024-07-24,29.164297103881836
2024-07-25,28.84198570251465
2024-07-26,29.242431640625
2024-07-29,29.457307815551758
2024-07-30,29.67218017578125
2024-07-31,29.61357879638672
2024-08-01,29.890249252319336
2024-08-02,30.53251838684082
2024-08-05,29.65310287475586
2024-08-06,29.574054718017578
2024-08-07,29.425838470458984
2024-08-08,29.939653396606445
2024-08-09,29.79143714904785
2024-08-12,29.475242614746094
2024-08-13,29.99894142150879
2024-08-14,30.453468322753906
2024-08-15,29.811199188232422
2024-08-16,30.0582275390625
2024-08-19,30.720258712768555
2024-08-20,30.404064178466797
2024-08-21,30.374420166015625
2024-08-22,30.117511749267578
2024-08-23,30.265727996826172
2024-08-26,30.670854568481445
2024-08-27,30.89811897277832
2024-08-28,31.164907455444336
2024-08-29,30.670854568481445
2024-08-30,30.828950881958008
2024-09-03,31.540388107299805
2024-09-04,32.024559020996094
2024-09-05,32.143131256103516
2024-09-06,32.35063552856445
2024-09-09,32.43956756591797
2024-09-10,32.40004348754883
2024-09-11,31.095739364624023
2024-09-12,31.37240982055664
2024-09-13,31.668840408325195
2024-09-16,32.21229934692383
2024-09-17,32.17277908325195
2024-09-18,32.340755462646484
2024-09-19,32.004798889160156
2024-09-20,31.91586685180664
2024-09-23,31.925750732421875
2024-09-24,31.935630798339844
2024-09-25,31.905988693237305
2024-09-26,32.10361099243164
2024-09-27,32.08384704589844
2024-09-30,32.13325119018555
2024-10-01,32.330875396728516
2024-10-02,29.722270965576172
2024-10-03,29.000951766967773
2024-10-04,29.15904998779297
2024-10-07,28.753925323486328
2024-10-08,28.85273551940918
2024-10-09,28.961427688598633
2024-10-10,29.089881896972656
2024-10-11,29.020713806152344
2024-10-14,29.099763870239258
2024-10-15,29.22821617126465
2024-10-16,29.36655044555664
2024-10-17,29.949533462524414
2024-10-18,29.959415435791016
2024-10-21,29.15904998779297
2024-10-22,29.129405975341797
2024-10-23,29.099763870239258
2024-10-24,29.000951766967773
2024-10-25,29.079999923706055
2024-10-28,29.406076431274414
2024-10-29,29.079999923706055
2024-10-30,29.079999923706055
2024-10-31,28.940000534057617
2024-11-01,28.969999313354492
2024-11-04,28.770000457763672
2024-11-05,29.079999923706055
2024-11-06,28.899999618530273
2024-11-07,28.309999465942383
2024-11-08,28.440000534057617
2024-11-11,27.739999771118164
2024-11-12,27.68000030517578
2024-11-13,27.639999389648438
2024-11-14,27.450000762939453
2024-11-15,26.700000762939453
2024-11-18,26.610000610351562
2024-11-19,26.479999542236328
2024-11-20,27.1200008392334
2024-11-21,27.170000076293945
2024-11-22,27.420000076293945
2024-11-25,27.450000762939453
2024-11-26,27.489999771118164
2024-11-27,27.450000762939453
2024-11-29,27.549999237060547
2024-12-02,27.81999969482422
2024-12-03,27.709999084472656
2024-12-04,27.31999969482422
2024-12-05,27.81999969482422
2024-12-06,27.239999771118164
2024-12-09,27.739999771118164
2024-12-10,27.84000015258789
2024-12-11,27.729999542236328
2024-12-12,28.06999969482422
2024-12-13,28.200000762939453
2024-12-16,27.899999618530273
2024-12-17,27.8799991607666
