,CCL
2014-01-02,33.11935806274414
2014-01-03,33.152626037597656
2014-01-06,32.63683319091797
2014-01-07,32.85313034057617
2014-01-08,32.77826690673828
2014-01-09,33.24414825439453
2014-01-10,34.31733703613281
2014-01-13,34.458770751953125
2014-01-14,34.541969299316406
2014-01-15,34.59188461303711
2014-01-16,34.5502815246582
2014-01-17,34.40886306762695
2014-01-21,33.967926025390625
2014-01-22,34.17591857910156
2014-01-23,33.81818771362305
2014-01-24,32.57027816772461
2014-01-27,32.753299713134766
2014-01-28,33.76826858520508
2014-01-29,32.89473342895508
2014-01-30,33.310699462890625
2014-01-31,32.60354995727539
2014-02-03,32.237510681152344
2014-02-04,32.48707962036133
2014-02-05,32.12934875488281
2014-02-06,33.38557815551758
2014-02-07,33.202545166015625
2014-02-10,33.53532409667969
2014-02-11,33.51036071777344
2014-02-12,33.61020278930664
2014-02-13,33.47709655761719
2014-02-14,33.909690856933594
2014-02-18,33.077754974365234
2014-02-19,32.80148696899414
2014-02-20,32.742889404296875
2014-02-21,33.002410888671875
2014-02-24,33.22846603393555
2014-02-25,33.554969787597656
2014-02-26,33.672176361083984
2014-02-27,33.86473083496094
2014-02-28,33.203346252441406
2014-03-03,32.24893569946289
2014-03-04,33.16984939575195
2014-03-05,32.88520050048828
2014-03-06,32.809852600097656
2014-03-07,33.06938934326172
2014-03-10,32.65916442871094
2014-03-11,32.441490173339844
2014-03-12,32.901954650878906
2014-03-13,32.24055862426758
2014-03-14,32.16521453857422
2014-03-17,32.50008773803711
2014-03-18,33.161476135253906
2014-03-19,32.960548400878906
2014-03-20,33.47960662841797
2014-03-21,33.471256256103516
2014-03-24,33.48798751831055
2014-03-25,31.830339431762695
2014-03-26,31.51219940185547
2014-03-27,31.24428367614746
2014-03-28,31.177316665649414
2014-03-31,31.69638442993164
2014-04-01,32.148468017578125
2014-04-02,31.847078323364258
2014-04-03,32.19869613647461
2014-04-04,31.7298641204834
2014-04-07,31.545682907104492
2014-04-08,31.81359100341797
2014-04-09,31.88056182861328
2014-04-10,31.328004837036133
2014-04-11,31.001514434814453
2014-04-14,30.54104232788086
2014-04-15,30.323373794555664
2014-04-16,30.59127426147461
2014-04-17,31.24428367614746
2014-04-21,31.168947219848633
2014-04-22,31.28614616394043
2014-04-23,31.328004837036133
2014-04-24,31.955907821655273
2014-04-25,31.86382293701172
2014-04-28,32.33264923095703
2014-04-29,33.102874755859375
2014-04-30,32.91032409667969
2014-05-01,32.36614990234375
2014-05-02,32.49171829223633
2014-05-05,32.575443267822266
2014-05-06,32.69264221191406
2014-05-07,32.86846160888672
2014-05-08,32.80148696899414
2014-05-09,32.75962829589844
2014-05-12,33.27867889404297
2014-05-13,32.94380187988281
2014-05-14,32.62567138671875
2014-05-15,32.26567459106445
2014-05-16,32.01451873779297
2014-05-19,32.51683044433594
2014-05-20,32.80148696899414
2014-05-21,33.35758590698242
2014-05-22,33.46712875366211
2014-05-23,33.71989059448242
2014-05-27,33.40814208984375
2014-05-28,33.2985954284668
2014-05-29,33.483978271484375
2014-05-30,33.72831344604492
2014-06-02,33.71989059448242
2014-06-03,33.837852478027344
2014-06-04,33.77886962890625
2014-06-05,33.863128662109375
2014-06-06,33.91368103027344
2014-06-09,34.16645431518555
2014-06-10,33.854705810546875
2014-06-11,33.82942199707031
2014-06-12,32.927879333496094
2014-06-13,32.793052673339844
2014-06-16,32.371768951416016
2014-06-17,32.62453842163086
2014-06-18,32.540283203125
2014-06-19,32.700374603271484
2014-06-20,32.953155517578125
2014-06-23,33.20592498779297
2014-06-24,32.21167755126953
2014-06-25,32.04315948486328
2014-06-26,32.00946807861328
2014-06-27,31.967336654663086
2014-06-30,31.72297477722168
2014-07-01,31.61344337463379
2014-07-02,31.64716148376465
2014-07-03,31.908363342285156
2014-07-07,31.72297477722168
2014-07-08,31.267993927001953
2014-07-09,31.15003776550293
2014-07-10,30.69504737854004
2014-07-11,31.006793975830078
2014-07-14,31.082626342773438
2014-07-15,30.846710205078125
2014-07-16,30.956247329711914
2014-07-17,30.374855041503906
2014-07-18,30.770872116088867
2014-07-21,30.54338264465332
2014-07-22,30.636062622070312
2014-07-23,30.754024505615234
2014-07-24,31.35225486755371
2014-07-25,30.90569496154785
2014-07-28,30.754024505615234
2014-07-29,30.61078643798828
2014-07-30,30.80457878112793
2014-07-31,30.518104553222656
2014-08-01,30.703474044799805
2014-08-04,30.59394073486328
2014-08-05,30.324316024780273
2014-08-06,30.53495979309082
2014-08-07,30.602359771728516
2014-08-08,30.711904525756836
2014-08-11,31.05735206604004
2014-08-12,31.1331844329834
2014-08-13,31.192169189453125
2014-08-14,31.58816146850586
2014-08-15,31.46177864074707
2014-08-18,31.899932861328125
2014-08-19,31.8493709564209
2014-08-20,32.01053237915039
2014-08-21,32.035972595214844
2014-08-22,32.154720306396484
2014-08-25,32.06142044067383
2014-08-26,32.239540100097656
2014-08-27,32.129268646240234
2014-08-28,31.611879348754883
2014-08-29,32.129268646240234
2014-09-02,32.18864440917969
2014-09-03,32.4091682434082
2014-09-04,33.155574798583984
2014-09-05,33.3591423034668
2014-09-08,33.18102264404297
2014-09-09,32.80781936645508
2014-09-10,32.96897506713867
2014-09-11,33.316734313964844
2014-09-12,33.23191452026367
2014-09-15,33.426998138427734
2014-09-16,33.503334045410156
2014-09-17,33.681453704833984
2014-09-18,34.020729064941406
2014-09-19,34.538124084472656
2014-09-22,34.2158088684082
2014-09-23,34.36000061035156
2014-09-24,34.87739181518555
2014-09-25,34.31758117675781
2014-09-26,34.665348052978516
2014-09-29,34.26670455932617
2014-09-30,34.07160949707031
2014-10-01,33.197994232177734
2014-10-02,32.722999572753906
2014-10-03,33.571189880371094
2014-10-06,33.503334045410156
2014-10-07,31.671247482299805
2014-10-08,31.951152801513672
2014-10-09,30.25478172302246
2014-10-10,30.11907196044922
2014-10-13,28.736536026000977
2014-10-14,29.381149291992188
2014-10-15,29.186073303222656
2014-10-16,29.423561096191406
2014-10-17,29.618635177612305
2014-10-20,30.466821670532227
2014-10-21,32.231056213378906
2014-10-22,32.02749252319336
2014-10-23,32.08686447143555
2014-10-24,32.6721076965332
2014-10-27,32.51095962524414
2014-10-28,33.155574798583984
2014-10-29,33.40155029296875
2014-10-30,33.98680114746094
2014-10-31,34.054649353027344
2014-11-03,33.98680114746094
2014-11-04,33.901981353759766
2014-11-05,33.918941497802734
2014-11-06,34.41089630126953
2014-11-07,34.26670455932617
2014-11-10,34.190364837646484
2014-11-11,34.461795806884766
2014-11-12,34.292152404785156
2014-11-13,34.69078826904297
2014-11-14,35.199710845947266
2014-11-17,35.208187103271484
2014-11-18,35.852806091308594
2014-11-19,35.48591995239258
2014-11-20,35.494441986083984
2014-11-21,35.46885299682617
2014-11-24,35.82720947265625
2014-11-25,36.05758285522461
2014-11-26,35.93813705444336
2014-11-28,37.67872619628906
2014-12-01,36.16850662231445
2014-12-02,36.55245590209961
2014-12-03,36.71458053588867
2014-12-04,37.18385696411133
2014-12-05,38.07120895385742
2014-12-08,37.601932525634766
2014-12-09,37.5166130065918
2014-12-10,36.94493865966797
2014-12-11,37.14118576049805
2014-12-12,36.64631652832031
2014-12-15,36.8510856628418
2014-12-16,36.79135513305664
2014-12-17,38.06267547607422
2014-12-18,37.96883010864258
2014-12-19,38.21626281738281
2014-12-22,38.27599334716797
2014-12-23,38.651405334472656
2014-12-24,38.72819900512695
2014-12-26,39.06095886230469
2014-12-29,39.20600891113281
2014-12-30,38.80498123168945
2014-12-31,38.677005767822266
2015-01-02,38.91590118408203
2015-01-05,38.72819900512695
2015-01-06,39.10362243652344
2015-01-07,39.24867630004883
2015-01-08,39.828857421875
2015-01-09,39.504634857177734
2015-01-12,39.49611282348633
2015-01-13,39.21453857421875
2015-01-14,38.80498123168945
2015-01-15,38.54048538208008
2015-01-16,38.78792190551758
2015-01-20,38.71966552734375
2015-01-21,38.9329719543457
2015-01-22,39.461978912353516
2015-01-23,39.57289505004883
2015-01-26,39.897117614746094
2015-01-27,39.35104751586914
2015-01-28,38.531959533691406
2015-01-29,38.293052673339844
2015-01-30,37.50807189941406
2015-02-02,37.12412643432617
2015-02-03,37.277706146240234
2015-02-04,37.08146286010742
2015-02-05,37.2862434387207
2015-02-06,36.97053527832031
2015-02-09,36.39034652709961
2015-02-10,37.15824890136719
2015-02-11,37.601932525634766
2015-02-12,37.85790252685547
2015-02-13,37.09852600097656
2015-02-17,36.93640899658203
2015-02-18,37.64871597290039
2015-02-19,37.502811431884766
2015-02-20,37.13379669189453
2015-02-23,37.348331451416016
2015-02-24,37.408424377441406
2015-02-25,37.665870666503906
2015-02-26,37.562889099121094
2015-02-27,37.7516975402832
2015-03-02,38.78152084350586
2015-03-03,38.352420806884766
2015-03-04,38.2666015625
2015-03-05,39.021812438964844
2015-03-06,38.103546142578125
2015-03-09,38.609886169433594
2015-03-10,37.820350646972656
2015-03-11,37.62295913696289
2015-03-12,38.86734390258789
2015-03-13,38.90166473388672
2015-03-16,39.734092712402344
2015-03-17,39.19344711303711
2015-03-18,40.094547271728516
2015-03-19,40.06022262573242
2015-03-20,40.23185348510742
2015-03-23,39.528141021728516
2015-03-24,38.953147888183594
2015-03-25,38.103546142578125
2015-03-26,38.12070846557617
2015-03-27,40.43782043457031
2015-03-30,40.95274353027344
2015-03-31,41.05571746826172
2015-04-01,40.74677276611328
2015-04-02,41.16727828979492
2015-04-06,40.987056732177734
2015-04-07,41.80233383178711
2015-04-08,41.716514587402344
2015-04-09,41.630706787109375
2015-04-10,41.476234436035156
2015-04-13,41.04713439941406
2015-04-14,40.75535202026367
2015-04-15,40.343421936035156
2015-04-16,40.56654739379883
2015-04-17,40.343421936035156
2015-04-20,39.89715576171875
2015-04-21,39.98299789428711
2015-04-22,40.00872039794922
2015-04-23,39.72552490234375
2015-04-24,39.802764892578125
2015-04-27,39.322174072265625
2015-04-28,38.97890090942383
2015-04-29,38.103546142578125
2015-04-30,37.73453140258789
2015-05-01,38.21511459350586
2015-05-04,38.04347610473633
2015-05-05,37.245357513427734
2015-05-06,37.28826904296875
2015-05-07,38.17220687866211
2015-05-08,39.61396789550781
2015-05-11,39.67403793334961
2015-05-12,39.305015563964844
2015-05-13,39.27927017211914
2015-05-14,40.652366638183594
2015-05-15,41.10719680786133
2015-05-18,41.115787506103516
2015-05-19,41.50197219848633
2015-05-20,40.99300765991211
2015-05-21,40.88949203491211
2015-05-22,40.84635925292969
2015-05-26,40.50130844116211
2015-05-27,41.05339431762695
2015-05-28,40.673828125
2015-05-29,39.966461181640625
2015-06-01,40.35464859008789
2015-06-02,40.570308685302734
2015-06-03,41.251808166503906
2015-06-04,40.88086700439453
2015-06-05,40.76009750366211
2015-06-08,40.561683654785156
2015-06-09,40.71697235107422
2015-06-10,40.54444122314453
2015-06-11,41.26043701171875
2015-06-12,40.90674591064453
2015-06-15,40.74283981323242
2015-06-16,40.93262481689453
2015-06-17,41.044776916503906
2015-06-18,41.941925048828125
2015-06-19,42.20071792602539
2015-06-22,43.0633659362793
2015-06-23,42.68380355834961
2015-06-24,42.994354248046875
2015-06-25,43.16687774658203
2015-06-26,43.64996337890625
2015-06-29,42.226593017578125
2015-06-30,42.60615921020508
2015-07-01,42.813201904296875
2015-07-02,43.01160430908203
2015-07-06,42.580284118652344
2015-07-07,43.30490493774414
2015-07-08,42.2093391418457
2015-07-09,42.442256927490234
2015-07-10,43.632720947265625
2015-07-13,44.71102523803711
2015-07-14,45.03019714355469
2015-07-15,44.71965408325195
2015-07-16,45.0388298034668
2015-07-17,44.94393539428711
2015-07-20,44.9870719909668
2015-07-21,44.82316207885742
2015-07-22,45.17685317993164
2015-07-23,44.69377136230469
2015-07-24,44.09854507446289
2015-07-27,43.865623474121094
2015-07-28,44.288326263427734
2015-07-29,44.94393539428711
2015-07-30,44.75415802001953
2015-07-31,45.97048568725586
2015-08-03,45.04745101928711
2015-08-04,44.74552917480469
2015-08-05,45.40113830566406
2015-08-06,44.93531036376953
2015-08-07,44.969818115234375
2015-08-10,45.2199821472168
2015-08-11,45.021575927734375
2015-08-12,44.13304901123047
2015-08-13,44.952571868896484
2015-08-14,45.23723602294922
2015-08-17,45.62542724609375
2015-08-18,45.547786712646484
2015-08-19,45.37428283691406
2015-08-20,43.318119049072266
2015-08-21,41.97337341308594
2015-08-24,40.324974060058594
2015-08-25,41.07109832763672
2015-08-26,42.381126403808594
2015-08-27,43.15327835083008
2015-08-28,42.9450569152832
2015-08-31,42.710811614990234
2015-09-01,41.452816009521484
2015-09-02,42.89300537109375
2015-09-03,42.858299255371094
2015-09-04,42.45053482055664
2015-09-08,43.96880340576172
2015-09-09,43.83866882324219
2015-09-10,44.00350570678711
2015-09-11,44.57609939575195
2015-09-14,44.57609939575195
2015-09-15,45.06194305419922
2015-09-16,45.868797302246094
2015-09-17,45.756011962890625
2015-09-18,45.17473602294922
2015-09-21,45.703956604003906
2015-09-22,43.1966552734375
2015-09-23,44.680213928222656
2015-09-24,44.142311096191406
2015-09-25,43.98615264892578
2015-09-28,42.198944091796875
2015-09-29,41.84323501586914
2015-09-30,43.118568420410156
2015-10-01,42.9537353515625
2015-10-02,43.170631408691406
2015-10-05,43.708526611328125
2015-10-06,42.650081634521484
2015-10-07,42.72816467285156
2015-10-08,43.049171447753906
2015-10-09,42.82360076904297
2015-10-12,43.69118118286133
2015-10-13,43.26605224609375
2015-10-14,41.95602798461914
2015-10-15,43.90806198120117
2015-10-16,44.33319091796875
2015-10-19,44.99254608154297
2015-10-20,44.827701568603516
2015-10-21,44.64551544189453
2015-10-22,45.44368362426758
2015-10-23,46.48477554321289
2015-10-26,46.42403793334961
2015-10-27,46.71033477783203
2015-10-28,46.23317337036133
2015-10-29,46.91857147216797
2015-10-30,46.91857147216797
2015-11-02,46.45874786376953
2015-11-03,45.964229583740234
2015-11-04,45.80806350708008
2015-11-05,45.89481735229492
2015-11-06,46.29390335083008
2015-11-09,45.6085205078125
2015-11-10,46.094356536865234
2015-11-11,45.83409118652344
2015-11-12,45.26148986816406
2015-11-13,44.732269287109375
2015-11-16,44.04688262939453
2015-11-17,43.578392028808594
2015-11-18,43.89259719848633
2015-11-19,44.98358917236328
2015-11-20,45.018489837646484
2015-11-23,44.85266876220703
2015-11-24,43.97987747192383
2015-11-25,44.5035400390625
2015-11-27,44.37261962890625
2015-11-30,44.1020622253418
2015-12-01,44.91375732421875
2015-12-02,44.66938018798828
2015-12-03,43.03725814819336
2015-12-04,44.241703033447266
2015-12-07,44.22425079345703
2015-12-08,43.77913284301758
2015-12-09,43.9100456237793
2015-12-10,44.47735595703125
2015-12-11,44.241703033447266
2015-12-14,44.3289909362793
2015-12-15,45.524715423583984
2015-12-16,45.55961608886719
2015-12-17,44.04096221923828
2015-12-18,45.74290466308594
2015-12-21,47.07828140258789
2015-12-22,47.366294860839844
2015-12-23,47.200469970703125
2015-12-24,47.235374450683594
2015-12-28,47.29646682739258
2015-12-29,48.125633239746094
2015-12-30,48.038352966308594
2015-12-31,47.54958724975586
2016-01-04,47.305206298828125
2016-01-05,46.851356506347656
2016-01-06,46.711708068847656
2016-01-07,45.72544479370117
2016-01-08,45.42870330810547
2016-01-11,47.07828140258789
2016-01-12,47.72414016723633
2016-01-13,45.71672821044922
2016-01-14,45.33269500732422
2016-01-15,43.49111557006836
2016-01-19,42.82778549194336
2016-01-20,42.16447067260742
2016-01-21,43.26419448852539
2016-01-22,43.26419448852539
2016-01-25,42.592132568359375
2016-01-26,43.48237991333008
2016-01-27,41.937538146972656
2016-01-28,40.89892578125
2016-01-29,42.00736999511719
2016-02-01,42.740509033203125
2016-02-02,39.345359802246094
2016-02-03,39.615928649902344
2016-02-04,39.72065734863281
2016-02-05,37.56487274169922
2016-02-08,36.58733367919922
2016-02-09,37.50376892089844
2016-02-10,37.8878059387207
2016-02-11,37.69578552246094
2016-02-12,38.455108642578125
2016-02-16,39.292991638183594
2016-02-17,40.34735870361328
2016-02-18,39.837745666503906
2016-02-19,40.76033020019531
2016-02-22,41.937705993652344
2016-02-23,42.262813568115234
2016-02-24,42.2013053894043
2016-02-25,42.623050689697266
2016-02-26,42.47369384765625
2016-02-29,42.139801025390625
2016-03-01,43.01844024658203
2016-03-02,42.315521240234375
2016-03-03,42.21887969970703
2016-03-04,42.148582458496094
2016-03-07,41.34022903442383
2016-03-08,40.733970642089844
2016-03-09,40.83061599731445
2016-03-10,40.68124771118164
2016-03-11,42.09587478637695
2016-03-14,42.28038024902344
2016-03-15,42.09587478637695
2016-03-16,42.90421676635742
2016-03-17,43.027225494384766
2016-03-18,43.60714340209961
2016-03-21,43.73893356323242
2016-03-22,42.83393096923828
2016-03-23,42.227664947509766
2016-03-24,42.98330307006836
2016-03-28,43.0711669921875
2016-03-29,43.61592102050781
2016-03-30,46.014625549316406
2016-03-31,46.366085052490234
2016-04-01,46.3485107421875
2016-04-04,46.594539642333984
2016-04-05,45.250205993652344
2016-04-06,45.68073654174805
2016-04-07,44.96902847290039
2016-04-08,44.93389129638672
2016-04-11,44.63514709472656
2016-04-12,45.012969970703125
2016-04-13,45.40835952758789
2016-04-14,45.31170654296875
2016-04-15,44.82844924926758
2016-04-18,44.67029571533203
2016-04-19,44.45941925048828
2016-04-20,43.96738052368164
2016-04-21,43.21174621582031
2016-04-22,42.623050689697266
2016-04-25,43.264461517333984
2016-04-26,43.167816162109375
2016-04-27,43.4841194152832
2016-04-28,42.79878234863281
2016-04-29,43.0975227355957
2016-05-02,43.519264221191406
2016-05-03,43.4841194152832
2016-05-04,43.19417190551758
2016-05-05,42.51761245727539
2016-05-06,43.24689483642578
2016-05-09,43.703792572021484
2016-05-10,44.27490997314453
2016-05-11,44.17824935913086
2016-05-12,44.85480880737305
2016-05-13,43.58077621459961
2016-05-16,43.9234504699707
2016-05-17,43.870731353759766
2016-05-18,44.22218704223633
2016-05-19,43.53684997558594
2016-05-20,43.95859909057617
2016-05-23,43.85315704345703
2016-05-24,44.661502838134766
2016-05-25,43.909488677978516
2016-05-26,42.1046257019043
2016-05-27,42.99820327758789
2016-05-31,42.237335205078125
2016-06-01,42.51160430908203
2016-06-02,42.75933074951172
2016-06-03,42.24618148803711
2016-06-06,41.64455795288086
2016-06-07,42.02499771118164
2016-06-08,42.184242248535156
2016-06-09,42.493900299072266
2016-06-10,41.715335845947266
2016-06-13,41.26412582397461
2016-06-14,41.15795135498047
2016-06-15,41.812652587890625
2016-06-16,41.998451232910156
2016-06-17,42.29926681518555
2016-06-20,42.909732818603516
2016-06-21,43.04244613647461
2016-06-22,43.22823715209961
2016-06-23,43.67060470581055
2016-06-24,40.38823318481445
2016-06-27,38.60990905761719
2016-06-28,38.68954086303711
2016-06-29,39.34424591064453
2016-06-30,39.10536575317383
2016-07-01,39.68928909301758
2016-07-05,38.707237243652344
2016-07-06,38.20293426513672
2016-07-07,38.7691650390625
2016-07-08,39.38848114013672
2016-07-11,40.370540618896484
2016-07-12,41.326053619384766
2016-07-13,41.272972106933594
2016-07-14,40.98100280761719
2016-07-15,40.09626770019531
2016-07-18,40.3616943359375
2016-07-19,39.92817306518555
2016-07-20,40.71558380126953
2016-07-21,40.09626770019531
2016-07-22,40.644813537597656
2016-07-25,40.97216033935547
2016-07-26,40.84828567504883
2016-07-27,40.98100280761719
2016-07-28,41.1402587890625
2016-07-29,41.33489990234375
2016-08-01,41.326053619384766
2016-08-02,40.04318618774414
2016-08-03,40.370540618896484
2016-08-04,40.83945083618164
2016-08-05,41.626861572265625
2016-08-08,41.12256622314453
2016-08-09,39.857391357421875
2016-08-10,40.20244216918945
2016-08-11,40.627105712890625
2016-08-12,40.733280181884766
2016-08-15,40.830596923828125
2016-08-16,41.211036682128906
2016-08-17,41.573787689208984
2016-08-18,41.37913513183594
2016-08-19,41.25528335571289
2016-08-22,41.50300216674805
2016-08-23,42.28157424926758
2016-08-24,42.14788055419922
2016-08-25,42.05875778198242
2016-08-26,41.97853088378906
2016-08-29,42.049835205078125
2016-08-30,42.254825592041016
2016-08-31,42.602420806884766
2016-09-01,43.40455627441406
2016-09-02,41.34573745727539
2016-09-06,40.882286071777344
2016-09-07,40.374263763427734
2016-09-08,39.98210906982422
2016-09-09,39.545387268066406
2016-09-12,40.30296325683594
2016-09-13,40.66838073730469
2016-09-14,41.20313262939453
2016-09-15,41.41704559326172
2016-09-16,41.220970153808594
2016-09-19,40.909027099609375
2016-09-20,41.16749572753906
2016-09-21,40.83771514892578
2016-09-22,41.746803283691406
2016-09-23,42.12113952636719
2016-09-26,41.41704559326172
2016-09-27,43.09261703491211
2016-09-28,43.475860595703125
2016-09-29,43.01240158081055
2016-09-30,43.51151657104492
2016-10-03,43.787803649902344
2016-10-04,43.841270446777344
2016-10-05,43.46694564819336
2016-10-06,43.52043151855469
2016-10-07,42.557861328125
2016-10-10,42.34395217895508
2016-10-11,41.75571823120117
2016-10-12,41.622032165527344
2016-10-13,41.702247619628906
2016-10-14,41.131839752197266
2016-10-17,41.09619140625
2016-10-18,41.46160125732422
2016-10-19,41.55073165893555
2016-10-20,42.067665100097656
2016-10-21,41.63093948364258
2016-10-24,41.88941192626953
2016-10-25,41.8181037902832
2016-10-26,42.02310562133789
2016-10-27,41.470516204833984
2016-10-28,43.18174362182617
2016-10-31,43.76106643676758
2016-11-01,43.155006408691406
2016-11-02,43.02132034301758
2016-11-03,43.06588363647461
2016-11-04,42.81632614135742
2016-11-07,43.663028717041016
2016-11-08,44.40278244018555
2016-11-09,43.992794036865234
2016-11-10,44.49190139770508
2016-11-11,44.40278244018555
2016-11-14,45.25839614868164
2016-11-15,45.42772674560547
2016-11-16,45.40099334716797
2016-11-17,45.900108337402344
2016-11-18,45.900108337402344
2016-11-21,45.686187744140625
2016-11-22,46.45795440673828
2016-11-23,46.93356704711914
2016-11-25,47.15791320800781
2016-11-28,46.71820068359375
2016-11-29,47.7591667175293
2016-11-30,46.13489532470703
2016-12-01,44.76189041137695
2016-12-02,45.2285270690918
2016-12-05,46.33232116699219
2016-12-06,47.184837341308594
2016-12-07,47.70532989501953
2016-12-08,47.489952087402344
2016-12-09,47.866859436035156
2016-12-12,46.7810173034668
2016-12-13,46.79896545410156
2016-12-14,47.032283782958984
2016-12-15,47.52585220336914
2016-12-16,46.21566390991211
2016-12-19,46.05413055419922
2016-12-20,47.10407257080078
2016-12-21,47.64250946044922
2016-12-22,47.032283782958984
2016-12-23,47.58867263793945
2016-12-27,47.23869323730469
2016-12-28,46.83485794067383
2016-12-29,46.6553840637207
2016-12-30,46.71820068359375
2017-01-03,46.78998565673828
2017-01-04,47.40021514892578
2017-01-05,48.19889450073242
2017-01-06,48.14505386352539
2017-01-09,48.180946350097656
2017-01-10,48.68347930908203
2017-01-11,48.96167755126953
2017-01-12,48.136070251464844
2017-01-13,47.97454833984375
2017-01-17,47.64250946044922
2017-01-18,48.10018539428711
2017-01-19,47.965572357177734
2017-01-20,47.830955505371094
2017-01-23,48.25273513793945
2017-01-24,48.934757232666016
2017-01-25,50.10136413574219
2017-01-26,51.08849334716797
2017-01-27,50.51416015625
2017-01-30,49.93086242675781
2017-01-31,49.697540283203125
2017-02-01,49.77830505371094
2017-02-02,49.63472366333008
2017-02-03,49.60779571533203
2017-02-06,49.80522155761719
2017-02-07,49.760353088378906
2017-02-08,49.88599395751953
2017-02-09,50.53211212158203
2017-02-10,50.478267669677734
2017-02-13,50.666709899902344
2017-02-14,50.5859489440918
2017-02-15,50.68466567993164
2017-02-16,50.28084182739258
2017-02-17,49.71548843383789
2017-02-21,50.155208587646484
2017-02-22,50.11908721923828
2017-02-23,50.49836349487305
2017-02-24,50.597694396972656
2017-02-27,50.61575698852539
2017-02-28,50.525455474853516
2017-03-01,51.022132873535156
2017-03-02,51.08534240722656
2017-03-03,50.31775665283203
2017-03-06,50.3358154296875
2017-03-07,50.146183013916016
2017-03-08,50.146183013916016
2017-03-09,50.751216888427734
2017-03-10,51.66328811645508
2017-03-13,51.57299041748047
2017-03-14,51.46462631225586
2017-03-15,51.80778503417969
2017-03-16,51.961299896240234
2017-03-17,52.051605224609375
2017-03-20,52.15996170043945
2017-03-21,52.18705749511719
2017-03-22,52.63859176635742
2017-03-23,52.84628677368164
2017-03-24,52.91852951049805
2017-03-27,53.162349700927734
2017-03-28,53.5145378112793
2017-03-29,53.243629455566406
2017-03-30,53.5416259765625
2017-03-31,53.19847106933594
2017-04-03,53.02689743041992
2017-04-04,52.95465087890625
2017-04-05,53.09914016723633
2017-04-06,53.33393096923828
2017-04-07,52.92756271362305
2017-04-10,52.774044036865234
2017-04-11,52.17802810668945
2017-04-12,52.132877349853516
2017-04-13,51.89809036254883
2017-04-17,52.7921028137207
2017-04-18,52.7108268737793
2017-04-19,52.99077224731445
2017-04-20,53.469383239746094
2017-04-21,53.243629455566406
2017-04-24,53.839630126953125
2017-04-25,54.20988082885742
2017-04-26,54.679473876953125
2017-04-27,55.06778335571289
2017-04-28,55.78118896484375
2017-05-01,56.48556900024414
2017-05-02,56.62102127075195
2017-05-03,56.566837310791016
2017-05-04,56.864845275878906
2017-05-05,56.909996032714844
2017-05-08,56.64811325073242
2017-05-09,57.090606689453125
2017-05-10,56.11531448364258
2017-05-11,55.979854583740234
2017-05-12,55.25741958618164
2017-05-15,55.00456237792969
2017-05-16,55.266448974609375
2017-05-17,53.95703125
2017-05-18,55.12196350097656
2017-05-19,55.53736877441406
2017-05-22,56.03403091430664
2017-05-23,55.91664123535156
2017-05-24,56.3711051940918
2017-05-25,57.05278778076172
2017-05-26,57.58905792236328
2017-05-30,57.934444427490234
2017-05-31,58.23438262939453
2017-06-01,59.44325637817383
2017-06-02,59.50687026977539
2017-06-05,59.134212493896484
2017-06-06,58.470703125
2017-06-07,58.44343948364258
2017-06-08,58.470703125
2017-06-09,57.57086944580078
2017-06-12,57.79810333251953
2017-06-13,58.22529220581055
2017-06-14,58.86153793334961
2017-06-15,59.53413009643555
2017-06-16,59.66139602661133
2017-06-19,60.279449462890625
2017-06-20,59.71592330932617
2017-06-21,60.379432678222656
2017-06-22,59.70684051513672
2017-06-23,60.39760971069336
2017-06-26,59.98860549926758
2017-06-27,59.125125885009766
2017-06-28,60.07948684692383
2017-06-29,59.21602249145508
2017-06-30,59.59776306152344
2017-07-03,59.30691146850586
2017-07-05,60.47941970825195
2017-07-06,59.51596450805664
2017-07-07,59.834075927734375
2017-07-10,59.843162536621094
2017-07-11,59.761375427246094
2017-07-12,59.961334228515625
2017-07-13,60.14311218261719
2017-07-14,59.761375427246094
2017-07-17,60.91569519042969
2017-07-18,60.67028045654297
2017-07-19,60.6884651184082
2017-07-20,61.424686431884766
2017-07-21,60.89751052856445
2017-07-24,60.888423919677734
2017-07-25,61.03385543823242
2017-07-26,60.62483596801758
2017-07-27,60.2976188659668
2017-07-28,60.35215759277344
2017-07-31,60.69756317138672
2017-08-01,61.33379364013672
2017-08-02,61.35197830200195
2017-08-03,61.27925491333008
2017-08-04,61.63372802734375
2017-08-07,61.806434631347656
2017-08-08,61.83370590209961
2017-08-09,61.95186996459961
2017-08-10,61.24290466308594
2017-08-11,61.33379364013672
2017-08-14,61.83370590209961
2017-08-15,62.45176315307617
2017-08-16,62.597198486328125
2017-08-17,61.36106872558594
2017-08-18,61.31562042236328
2017-08-21,62.26089096069336
2017-08-22,62.07001876831055
2017-08-23,61.91460037231445
2017-08-24,62.33515930175781
2017-08-25,62.32601547241211
2017-08-28,62.67344284057617
2017-08-29,62.27116394042969
2017-08-30,62.66429901123047
2017-08-31,63.52370834350586
2017-09-01,63.20371627807617
2017-09-05,61.22888946533203
2017-09-06,61.21974563598633
2017-09-07,60.03118896484375
2017-09-08,59.948909759521484
2017-09-11,61.850589752197266
2017-09-12,62.33515930175781
2017-09-13,62.55458450317383
2017-09-14,62.847145080566406
2017-09-15,60.287193298339844
2017-09-18,59.60149002075195
2017-09-19,59.6289176940918
2017-09-20,58.95235061645508
2017-09-21,58.92491912841797
2017-09-22,58.815208435058594
2017-09-25,58.056358337402344
2017-09-26,59.72032928466797
2017-09-27,58.220924377441406
2017-09-28,58.85177993774414
2017-09-29,59.034629821777344
2017-10-02,58.9066276550293
2017-10-03,58.604923248291016
2017-10-04,59.60149002075195
2017-10-05,60.2597541809082
2017-10-06,60.00376892089844
2017-10-09,60.75345993041992
2017-10-10,61.329463958740234
2017-10-11,61.43917465209961
2017-10-12,61.12831497192383
2017-10-13,62.11573028564453
2017-10-16,62.390010833740234
2017-10-17,62.28943634033203
2017-10-18,61.676883697509766
2017-10-19,60.15003967285156
2017-10-20,60.23233413696289
2017-10-23,60.433467864990234
2017-10-24,60.726036071777344
2017-10-25,60.19574737548828
2017-10-26,60.89060592651367
2017-10-27,61.44832229614258
2017-10-30,60.36032485961914
2017-10-31,60.6986083984375
2017-11-01,59.034629821777344
2017-11-02,59.610626220703125
2017-11-03,59.82090759277344
2017-11-06,60.04032897949219
2017-11-07,60.68946838378906
2017-11-08,60.278045654296875
2017-11-09,60.506614685058594
2017-11-10,59.116920471191406
2017-11-13,60.323753356933594
2017-11-14,60.36032485961914
2017-11-15,60.140899658203125
2017-11-16,60.17747116088867
2017-11-17,60.543190002441406
2017-11-20,60.460899353027344
2017-11-21,61.256309509277344
2017-11-22,61.477230072021484
2017-11-24,61.403594970703125
2017-11-27,60.8973388671875
2017-11-28,61.219505310058594
2017-11-29,60.47393035888672
2017-11-30,60.41870880126953
2017-12-01,60.75006866455078
2017-12-04,61.900634765625
2017-12-05,60.694847106933594
2017-12-06,60.8052978515625
2017-12-07,60.91575241088867
2017-12-08,61.58768081665039
2017-12-11,61.69813919067383
2017-12-12,61.25632858276367
2017-12-13,60.20699691772461
2017-12-14,59.99528503417969
2017-12-15,60.70404052734375
2017-12-18,61.302337646484375
2017-12-19,62.710628509521484
2017-12-20,62.31483840942383
2017-12-21,61.06300735473633
2017-12-22,61.07223129272461
2017-12-26,60.46472930908203
2017-12-27,61.449607849121094
2017-12-28,61.191890716552734
2017-12-29,61.090633392333984
2018-01-02,61.44040298461914
2018-01-03,61.57847595214844
2018-01-04,61.53245544433594
2018-01-05,61.02621078491211
2018-01-08,60.79609680175781
2018-01-09,62.250404357910156
2018-01-10,62.54495620727539
2018-01-11,63.32735061645508
2018-01-12,64.14654541015625
2018-01-16,63.06961441040039
2018-01-17,63.925628662109375
2018-01-18,63.52983474731445
2018-01-19,63.106422424316406
2018-01-22,63.3825798034668
2018-01-23,63.06040954589844
2018-01-24,65.50882720947266
2018-01-25,65.13143157958984
2018-01-26,65.95064544677734
2018-01-29,66.21756744384766
2018-01-30,66.07951354980469
2018-01-31,65.913818359375
2018-02-01,65.45358276367188
2018-02-02,64.38585662841797
2018-02-05,62.6277961730957
2018-02-06,63.75995635986328
2018-02-07,63.62187957763672
2018-02-08,61.449607849121094
2018-02-09,61.734962463378906
2018-02-12,63.299739837646484
2018-02-13,63.28131866455078
2018-02-14,64.35826873779297
2018-02-15,64.06370544433594
2018-02-16,63.97166061401367
2018-02-20,63.925628662109375
2018-02-21,64.04530334472656
2018-02-22,63.1837043762207
2018-02-23,63.702518463134766
2018-02-26,63.591339111328125
2018-02-27,62.525917053222656
2018-02-28,61.98858642578125
2018-03-01,61.12698745727539
2018-03-02,60.1912841796875
2018-03-05,60.395103454589844
2018-03-06,61.28448486328125
2018-03-07,61.154781341552734
2018-03-08,61.82182312011719
2018-03-09,62.507389068603516
2018-03-12,62.40548324584961
2018-03-13,62.600040435791016
2018-03-14,62.034908294677734
2018-03-15,61.82182312011719
2018-03-16,61.98858642578125
2018-03-19,62.65562438964844
2018-03-20,62.85943603515625
2018-03-21,62.12754440307617
2018-03-22,61.33080291748047
2018-03-23,59.67247009277344
2018-03-26,60.960235595703125
2018-03-27,60.89537811279297
2018-03-28,59.88555145263672
2018-03-29,60.75641632080078
2018-04-02,59.867027282714844
2018-04-03,59.746585845947266
2018-04-04,60.20055389404297
2018-04-05,60.69156265258789
2018-04-06,59.76511764526367
2018-04-09,60.08937454223633
2018-04-10,58.45882034301758
2018-04-11,58.9591064453125
2018-04-12,59.061012268066406
2018-04-13,58.31059265136719
2018-04-16,59.36674118041992
2018-04-17,59.45011901855469
2018-04-18,60.46920394897461
2018-04-19,60.274658203125
2018-04-20,61.03434753417969
2018-04-23,61.395652770996094
2018-04-24,60.71935272216797
2018-04-25,61.210365295410156
2018-04-26,59.5798225402832
2018-04-27,59.62614440917969
2018-04-30,58.4217643737793
2018-05-01,59.394535064697266
2018-05-02,58.22720718383789
2018-05-03,58.644107818603516
2018-05-04,58.89425277709961
2018-05-07,58.301326751708984
2018-05-08,58.50514602661133
2018-05-09,59.24630355834961
2018-05-10,59.34820556640625
2018-05-11,59.311153411865234
2018-05-14,60.05231475830078
2018-05-15,60.385826110839844
2018-05-16,60.64523696899414
2018-05-17,60.05231475830078
2018-05-18,60.07083511352539
2018-05-21,60.005985260009766
2018-05-22,60.26539993286133
2018-05-23,59.922611236572266
2018-05-24,59.89459991455078
2018-05-25,59.98796463012695
2018-05-29,58.40073013305664
2018-05-30,58.70884704589844
2018-05-31,58.148643493652344
2018-06-01,58.97960662841797
2018-06-04,59.138328552246094
2018-06-05,56.57075119018555
2018-06-06,57.37370681762695
2018-06-07,57.261661529541016
2018-06-08,56.89753723144531
2018-06-11,57.084266662597656
2018-06-12,58.045936584472656
2018-06-13,59.5958251953125
2018-06-14,59.9412841796875
2018-06-15,60.85627746582031
2018-06-18,60.17469024658203
2018-06-19,59.259700775146484
2018-06-20,58.820884704589844
2018-06-21,58.26068878173828
2018-06-22,59.31571960449219
2018-06-25,54.656734466552734
2018-06-26,55.795806884765625
2018-06-27,54.21791458129883
2018-06-28,53.368282318115234
2018-06-29,53.508331298828125
2018-07-02,53.35894775390625
2018-07-03,52.99481964111328
2018-07-05,53.11619567871094
2018-07-06,53.73240661621094
2018-07-09,54.09653854370117
2018-07-10,54.91816711425781
2018-07-11,54.14322280883789
2018-07-12,54.526023864746094
2018-07-13,54.199241638183594
2018-07-16,54.526023864746094
2018-07-17,54.70342254638672
2018-07-18,55.58106231689453
2018-07-19,54.95550537109375
2018-07-20,54.28327560424805
2018-07-23,54.29261016845703
2018-07-24,53.91914749145508
2018-07-25,53.93781661987305
2018-07-26,53.844451904296875
2018-07-27,54.35796356201172
2018-07-30,54.83413314819336
2018-07-31,55.310302734375
2018-08-01,54.73143005371094
2018-08-02,54.94617462158203
2018-08-03,55.132904052734375
2018-08-06,54.535362243652344
2018-08-07,54.79678726196289
2018-08-08,54.7127571105957
2018-08-09,55.40367126464844
2018-08-10,55.64642333984375
2018-08-13,55.07688903808594
2018-08-14,55.38500213623047
2018-08-15,55.2729606628418
2018-08-16,55.86117172241211
2018-08-17,56.56141662597656
2018-08-20,56.72013473510742
2018-08-21,57.37370681762695
2018-08-22,57.765838623046875
2018-08-23,57.417572021484375
2018-08-24,57.63405990600586
2018-08-27,58.07646179199219
2018-08-28,58.114112854003906
2018-08-29,58.650634765625
2018-08-30,57.9635124206543
2018-08-31,57.8787956237793
2018-09-04,57.6058235168457
2018-09-05,57.37050247192383
2018-09-06,58.114112854003906
2018-09-07,58.415321350097656
2018-09-10,58.349430084228516
2018-09-11,58.2270622253418
2018-09-12,58.85771942138672
2018-09-13,59.017730712890625
2018-09-14,60.19432067871094
2018-09-17,61.01322937011719
2018-09-18,61.81330490112305
2018-09-19,62.32159423828125
2018-09-20,63.008724212646484
2018-09-21,63.2252197265625
2018-09-24,62.8863525390625
2018-09-25,62.688690185546875
2018-09-26,63.04637908935547
2018-09-27,59.99665451049805
2018-09-28,60.02489471435547
2018-10-01,59.81781005859375
2018-10-02,59.41306686401367
2018-10-03,58.942420959472656
2018-10-04,58.067047119140625
2018-10-05,57.022239685058594
2018-10-08,57.50228500366211
2018-10-09,56.965763092041016
2018-10-10,55.59150695800781
2018-10-11,54.45256423950195
2018-10-12,54.819664001464844
2018-10-15,54.3302001953125
2018-10-16,55.61974334716797
2018-10-17,55.5350227355957
2018-10-18,54.160770416259766
2018-10-19,53.86897659301758
2018-10-22,53.16301727294922
2018-10-23,53.86897659301758
2018-10-24,51.53462219238281
2018-10-25,52.57002258300781
2018-10-26,51.08281326293945
2018-10-29,50.894554138183594
2018-10-30,50.960445404052734
2018-10-31,52.748863220214844
2018-11-01,54.35844039916992
2018-11-02,53.7183723449707
2018-11-05,53.52070236206055
2018-11-06,53.88780212402344
2018-11-07,55.22440719604492
2018-11-08,54.70670700073242
2018-11-09,55.1020393371582
2018-11-12,54.377262115478516
2018-11-13,55.44090270996094
2018-11-14,55.76093292236328
2018-11-15,56.335105895996094
2018-11-16,56.43864822387695
2018-11-19,55.582088470458984
2018-11-20,56.36334991455078
2018-11-21,56.98981857299805
2018-11-23,57.66374969482422
2018-11-26,58.28072738647461
2018-11-27,57.473907470703125
2018-11-28,58.79328918457031
2018-11-29,57.64476013183594
2018-11-30,57.22711944580078
2018-12-03,57.976985931396484
2018-12-04,55.33821487426758
2018-12-06,55.90773391723633
2018-12-07,53.84796905517578
2018-12-10,53.487274169921875
2018-12-11,53.22149658203125
2018-12-12,53.648643493652344
2018-12-13,53.715087890625
2018-12-14,53.468292236328125
2018-12-17,53.477787017822266
2018-12-18,53.35438919067383
2018-12-19,52.21535110473633
2018-12-20,47.26054000854492
2018-12-21,45.428592681884766
2018-12-24,43.8624153137207
2018-12-26,45.086875915527344
2018-12-27,45.68487548828125
2018-12-28,46.206932067871094
2018-12-31,46.795433044433594
2019-01-02,47.31748962402344
2019-01-03,44.96348190307617
2019-01-04,47.50733184814453
2019-01-07,48.06735610961914
2019-01-08,49.26335144042969
2019-01-09,49.34877395629883
2019-01-10,49.6335334777832
2019-01-11,49.737945556640625
2019-01-14,49.5481071472168
2019-01-15,50.231529235839844
2019-01-16,50.051177978515625
2019-01-17,50.82003402709961
2019-01-18,52.091957092285156
2019-01-22,51.750240325927734
2019-01-23,51.51294708251953
2019-01-24,52.22484588623047
2019-01-25,52.689945220947266
2019-01-28,53.53473663330078
2019-01-29,53.40184783935547
2019-01-30,54.51240921020508
2019-01-31,54.65479278564453
2019-02-01,54.7781867980957
2019-02-04,55.224308013916016
2019-02-05,55.58500289916992
2019-02-06,55.34770202636719
2019-02-07,54.066287994384766
2019-02-08,53.7530517578125
2019-02-11,53.93339920043945
2019-02-12,53.69609832763672
2019-02-13,54.15171813964844
2019-02-14,54.19917297363281
2019-02-15,54.341552734375
2019-02-19,55.33821487426758
2019-02-20,55.860267639160156
2019-02-21,55.78368377685547
2019-02-22,56.31021499633789
2019-02-25,56.070884704589844
2019-02-26,55.7645378112793
2019-02-27,55.21885681152344
2019-02-28,55.295440673828125
2019-03-01,55.372032165527344
2019-03-04,54.14664840698242
2019-03-05,54.673179626464844
2019-03-06,53.7541389465332
2019-03-07,53.016998291015625
2019-03-08,52.624488830566406
2019-03-11,53.06486511230469
2019-03-12,52.90211486816406
2019-03-13,53.69670104980469
2019-03-14,54.022193908691406
2019-03-15,54.19451141357422
2019-03-18,54.90293502807617
2019-03-19,54.6827507019043
2019-03-20,54.117923736572266
2019-03-21,54.81678009033203
2019-03-22,54.01261901855469
2019-03-25,54.23280715942383
2019-03-26,49.50358963012695
2019-03-27,48.49839401245117
2019-03-28,48.19205093383789
2019-03-29,48.55583572387695
2019-04-01,49.963111877441406
2019-04-02,50.13542938232422
2019-04-03,50.92043685913086
2019-04-04,50.83427810668945
2019-04-05,50.80556106567383
2019-04-08,50.26945877075195
2019-04-09,49.68548583984375
2019-04-10,50.03969955444336
2019-04-11,50.231163024902344
2019-04-12,51.28422546386719
2019-04-15,51.44697570800781
2019-04-16,52.46174240112305
2019-04-17,52.21284103393555
2019-04-18,51.341670989990234
2019-04-22,50.80556106567383
2019-04-23,51.456546783447266
2019-04-24,51.43739700317383
2019-04-25,51.53313446044922
2019-04-26,52.097957611083984
2019-04-29,52.10752868652344
2019-04-30,52.519187927246094
2019-05-01,53.43821716308594
2019-05-02,52.011802673339844
2019-05-03,52.82552719116211
2019-05-06,52.509605407714844
2019-05-07,51.38953399658203
2019-05-08,51.71502685546875
2019-05-09,51.6384391784668
2019-05-10,52.021366119384766
2019-05-13,50.52793502807617
2019-05-14,51.5235595703125
2019-05-15,51.494842529296875
2019-05-16,51.62886428833008
2019-05-17,51.38953399658203
2019-05-20,50.14500427246094
2019-05-21,50.41305923461914
2019-05-22,50.38433837890625
2019-05-23,49.89141082763672
2019-05-24,49.881752014160156
2019-05-28,49.5338020324707
2019-05-29,49.8720817565918
2019-05-30,49.82375717163086
2019-05-31,49.47581100463867
2019-06-03,49.40815734863281
2019-06-04,50.5293083190918
2019-06-05,49.18585968017578
2019-06-06,49.44681930541992
2019-06-07,50.480987548828125
2019-06-10,51.39917755126953
2019-06-11,51.38950729370117
2019-06-12,51.60213851928711
2019-06-13,51.08022689819336
2019-06-14,51.341182708740234
2019-06-17,50.5293083190918
2019-06-18,50.6259651184082
2019-06-19,51.070560455322266
2019-06-20,47.16584396362305
2019-06-21,45.068511962890625
2019-06-24,44.45960998535156
2019-06-25,43.92802810668945
2019-06-26,43.860374450683594
2019-06-27,44.382286071777344
2019-06-28,44.991188049316406
2019-07-01,44.739898681640625
2019-07-02,44.971858978271484
2019-07-03,44.63357925415039
2019-07-05,45.33913803100586
2019-07-08,44.865543365478516
2019-07-09,44.382286071777344
2019-07-10,43.98601531982422
2019-07-11,44.29530334472656
2019-07-12,44.710899353027344
2019-07-15,45.37779998779297
2019-07-16,44.89453887939453
2019-07-17,44.111663818359375
2019-07-18,43.9666862487793
2019-07-19,43.580081939697266
2019-07-22,43.58974838256836
2019-07-23,44.65291213989258
2019-07-24,45.54210662841797
2019-07-25,45.05884552001953
2019-07-26,45.68708419799805
2019-07-29,45.764400482177734
2019-07-30,45.79339599609375
2019-07-31,45.64841842651367
2019-08-01,45.09750747680664
2019-08-02,44.42094802856445
2019-08-05,43.69606018066406
2019-08-06,43.551090240478516
2019-08-07,43.89902877807617
2019-08-08,44.89453887939453
2019-08-09,44.45960998535156
2019-08-12,44.02467727661133
2019-08-13,44.401615142822266
2019-08-14,43.212806701660156
2019-08-15,42.81653594970703
2019-08-16,43.42544174194336
2019-08-19,44.208316802978516
2019-08-20,43.83137512207031
2019-08-21,44.411285400390625
2019-08-22,44.05950927734375
2019-08-23,42.29087448120117
2019-08-26,42.486305236816406
2019-08-27,42.04658889770508
2019-08-28,42.40813446044922
2019-08-29,42.99441909790039
2019-08-30,43.072593688964844
2019-09-03,42.671958923339844
2019-09-04,42.886932373046875
2019-09-05,44.07905197143555
2019-09-06,44.675113677978516
2019-09-09,46.52191925048828
2019-09-10,48.52506637573242
2019-09-11,48.57392501831055
2019-09-12,48.48598098754883
2019-09-13,49.39472198486328
2019-09-16,47.80197525024414
2019-09-17,48.24169158935547
2019-09-18,47.72380828857422
2019-09-19,47.27431869506836
2019-09-20,47.117977142333984
2019-09-23,46.60986328125
2019-09-24,46.53168487548828
2019-09-25,46.96163558959961
2019-09-26,42.94556427001953
2019-09-27,42.58401870727539
2019-09-30,42.71104431152344
2019-10-01,41.5189323425293
2019-10-02,40.492923736572266
2019-10-03,40.06298065185547
2019-10-04,40.19978332519531
2019-10-07,39.97503662109375
2019-10-08,39.21286392211914
2019-10-09,39.60372543334961
2019-10-10,40.01412582397461
2019-10-11,40.60041427612305
2019-10-14,41.07921600341797
2019-10-15,41.5189323425293
2019-10-16,41.42121505737305
2019-10-17,41.470069885253906
2019-10-18,41.812076568603516
2019-10-21,42.1345329284668
2019-10-22,41.57755661010742
2019-10-23,42.99441909790039
2019-10-24,42.89670944213867
2019-10-25,43.5513916015625
2019-10-28,43.17030715942383
2019-10-29,43.150760650634766
2019-10-30,42.22247314453125
2019-10-31,41.909786224365234
2019-11-01,41.96841812133789
2019-11-04,43.19961929321289
2019-11-05,43.83476638793945
2019-11-06,43.355960845947266
2019-11-07,44.020423889160156
2019-11-08,44.020423889160156
2019-11-11,43.65888214111328
2019-11-12,43.46345138549805
2019-11-13,43.05305099487305
2019-11-14,43.42436599731445
2019-11-15,43.82499313354492
2019-11-18,43.67842102050781
2019-11-19,43.47322082519531
2019-11-20,42.671958923339844
2019-11-21,42.5236930847168
2019-11-22,43.17607879638672
2019-11-25,43.98661804199219
2019-11-26,44.16454315185547
2019-11-27,44.69831466674805
2019-11-29,44.55992889404297
2019-12-02,43.97673416137695
2019-12-03,43.03769302368164
2019-12-04,43.37377166748047
2019-12-05,43.69007873535156
2019-12-06,44.25350570678711
2019-12-09,44.8861198425293
2019-12-10,44.797157287597656
2019-12-11,45.26173782348633
2019-12-12,46.35893249511719
2019-12-13,46.902587890625
2019-12-16,46.44789505004883
2019-12-17,46.65547180175781
2019-12-18,46.042625427246094
2019-12-19,46.11181640625
2019-12-20,49.63074493408203
2019-12-23,50.66862869262695
2019-12-24,50.35232162475586
2019-12-26,50.737823486328125
2019-12-27,50.737823486328125
2019-12-30,50.431400299072266
2019-12-31,50.243595123291016
2020-01-02,50.718055725097656
2020-01-03,49.31443405151367
2020-01-06,47.82185745239258
2020-01-07,47.970123291015625
2020-01-08,48.197471618652344
2020-01-09,48.63239669799805
2020-01-10,48.286434173583984
2020-01-13,48.790550231933594
2020-01-14,49.63074493408203
2020-01-15,49.858089447021484
2020-01-16,50.757591247558594
2020-01-17,51.30125045776367
2020-01-21,50.10520553588867
2020-01-22,49.3045539855957
2020-01-23,48.879512786865234
2020-01-24,46.971778869628906
2020-01-27,44.74773406982422
2020-01-28,45.96354675292969
2020-01-29,45.96354675292969
2020-01-30,44.233734130859375
2020-01-31,43.027809143066406
2020-02-03,42.25680923461914
2020-02-04,43.057464599609375
2020-02-05,43.63077163696289
2020-02-06,43.274925231933594
2020-02-07,41.71315383911133
2020-02-10,41.297996520996094
2020-02-11,42.45450210571289
2020-02-12,43.55169677734375
2020-02-13,42.70161819458008
2020-02-14,42.10853576660156
2020-02-18,42.42484664916992
2020-02-19,42.84000015258789
2020-02-20,42.5
2020-02-21,41.689998626708984
2020-02-24,37.7599983215332
2020-02-25,35.84000015258789
2020-02-26,33.13999938964844
2020-02-27,31.850000381469727
2020-02-28,33.459999084472656
2020-03-02,33.060001373291016
2020-03-03,31.829999923706055
2020-03-04,32.459999084472656
2020-03-05,27.8700008392334
2020-03-06,27.149999618530273
2020-03-09,21.739999771118164
2020-03-10,24.020000457763672
2020-03-11,21.75
2020-03-12,14.970000267028809
2020-03-13,17.579999923706055
2020-03-16,14.569999694824219
2020-03-17,12.710000038146973
2020-03-18,9.300000190734863
2020-03-19,10.0
2020-03-20,12.0
2020-03-23,12.0
2020-03-24,13.680000305175781
2020-03-25,15.550000190734863
2020-03-26,17.81999969482422
2020-03-27,14.40999984741211
2020-03-30,12.800000190734863
2020-03-31,13.170000076293945
2020-04-01,8.800000190734863
2020-04-02,7.96999979019165
2020-04-03,8.489999771118164
2020-04-06,10.210000038146973
2020-04-07,11.300000190734863
2020-04-08,11.989999771118164
2020-04-09,12.420000076293945
2020-04-13,11.5
2020-04-14,12.510000228881836
2020-04-15,12.380000114440918
2020-04-16,11.850000381469727
2020-04-17,12.5600004196167
2020-04-20,12.220000267028809
2020-04-21,11.84000015258789
2020-04-22,11.640000343322754
2020-04-23,12.170000076293945
2020-04-24,11.90999984741211
2020-04-27,12.979999542236328
2020-04-28,14.460000038146973
2020-04-29,16.690000534057617
2020-04-30,15.899999618530273
2020-05-01,13.930000305175781
2020-05-04,14.34000015258789
2020-05-05,13.09000015258789
2020-05-06,12.819999694824219
2020-05-07,13.529999732971191
2020-05-08,14.210000038146973
2020-05-11,13.850000381469727
2020-05-12,13.1899995803833
2020-05-13,12.260000228881836
2020-05-14,12.270000457763672
2020-05-15,12.779999732971191
2020-05-18,14.720000267028809
2020-05-19,14.109999656677246
2020-05-20,14.149999618530273
2020-05-21,14.600000381469727
2020-05-22,14.460000038146973
2020-05-26,16.280000686645508
2020-05-27,17.239999771118164
2020-05-28,15.930000305175781
2020-05-29,15.739999771118164
2020-06-01,16.799999237060547
2020-06-02,16.8700008392334
2020-06-03,17.25
2020-06-04,18.479999542236328
2020-06-05,21.510000228881836
2020-06-08,24.90999984741211
2020-06-09,23.040000915527344
2020-06-10,20.59000015258789
2020-06-11,17.440000534057617
2020-06-12,19.979999542236328
2020-06-15,19.440000534057617
2020-06-16,20.420000076293945
2020-06-17,19.09000015258789
2020-06-18,18.81999969482422
2020-06-19,17.829999923706055
2020-06-22,17.229999542236328
2020-06-23,18.0
2020-06-24,16.0
2020-06-25,16.0
2020-06-26,15.779999732971191
2020-06-29,16.780000686645508
2020-06-30,16.420000076293945
2020-07-01,16.360000610351562
2020-07-02,15.880000114440918
2020-07-06,15.609999656677246
2020-07-07,14.569999694824219
2020-07-08,15.319999694824219
2020-07-09,14.579999923706055
2020-07-10,16.15999984741211
2020-07-13,15.279999732971191
2020-07-14,15.039999961853027
2020-07-15,17.479999542236328
2020-07-16,15.779999732971191
2020-07-17,15.470000267028809
2020-07-20,15.0
2020-07-21,15.1899995803833
2020-07-22,15.140000343322754
2020-07-23,14.800000190734863
2020-07-24,14.800000190734863
2020-07-27,13.75
2020-07-28,14.329999923706055
2020-07-29,14.649999618530273
2020-07-30,14.34000015258789
2020-07-31,13.880000114440918
2020-08-03,13.069999694824219
2020-08-04,13.739999771118164
2020-08-05,14.020000457763672
2020-08-06,13.779999732971191
2020-08-07,14.220000267028809
2020-08-10,15.4399995803833
2020-08-11,15.819999694824219
2020-08-12,15.1899995803833
2020-08-13,15.220000267028809
2020-08-14,15.470000267028809
2020-08-17,14.680000305175781
2020-08-18,14.40999984741211
2020-08-19,14.600000381469727
2020-08-20,14.539999961853027
2020-08-21,14.649999618530273
2020-08-24,16.139999389648438
2020-08-25,15.890000343322754
2020-08-26,15.279999732971191
2020-08-27,16.1200008392334
2020-08-28,17.209999084472656
2020-08-31,16.479999542236328
2020-09-01,16.510000228881836
2020-09-02,16.709999084472656
2020-09-03,17.579999923706055
2020-09-04,18.530000686645508
2020-09-08,18.290000915527344
2020-09-09,17.65999984741211
2020-09-10,17.8799991607666
2020-09-11,17.690000534057617
2020-09-14,17.850000381469727
2020-09-15,15.930000305175781
2020-09-16,16.459999084472656
2020-09-17,16.239999771118164
2020-09-18,15.3100004196167
2020-09-21,14.289999961853027
2020-09-22,14.40999984741211
2020-09-23,14.130000114440918
2020-09-24,13.739999771118164
2020-09-25,15.069999694824219
2020-09-28,15.3100004196167
2020-09-29,15.069999694824219
2020-09-30,15.180000305175781
2020-10-01,15.029999732971191
2020-10-02,15.15999984741211
2020-10-05,14.960000038146973
2020-10-06,15.1899995803833
2020-10-07,15.989999771118164
2020-10-08,15.609999656677246
2020-10-09,15.6899995803833
2020-10-12,15.210000038146973
2020-10-13,14.029999732971191
2020-10-14,13.970000267028809
2020-10-15,14.020000457763672
2020-10-16,14.079999923706055
2020-10-19,14.149999618530273
2020-10-20,14.609999656677246
2020-10-21,14.479999542236328
2020-10-22,15.1899995803833
2020-10-23,15.359999656677246
2020-10-26,14.029999732971191
2020-10-27,13.760000228881836
2020-10-28,12.300000190734863
2020-10-29,12.979999542236328
2020-10-30,13.710000038146973
2020-11-02,13.550000190734863
2020-11-03,13.710000038146973
2020-11-04,13.34000015258789
2020-11-05,14.180000305175781
2020-11-06,13.819999694824219
2020-11-09,19.25
2020-11-10,16.729999542236328
2020-11-11,16.209999084472656
2020-11-12,14.930000305175781
2020-11-13,16.010000228881836
2020-11-16,17.56999969482422
2020-11-17,18.049999237060547
2020-11-18,17.59000015258789
2020-11-19,18.190000534057617
2020-11-20,17.3700008392334
2020-11-23,18.18000030517578
2020-11-24,20.229999542236328
2020-11-25,20.649999618530273
2020-11-27,21.579999923706055
2020-11-30,19.979999542236328
2020-12-01,20.149999618530273
2020-12-02,21.15999984741211
2020-12-03,22.8799991607666
2020-12-04,23.450000762939453
2020-12-07,23.200000762939453
2020-12-08,23.56999969482422
2020-12-09,22.690000534057617
2020-12-10,22.31999969482422
2020-12-11,21.31999969482422
2020-12-14,20.93000030517578
2020-12-15,21.530000686645508
2020-12-16,21.760000228881836
2020-12-17,21.6299991607666
2020-12-18,21.459999084472656
2020-12-21,21.059999465942383
2020-12-22,19.809999465942383
2020-12-23,20.940000534057617
2020-12-24,20.84000015258789
2020-12-28,21.709999084472656
2020-12-29,21.43000030517578
2020-12-30,21.790000915527344
2020-12-31,21.65999984741211
2021-01-04,20.3799991607666
2021-01-05,20.600000381469727
2021-01-06,20.399999618530273
2021-01-07,20.739999771118164
2021-01-08,20.469999313354492
2021-01-11,20.139999389648438
2021-01-12,20.1299991607666
2021-01-13,20.100000381469727
2021-01-14,20.920000076293945
2021-01-15,20.790000915527344
2021-01-19,20.8700008392334
2021-01-20,20.780000686645508
2021-01-21,20.739999771118164
2021-01-22,20.219999313354492
2021-01-25,19.219999313354492
2021-01-26,18.719999313354492
2021-01-27,18.979999542236328
2021-01-28,19.739999771118164
2021-01-29,18.670000076293945
2021-02-01,18.799999237060547
2021-02-02,19.450000762939453
2021-02-03,20.440000534057617
2021-02-04,21.049999237060547
2021-02-05,21.309999465942383
2021-02-08,21.610000610351562
2021-02-09,21.049999237060547
2021-02-10,20.93000030517578
2021-02-11,20.719999313354492
2021-02-12,20.600000381469727
2021-02-16,22.469999313354492
2021-02-17,23.200000762939453
2021-02-18,22.889999389648438
2021-02-19,24.59000015258789
2021-02-22,25.969999313354492
2021-02-23,26.459999084472656
2021-02-24,27.010000228881836
2021-02-25,25.469999313354492
2021-02-26,26.75
2021-03-01,26.309999465942383
2021-03-02,27.59000015258789
2021-03-03,28.670000076293945
2021-03-04,27.399999618530273
2021-03-05,26.09000015258789
2021-03-08,26.690000534057617
2021-03-09,27.579999923706055
2021-03-10,26.700000762939453
2021-03-11,27.469999313354492
2021-03-12,28.459999084472656
2021-03-15,29.790000915527344
2021-03-16,28.25
2021-03-17,28.93000030517578
2021-03-18,28.270000457763672
2021-03-19,28.959999084472656
2021-03-22,27.479999542236328
2021-03-23,25.329999923706055
2021-03-24,24.850000381469727
2021-03-25,25.850000381469727
2021-03-26,26.059999465942383
2021-03-29,25.6299991607666
2021-03-30,26.649999618530273
2021-03-31,26.540000915527344
2021-04-01,26.860000610351562
2021-04-05,28.110000610351562
2021-04-06,28.600000381469727
2021-04-07,29.0
2021-04-08,28.559999465942383
2021-04-09,29.299999237060547
2021-04-12,27.75
2021-04-13,27.81999969482422
2021-04-14,27.940000534057617
2021-04-15,27.31999969482422
2021-04-16,27.030000686645508
2021-04-19,26.889999389648438
2021-04-20,25.719999313354492
2021-04-21,27.329999923706055
2021-04-22,26.90999984741211
2021-04-23,27.270000457763672
2021-04-26,27.549999237060547
2021-04-27,27.809999465942383
2021-04-28,27.799999237060547
2021-04-29,27.209999084472656
2021-04-30,27.959999084472656
2021-05-03,27.93000030517578
2021-05-04,26.68000030517578
2021-05-05,26.520000457763672
2021-05-06,25.950000762939453
2021-05-07,26.760000228881836
2021-05-10,26.270000457763672
2021-05-11,25.8799991607666
2021-05-12,24.780000686645508
2021-05-13,25.1200008392334
2021-05-14,27.200000762939453
2021-05-17,27.520000457763672
2021-05-18,28.0
2021-05-19,27.68000030517578
2021-05-20,27.530000686645508
2021-05-21,27.170000076293945
2021-05-24,27.899999618530273
2021-05-25,28.579999923706055
2021-05-26,29.3700008392334
2021-05-27,30.0
2021-05-28,29.559999465942383
2021-06-01,30.149999618530273
2021-06-02,31.309999465942383
2021-06-03,30.670000076293945
2021-06-04,30.540000915527344
2021-06-07,30.889999389648438
2021-06-08,31.079999923706055
2021-06-09,30.450000762939453
2021-06-10,29.829999923706055
2021-06-11,29.93000030517578
2021-06-14,28.75
2021-06-15,28.610000610351562
2021-06-16,29.280000686645508
2021-06-17,28.420000076293945
2021-06-18,28.18000030517578
2021-06-21,28.670000076293945
2021-06-22,28.059999465942383
2021-06-23,28.149999618530273
2021-06-24,27.459999084472656
2021-06-25,28.1299991607666
2021-06-28,26.149999618530273
2021-06-29,25.780000686645508
2021-06-30,26.360000610351562
2021-07-01,26.360000610351562
2021-07-02,26.059999465942383
2021-07-06,25.020000457763672
2021-07-07,24.079999923706055
2021-07-08,23.719999313354492
2021-07-09,24.260000228881836
2021-07-12,23.860000610351562
2021-07-13,22.850000381469727
2021-07-14,22.579999923706055
2021-07-15,21.950000762939453
2021-07-16,20.920000076293945
2021-07-19,19.719999313354492
2021-07-20,21.190000534057617
2021-07-21,23.190000534057617
2021-07-22,22.709999084472656
2021-07-23,21.959999084472656
2021-07-26,23.15999984741211
2021-07-27,22.799999237060547
2021-07-28,22.81999969482422
2021-07-29,22.709999084472656
2021-07-30,21.649999618530273
2021-08-02,21.459999084472656
2021-08-03,21.43000030517578
2021-08-04,21.040000915527344
2021-08-05,22.549999237060547
2021-08-06,23.079999923706055
2021-08-09,22.709999084472656
2021-08-10,23.649999618530273
2021-08-11,23.989999771118164
2021-08-12,23.360000610351562
2021-08-13,22.860000610351562
2021-08-16,22.790000915527344
2021-08-17,22.040000915527344
2021-08-18,22.479999542236328
2021-08-19,21.65999984741211
2021-08-20,21.959999084472656
2021-08-23,22.829999923706055
2021-08-24,23.84000015258789
2021-08-25,24.110000610351562
2021-08-26,23.469999313354492
2021-08-27,24.350000381469727
2021-08-30,23.6299991607666
2021-08-31,24.139999389648438
2021-09-01,23.510000228881836
2021-09-02,24.020000457763672
2021-09-03,22.959999084472656
2021-09-07,23.559999465942383
2021-09-08,22.780000686645508
2021-09-09,23.280000686645508
2021-09-10,22.75
2021-09-13,23.309999465942383
2021-09-14,22.860000610351562
2021-09-15,23.170000076293945
2021-09-16,23.09000015258789
2021-09-17,23.549999237060547
2021-09-20,23.239999771118164
2021-09-21,22.959999084472656
2021-09-22,23.610000610351562
2021-09-23,24.690000534057617
2021-09-24,25.440000534057617
2021-09-27,26.3799991607666
2021-09-28,26.170000076293945
2021-09-29,25.520000457763672
2021-09-30,25.010000228881836
2021-10-01,26.09000015258789
2021-10-04,25.34000015258789
2021-10-05,25.420000076293945
2021-10-06,24.899999618530273
2021-10-07,24.489999771118164
2021-10-08,23.829999923706055
2021-10-11,23.8799991607666
2021-10-12,24.329999923706055
2021-10-13,23.649999618530273
2021-10-14,23.729999542236328
2021-10-15,23.670000076293945
2021-10-18,23.1299991607666
2021-10-19,22.34000015258789
2021-10-20,22.440000534057617
2021-10-21,22.329999923706055
2021-10-22,22.290000915527344
2021-10-25,22.049999237060547
2021-10-26,21.81999969482422
2021-10-27,21.639999389648438
2021-10-28,21.969999313354492
2021-10-29,22.15999984741211
2021-11-01,23.06999969482422
2021-11-02,22.90999984741211
2021-11-03,23.170000076293945
2021-11-04,22.8799991607666
2021-11-05,24.790000915527344
2021-11-08,24.59000015258789
2021-11-09,24.170000076293945
2021-11-10,23.489999771118164
2021-11-11,23.020000457763672
2021-11-12,22.360000610351562
2021-11-15,22.299999237060547
2021-11-16,21.59000015258789
2021-11-17,21.329999923706055
2021-11-18,20.950000762939453
2021-11-19,20.489999771118164
2021-11-22,20.329999923706055
2021-11-23,20.149999618530273
2021-11-24,20.15999984741211
2021-11-26,17.950000762939453
2021-11-29,18.15999984741211
2021-11-30,17.6200008392334
2021-12-01,16.3799991607666
2021-12-02,17.889999389648438
2021-12-03,17.200000762939453
2021-12-06,18.59000015258789
2021-12-07,18.5
2021-12-08,19.520000457763672
2021-12-09,19.190000534057617
2021-12-10,19.280000686645508
2021-12-13,18.34000015258789
2021-12-14,18.149999618530273
2021-12-15,17.889999389648438
2021-12-16,17.56999969482422
2021-12-17,18.280000686645508
2021-12-20,18.899999618530273
2021-12-21,20.540000915527344
2021-12-22,21.25
2021-12-23,21.200000762939453
2021-12-27,20.950000762939453
2021-12-28,20.899999618530273
2021-12-29,20.790000915527344
2021-12-30,20.530000686645508
2021-12-31,20.1200008392334
2022-01-03,21.40999984741211
2022-01-04,21.729999542236328
2022-01-05,21.170000076293945
2022-01-06,21.06999969482422
2022-01-07,21.899999618530273
2022-01-10,21.399999618530273
2022-01-11,21.979999542236328
2022-01-12,22.309999465942383
2022-01-13,22.899999618530273
2022-01-14,22.950000762939453
2022-01-18,21.979999542236328
2022-01-19,21.219999313354492
2022-01-20,20.799999237060547
2022-01-21,19.989999771118164
2022-01-24,19.739999771118164
2022-01-25,20.200000762939453
2022-01-26,20.290000915527344
2022-01-27,19.110000610351562
2022-01-28,18.969999313354492
2022-01-31,19.809999465942383
2022-02-01,20.93000030517578
2022-02-02,20.850000381469727
2022-02-03,20.34000015258789
2022-02-04,19.959999084472656
2022-02-07,21.520000457763672
2022-02-08,22.549999237060547
2022-02-09,23.190000534057617
2022-02-10,23.1200008392334
2022-02-11,22.040000915527344
2022-02-14,21.360000610351562
2022-02-15,22.780000686645508
2022-02-16,23.309999465942383
2022-02-17,22.420000076293945
2022-02-18,22.170000076293945
2022-02-22,21.510000228881836
2022-02-23,20.209999084472656
2022-02-24,20.6299991607666
2022-02-25,21.100000381469727
2022-02-28,20.329999923706055
2022-03-01,18.860000610351562
2022-03-02,19.020000457763672
2022-03-03,18.270000457763672
2022-03-04,17.229999542236328
2022-03-07,15.529999732971191
2022-03-08,15.880000114440918
2022-03-09,17.270000457763672
2022-03-10,17.649999618530273
2022-03-11,17.209999084472656
2022-03-14,17.1200008392334
2022-03-15,18.040000915527344
2022-03-16,19.329999923706055
2022-03-17,19.149999618530273
2022-03-18,19.459999084472656
2022-03-21,18.950000762939453
2022-03-22,18.93000030517578
2022-03-23,18.299999237060547
2022-03-24,18.489999771118164
2022-03-25,18.389999389648438
2022-03-28,19.399999618530273
2022-03-29,19.93000030517578
2022-03-30,19.600000381469727
2022-03-31,20.219999313354492
2022-04-01,20.049999237060547
2022-04-04,19.739999771118164
2022-04-05,20.219999313354492
2022-04-06,18.93000030517578
2022-04-07,18.739999771118164
2022-04-08,18.34000015258789
2022-04-11,18.540000915527344
2022-04-12,18.510000228881836
2022-04-13,19.510000228881836
2022-04-14,19.559999465942383
2022-04-18,19.040000915527344
2022-04-19,19.90999984741211
2022-04-20,19.6200008392334
2022-04-21,19.510000228881836
2022-04-22,18.84000015258789
2022-04-25,18.8799991607666
2022-04-26,17.5
2022-04-27,17.40999984741211
2022-04-28,17.829999923706055
2022-04-29,17.299999237060547
2022-05-02,17.350000381469727
2022-05-03,17.489999771118164
2022-05-04,17.729999542236328
2022-05-05,16.540000915527344
2022-05-06,15.920000076293945
2022-05-09,14.140000343322754
2022-05-10,14.1899995803833
2022-05-11,13.550000190734863
2022-05-12,13.260000228881836
2022-05-13,14.279999732971191
2022-05-16,14.09000015258789
2022-05-17,14.869999885559082
2022-05-18,13.84000015258789
2022-05-19,13.579999923706055
2022-05-20,13.130000114440918
2022-05-23,13.109999656677246
2022-05-24,11.760000228881836
2022-05-25,12.180000305175781
2022-05-26,13.210000038146973
2022-05-27,13.970000267028809
2022-05-31,13.880000114440918
2022-06-01,13.470000267028809
2022-06-02,14.0600004196167
2022-06-03,13.510000228881836
2022-06-06,13.609999656677246
2022-06-07,13.779999732971191
2022-06-08,12.930000305175781
2022-06-09,11.729999542236328
2022-06-10,11.050000190734863
2022-06-13,9.90999984741211
2022-06-14,9.520000457763672
2022-06-15,9.84000015258789
2022-06-16,8.75
2022-06-17,9.600000381469727
2022-06-21,9.569999694824219
2022-06-22,9.619999885559082
2022-06-23,9.649999618530273
2022-06-24,10.850000381469727
2022-06-27,10.550000190734863
2022-06-28,10.329999923706055
2022-06-29,8.869999885559082
2022-06-30,8.649999618530273
2022-07-01,8.819999694824219
2022-07-05,9.380000114440918
2022-07-06,8.739999771118164
2022-07-07,9.329999923706055
2022-07-08,9.010000228881836
2022-07-11,8.489999771118164
2022-07-12,9.130000114440918
2022-07-13,9.0
2022-07-14,8.710000038146973
2022-07-15,9.180000305175781
2022-07-18,9.649999618530273
2022-07-19,10.359999656677246
2022-07-20,11.09000015258789
2022-07-21,9.850000381469727
2022-07-22,9.260000228881836
2022-07-25,9.180000305175781
2022-07-26,8.5
2022-07-27,8.850000381469727
2022-07-28,9.100000381469727
2022-07-29,9.0600004196167
2022-08-01,8.920000076293945
2022-08-02,9.350000381469727
2022-08-03,9.789999961853027
2022-08-04,9.75
2022-08-05,9.819999694824219
2022-08-08,10.010000228881836
2022-08-09,9.470000267028809
2022-08-10,10.34000015258789
2022-08-11,10.539999961853027
2022-08-12,10.720000267028809
2022-08-15,10.710000038146973
2022-08-16,11.1899995803833
2022-08-17,10.5600004196167
2022-08-18,10.449999809265137
2022-08-19,9.869999885559082
2022-08-22,9.390000343322754
2022-08-23,9.539999961853027
2022-08-24,10.050000190734863
2022-08-25,10.539999961853027
2022-08-26,9.970000267028809
2022-08-29,9.829999923706055
2022-08-30,9.770000457763672
2022-08-31,9.460000038146973
2022-09-01,9.350000381469727
2022-09-02,9.369999885559082
2022-09-06,9.4399995803833
2022-09-07,9.819999694824219
2022-09-08,10.079999923706055
2022-09-09,10.399999618530273
2022-09-12,10.600000381469727
2022-09-13,10.239999771118164
2022-09-14,10.569999694824219
2022-09-15,10.920000076293945
2022-09-16,10.760000228881836
2022-09-19,10.779999732971191
2022-09-20,10.420000076293945
2022-09-21,9.710000038146973
2022-09-22,9.640000343322754
2022-09-23,8.949999809265137
2022-09-26,8.899999618530273
2022-09-27,9.220000267028809
2022-09-28,9.829999923706055
2022-09-29,9.15999984741211
2022-09-30,7.03000020980835
2022-10-03,6.849999904632568
2022-10-04,7.760000228881836
2022-10-05,7.429999828338623
2022-10-06,6.980000019073486
2022-10-07,6.760000228881836
2022-10-10,6.380000114440918
2022-10-11,6.639999866485596
2022-10-12,7.309999942779541
2022-10-13,7.099999904632568
2022-10-14,7.130000114440918
2022-10-17,7.269999980926514
2022-10-18,8.079999923706055
2022-10-19,7.679999828338623
2022-10-20,8.0
2022-10-21,8.199999809265137
2022-10-24,8.220000267028809
2022-10-25,8.619999885559082
2022-10-26,8.670000076293945
2022-10-27,8.649999618530273
2022-10-28,8.9399995803833
2022-10-31,9.0600004196167
2022-11-01,9.050000190734863
2022-11-02,8.6899995803833
2022-11-03,8.829999923706055
2022-11-04,9.0
2022-11-07,8.760000228881836
2022-11-08,9.100000381469727
2022-11-09,8.5600004196167
2022-11-10,9.779999732971191
2022-11-11,10.350000381469727
2022-11-14,10.600000381469727
2022-11-15,11.15999984741211
2022-11-16,9.630000114440918
2022-11-17,9.510000228881836
2022-11-18,9.470000267028809
2022-11-21,9.319999694824219
2022-11-22,9.470000267028809
2022-11-23,9.729999542236328
2022-11-25,9.729999542236328
2022-11-28,9.319999694824219
2022-11-29,9.75
2022-11-30,9.930000305175781
2022-12-01,9.970000267028809
2022-12-02,10.0
2022-12-05,9.680000305175781
2022-12-06,9.300000190734863
2022-12-07,8.890000343322754
2022-12-08,9.029999732971191
2022-12-09,8.869999885559082
2022-12-12,9.010000228881836
2022-12-13,8.90999984741211
2022-12-14,8.930000305175781
2022-12-15,8.630000114440918
2022-12-16,8.449999809265137
2022-12-19,8.09000015258789
2022-12-20,8.100000381469727
2022-12-21,8.479999542236328
2022-12-22,7.880000114440918
2022-12-23,7.809999942779541
2022-12-27,7.670000076293945
2022-12-28,7.670000076293945
2022-12-29,8.079999923706055
2022-12-30,8.0600004196167
2023-01-03,7.96999979019165
2023-01-04,8.739999771118164
2023-01-05,8.949999809265137
2023-01-06,9.199999809265137
2023-01-09,9.470000267028809
2023-01-10,9.680000305175781
2023-01-11,9.859999656677246
2023-01-12,10.279999732971191
2023-01-13,10.510000228881836
2023-01-17,10.880000114440918
2023-01-18,10.430000305175781
2023-01-19,10.119999885559082
2023-01-20,10.470000267028809
2023-01-23,10.720000267028809
2023-01-24,10.680000305175781
2023-01-25,10.880000114440918
2023-01-26,10.630000114440918
2023-01-27,11.020000457763672
2023-01-30,10.640000343322754
2023-01-31,10.819999694824219
2023-02-01,11.34000015258789
2023-02-02,12.039999961853027
2023-02-03,11.800000190734863
2023-02-06,11.869999885559082
2023-02-07,12.1899995803833
2023-02-08,11.869999885559082
2023-02-09,11.529999732971191
2023-02-10,11.15999984741211
2023-02-13,11.640000343322754
2023-02-14,11.880000114440918
2023-02-15,12.1899995803833
2023-02-16,11.600000381469727
2023-02-17,11.289999961853027
2023-02-21,11.130000114440918
2023-02-22,11.039999961853027
2023-02-23,10.890000343322754
2023-02-24,10.59000015258789
2023-02-27,10.829999923706055
2023-02-28,10.619999885559082
2023-03-01,10.59000015258789
2023-03-02,10.760000228881836
2023-03-03,11.109999656677246
2023-03-06,11.069999694824219
2023-03-07,10.869999885559082
2023-03-08,10.529999732971191
2023-03-09,9.989999771118164
2023-03-10,9.6899995803833
2023-03-13,9.239999771118164
2023-03-14,9.069999694824219
2023-03-15,8.729999542236328
2023-03-16,9.029999732971191
2023-03-17,8.550000190734863
2023-03-20,8.609999656677246
2023-03-21,9.119999885559082
2023-03-22,8.989999771118164
2023-03-23,9.220000267028809
2023-03-24,9.229999542236328
2023-03-27,8.789999961853027
2023-03-28,9.329999923706055
2023-03-29,9.890000343322754
2023-03-30,10.15999984741211
2023-03-31,10.149999618530273
2023-04-03,9.970000267028809
2023-04-04,9.850000381469727
2023-04-05,9.65999984741211
2023-04-06,9.729999542236328
2023-04-10,9.869999885559082
2023-04-11,10.039999961853027
2023-04-12,9.619999885559082
2023-04-13,9.770000457763672
2023-04-14,9.600000381469727
2023-04-17,9.75
2023-04-18,9.84000015258789
2023-04-19,9.800000190734863
2023-04-20,9.329999923706055
2023-04-21,9.380000114440918
2023-04-24,9.279999732971191
2023-04-25,8.960000038146973
2023-04-26,8.760000228881836
2023-04-27,8.899999618530273
2023-04-28,9.210000038146973
2023-05-01,9.489999771118164
2023-05-02,9.449999809265137
2023-05-03,9.430000305175781
2023-05-04,9.390000343322754
2023-05-05,10.010000228881836
2023-05-08,10.609999656677246
2023-05-09,10.649999618530273
2023-05-10,10.489999771118164
2023-05-11,10.239999771118164
2023-05-12,9.829999923706055
2023-05-15,10.3100004196167
2023-05-16,10.359999656677246
2023-05-17,11.039999961853027
2023-05-18,11.279999732971191
2023-05-19,10.9399995803833
2023-05-22,11.220000267028809
2023-05-23,11.039999961853027
2023-05-24,10.670000076293945
2023-05-25,11.0
2023-05-26,11.279999732971191
2023-05-30,11.380000114440918
2023-05-31,11.229999542236328
2023-06-01,11.850000381469727
2023-06-02,12.180000305175781
2023-06-05,12.300000190734863
2023-06-06,12.770000457763672
2023-06-07,13.029999732971191
2023-06-08,12.75
2023-06-09,13.09000015258789
2023-06-12,14.720000267028809
2023-06-13,15.34000015258789
2023-06-14,15.600000381469727
2023-06-15,16.1200008392334
2023-06-16,15.800000190734863
2023-06-20,15.899999618530273
2023-06-21,15.890000343322754
2023-06-22,15.760000228881836
2023-06-23,15.800000190734863
2023-06-26,14.600000381469727
2023-06-27,15.890000343322754
2023-06-28,17.290000915527344
2023-06-29,17.15999984741211
2023-06-30,18.829999923706055
2023-07-03,18.959999084472656
2023-07-05,19.209999084472656
2023-07-06,18.860000610351562
2023-07-07,19.040000915527344
2023-07-10,19.299999237060547
2023-07-11,18.899999618530273
2023-07-12,18.219999313354492
2023-07-13,17.75
2023-07-14,17.229999542236328
2023-07-17,17.709999084472656
2023-07-18,18.25
2023-07-19,18.149999618530273
2023-07-20,17.649999618530273
2023-07-21,17.8799991607666
2023-07-24,17.850000381469727
2023-07-25,17.450000762939453
2023-07-26,17.649999618530273
2023-07-27,18.219999313354492
2023-07-28,18.489999771118164
2023-07-31,18.84000015258789
2023-08-01,17.989999771118164
2023-08-02,17.719999313354492
2023-08-03,17.559999465942383
2023-08-04,17.15999984741211
2023-08-07,18.040000915527344
2023-08-08,17.920000076293945
2023-08-09,17.270000457763672
2023-08-10,17.360000610351562
2023-08-11,16.790000915527344
2023-08-14,16.829999923706055
2023-08-15,16.610000610351562
2023-08-16,16.18000030517578
2023-08-17,15.800000190734863
2023-08-18,15.59000015258789
2023-08-21,15.710000038146973
2023-08-22,15.65999984741211
2023-08-23,16.25
2023-08-24,15.710000038146973
2023-08-25,15.899999618530273
2023-08-28,15.710000038146973
2023-08-29,16.040000915527344
2023-08-30,15.869999885559082
2023-08-31,15.819999694824219
2023-09-01,15.729999542236328
2023-09-05,15.369999885559082
2023-09-06,15.430000305175781
2023-09-07,15.300000190734863
2023-09-08,15.300000190734863
2023-09-11,15.479999542236328
2023-09-12,15.460000038146973
2023-09-13,15.020000457763672
2023-09-14,15.630000114440918
2023-09-15,15.1899995803833
2023-09-18,15.039999961853027
2023-09-19,15.09000015258789
2023-09-20,14.649999618530273
2023-09-21,14.449999809265137
2023-09-22,14.050000190734863
2023-09-25,13.899999618530273
2023-09-26,13.760000228881836
2023-09-27,13.979999542236328
2023-09-28,14.4399995803833
2023-09-29,13.720000267028809
2023-10-02,13.640000343322754
2023-10-03,12.739999771118164
2023-10-04,13.09000015258789
2023-10-05,13.300000190734863
2023-10-06,13.260000228881836
2023-10-09,12.6899995803833
2023-10-10,12.899999618530273
2023-10-11,12.649999618530273
2023-10-12,12.600000381469727
2023-10-13,12.260000228881836
2023-10-16,12.359999656677246
2023-10-17,12.5
2023-10-18,11.6899995803833
2023-10-19,11.390000343322754
2023-10-20,11.029999732971191
2023-10-23,11.380000114440918
2023-10-24,11.449999809265137
2023-10-25,11.270000457763672
2023-10-26,11.369999885559082
2023-10-27,11.130000114440918
2023-10-30,11.399999618530273
2023-10-31,11.460000038146973
2023-11-01,11.300000190734863
2023-11-02,11.899999618530273
2023-11-03,12.550000190734863
2023-11-06,12.260000228881836
2023-11-07,12.5600004196167
2023-11-08,12.789999961853027
2023-11-09,12.3100004196167
2023-11-10,12.760000228881836
2023-11-13,12.779999732971191
2023-11-14,13.890000343322754
2023-11-15,14.569999694824219
2023-11-16,14.8100004196167
2023-11-17,14.789999961853027
2023-11-20,14.569999694824219
2023-11-21,14.199999809265137
2023-11-22,14.470000267028809
2023-11-24,14.40999984741211
2023-11-27,14.619999885559082
2023-11-28,14.630000114440918
2023-11-29,14.90999984741211
2023-11-30,15.0600004196167
2023-12-01,15.760000228881836
2023-12-04,16.350000381469727
2023-12-05,16.5
2023-12-06,17.479999542236328
2023-12-07,17.93000030517578
2023-12-08,18.110000610351562
2023-12-11,17.6299991607666
2023-12-12,17.81999969482422
2023-12-13,18.270000457763672
2023-12-14,18.780000686645508
2023-12-15,18.610000610351562
2023-12-18,18.360000610351562
2023-12-19,18.709999084472656
2023-12-20,18.06999969482422
2023-12-21,19.190000534057617
2023-12-22,18.93000030517578
2023-12-26,18.610000610351562
2023-12-27,18.540000915527344
2023-12-28,18.670000076293945
2023-12-29,18.540000915527344
2024-01-02,17.290000915527344
2024-01-03,16.350000381469727
2024-01-04,16.850000381469727
2024-01-05,17.329999923706055
2024-01-08,17.350000381469727
2024-01-09,17.3799991607666
2024-01-10,17.780000686645508
2024-01-11,17.530000686645508
2024-01-12,16.959999084472656
2024-01-16,17.030000686645508
2024-01-17,16.860000610351562
2024-01-18,17.280000686645508
2024-01-19,17.329999923706055
2024-01-22,16.639999389648438
2024-01-23,16.25
2024-01-24,16.079999923706055
2024-01-25,16.469999313354492
2024-01-26,15.829999923706055
2024-01-29,16.549999237060547
2024-01-30,16.469999313354492
2024-01-31,16.579999923706055
2024-02-01,16.799999237060547
2024-02-02,16.440000534057617
2024-02-05,15.829999923706055
2024-02-06,15.970000267028809
2024-02-07,15.720000267028809
2024-02-08,15.6899995803833
2024-02-09,15.3100004196167
2024-02-12,15.489999771118164
2024-02-13,15.119999885559082
2024-02-14,15.270000457763672
2024-02-15,15.220000267028809
2024-02-16,14.800000190734863
2024-02-20,14.760000228881836
2024-02-21,14.710000038146973
2024-02-22,15.210000038146973
2024-02-23,15.229999542236328
2024-02-26,14.779999732971191
2024-02-27,15.90999984741211
2024-02-28,15.470000267028809
2024-02-29,15.859999656677246
2024-03-01,16.0
2024-03-04,16.06999969482422
2024-03-05,15.890000343322754
2024-03-06,16.010000228881836
2024-03-07,15.65999984741211
2024-03-08,16.3700008392334
2024-03-11,16.229999542236328
2024-03-12,16.239999771118164
2024-03-13,16.649999618530273
2024-03-14,16.200000762939453
2024-03-15,16.260000228881836
2024-03-18,16.190000534057617
2024-03-19,16.079999923706055
2024-03-20,16.850000381469727
2024-03-21,17.020000457763672
2024-03-22,17.079999923706055
2024-03-25,17.110000610351562
2024-03-26,17.030000686645508
2024-03-27,17.190000534057617
2024-03-28,16.34000015258789
2024-04-01,16.260000228881836
2024-04-02,15.479999542236328
2024-04-03,15.34000015258789
2024-04-04,15.0600004196167
2024-04-05,15.119999885559082
2024-04-08,15.65999984741211
2024-04-09,15.5
2024-04-10,14.949999809265137
2024-04-11,14.970000267028809
2024-04-12,14.359999656677246
2024-04-15,14.0600004196167
2024-04-16,13.899999618530273
2024-04-17,14.119999885559082
2024-04-18,14.180000305175781
2024-04-19,14.119999885559082
2024-04-22,14.279999732971191
2024-04-23,14.789999961853027
2024-04-24,15.010000228881836
2024-04-25,15.180000305175781
2024-04-26,15.079999923706055
2024-04-29,15.130000114440918
2024-04-30,14.819999694824219
2024-05-01,14.470000267028809
2024-05-02,14.460000038146973
2024-05-03,14.4399995803833
2024-05-06,14.600000381469727
2024-05-07,14.119999885559082
2024-05-08,14.300000190734863
2024-05-09,14.5600004196167
2024-05-10,14.430000305175781
2024-05-13,14.5600004196167
2024-05-14,14.520000457763672
2024-05-15,14.859999656677246
2024-05-16,14.899999618530273
2024-05-17,15.0
2024-05-20,16.09000015258789
2024-05-21,16.200000762939453
2024-05-22,15.649999618530273
2024-05-23,14.779999732971191
2024-05-24,15.130000114440918
2024-05-28,15.649999618530273
2024-05-29,15.220000267028809
2024-05-30,15.199999809265137
2024-05-31,15.079999923706055
2024-06-03,16.010000228881836
2024-06-04,16.940000534057617
2024-06-05,16.950000762939453
2024-06-06,16.6200008392334
2024-06-07,16.700000762939453
2024-06-10,16.530000686645508
2024-06-11,16.34000015258789
2024-06-12,16.739999771118164
2024-06-13,16.510000228881836
2024-06-14,15.34000015258789
2024-06-17,15.6899995803833
2024-06-18,15.949999809265137
2024-06-20,16.059999465942383
2024-06-21,16.06999969482422
2024-06-24,16.389999389648438
2024-06-25,17.81999969482422
2024-06-26,18.3700008392334
2024-06-27,18.610000610351562
2024-06-28,18.719999313354492
2024-07-01,17.709999084472656
2024-07-02,17.559999465942383
2024-07-03,17.450000762939453
2024-07-05,17.209999084472656
2024-07-08,17.559999465942383
2024-07-09,17.899999618530273
2024-07-10,17.739999771118164
2024-07-11,18.1200008392334
2024-07-12,18.229999542236328
2024-07-15,18.31999969482422
2024-07-16,19.18000030517578
2024-07-17,18.399999618530273
2024-07-18,18.25
2024-07-19,18.43000030517578
2024-07-22,18.420000076293945
2024-07-23,19.06999969482422
2024-07-24,18.190000534057617
2024-07-25,17.100000381469727
2024-07-26,17.270000457763672
2024-07-29,17.25
2024-07-30,17.1200008392334
2024-07-31,16.65999984741211
2024-08-01,15.760000228881836
2024-08-02,14.800000190734863
2024-08-05,14.399999618530273
2024-08-06,14.539999961853027
2024-08-07,14.010000228881836
2024-08-08,14.489999771118164
2024-08-09,14.770000457763672
2024-08-12,14.600000381469727
2024-08-13,14.869999885559082
2024-08-14,14.760000228881836
2024-08-15,15.739999771118164
2024-08-16,15.460000038146973
2024-08-19,15.600000381469727
2024-08-20,15.319999694824219
2024-08-21,15.489999771118164
2024-08-22,15.449999809265137
2024-08-23,16.610000610351562
2024-08-26,16.600000381469727
2024-08-27,17.040000915527344
2024-08-28,16.6299991607666
2024-08-29,16.540000915527344
2024-08-30,16.5
2024-09-03,16.34000015258789
2024-09-04,16.149999618530273
2024-09-05,16.149999618530273
2024-09-06,15.670000076293945
2024-09-09,16.030000686645508
2024-09-10,16.139999389648438
2024-09-11,16.540000915527344
2024-09-12,16.920000076293945
2024-09-13,17.260000228881836
2024-09-16,17.829999923706055
2024-09-17,18.030000686645508
2024-09-18,18.360000610351562
2024-09-19,18.760000228881836
2024-09-20,19.0
2024-09-23,18.969999313354492
2024-09-24,18.729999542236328
2024-09-25,18.040000915527344
2024-09-26,18.68000030517578
2024-09-27,18.540000915527344
2024-09-30,18.479999542236328
2024-10-01,18.020000457763672
2024-10-02,17.709999084472656
2024-10-03,17.34000015258789
2024-10-04,18.020000457763672
2024-10-07,18.010000228881836
2024-10-08,18.8700008392334
2024-10-09,20.200000762939453
2024-10-10,20.389999389648438
2024-10-11,20.43000030517578
2024-10-14,20.209999084472656
2024-10-15,21.549999237060547
2024-10-16,21.399999618530273
2024-10-17,21.40999984741211
2024-10-18,21.31999969482422
2024-10-21,21.280000686645508
2024-10-22,21.450000762939453
2024-10-23,21.0
2024-10-24,20.90999984741211
2024-10-25,20.90999984741211
2024-10-28,21.920000076293945
2024-10-29,22.100000381469727
2024-10-30,22.15999984741211
2024-10-31,22.0
2024-11-01,21.899999618530273
2024-11-04,21.90999984741211
2024-11-05,22.450000762939453
2024-11-06,24.229999542236328
2024-11-07,23.68000030517578
2024-11-08,24.06999969482422
2024-11-11,24.600000381469727
2024-11-12,24.59000015258789
2024-11-13,24.549999237060547
2024-11-14,24.309999465942383
2024-11-15,24.309999465942383
2024-11-18,24.510000228881836
2024-11-19,25.1299991607666
2024-11-20,25.079999923706055
2024-11-21,25.350000381469727
2024-11-22,24.899999618530273
2024-11-25,25.190000534057617
2024-11-26,25.34000015258789
2024-11-27,25.139999389648438
2024-11-29,25.43000030517578
2024-12-02,25.989999771118164
2024-12-03,26.110000610351562
2024-12-04,26.780000686645508
2024-12-05,26.450000762939453
2024-12-06,26.610000610351562
2024-12-09,25.389999389648438
2024-12-10,25.829999923706055
2024-12-11,26.610000610351562
2024-12-12,26.18000030517578
2024-12-13,25.899999618530273
2024-12-16,25.90999984741211
2024-12-17,25.719999313354492
