,CNP
2014-01-02,15.34091567993164
2014-01-03,15.334198951721191
2014-01-06,15.354363441467285
2014-01-07,15.515705108642578
2014-01-08,15.354363441467285
2014-01-09,15.52915096282959
2014-01-10,15.717384338378906
2014-01-13,15.488818168640137
2014-01-14,15.616545677185059
2014-01-15,15.771163940429688
2014-01-16,15.838391304016113
2014-01-17,15.744267463684082
2014-01-21,15.939229965209961
2014-01-22,15.99300479888916
2014-01-23,15.845101356506348
2014-01-24,15.562764167785645
2014-01-27,15.58293342590332
2014-01-28,15.690492630004883
2014-01-29,15.562764167785645
2014-01-30,15.831665992736816
2014-01-31,15.730828285217285
2014-02-03,15.495525360107422
2014-02-04,15.502263069152832
2014-02-05,15.488818168640137
2014-02-06,15.58293342590332
2014-02-07,15.683768272399902
2014-02-10,15.730828285217285
2014-02-11,15.838391304016113
2014-02-12,15.823443412780762
2014-02-13,15.959268569946289
2014-02-14,16.332786560058594
2014-02-18,16.359947204589844
2014-02-19,16.39390754699707
2014-02-20,16.488981246948242
2014-02-21,16.62480926513672
2014-02-24,16.556894302368164
2014-02-25,16.4278621673584
2014-02-26,15.993221282958984
2014-02-27,16.000019073486328
2014-02-28,16.061141967773438
2014-03-03,15.945695877075195
2014-03-04,16.033973693847656
2014-03-05,15.843823432922363
2014-03-06,15.789493560791016
2014-03-07,15.748749732971191
2014-03-10,15.680829048156738
2014-03-11,15.830239295959473
2014-03-12,15.904942512512207
2014-03-13,16.25808334350586
2014-03-14,16.23091697692871
2014-03-17,16.468610763549805
2014-03-18,16.332786560058594
2014-03-19,16.210546493530273
2014-03-20,16.095094680786133
2014-03-21,16.10867691040039
2014-03-24,15.986432075500488
2014-03-25,15.884565353393555
2014-03-26,15.809867858886719
2014-03-27,15.884565353393555
2014-03-28,15.986432075500488
2014-03-31,16.088308334350586
2014-04-01,16.17659568786621
2014-04-02,16.2784481048584
2014-04-03,16.210546493530273
2014-04-04,16.163007736206055
2014-04-07,15.884565353393555
2014-04-08,16.088308334350586
2014-04-09,16.203754425048828
2014-04-10,16.27166175842285
2014-04-11,16.298828125
2014-04-14,16.332786560058594
2014-04-15,16.611225128173828
2014-04-16,16.774215698242188
2014-04-17,16.71309471130371
2014-04-21,16.570480346679688
2014-04-22,16.672348022460938
2014-04-23,16.719890594482422
2014-04-24,16.679134368896484
2014-04-25,16.882869720458984
2014-04-28,16.855703353881836
2014-04-29,16.69951057434082
2014-04-30,16.814958572387695
2014-05-01,16.801380157470703
2014-05-02,16.49578094482422
2014-05-05,16.618009567260742
2014-05-06,16.468610763549805
2014-05-07,16.645185470581055
2014-05-08,16.54331398010254
2014-05-09,16.26487922668457
2014-05-12,16.115467071533203
2014-05-13,16.074726104736328
2014-05-14,16.258573532104492
2014-05-15,16.155672073364258
2014-05-16,16.38205337524414
2014-05-19,16.12822914123535
2014-05-20,16.2174129486084
2014-05-21,16.24485206604004
2014-05-22,16.48496437072754
2014-05-23,16.375198364257812
2014-05-27,16.43693733215332
2014-05-28,16.471237182617188
2014-05-29,16.50554084777832
2014-05-30,16.546701431274414
2014-06-02,16.519258499145508
2014-06-03,16.47810173034668
2014-06-04,16.423215866088867
2014-06-05,16.53297996520996
2014-06-06,16.498682022094727
2014-06-09,16.416353225708008
2014-06-10,16.388917922973633
2014-06-11,16.33403778076172
2014-06-12,16.430082321166992
2014-06-13,16.471237182617188
2014-06-16,16.896574020385742
2014-06-17,16.793664932250977
2014-06-18,16.992612838745117
2014-06-19,17.12981414794922
2014-06-20,16.86227035522461
2014-06-23,16.882850646972656
2014-06-24,16.985754013061523
2014-06-25,17.191558837890625
2014-06-26,17.260154724121094
2014-06-27,17.397357940673828
2014-06-30,17.520845413208008
2014-07-01,17.41107749938965
2014-07-02,17.088653564453125
2014-07-03,16.992612838745117
2014-07-07,16.999467849731445
2014-07-08,17.03377914428711
2014-07-09,17.081789016723633
2014-07-10,17.191558837890625
2014-07-11,17.12981414794922
2014-07-14,16.95831298828125
2014-07-15,17.081789016723633
2014-07-16,17.09551429748535
2014-07-17,17.020050048828125
2014-07-18,17.19841766357422
2014-07-21,17.23957633972168
2014-07-22,17.23271942138672
2014-07-23,17.15039825439453
2014-07-24,17.260154724121094
2014-07-25,17.061214447021484
2014-07-28,17.253293991088867
2014-07-29,17.13667106628418
2014-07-30,16.84854507446289
2014-07-31,16.68390655517578
2014-08-01,16.80052947998047
2014-08-04,16.773082733154297
2014-08-05,16.423215866088867
2014-08-06,16.16253089904785
2014-08-07,16.38205337524414
2014-08-08,16.690765380859375
2014-08-11,16.71134376525879
2014-08-12,16.731924057006836
2014-08-13,16.78596305847168
2014-08-14,16.973012924194336
2014-08-15,16.979938507080078
2014-08-18,16.896806716918945
2014-08-19,17.07693099975586
2014-08-20,17.13235092163086
2014-08-21,17.104637145996094
2014-08-22,16.98686981201172
2014-08-25,17.173913955688477
2014-08-26,17.014577865600586
2014-08-27,17.06307601928711
2014-08-28,17.20855712890625
2014-08-29,17.20855712890625
2014-09-02,17.139280319213867
2014-09-03,17.236265182495117
2014-09-04,17.14620590209961
2014-09-05,17.333251953125
2014-09-08,17.21548080444336
2014-09-09,17.104637145996094
2014-09-10,17.049217224121094
2014-09-11,17.14620590209961
2014-09-12,16.799814224243164
2014-09-15,16.813671112060547
2014-09-16,16.924518585205078
2014-09-17,16.876022338867188
2014-09-18,16.779033660888672
2014-09-19,16.66819190979004
2014-09-22,16.522705078125
2014-09-23,16.529640197753906
2014-09-24,16.53656005859375
2014-09-25,16.585058212280273
2014-09-26,16.896806716918945
2014-09-29,16.945301055908203
2014-09-30,16.952224731445312
2014-10-01,17.000722885131836
2014-10-02,16.993793487548828
2014-10-03,17.13235092163086
2014-10-06,17.0561466217041
2014-10-07,16.95915985107422
2014-10-08,17.14620590209961
2014-10-09,16.75825309753418
2014-10-10,16.68204116821289
2014-10-13,16.044687271118164
2014-10-14,15.802223205566406
2014-10-15,15.338061332702637
2014-10-16,15.622090339660645
2014-10-17,16.051616668701172
2014-10-20,16.30794906616211
2014-10-21,16.53656005859375
2014-10-22,16.294095993041992
2014-10-23,16.501930236816406
2014-10-24,16.62662124633789
2014-10-27,16.6335506439209
2014-10-28,16.827529907226562
2014-10-29,16.765178680419922
2014-10-30,16.910661697387695
2014-10-31,17.00765037536621
2014-11-03,17.236265182495117
2014-11-04,17.06999969482422
2014-11-05,17.409456253051758
2014-11-06,17.2778263092041
2014-11-07,17.478734970092773
2014-11-10,17.58265495300293
2014-11-11,17.52722930908203
2014-11-12,17.183149337768555
2014-11-13,16.917394638061523
2014-11-14,16.81249237060547
2014-11-17,17.050268173217773
2014-11-18,17.19713592529297
2014-11-19,17.050268173217773
2014-11-20,17.015308380126953
2014-11-21,17.022296905517578
2014-11-24,17.02928924560547
2014-11-25,17.001319885253906
2014-11-26,16.973342895507812
2014-11-28,16.742557525634766
2014-12-01,16.434839248657227
2014-12-02,16.623668670654297
2014-12-03,16.847461700439453
2014-12-04,16.728572845458984
2014-12-05,16.469804763793945
2014-12-08,16.294973373413086
2014-12-09,16.399871826171875
2014-12-10,15.840385437011719
2014-12-11,15.791433334350586
2014-12-12,15.385808944702148
2014-12-15,15.064104080200195
2014-12-16,15.182991981506348
2014-12-17,15.728492736816406
2014-12-18,16.085161209106445
2014-12-19,16.15509605407715
2014-12-22,16.273988723754883
2014-12-23,16.399871826171875
2014-12-24,16.616670608520508
2014-12-26,16.735565185546875
2014-12-29,16.98733139038086
2014-12-30,16.65863800048828
2014-12-31,16.385889053344727
2015-01-02,16.52574920654297
2015-01-05,16.001237869262695
2015-01-06,15.64456558227539
2015-01-07,15.847384452819824
2015-01-08,16.22503662109375
2015-01-09,15.882347106933594
2015-01-12,15.917320251464844
2015-01-13,15.833395004272461
2015-01-14,15.819409370422363
2015-01-15,15.847384452819824
2015-01-16,16.085161209106445
2015-01-20,16.00823402404785
2015-01-21,16.190061569213867
2015-01-22,16.00823402404785
2015-01-23,16.064178466796875
2015-01-26,16.085161209106445
2015-01-27,16.183069229125977
2015-01-28,15.917320251464844
2015-01-29,16.34392547607422
2015-01-30,16.148103713989258
2015-02-02,16.015226364135742
2015-02-03,15.973270416259766
2015-02-04,15.945290565490723
2015-02-05,16.21804428100586
2015-02-06,15.539663314819336
2015-02-09,15.518685340881348
2015-02-10,15.854373931884766
2015-02-11,15.307820320129395
2015-02-12,15.633068084716797
2015-02-13,15.385595321655273
2015-02-17,15.272468566894531
2015-02-18,15.512866973876953
2015-02-19,15.279535293579102
2015-02-20,15.364377975463867
2015-02-23,15.329035758972168
2015-02-24,15.58356761932373
2015-02-25,15.25124740600586
2015-02-26,14.862372398376465
2015-02-27,14.699745178222656
2015-03-02,14.629043579101562
2015-03-03,14.692682266235352
2015-03-04,14.664395332336426
2015-03-05,14.819942474365234
2015-03-06,14.600759506225586
2015-03-09,14.657320976257324
2015-03-10,14.593688011169434
2015-03-11,14.466416358947754
2015-03-12,14.664395332336426
2015-03-13,14.522981643676758
2015-03-16,14.636115074157715
2015-03-17,14.636115074157715
2015-03-18,15.095699310302734
2015-03-19,14.735102653503418
2015-03-20,14.968432426452637
2015-03-23,14.784594535827637
2015-03-24,14.699745178222656
2015-03-25,14.551265716552734
2015-03-26,14.438133239746094
2015-03-27,14.57955265045166
2015-03-30,14.586618423461914
2015-03-31,14.43106746673584
2015-04-01,14.692682266235352
2015-04-02,14.650257110595703
2015-04-06,14.890652656555176
2015-04-07,14.75631046295166
2015-04-08,14.629043579101562
2015-04-09,14.508842468261719
2015-04-10,14.678543090820312
2015-04-13,14.53711986541748
2015-04-14,14.650257110595703
2015-04-15,15.067420959472656
2015-04-16,14.749242782592773
2015-04-17,14.777531623840332
2015-04-20,14.933076858520508
2015-04-21,14.607831954956055
2015-04-22,14.72802734375
2015-04-23,14.827016830444336
2015-04-24,14.88358211517334
2015-04-27,14.713883399963379
2015-04-28,14.855299949645996
2015-04-29,14.940146446228027
2015-04-30,14.827016830444336
2015-05-01,14.890652656555176
2015-05-04,14.926004409790039
2015-05-05,14.636115074157715
2015-05-06,14.395711898803711
2015-05-07,14.353288650512695
2015-05-08,14.650257110595703
2015-05-11,14.494699478149414
2015-05-12,14.169455528259277
2015-05-13,14.203817367553711
2015-05-14,14.46155071258545
2015-05-15,14.597578048706055
2015-05-18,14.619050025939941
2015-05-19,14.597578048706055
2015-05-20,14.697807312011719
2015-05-21,14.683486938476562
2015-05-22,14.633368492126465
2015-05-26,14.511661529541016
2015-05-27,14.490185737609863
2015-05-28,14.590411186218262
2015-05-29,14.583257675170898
2015-06-01,14.47586441040039
2015-06-02,14.125067710876465
2015-06-03,14.046317100524902
2015-06-04,13.817221641540527
2015-06-05,13.83154296875
2015-06-08,13.731311798095703
2015-06-09,13.81006145477295
2015-06-10,13.881651878356934
2015-06-11,13.953243255615234
2015-06-12,13.788586616516113
2015-06-15,13.695513725280762
2015-06-16,13.659720420837402
2015-06-17,13.881651878356934
2015-06-18,14.082110404968262
2015-06-19,13.974723815917969
2015-06-22,14.110749244689941
2015-06-23,13.84585952758789
2015-06-24,13.724154472351074
2015-06-25,13.71699333190918
2015-06-26,13.853017807006836
2015-06-29,13.788586616516113
2015-06-30,13.623924255371094
2015-07-01,13.659720420837402
2015-07-02,13.853017807006836
2015-07-06,13.759944915771484
2015-07-07,14.031999588012695
2015-07-08,13.759944915771484
2015-07-09,13.566652297973633
2015-07-10,13.688355445861816
2015-07-13,13.724154472351074
2015-07-14,13.788586616516113
2015-07-15,13.795743942260742
2015-07-16,13.774269104003906
2015-07-17,13.60244369506836
2015-07-20,13.423470497131348
2015-07-21,13.308917999267578
2015-07-22,13.33039665222168
2015-07-23,13.129940032958984
2015-07-24,13.094147682189941
2015-07-27,13.373353004455566
2015-07-28,13.523693084716797
2015-07-29,13.659720420837402
2015-07-30,13.702674865722656
2015-07-31,13.84585952758789
2015-08-03,13.759944915771484
2015-08-04,13.502218246459961
2015-08-05,13.631086349487305
2015-08-06,13.659720420837402
2015-08-07,13.702674865722656
2015-08-10,13.981882095336914
2015-08-11,13.86018180847168
2015-08-12,14.206825256347656
2015-08-13,14.243083953857422
2015-08-14,14.446145057678223
2015-08-17,14.446145057678223
2015-08-18,14.438894271850586
2015-08-19,14.431639671325684
2015-08-20,14.373621940612793
2015-08-21,14.003766059875488
2015-08-24,13.409098625183105
2015-08-25,12.995728492736816
2015-08-26,13.22054672241211
2015-08-27,13.597654342651367
2015-08-28,13.648415565490723
2015-08-31,13.503373146057129
2015-09-01,12.937712669372559
2015-09-02,12.850689888000488
2015-09-03,13.010232925415039
2015-09-04,12.770913124084473
2015-09-08,13.039244651794434
2015-09-09,12.872442245483398
2015-09-10,12.85793685913086
2015-09-11,12.828930854797363
2015-09-14,12.9159574508667
2015-09-15,12.959466934204102
2015-09-16,13.1552734375
2015-09-17,13.256804466247559
2015-09-18,13.090002059936523
2015-09-21,13.191534042358398
2015-09-22,12.923211097717285
2015-09-23,12.872442245483398
2015-09-24,12.923211097717285
2015-09-25,12.973970413208008
2015-09-28,12.720151901245117
2015-09-29,12.712898254394531
2015-09-30,13.082756042480469
2015-10-01,12.88694953918457
2015-10-02,13.075502395629883
2015-10-05,13.452611923217773
2015-10-06,13.409098625183105
2015-10-07,13.46711254119873
2015-10-08,13.590400695800781
2015-10-09,13.53963565826416
2015-10-12,13.445361137390137
2015-10-13,13.336575508117676
2015-10-14,13.242298126220703
2015-10-15,13.532384872436523
2015-10-16,13.561393737792969
2015-10-19,13.401846885681152
2015-10-20,13.481616020202637
2015-10-21,13.612156867980957
2015-10-22,13.8732271194458
2015-10-23,13.503373146057129
2015-10-26,13.612156867980957
2015-10-27,13.481616020202637
2015-10-28,13.43810749053955
2015-10-29,13.43810749053955
2015-10-30,13.452611923217773
2015-11-02,13.416350364685059
2015-11-03,13.583147048950195
2015-11-04,13.546886444091797
2015-11-05,13.423600196838379
2015-11-06,12.662132263183594
2015-11-09,12.691143035888672
2015-11-10,12.601393699645996
2015-11-11,12.74852180480957
2015-11-12,12.439558029174805
2015-11-13,12.476335525512695
2015-11-16,12.674957275390625
2015-11-17,12.557256698608398
2015-11-18,12.623465538024902
2015-11-19,12.579325675964355
2015-11-20,12.571968078613281
2015-11-23,12.50576114654541
2015-11-24,12.549901962280273
2015-11-25,12.564613342285156
2015-11-27,12.50576114654541
2015-11-30,12.468982696533203
2015-12-01,12.498405456542969
2015-12-02,12.211509704589844
2015-12-03,12.101164817810059
2015-12-04,12.145303726196289
2015-12-07,12.071739196777344
2015-12-08,12.020244598388672
2015-12-09,12.071739196777344
2015-12-10,11.873116493225098
2015-12-11,12.277717590332031
2015-12-14,12.167373657226562
2015-12-15,12.424843788146973
2015-12-16,12.947142601013184
2015-12-17,13.123695373535156
2015-12-18,12.8220853805542
2015-12-21,12.895649909973145
2015-12-22,12.939786911010742
2015-12-23,13.278176307678223
2015-12-24,13.32231616973877
2015-12-28,13.373808860778809
2015-12-29,13.579789161682129
2015-12-30,13.462085723876953
2015-12-31,13.506218910217285
2016-01-04,13.440017700195312
2016-01-05,13.56507396697998
2016-01-06,13.395881652832031
2016-01-07,13.131051063537598
2016-01-08,13.101628303527832
2016-01-11,12.947142601013184
2016-01-12,12.72645378112793
2016-01-13,12.557256698608398
2016-01-14,12.969212532043457
2016-01-15,12.72645378112793
2016-01-19,12.873576164245605
2016-01-20,12.432196617126465
2016-01-21,12.8220853805542
2016-01-22,13.079557418823242
2016-01-25,12.579325675964355
2016-01-26,12.777950286865234
2016-01-27,12.733808517456055
2016-01-28,12.903005599975586
2016-01-29,13.145761489868164
2016-02-01,13.697491645812988
2016-02-02,13.550358772277832
2016-02-03,14.013813972473145
2016-02-04,13.94024658203125
2016-02-05,13.866682052612305
2016-02-08,13.557716369628906
2016-02-09,13.645992279052734
2016-02-10,13.616568565368652
2016-02-11,13.167457580566406
2016-02-12,13.4061861038208
2016-02-16,13.503173828125
2016-02-17,13.682219505310059
2016-02-18,13.846348762512207
2016-02-19,13.756823539733887
2016-02-22,13.906031608581543
2016-02-23,13.861270904541016
2016-02-24,14.070158958435059
2016-02-25,14.279046058654785
2016-02-26,13.823962211608887
2016-02-29,13.898565292358398
2016-03-01,13.9284086227417
2016-03-02,14.040310859680176
2016-03-03,14.010472297668457
2016-03-04,14.540154457092285
2016-03-07,14.68936538696289
2016-03-08,14.816190719604492
2016-03-09,14.883331298828125
2016-03-10,15.062378883361816
2016-03-11,15.129524230957031
2016-03-14,15.241426467895508
2016-03-15,15.301109313964844
2016-03-16,15.39063549041748
2016-03-17,15.718887329101562
2016-03-18,15.465235710144043
2016-03-21,15.629364967346191
2016-03-22,15.644283294677734
2016-03-23,15.621904373168945
2016-03-24,15.66666316986084
2016-03-28,15.50999641418457
2016-03-29,15.853174209594727
2016-03-30,15.554756164550781
2016-03-31,15.606977462768555
2016-04-01,15.815874099731445
2016-04-04,15.636823654174805
2016-04-05,15.301109313964844
2016-04-06,15.457773208618164
2016-04-07,15.465235710144043
2016-04-08,15.599518775939941
2016-04-11,15.562223434448242
2016-04-12,15.860634803771973
2016-04-13,15.815874099731445
2016-04-14,15.636823654174805
2016-04-15,15.659202575683594
2016-04-18,15.681589126586914
2016-04-19,15.66666316986084
2016-04-20,15.35333251953125
2016-04-21,15.330946922302246
2016-04-22,15.52491569519043
2016-04-25,15.71142578125
2016-04-26,15.741266250610352
2016-04-27,15.987460136413574
2016-04-28,15.935235977172852
2016-04-29,16.00238037109375
2016-05-02,16.18889045715332
2016-05-03,15.994915008544922
2016-05-04,16.173969268798828
2016-05-05,16.151588439941406
2016-05-06,16.13666343688965
2016-05-09,16.173969268798828
2016-05-10,16.487300872802734
2016-05-11,16.42015266418457
2016-05-12,16.690404891967773
2016-05-13,16.60736846923828
2016-05-16,16.78853988647461
2016-05-17,16.60736846923828
2016-05-18,16.25257682800293
2016-05-19,16.524328231811523
2016-05-20,16.660205841064453
2016-05-23,16.592267990112305
2016-05-24,16.63001251220703
2016-05-25,16.697946548461914
2016-05-26,16.871578216552734
2016-05-27,16.992359161376953
2016-05-31,17.0074520111084
2016-06-01,17.052743911743164
2016-06-02,17.060291290283203
2016-06-03,17.294309616088867
2016-06-06,17.415084838867188
2016-06-07,17.44528579711914
2016-06-08,17.558517456054688
2016-06-09,17.656644821166992
2016-06-10,17.46792984008789
2016-06-13,17.339601516723633
2016-06-14,17.415084838867188
2016-06-15,17.32450294494629
2016-06-16,17.392446517944336
2016-06-17,17.437734603881836
2016-06-20,17.528322219848633
2016-06-21,17.739686965942383
2016-06-22,17.543415069580078
2016-06-23,17.732133865356445
2016-06-24,17.61890983581543
2016-06-27,17.49057960510254
2016-06-28,17.830272674560547
2016-06-29,18.11712646484375
2016-06-30,18.11712646484375
2016-07-01,18.15486717224121
2016-07-05,18.15486717224121
2016-07-06,18.15486717224121
2016-07-07,17.754785537719727
2016-07-08,18.041637420654297
2016-07-11,17.97369384765625
2016-07-12,17.890661239624023
2016-07-13,18.071836471557617
2016-07-14,17.8604679107666
2016-07-15,18.162418365478516
2016-07-18,18.07938003540039
2016-07-19,18.05673599243164
2016-07-20,18.20771026611328
2016-07-21,18.29829978942871
2016-07-22,18.637990951538086
2016-07-25,18.50211524963379
2016-07-26,18.35869026184082
2016-07-27,18.041637420654297
2016-07-28,17.943500518798828
2016-07-29,18.05673599243164
2016-08-01,17.868011474609375
2016-08-02,17.7170352935791
2016-08-03,17.739686965942383
2016-08-04,17.81517791748047
2016-08-05,17.113136291503906
2016-08-08,17.14333152770996
2016-08-09,17.135784149169922
2016-08-10,17.105588912963867
2016-08-11,17.135784149169922
2016-08-12,17.233516693115234
2016-08-15,17.141891479492188
2016-08-16,16.89754867553711
2016-08-17,17.248788833618164
2016-08-18,17.424407958984375
2016-08-19,17.432044982910156
2016-08-22,17.516036987304688
2016-08-23,17.447315216064453
2016-08-24,17.37859344482422
2016-08-25,17.34041404724121
2016-08-26,17.042627334594727
2016-08-29,17.309879302978516
2016-08-30,17.157161712646484
2016-08-31,17.157161712646484
2016-09-01,17.134252548217773
2016-09-02,17.27933120727539
2016-09-06,17.409135818481445
2016-09-07,17.783281326293945
2016-09-08,18.050521850585938
2016-09-09,17.26405906677246
2016-09-12,17.523672103881836
2016-09-13,17.134252548217773
2016-09-14,17.126623153686523
2016-09-15,17.294601440429688
2016-09-16,17.600025177001953
2016-09-19,17.790916442871094
2016-09-20,17.920719146728516
2016-09-21,18.340682983398438
2016-09-22,18.409399032592773
2016-09-23,18.470481872558594
2016-09-26,18.523935317993164
2016-09-27,18.23377799987793
2016-09-28,18.417034149169922
2016-09-29,18.00470733642578
2016-09-30,17.73746681213379
2016-10-03,17.485492706298828
2016-10-04,17.073165893554688
2016-10-05,17.065532684326172
2016-10-06,17.02735710144043
2016-10-07,16.72193145751953
2016-10-10,16.935728073120117
2016-10-11,16.67612075805664
2016-10-12,16.859376907348633
2016-10-13,17.057899475097656
2016-10-14,17.080808639526367
2016-10-17,17.126623153686523
2016-10-18,17.187713623046875
2016-10-19,17.27933120727539
2016-10-20,17.30223846435547
2016-10-21,17.348054885864258
2016-10-24,17.218238830566406
2016-10-25,17.309879302978516
2016-10-26,17.30223846435547
2016-10-27,17.233516693115234
2016-10-28,17.202970504760742
2016-10-31,17.409135818481445
2016-11-01,17.180070877075195
2016-11-02,16.882280349731445
2016-11-03,17.210609436035156
2016-11-04,17.50839614868164
2016-11-07,18.035253524780273
2016-11-08,18.09634017944336
2016-11-09,17.722200393676758
2016-11-10,17.65347671508789
2016-11-11,17.50076675415039
2016-11-14,17.730892181396484
2016-11-15,17.970293045043945
2016-11-16,17.931686401367188
2016-11-17,17.931686401367188
2016-11-18,18.024349212646484
2016-11-21,18.16335678100586
2016-11-22,18.24057960510254
2016-11-23,18.23285675048828
2016-11-25,18.495424270629883
2016-11-28,18.66531753540039
2016-11-29,18.603540420532227
2016-11-30,18.425920486450195
2016-12-01,18.37958335876465
2016-12-02,18.611263275146484
2016-12-05,18.51858901977539
2016-12-06,18.3641414642334
2016-12-07,18.603540420532227
2016-12-08,18.57264518737793
2016-12-09,18.866106033325195
2016-12-12,18.927888870239258
2016-12-13,18.98194122314453
2016-12-14,18.673044204711914
2016-12-15,18.7734317779541
2016-12-16,18.757997512817383
2016-12-19,18.889272689819336
2016-12-20,19.043720245361328
2016-12-21,19.03600311279297
2016-12-22,19.18272590637207
2016-12-23,19.175004959106445
2016-12-27,19.12094497680664
2016-12-28,18.87382698059082
2016-12-29,19.0977783203125
2016-12-30,19.028274536132812
2017-01-03,18.98966407775879
2017-01-04,19.15955924987793
2017-01-05,19.15955924987793
2017-01-06,19.584300994873047
2017-01-09,19.2136173248291
2017-01-10,19.267671585083008
2017-01-11,19.630630493164062
2017-01-12,19.561126708984375
2017-01-13,19.630630493164062
2017-01-17,19.6846923828125
2017-01-18,19.831418991088867
2017-01-19,19.64607810974121
2017-01-20,19.769638061523438
2017-01-23,19.64607810974121
2017-01-24,19.78508186340332
2017-01-25,20.039928436279297
2017-01-26,20.07081413269043
2017-01-27,20.12487030029297
2017-01-30,19.947256088256836
2017-01-31,20.240707397460938
2017-02-01,20.02448081970215
2017-02-02,20.225269317626953
2017-02-03,20.31020736694336
2017-02-06,20.148042678833008
2017-02-07,20.209821701049805
2017-02-08,20.40288543701172
2017-02-09,20.44149398803711
2017-02-10,20.456945419311523
2017-02-13,20.595947265625
2017-02-14,20.32135581970215
2017-02-15,20.336959838867188
2017-02-16,20.570981979370117
2017-02-17,20.680192947387695
2017-02-21,20.758209228515625
2017-02-22,20.727006912231445
2017-02-23,20.93762969970703
2017-02-24,21.078041076660156
2017-02-27,20.898622512817383
2017-02-28,21.31206512451172
2017-03-01,21.608501434326172
2017-03-02,21.663114547729492
2017-03-03,21.7645263671875
2017-03-06,21.81133460998535
2017-03-07,21.842529296875
2017-03-08,21.405681610107422
2017-03-09,21.351070404052734
2017-03-10,21.616304397583008
2017-03-13,21.538293838500977
2017-03-14,21.452491760253906
2017-03-15,21.912742614746094
2017-03-16,21.522695541381836
2017-03-17,21.5929012298584
2017-03-20,21.413476943969727
2017-03-21,21.514890670776367
2017-03-22,21.74892234802246
2017-03-23,21.647506713867188
2017-03-24,21.741121292114258
2017-03-27,21.600704193115234
2017-03-28,21.600704193115234
2017-03-29,21.72551727294922
2017-03-30,21.460285186767578
2017-03-31,21.50709342956543
2017-04-03,21.49149513244629
2017-04-04,21.663114547729492
2017-04-05,21.717721939086914
2017-04-06,21.7645263671875
2017-04-07,21.7645263671875
2017-04-10,21.842529296875
2017-04-11,21.772321701049805
2017-04-12,21.873735427856445
2017-04-13,21.795726776123047
2017-04-17,22.029752731323242
2017-04-18,22.07655143737793
2017-04-19,21.819129943847656
2017-04-20,21.7645263671875
2017-04-21,21.936141967773438
2017-04-24,22.092161178588867
2017-04-25,22.14676856994629
2017-04-26,22.0999698638916
2017-04-27,22.34178924560547
2017-04-28,22.255977630615234
2017-05-01,22.0843563079834
2017-05-02,21.990747451782227
2017-05-03,21.9205379486084
2017-05-04,21.826932907104492
2017-05-05,21.88153839111328
2017-05-08,21.741121292114258
2017-05-09,21.413476943969727
2017-05-10,21.48369026184082
2017-05-11,21.390079498291016
2017-05-12,21.498794555664062
2017-05-15,21.60120964050293
2017-05-16,21.420019149780273
2017-05-17,21.40426254272461
2017-05-18,21.43577003479004
2017-05-19,21.648473739624023
2017-05-22,21.821786880493164
2017-05-23,21.861177444458008
2017-05-24,22.03449058532715
2017-05-25,22.199928283691406
2017-05-26,22.318096160888672
2017-05-30,22.3653621673584
2017-05-31,22.53867530822754
2017-06-01,22.790769577026367
2017-06-02,22.75138282775879
2017-06-05,22.49140739440918
2017-06-06,22.452024459838867
2017-06-07,22.310222625732422
2017-06-08,22.223562240600586
2017-06-09,22.247194290161133
2017-06-12,22.1447811126709
2017-06-13,22.160537719726562
2017-06-14,22.349607467651367
2017-06-15,22.53867530822754
2017-06-16,22.75138282775879
2017-06-19,22.617454528808594
2017-06-20,22.38111686706543
2017-06-21,22.0423641204834
2017-06-22,22.129026412963867
2017-06-23,22.097515106201172
2017-06-26,22.35748291015625
2017-06-27,22.199928283691406
2017-06-28,21.9242000579834
2017-06-29,21.632715225219727
2017-06-30,21.569700241088867
2017-07-03,21.727256774902344
2017-07-05,21.62484359741211
2017-07-06,21.490915298461914
2017-07-07,21.522428512573242
2017-07-10,21.4830379486084
2017-07-11,21.396377563476562
2017-07-12,21.648473739624023
2017-07-13,21.553939819335938
2017-07-14,21.758764266967773
2017-07-17,21.876934051513672
2017-07-18,21.884811401367188
2017-07-19,21.766643524169922
2017-07-20,22.097515106201172
2017-07-21,22.176292419433594
2017-07-24,22.192045211791992
2017-07-25,21.995098114013672
2017-07-26,22.121150970458984
2017-07-27,22.160537719726562
2017-07-28,22.168415069580078
2017-07-31,22.207807540893555
2017-08-01,22.255075454711914
2017-08-02,22.192045211791992
2017-08-03,22.428386688232422
2017-08-04,22.483530044555664
2017-08-07,22.641088485717773
2017-08-08,22.88530158996582
2017-08-09,22.893186569213867
2017-08-10,22.948326110839844
2017-08-11,22.704118728637695
2017-08-14,22.90131950378418
2017-08-15,22.933124542236328
2017-08-16,23.020597457885742
2017-08-17,22.877464294433594
2017-08-18,23.068313598632812
2017-08-21,23.28301239013672
2017-08-22,23.46590232849121
2017-08-23,23.640840530395508
2017-08-24,23.569272994995117
2017-08-25,23.640840530395508
2017-08-28,23.799875259399414
2017-08-29,23.76807403564453
2017-08-30,23.585180282592773
2017-08-31,23.55337142944336
2017-09-01,23.561325073242188
2017-09-05,23.55337142944336
2017-09-06,23.41023826599121
2017-09-07,23.82373046875
2017-09-08,23.86349105834961
2017-09-11,24.213375091552734
2017-09-12,23.83963966369629
2017-09-13,23.807830810546875
2017-09-14,23.966867446899414
2017-09-15,24.07024574279785
2017-09-18,23.83963966369629
2017-09-19,23.83168601989746
2017-09-20,23.61698341369629
2017-09-21,23.449995040893555
2017-09-22,23.219392776489258
2017-09-25,23.585180282592773
2017-09-26,23.569272994995117
2017-09-27,23.123971939086914
2017-09-28,23.179628372192383
2017-09-29,23.227344512939453
2017-10-02,23.028549194335938
2017-10-03,22.885419845581055
2017-10-04,23.052404403686523
2017-10-05,23.108068466186523
2017-10-06,22.964933395385742
2017-10-09,22.845657348632812
2017-10-10,23.155778884887695
2017-10-11,23.30685806274414
2017-10-12,23.632890701293945
2017-10-13,23.34662437438965
2017-10-16,23.42613983154297
2017-10-17,23.48180389404297
2017-10-18,23.52156639099121
2017-10-19,23.656747817993164
2017-10-20,23.61698341369629
2017-10-23,23.593137741088867
2017-10-24,23.529518127441406
2017-10-25,23.362529754638672
2017-10-26,23.449995040893555
2017-10-27,23.656747817993164
2017-10-30,23.434097290039062
2017-10-31,23.52156639099121
2017-11-01,23.62493896484375
2017-11-02,23.648792266845703
2017-11-03,23.529518127441406
2017-11-06,23.632890701293945
2017-11-07,23.81578254699707
2017-11-08,23.81578254699707
2017-11-09,23.70445442199707
2017-11-10,23.38638687133789
2017-11-13,23.561325073242188
2017-11-14,23.81578254699707
2017-11-15,23.549396514892578
2017-11-16,23.292638778686523
2017-11-17,23.268571853637695
2017-11-20,23.364852905273438
2017-11-21,23.340784072875977
2017-11-22,23.3889217376709
2017-11-24,23.292638778686523
2017-11-27,23.701847076416016
2017-11-28,23.73394203186035
2017-11-29,23.8061580657959
2017-11-30,24.07895851135254
2017-12-01,23.693824768066406
2017-12-04,23.557418823242188
2017-12-05,23.19635772705078
2017-12-06,23.276596069335938
2017-12-07,23.156240463256836
2017-12-08,23.19635772705078
2017-12-11,23.148216247558594
2017-12-12,22.771102905273438
2017-12-13,22.787153244018555
2017-12-14,22.96367073059082
2017-12-15,23.108095169067383
2017-12-18,22.835294723510742
2017-12-19,22.47422981262207
2017-12-20,22.482248306274414
2017-12-21,22.281660079956055
2017-12-22,22.522367477416992
2017-12-26,22.49027442932129
2017-12-27,22.586557388305664
2017-12-28,22.75505828857422
2017-12-29,22.75505828857422
2018-01-02,22.482248306274414
2018-01-03,22.434112548828125
2018-01-04,22.458181381225586
2018-01-05,22.361896514892578
2018-01-08,22.4982967376709
2018-01-09,22.273632049560547
2018-01-10,21.872453689575195
2018-01-11,22.008859634399414
2018-01-12,21.960716247558594
2018-01-16,22.081073760986328
2018-01-17,22.36992073059082
2018-01-18,22.329805374145508
2018-01-19,22.305736541748047
2018-01-22,22.297712326049805
2018-01-23,22.530393600463867
2018-01-24,22.578536987304688
2018-01-25,22.771102905273438
2018-01-26,22.835294723510742
2018-01-29,22.249568939208984
2018-01-30,22.321781158447266
2018-01-31,22.61063003540039
2018-02-01,22.24154281616211
2018-02-02,22.105144500732422
2018-02-05,21.591625213623047
2018-02-06,21.118234634399414
2018-02-07,21.15032958984375
2018-02-08,20.741117477416992
2018-02-09,21.262657165527344
2018-02-12,21.447200775146484
2018-02-13,21.479299545288086
2018-02-14,21.234439849853516
2018-02-15,21.696592330932617
2018-02-16,21.81820297241211
2018-02-20,21.67226219177246
2018-02-21,21.26687240600586
2018-02-22,21.891176223754883
2018-02-23,22.483049392700195
2018-02-26,22.531700134277344
2018-02-27,22.093873977661133
2018-02-28,21.931713104248047
2018-03-01,21.664154052734375
2018-03-02,21.639833450317383
2018-03-05,22.01279067993164
2018-03-06,21.704696655273438
2018-03-07,21.656047821044922
2018-03-08,21.964141845703125
2018-03-09,21.996580123901367
2018-03-12,22.23981475830078
2018-03-13,22.142513275146484
2018-03-14,21.931713104248047
2018-03-15,21.826313018798828
2018-03-16,22.01279067993164
2018-03-19,21.850635528564453
2018-03-20,21.737125396728516
2018-03-21,21.76144790649414
2018-03-22,21.67226219177246
2018-03-23,21.485782623291016
2018-03-26,21.76144790649414
2018-03-27,21.964141845703125
2018-03-28,21.850635528564453
2018-03-29,22.215492248535156
2018-04-02,21.87495994567871
2018-04-03,21.95604133605957
2018-04-04,22.05333137512207
2018-04-05,22.12630271911621
2018-04-06,21.80198860168457
2018-04-09,21.996580123901367
2018-04-10,21.972253799438477
2018-04-11,21.753337860107422
2018-04-12,21.510107040405273
2018-04-13,21.62361717224121
2018-04-16,21.94793128967285
2018-04-17,22.029006958007812
2018-04-18,22.00468635559082
2018-04-19,21.87495994567871
2018-04-20,21.631729125976562
2018-04-23,21.031747817993164
2018-04-24,20.561487197875977
2018-04-25,20.204748153686523
2018-04-26,20.358797073364258
2018-04-27,20.650672912597656
2018-04-30,20.537168502807617
2018-05-01,20.6263484954834
2018-05-02,20.64256477355957
2018-05-03,20.57770538330078
2018-05-04,21.39659309387207
2018-05-07,21.591182708740234
2018-05-08,21.526323318481445
2018-05-09,21.299301147460938
2018-05-10,21.599294662475586
2018-05-11,21.631729125976562
2018-05-14,21.477672576904297
2018-05-15,21.12903594970703
2018-05-16,20.897932052612305
2018-05-17,20.725828170776367
2018-05-18,20.758615493774414
2018-05-21,20.6684627532959
2018-05-22,20.824174880981445
2018-05-23,21.192960739135742
2018-05-24,21.447011947631836
2018-05-25,21.291303634643555
2018-05-29,21.17656707763672
2018-05-30,21.406036376953125
2018-05-31,21.414228439331055
2018-06-01,21.029052734375
2018-06-04,21.004470825195312
2018-06-05,21.029052734375
2018-06-06,20.660266876220703
2018-06-07,20.824174880981445
2018-06-08,20.775001525878906
2018-06-11,20.6684627532959
2018-06-12,21.233938217163086
2018-06-13,21.012664794921875
2018-06-14,21.455211639404297
2018-06-15,21.217546463012695
2018-06-18,21.373262405395508
2018-06-19,21.619110107421875
2018-06-20,21.56174659729004
2018-06-21,21.733854293823242
2018-06-22,21.815797805786133
2018-06-25,22.282930374145508
2018-06-26,22.397663116455078
2018-06-27,22.586158752441406
2018-06-28,22.586158752441406
2018-06-29,22.709083557128906
2018-07-02,22.59435272216797
2018-07-03,22.627134323120117
2018-07-05,22.741863250732422
2018-07-06,22.8975772857666
2018-07-09,22.06165885925293
2018-07-10,22.21737289428711
2018-07-11,22.545181274414062
2018-07-12,22.80742835998535
2018-07-13,22.750057220458984
2018-07-16,22.725479125976562
2018-07-17,22.709083557128906
2018-07-18,22.627134323120117
2018-07-19,22.9631404876709
2018-07-20,22.750057220458984
2018-07-23,22.651714324951172
2018-07-24,22.889381408691406
2018-07-25,23.02869987487793
2018-07-26,23.08606719970703
2018-07-27,23.07787322998047
2018-07-30,22.97133445739746
2018-07-31,23.340120315551758
2018-08-01,22.889381408691406
2018-08-02,23.036897659301758
2018-08-03,22.92215347290039
2018-08-06,23.168018341064453
2018-08-07,23.176219940185547
2018-08-08,23.143434524536133
2018-08-09,23.11064910888672
2018-08-10,23.053287506103516
2018-08-13,23.127042770385742
2018-08-14,23.053287506103516
2018-08-15,23.134403228759766
2018-08-16,23.41581916809082
2018-08-17,23.41581916809082
2018-08-20,23.465484619140625
2018-08-21,23.225446701049805
2018-08-22,23.03507423400879
2018-08-23,22.93575096130371
2018-08-24,23.076459884643555
2018-08-27,22.910921096801758
2018-08-28,22.80331802368164
2018-08-29,23.00197410583496
2018-08-30,22.985416412353516
2018-08-31,23.00197410583496
2018-09-04,23.109573364257812
2018-09-05,23.93727684020996
2018-09-06,23.92072105407715
2018-09-07,23.597917556762695
2018-09-10,23.780012130737305
2018-09-11,23.804841995239258
2018-09-12,23.655858993530273
2018-09-13,23.82139778137207
2018-09-14,23.93727684020996
2018-09-17,23.82139778137207
2018-09-18,23.672412872314453
2018-09-19,23.101295471191406
2018-09-20,23.1757869720459
2018-09-21,23.200613021850586
2018-09-24,23.02680015563965
2018-09-25,22.88608741760254
2018-09-26,22.555009841918945
2018-09-27,22.695722579956055
2018-09-28,22.88608741760254
2018-10-01,22.7950439453125
2018-10-02,23.101295471191406
2018-10-03,22.612945556640625
2018-10-04,22.579835891723633
2018-10-05,22.952308654785156
2018-10-08,23.134403228759766
2018-10-09,23.283390045166016
2018-10-10,23.076459884643555
2018-10-11,22.472232818603516
2018-10-12,22.629497528076172
2018-10-15,22.80331802368164
2018-10-16,22.968860626220703
2018-10-17,22.81159782409668
2018-10-18,22.97713851928711
2018-10-19,23.275110244750977
2018-10-22,23.018518447875977
2018-10-23,22.902647018432617
2018-10-24,23.101295471191406
2018-10-25,22.968860626220703
2018-10-26,22.48879051208496
2018-10-29,22.530174255371094
2018-10-30,22.596391677856445
2018-10-31,22.35635757446289
2018-11-01,22.50534439086914
2018-11-02,22.314973831176758
2018-11-05,22.753658294677734
2018-11-06,23.010244369506836
2018-11-07,23.440654754638672
2018-11-08,23.225446701049805
2018-11-09,23.283390045166016
2018-11-12,23.258556365966797
2018-11-13,23.357879638671875
2018-11-14,22.954957962036133
2018-11-15,23.03019142150879
2018-11-16,23.1806640625
2018-11-19,23.381288528442383
2018-11-20,23.280975341796875
2018-11-21,23.247533798217773
2018-11-23,23.113784790039062
2018-11-26,23.247533798217773
2018-11-27,23.36457061767578
2018-11-28,23.41472625732422
2018-11-29,23.18902587890625
2018-11-30,23.41472625732422
2018-12-03,23.715665817260742
2018-12-04,23.448163986206055
2018-12-06,23.54847526550293
2018-12-07,23.724023818969727
2018-12-10,23.790895462036133
2018-12-11,24.058401107788086
2018-12-12,24.15035057067871
2018-12-13,24.526525497436523
2018-12-14,24.493085861206055
2018-12-17,24.167072296142578
2018-12-18,23.657148361206055
2018-12-19,23.732383728027344
2018-12-20,23.740741729736328
2018-12-21,23.715665817260742
2018-12-24,22.754329681396484
2018-12-26,23.113784790039062
2018-12-27,23.48160171508789
2018-12-28,23.406368255615234
2018-12-31,23.5986328125
2019-01-02,23.406368255615234
2019-01-03,23.540119171142578
2019-01-04,23.974807739257812
2019-01-07,24.0667667388916
2019-01-08,24.526525497436523
2019-01-09,24.225589752197266
2019-01-10,24.66864013671875
2019-01-11,24.559965133666992
2019-01-14,24.40949821472168
2019-01-15,24.484729766845703
2019-01-16,24.677000045776367
2019-01-17,24.693714141845703
2019-01-18,24.610126495361328
2019-01-22,24.75223159790039
2019-01-23,24.969581604003906
2019-01-24,25.178565979003906
2019-01-25,24.902706146240234
2019-01-28,24.96122169494629
2019-01-29,25.103328704833984
2019-01-30,25.25379753112793
2019-01-31,25.847312927246094
2019-02-01,25.75536346435547
2019-02-04,25.855674743652344
2019-02-05,25.77208137512207
2019-02-06,25.579816818237305
2019-02-07,25.75536346435547
2019-02-08,25.78881072998047
2019-02-11,25.738649368286133
2019-02-12,25.780439376831055
2019-02-13,25.71356773376465
2019-02-14,25.77208137512207
2019-02-15,25.822237014770508
2019-02-19,26.089738845825195
2019-02-20,26.138671875
2019-02-21,26.34116554260254
2019-02-22,26.493040084838867
2019-02-25,26.16398811340332
2019-02-26,26.09648895263672
2019-02-27,26.290550231933594
2019-02-28,25.42994499206543
2019-03-01,25.455257415771484
2019-03-04,25.598690032958984
2019-03-05,25.455257415771484
2019-03-06,25.396196365356445
2019-03-07,25.33713722229004
2019-03-08,25.33713722229004
2019-03-11,25.674623489379883
2019-03-12,25.88555908203125
2019-03-13,25.657751083374023
2019-03-14,25.657751083374023
2019-03-15,25.995241165161133
2019-03-18,25.80118179321289
2019-03-19,25.539627075195312
2019-03-20,25.53119659423828
2019-03-21,25.834936141967773
2019-03-22,25.919307708740234
2019-03-25,25.986801147460938
2019-03-26,26.09648895263672
2019-03-27,25.76743507385254
2019-03-28,25.590253829956055
2019-03-29,25.902435302734375
2019-04-01,25.902435302734375
2019-04-02,25.969934463500977
2019-04-03,25.902435302734375
2019-04-04,25.75899887084961
2019-04-05,26.045867919921875
2019-04-08,25.69993782043457
2019-04-09,25.581817626953125
2019-04-10,25.48056411743164
2019-04-11,25.55650520324707
2019-04-12,25.792749404907227
2019-04-15,25.733684539794922
2019-04-16,25.438379287719727
2019-04-17,25.320261001586914
2019-04-18,25.55650520324707
2019-04-22,25.716814041137695
2019-04-23,25.834936141967773
2019-04-24,25.55650520324707
2019-04-25,25.742124557495117
2019-04-26,25.708372116088867
2019-04-29,25.691499710083008
2019-04-30,26.15555191040039
2019-05-01,25.969934463500977
2019-05-02,25.944618225097656
2019-05-03,26.282114028930664
2019-05-06,26.19773292541504
2019-05-07,25.995241165161133
2019-05-08,25.691499710083008
2019-05-09,24.679025650024414
2019-05-10,25.024953842163086
2019-05-13,25.446819305419922
2019-05-14,25.126201629638672
2019-05-15,25.064863204956055
2019-05-16,25.21821403503418
2019-05-17,25.36305046081543
2019-05-20,25.252294540405273
2019-05-21,25.150056838989258
2019-05-22,25.175613403320312
2019-05-23,25.064863204956055
2019-05-24,25.03929901123047
2019-05-28,24.55368423461914
2019-05-29,24.23845863342285
2019-05-30,24.085100173950195
2019-05-31,24.229934692382812
2019-06-03,24.4173641204834
2019-06-04,24.55368423461914
2019-06-05,24.741111755371094
2019-06-06,24.8348331451416
2019-06-07,24.55368423461914
2019-06-10,24.638877868652344
2019-06-11,24.400325775146484
2019-06-12,24.68999671936035
2019-06-13,24.928543090820312
2019-06-14,25.23525619506836
2019-06-17,25.21821403503418
2019-06-18,25.167095184326172
2019-06-19,25.541959762573242
2019-06-20,25.59308624267578
2019-06-21,25.490840911865234
2019-06-24,25.431203842163086
2019-06-25,25.14153480529785
2019-06-26,24.40884780883789
2019-06-27,24.289569854736328
2019-06-28,24.391803741455078
2019-07-01,24.27252960205078
2019-07-02,24.707027435302734
2019-07-03,25.073379516601562
2019-07-05,25.081907272338867
2019-07-08,24.843353271484375
2019-07-09,24.783708572387695
2019-07-10,24.715557098388672
2019-07-11,24.758153915405273
2019-07-12,24.596284866333008
2019-07-15,24.698516845703125
2019-07-16,24.621843338012695
2019-07-17,24.715557098388672
2019-07-18,24.920026779174805
2019-07-19,24.400325775146484
2019-07-22,24.434404373168945
2019-07-23,24.442930221557617
2019-07-24,24.22141456604004
2019-07-25,24.323650360107422
2019-07-26,24.53664207458496
2019-07-29,24.5025634765625
2019-07-30,24.570722579956055
2019-07-31,24.715557098388672
2019-08-01,24.783708572387695
2019-08-02,24.988183975219727
2019-08-05,24.323650360107422
2019-08-06,24.58776092529297
2019-08-07,23.90618896484375
2019-08-08,23.710233688354492
2019-08-09,23.53131866455078
2019-08-12,23.65059471130371
2019-08-13,23.855070114135742
2019-08-14,23.67257308959961
2019-08-15,23.732833862304688
2019-08-16,23.991079330444336
2019-08-19,24.197677612304688
2019-08-20,23.95664405822754
2019-08-21,24.03411865234375
2019-08-22,24.120203018188477
2019-08-23,23.603708267211914
2019-08-26,23.741436004638672
2019-08-27,23.48319435119629
2019-08-28,23.50901985168457
2019-08-29,23.775869369506836
2019-08-30,23.836132049560547
2019-09-03,24.352624893188477
2019-09-04,24.232107162475586
2019-09-05,24.094379425048828
2019-09-06,24.53339385986328
2019-09-09,24.774425506591797
2019-09-10,25.230663299560547
2019-09-11,26.177562713623047
2019-09-12,25.721328735351562
2019-09-13,25.69550323486328
2019-09-16,26.1173095703125
2019-09-17,25.747156143188477
2019-09-18,25.798803329467773
2019-09-19,25.859066009521484
2019-09-20,26.10869789123535
2019-09-23,26.168954849243164
2019-09-24,26.211994171142578
2019-09-25,26.349729537963867
2019-09-26,25.92792510986328
2019-09-27,25.824626922607422
2019-09-30,25.97957420349121
2019-10-01,25.729938507080078
2019-10-02,25.067106246948242
2019-10-03,24.87772560119629
2019-10-04,25.179014205932617
2019-10-07,24.81747055053711
2019-10-08,24.257932662963867
2019-10-09,24.223499298095703
2019-10-10,24.240713119506836
2019-10-11,24.335407257080078
2019-10-14,24.00829315185547
2019-10-15,24.257932662963867
2019-10-16,24.636693954467773
2019-10-17,24.71416473388672
2019-10-18,24.653913497924805
2019-10-21,24.739992141723633
2019-10-22,25.213449478149414
2019-10-23,25.480295181274414
2019-10-24,25.962358474731445
2019-10-25,25.42864990234375
2019-10-28,25.084320068359375
2019-10-29,24.99823760986328
2019-10-30,25.03266716003418
2019-10-31,25.024063110351562
2019-11-01,24.981019973754883
2019-11-04,24.886335372924805
2019-11-05,24.739992141723633
2019-11-06,24.765817642211914
2019-11-07,24.96379852294922
2019-11-08,24.774425506591797
2019-11-11,23.844738006591797
2019-11-12,24.05133819580078
2019-11-13,24.180461883544922
2019-11-14,22.97530746459961
2019-11-15,21.9337158203125
2019-11-18,21.658248901367188
2019-11-19,21.813199996948242
2019-11-20,21.289030075073242
2019-11-21,21.367395401000977
2019-11-22,21.55024528503418
2019-11-25,21.593780517578125
2019-11-26,21.323862075805664
2019-11-27,21.48058319091797
2019-11-29,21.38480567932129
2019-12-02,21.236785888671875
2019-12-03,21.245492935180664
2019-12-04,21.524124145507812
2019-12-05,21.5850772857666
2019-12-06,21.785335540771484
2019-12-09,21.802749633789062
2019-12-10,21.733095169067383
2019-12-11,21.86370086669922
2019-12-12,21.611190795898438
2019-12-13,22.586395263671875
2019-12-16,22.943391799926758
2019-12-17,22.99563217163086
2019-12-18,23.37874984741211
2019-12-19,23.31780242919922
2019-12-20,23.27426528930664
2019-12-23,23.27426528930664
2019-12-24,23.30038833618164
2019-12-26,23.430992126464844
2019-12-27,23.430992126464844
2019-12-30,23.430992126464844
2019-12-31,23.74445152282715
2020-01-02,23.4658203125
2020-01-03,23.326509475708008
2020-01-06,23.291677474975586
2020-01-07,23.396169662475586
2020-01-08,23.19590187072754
2020-01-09,23.03046226501465
2020-01-10,22.899856567382812
2020-01-13,22.8824405670166
2020-01-14,23.213314056396484
2020-01-15,23.50935935974121
2020-01-16,23.55289077758789
2020-01-17,23.55289077758789
2020-01-21,23.518068313598633
2020-01-22,22.795373916625977
2020-01-23,23.448408126831055
2020-01-24,23.039167404174805
2020-01-27,22.821487426757812
2020-01-28,22.90856170654297
2020-01-29,23.143659591674805
2020-01-30,23.222021102905273
2020-01-31,23.056583404541016
2020-02-03,22.93468475341797
2020-02-04,23.091413497924805
2020-02-05,23.291677474975586
2020-02-06,23.38745880126953
2020-02-07,23.26555633544922
2020-02-10,23.38745880126953
2020-02-11,23.535478591918945
2020-02-12,23.61384391784668
2020-02-13,23.666086196899414
2020-02-14,23.666086196899414
2020-02-18,23.579015731811523
2020-02-19,23.262157440185547
2020-02-20,22.63726043701172
2020-02-21,22.241199493408203
2020-02-24,22.197187423706055
2020-02-25,21.554689407348633
2020-02-26,21.193828582763672
2020-02-27,21.264236450195312
2020-02-28,20.26087760925293
2020-03-02,20.90338134765625
2020-03-03,20.33129119873047
2020-03-04,20.96499252319336
2020-03-05,19.95282745361328
2020-03-06,18.96706771850586
2020-03-09,15.868968963623047
2020-03-10,16.46746253967285
2020-03-11,15.543316841125488
2020-03-12,13.08771800994873
2020-03-13,13.686214447021484
2020-03-16,10.984176635742188
2020-03-17,12.894087791442871
2020-03-18,10.975374221801758
2020-03-19,10.764139175415039
2020-03-20,10.984176635742188
2020-03-23,10.6497220993042
2020-03-24,11.99634075164795
2020-03-25,13.316553115844727
2020-03-26,13.985462188720703
2020-03-27,14.346319198608398
2020-03-30,14.284711837768555
2020-03-31,13.598200798034668
2020-04-01,12.42760944366455
2020-04-02,12.436410903930664
2020-04-03,11.829113006591797
2020-04-06,13.466179847717285
2020-04-07,13.615803718566895
2020-04-08,14.803995132446289
2020-04-09,15.675335884094238
2020-04-13,14.865607261657715
2020-04-14,14.962419509887695
2020-04-15,13.96785831451416
2020-04-16,13.89744758605957
2020-04-17,14.54875373840332
2020-04-20,13.862241744995117
2020-04-21,13.651009559631348
2020-04-22,14.249506950378418
2020-04-23,14.451939582824707
2020-04-24,14.68077564239502
2020-04-27,15.24406909942627
2020-04-28,15.323278427124023
2020-04-29,15.569719314575195
2020-04-30,14.988825798034668
2020-05-01,14.487144470214844
2020-05-04,14.399128913879395
2020-05-05,14.425535202026367
2020-05-06,14.064674377441406
2020-05-07,15.675335884094238
2020-05-08,16.361845016479492
2020-05-11,16.00098991394043
2020-05-12,15.657734870910645
2020-05-13,14.874406814575195
2020-05-14,15.20886516571045
2020-05-15,14.78639030456543
2020-05-18,15.393691062927246
2020-05-19,14.997625350952148
2020-05-20,15.024266242980957
2020-05-21,14.88219165802002
2020-05-22,15.024266242980957
2020-05-26,15.530401229858398
2020-05-27,15.539281845092773
2020-05-28,16.001022338867188
2020-05-29,15.787912368774414
2020-06-01,16.027660369873047
2020-06-02,16.072059631347656
2020-06-03,16.391721725463867
2020-06-04,16.027660369873047
2020-06-05,16.20525360107422
2020-06-08,16.951135635375977
2020-06-09,16.542675018310547
2020-06-10,16.329566955566406
2020-06-11,15.779031753540039
2020-06-12,15.983264923095703
2020-06-15,16.22300910949707
2020-06-16,16.329566955566406
2020-06-17,16.391721725463867
2020-06-18,16.294048309326172
2020-06-19,15.796789169311523
2020-06-22,16.027660369873047
2020-06-23,16.143095016479492
2020-06-24,16.276287078857422
2020-06-25,16.116456985473633
2020-06-26,15.716877937316895
2020-06-29,16.533798217773438
2020-06-30,16.578197479248047
2020-07-01,17.11096954345703
2020-07-02,17.279680252075195
2020-07-06,17.403995513916016
2020-07-07,17.30632209777832
2020-07-08,17.164247512817383
2020-07-09,16.826824188232422
2020-07-10,17.11096954345703
2020-07-13,17.05769157409668
2020-07-14,17.119844436645508
2020-07-15,17.137603759765625
2020-07-16,17.12873077392578
2020-07-17,17.634864807128906
2020-07-20,17.031051635742188
2020-07-21,17.22640609741211
2020-07-22,17.76805877685547
2020-07-23,17.945646286010742
2020-07-24,17.528305053710938
2020-07-27,16.933378219604492
2020-07-28,17.182003021240234
2020-07-29,17.253040313720703
2020-07-30,16.986652374267578
2020-07-31,16.88010025024414
2020-08-03,17.155364990234375
2020-08-04,17.30632209777832
2020-08-05,16.888978958129883
2020-08-06,17.99892807006836
2020-08-07,18.12324333190918
2020-08-10,18.629377365112305
2020-08-11,18.300840377807617
2020-08-12,18.114355087280273
2020-08-13,18.416269302368164
2020-08-14,18.23867416381836
2020-08-17,18.336349487304688
2020-08-18,17.9722900390625
2020-08-19,18.115421295166016
2020-08-20,17.73074722290039
2020-08-21,17.70391273498535
2020-08-24,18.088586807250977
2020-08-25,17.90072250366211
2020-08-26,17.56972312927246
2020-08-27,17.677074432373047
2020-08-28,17.847047805786133
2020-08-31,17.954397201538086
2020-09-01,17.891773223876953
2020-09-02,18.294342041015625
2020-09-03,18.02596664428711
2020-09-04,17.775480270385742
2020-09-08,17.328187942504883
2020-09-09,17.4713191986084
2020-09-10,17.399747848510742
2020-09-11,17.399747848510742
2020-09-14,17.480262756347656
2020-09-15,17.006134033203125
2020-09-16,17.659177780151367
2020-09-17,17.256620407104492
2020-09-18,16.9345645904541
2020-09-21,16.907726287841797
2020-09-22,16.916671752929688
2020-09-23,16.871944427490234
2020-09-24,16.907726287841797
2020-09-25,16.988239288330078
2020-09-28,17.015079498291016
2020-09-29,16.9971866607666
2020-09-30,17.310291290283203
2020-10-01,17.355024337768555
2020-10-02,17.829153060913086
2020-10-05,18.06174659729004
2020-10-06,18.401691436767578
2020-10-07,18.473255157470703
2020-10-08,19.072633743286133
2020-10-09,19.11736297607422
2020-10-12,19.33206558227539
2020-10-13,18.625335693359375
2020-10-14,18.598499298095703
2020-10-15,18.714797973632812
2020-10-16,18.652175903320312
2020-10-19,18.607444763183594
2020-10-20,19.090526580810547
2020-10-21,19.260499954223633
2020-10-22,19.743576049804688
2020-10-23,19.88671112060547
2020-10-26,19.7972469329834
2020-10-27,19.976167678833008
2020-10-28,19.05474281311035
2020-10-29,19.215768814086914
2020-10-30,18.90266227722168
2020-11-02,19.206817626953125
2020-11-03,19.493087768554688
2020-11-04,19.287334442138672
2020-11-05,20.28032684326172
2020-11-06,20.450300216674805
2020-11-09,21.228593826293945
2020-11-10,21.55959129333496
2020-11-11,21.53275489807129
2020-11-12,20.96916389465332
2020-11-13,21.69377899169922
2020-11-16,22.44523048400879
2020-11-17,22.516803741455078
2020-11-18,21.37386131286621
2020-11-19,21.08587646484375
2020-11-20,21.112873077392578
2020-11-23,21.58085060119629
2020-11-24,21.922832489013672
2020-11-25,22.057825088500977
2020-11-27,21.661848068237305
2020-11-30,20.86988639831543
2020-12-01,20.54590606689453
2020-12-02,20.635902404785156
2020-12-03,20.509910583496094
2020-12-04,20.572904586791992
2020-12-07,20.82488441467285
2020-12-08,20.248918533325195
2020-12-09,20.005935668945312
2020-12-10,19.61895179748535
2020-12-11,19.573951721191406
2020-12-14,19.47496223449707
2020-12-15,20.01493263244629
2020-12-16,19.68195152282715
2020-12-17,19.690950393676758
2020-12-18,19.68195152282715
2020-12-21,18.94399070739746
2020-12-22,18.73699951171875
2020-12-23,19.348968505859375
2020-12-24,19.42096519470215
2020-12-28,19.267974853515625
2020-12-29,19.168977737426758
2020-12-30,19.276979446411133
2020-12-31,19.47496223449707
2021-01-04,19.204980850219727
2021-01-05,19.411962509155273
2021-01-06,19.753948211669922
2021-01-07,18.791000366210938
2021-01-08,18.638010025024414
2021-01-11,18.710002899169922
2021-01-12,18.629005432128906
2021-01-13,18.73699951171875
2021-01-14,18.763999938964844
2021-01-15,19.312971115112305
2021-01-19,19.51995849609375
2021-01-20,19.33097267150879
2021-01-21,19.51995849609375
2021-01-22,19.294971466064453
2021-01-25,19.50196075439453
2021-01-26,19.753948211669922
2021-01-27,18.772998809814453
2021-01-28,19.42096519470215
2021-01-29,18.9799861907959
2021-02-01,19.114974975585938
2021-02-02,19.348968505859375
2021-02-03,19.033985137939453
2021-02-04,19.28597068786621
2021-02-05,19.25897216796875
2021-02-08,18.92599105834961
2021-02-09,19.150976181030273
2021-02-10,19.312971115112305
2021-02-11,19.123977661132812
2021-02-12,19.2409725189209
2021-02-16,19.384967803955078
2021-02-17,19.520971298217773
2021-02-18,19.76577377319336
2021-02-19,19.430301666259766
2021-02-22,18.7412166595459
2021-02-23,18.840953826904297
2021-02-24,18.868152618408203
2021-02-25,17.90706443786621
2021-02-26,17.62599754333496
2021-03-01,17.771068572998047
2021-03-02,17.743865966796875
2021-03-03,17.63506317138672
2021-03-04,18.015867233276367
2021-03-05,18.73215103149414
2021-03-08,18.868152618408203
2021-03-09,18.949758529663086
2021-03-10,19.330568313598633
2021-03-11,19.303367614746094
2021-03-12,19.91991424560547
2021-03-15,20.463924407958984
2021-03-16,20.34605598449707
2021-03-17,20.19191551208496
2021-03-18,19.892711639404297
2021-03-19,20.182849884033203
2021-03-22,19.910844802856445
2021-03-23,19.83831214904785
2021-03-24,19.720441818237305
2021-03-25,20.219118118286133
2021-03-26,19.91991424560547
2021-03-29,20.53645896911621
2021-03-30,20.672460556030273
2021-03-31,20.53645896911621
2021-04-01,20.53645896911621
2021-04-05,20.79939842224121
2021-04-06,21.071401596069336
2021-04-07,21.180208206176758
2021-04-08,21.062334060668945
2021-04-09,21.071401596069336
2021-04-12,21.16207504272461
2021-04-13,21.452213287353516
2021-04-14,21.49754524230957
2021-04-15,21.80582046508789
2021-04-16,21.81488800048828
2021-04-19,21.56101417541504
2021-04-20,21.969024658203125
2021-04-21,22.023426055908203
2021-04-22,21.91461753845215
2021-04-23,21.87835693359375
2021-04-26,21.75141716003418
2021-04-27,21.58821678161621
2021-04-28,21.706087112426758
2021-04-29,22.222900390625
2021-04-30,22.204763412475586
2021-05-03,22.141292572021484
2021-05-04,22.268226623535156
2021-05-05,22.014362335205078
2021-05-06,22.105024337768555
2021-05-07,22.204763412475586
2021-05-10,22.213829040527344
2021-05-11,21.724218368530273
2021-05-12,21.443145751953125
2021-05-13,22.186628341674805
2021-05-14,22.685306549072266
2021-05-17,22.694374084472656
2021-05-18,22.39516830444336
2021-05-19,22.340410232543945
2021-05-20,22.541183471679688
2021-05-21,22.550308227539062
2021-05-24,22.84234046936035
2021-05-25,22.760204315185547
2021-05-26,22.91535186767578
2021-05-27,22.887971878051758
2021-05-28,23.0887393951416
2021-06-01,22.91535186767578
2021-06-02,22.8970947265625
2021-06-03,23.170875549316406
2021-06-04,23.18000030517578
2021-06-07,23.344270706176758
2021-06-08,23.234758377075195
2021-06-09,23.517662048339844
2021-06-10,23.68193244934082
2021-06-11,23.86444664001465
2021-06-14,23.709304809570312
2021-06-15,23.71843719482422
2021-06-16,23.298641204833984
2021-06-17,23.125246047973633
2021-06-18,22.47730255126953
2021-06-21,22.760204315185547
2021-06-22,22.623315811157227
2021-06-23,22.541183471679688
2021-06-24,22.36779022216797
2021-06-25,22.586811065673828
2021-06-28,22.47730255126953
2021-06-29,22.34953498840332
2021-06-30,22.376914978027344
2021-07-01,22.56856346130371
2021-07-02,22.732824325561523
2021-07-06,22.714576721191406
2021-07-07,22.824087142944336
2021-07-08,23.052242279052734
2021-07-09,23.24388313293457
2021-07-12,23.006608963012695
2021-07-13,22.522932052612305
2021-07-14,22.605066299438477
2021-07-15,23.10698890686035
2021-07-16,23.3533935546875
2021-07-19,22.69632339477539
2021-07-20,23.03398895263672
2021-07-21,22.970104217529297
2021-07-22,22.84234046936035
2021-07-23,22.979230880737305
2021-07-26,23.134368896484375
2021-07-27,23.444658279418945
2021-07-28,23.417278289794922
2021-07-29,23.554168701171875
2021-07-30,23.234758377075195
2021-08-02,23.3168888092041
2021-08-03,23.60892105102539
2021-08-04,23.45378303527832
2021-08-05,23.946584701538086
2021-08-06,24.165607452392578
2021-08-09,24.220365524291992
2021-08-10,24.29337501525879
2021-08-11,24.466764450073242
2021-08-12,24.412010192871094
2021-08-13,24.548898696899414
2021-08-16,24.448514938354492
2021-08-17,24.503271102905273
2021-08-18,24.237030029296875
2021-08-19,23.796356201171875
2021-08-20,24.18194580078125
2021-08-23,24.035057067871094
2021-08-24,23.72290802001953
2021-08-25,23.612741470336914
2021-08-26,23.291418075561523
2021-08-27,23.520936965942383
2021-08-30,23.300600051879883
2021-08-31,23.034358978271484
2021-09-01,23.419946670532227
2021-09-02,23.65864372253418
2021-09-03,23.81471824645996
2021-09-07,23.686189651489258
2021-09-08,24.30129623413086
2021-09-09,24.383922576904297
2021-09-10,24.07177734375
2021-09-13,24.016693115234375
2021-09-14,23.557661056518555
2021-09-15,23.043537139892578
2021-09-16,22.612049102783203
2021-09-17,22.428430557250977
2021-09-20,22.68549156188965
2021-09-21,22.878286361694336
2021-09-22,22.547780990600586
2021-09-23,22.76811981201172
2021-09-24,23.328144073486328
2021-09-27,23.337324142456055
2021-09-28,22.90583038330078
2021-09-29,23.052724838256836
2021-09-30,22.58450698852539
2021-10-01,22.859922409057617
2021-10-04,23.401586532592773
2021-10-05,23.383222579956055
2021-10-06,23.677005767822266
2021-10-07,23.47503089904785
2021-10-08,23.447486877441406
2021-10-11,23.447486877441406
2021-10-12,23.906526565551758
2021-10-13,23.77799415588379
2021-10-14,24.393102645874023
2021-10-15,24.558353424072266
2021-10-18,24.04423713684082
2021-10-19,24.016693115234375
2021-10-20,24.448184967041016
2021-10-21,24.3380184173584
2021-10-22,24.365562438964844
2021-10-25,24.57671546936035
2021-10-26,24.49408721923828
2021-10-27,24.154403686523438
2021-10-28,24.13604164123535
2021-10-29,23.906526565551758
2021-11-01,24.13604164123535
2021-11-02,24.04423713684082
2021-11-03,24.13604164123535
2021-11-04,24.328838348388672
2021-11-05,24.484905242919922
2021-11-08,24.347198486328125
2021-11-09,24.347198486328125
2021-11-10,24.40228271484375
2021-11-11,24.57671546936035
2021-11-12,24.420642852783203
2021-11-15,24.741968154907227
2021-11-16,24.585895538330078
2021-11-17,24.669050216674805
2021-11-18,24.410348892211914
2021-11-19,24.530460357666016
2021-11-22,24.59514045715332
2021-11-23,24.58589744567871
2021-11-24,24.73372459411621
2021-11-26,24.234798431396484
2021-11-29,24.567415237426758
2021-11-30,23.93914031982422
2021-12-01,23.800548553466797
2021-12-02,24.225561141967773
2021-12-03,24.900033950805664
2021-12-06,25.61145782470703
2021-12-07,25.75929069519043
2021-12-08,25.52830696105957
2021-12-09,25.445154190063477
2021-12-10,25.75005340576172
2021-12-13,25.87016487121582
2021-12-14,25.703855514526367
2021-12-15,25.95331573486328
2021-12-16,25.851686477661133
2021-12-17,24.927749633789062
2021-12-20,24.946231842041016
2021-12-21,25.22340965270996
2021-12-22,25.38971710205078
2021-12-23,25.426677703857422
2021-12-27,25.482114791870117
2021-12-28,25.7315731048584
2021-12-29,25.823970794677734
2021-12-30,25.713096618652344
2021-12-31,25.78700828552246
2022-01-03,25.519067764282227
2022-01-04,25.362003326416016
2022-01-05,25.306564331054688
2022-01-06,25.546781539916992
2022-01-07,25.5560245513916
2022-01-10,25.58374786376953
2022-01-11,25.315805435180664
2022-01-12,25.334280014038086
2022-01-13,25.45439338684082
2022-01-14,25.509830474853516
2022-01-18,25.260366439819336
2022-01-19,25.269601821899414
2022-01-20,25.1402530670166
2022-01-21,25.260366439819336
2022-01-24,25.09406089782715
2022-01-25,25.20492935180664
2022-01-26,25.22340965270996
2022-01-27,25.288089752197266
2022-01-28,25.740812301635742
2022-01-31,26.202783584594727
2022-02-01,25.944076538085938
2022-02-02,26.165822982788086
2022-02-03,26.008752822875977
2022-02-04,25.768529891967773
2022-02-07,25.944076538085938
2022-02-08,26.04570960998535
2022-02-09,26.10114860534668
2022-02-10,25.519067764282227
2022-02-11,25.315805435180664
2022-02-14,24.863073348999023
2022-02-15,24.84459686279297
2022-02-16,24.99336814880371
2022-02-17,24.92827606201172
2022-02-18,24.742319107055664
2022-02-22,25.29090690612793
2022-02-23,24.630739212036133
2022-02-24,24.686527252197266
2022-02-25,25.45827293395996
2022-02-28,25.430376052856445
2022-03-01,24.99336814880371
2022-03-02,25.77440643310547
2022-03-03,26.257911682128906
2022-03-04,26.955272674560547
2022-03-07,26.713523864746094
2022-03-08,26.536855697631836
2022-03-09,26.388084411621094
2022-03-10,26.685623168945312
2022-03-11,26.453176498413086
2022-03-14,26.415979385375977
2022-03-15,26.852991104125977
2022-03-16,26.84369659423828
2022-03-17,27.038951873779297
2022-03-18,27.011056900024414
2022-03-21,27.401578903198242
2022-03-22,27.401578903198242
2022-03-23,27.541051864624023
2022-03-24,27.68982696533203
2022-03-25,28.27560043334961
2022-03-28,28.247709274291992
2022-03-29,28.63823127746582
2022-03-30,28.61963653564453
2022-03-31,28.48946189880371
2022-04-01,28.963666915893555
2022-04-04,28.75910758972168
2022-04-05,28.852088928222656
2022-04-06,29.540151596069336
2022-04-07,29.763307571411133
2022-04-08,30.20961570739746
2022-04-11,29.967863082885742
2022-04-12,29.986459732055664
2022-04-13,30.051546096801758
2022-04-14,30.125932693481445
2022-04-18,30.014352798461914
2022-04-19,29.91207504272461
2022-04-20,30.451370239257812
2022-04-21,29.995756149291992
2022-04-22,29.59593963623047
2022-04-25,29.52155876159668
2022-04-26,29.093841552734375
2022-04-27,29.131032943725586
2022-04-28,29.233314514160156
2022-04-29,28.461566925048828
2022-05-02,28.098939895629883
2022-05-03,28.396480560302734
2022-05-04,29.140329360961914
2022-05-05,28.76840591430664
2022-05-06,28.57314682006836
2022-05-09,28.247709274291992
2022-05-10,28.3406925201416
2022-05-11,28.26630401611328
2022-05-12,28.257007598876953
2022-05-13,28.852088928222656
2022-05-16,28.79629898071289
2022-05-17,29.16822624206543
2022-05-18,28.67274284362793
2022-05-19,28.66339111328125
2022-05-20,28.58860206604004
2022-05-23,28.8316707611084
2022-05-24,29.27106285095215
2022-05-25,29.766550064086914
2022-05-26,29.897430419921875
2022-05-27,30.308778762817383
2022-05-31,29.962871551513672
2022-06-01,29.97222328186035
2022-06-02,30.00961685180664
2022-06-03,29.607616424560547
2022-06-06,29.486085891723633
2022-06-07,29.981569290161133
2022-06-08,29.27106285095215
2022-06-09,28.61664581298828
2022-06-10,28.158559799194336
2022-06-13,26.774932861328125
2022-06-14,25.80265998840332
2022-06-15,26.28879737854004
2022-06-16,25.653079986572266
2022-06-17,25.615686416625977
2022-06-21,25.942895889282227
2022-06-22,25.98963737487793
2022-06-23,26.41033172607422
2022-06-24,26.971261978149414
2022-06-27,27.102142333984375
2022-06-28,27.195629119873047
2022-06-29,27.22368049621582
2022-06-30,27.65372085571289
2022-07-01,28.513809204101562
2022-07-05,27.195629119873047
2022-07-06,27.429351806640625
2022-07-07,27.401304244995117
2022-07-08,27.457399368286133
2022-07-11,27.606979370117188
2022-07-12,27.522838592529297
2022-07-13,27.186279296875
2022-07-14,27.22368049621582
2022-07-15,27.6817684173584
2022-07-18,27.635025024414062
2022-07-19,27.812652587890625
2022-07-20,27.466745376586914
2022-07-21,27.41065216064453
2022-07-22,27.76590919494629
2022-07-25,28.139860153198242
2022-07-26,28.513809204101562
2022-07-27,28.56055450439453
2022-07-28,29.44869041442871
2022-07-29,29.626317977905273
2022-08-01,29.570222854614258
2022-08-02,29.63566780090332
2022-08-03,29.626317977905273
2022-08-04,29.34585189819336
2022-08-05,29.42064666748047
2022-08-08,29.523479461669922
2022-08-09,29.990921020507812
2022-08-10,29.981569290161133
2022-08-11,29.831987380981445
2022-08-12,30.383569717407227
2022-08-15,30.561193466186523
2022-08-16,30.692079544067383
2022-08-17,30.56047248840332
2022-08-18,30.635677337646484
2022-08-19,30.692081451416016
2022-08-22,30.10926055908203
2022-08-23,29.99645233154297
2022-08-24,30.33486557006836
2022-08-25,30.42886734008789
2022-08-26,29.846050262451172
2022-08-29,30.165660858154297
2022-08-30,29.752044677734375
2022-08-31,29.63924217224121
2022-09-01,30.034055709838867
2022-09-02,29.874248504638672
2022-09-06,29.799049377441406
2022-09-07,30.710878372192383
2022-09-08,30.739078521728516
2022-09-09,30.880083084106445
2022-09-12,31.115089416503906
2022-09-13,30.41006851196289
2022-09-14,30.786087036132812
2022-09-15,30.250263214111328
2022-09-16,30.11865997314453
2022-09-19,30.513469696044922
2022-09-20,30.0716552734375
2022-09-21,30.034055709838867
2022-09-22,29.761444091796875
2022-09-23,29.667442321777344
2022-09-26,28.68040657043457
2022-09-27,28.097591400146484
2022-09-28,28.341995239257812
2022-09-29,27.11055564880371
2022-09-30,26.490129470825195
2022-10-03,27.11055564880371
2022-10-04,27.665172576904297
2022-10-05,27.082351684570312
2022-10-06,25.700502395629883
2022-10-07,25.20228385925293
2022-10-10,25.0988826751709
2022-10-11,25.004878997802734
2022-10-12,24.017841339111328
2022-10-13,24.48785972595215
2022-10-14,24.328052520751953
2022-10-17,24.675867080688477
2022-10-18,25.34328842163086
2022-10-19,25.38089370727539
2022-10-20,25.004878997802734
2022-10-21,25.39029312133789
2022-10-24,25.57829475402832
2022-10-25,25.991910934448242
2022-10-26,25.944910049438477
2022-10-27,26.311525344848633
2022-10-28,27.082351684570312
2022-10-31,26.894346237182617
2022-11-01,26.649940490722656
2022-11-02,26.424325942993164
2022-11-03,26.3303279876709
2022-11-04,26.772138595581055
2022-11-07,26.2363224029541
2022-11-08,26.46192741394043
2022-11-09,26.499530792236328
2022-11-10,27.636974334716797
2022-11-11,27.383163452148438
2022-11-14,27.383163452148438
2022-11-15,27.383163452148438
2022-11-16,27.846643447875977
2022-11-17,27.61017608642578
2022-11-18,28.064191818237305
2022-11-21,28.281747817993164
2022-11-22,28.801979064941406
2022-11-23,29.142494201660156
2022-11-25,29.36004638671875
2022-11-28,29.18979263305664
2022-11-29,28.924943923950195
2022-11-30,29.426258087158203
2022-12-01,29.350587844848633
2022-12-02,29.010074615478516
2022-12-05,28.801979064941406
2022-12-06,29.151952743530273
2022-12-07,28.74522590637207
2022-12-08,28.707393646240234
2022-12-09,28.801979064941406
2022-12-12,29.3316707611084
2022-12-13,29.23708152770996
2022-12-14,29.274919509887695
2022-12-15,28.97223663330078
2022-12-16,28.385793685913086
2022-12-19,28.35741424560547
2022-12-20,28.347957611083984
2022-12-21,28.87765121459961
2022-12-22,28.669559478759766
2022-12-23,29.028993606567383
2022-12-27,29.24654197692871
2022-12-28,28.868192672729492
2022-12-29,28.83035659790039
2022-12-30,28.36687660217285
2023-01-03,27.960147857666016
2023-01-04,28.045276641845703
2023-01-05,27.411540985107422
2023-01-06,28.36687660217285
2023-01-09,28.820898056030273
2023-01-10,28.90602684020996
2023-01-11,29.464094161987305
2023-01-12,29.388425827026367
2023-01-13,29.615432739257812
2023-01-17,29.39788246154785
2023-01-18,28.74522590637207
2023-01-19,28.641183853149414
2023-01-20,28.480382919311523
2023-01-23,28.376333236694336
2023-01-24,28.55605125427246
2023-01-25,28.414169311523438
2023-01-26,28.376333236694336
2023-01-27,28.130407333374023
2023-01-30,28.224992752075195
2023-01-31,28.48984146118164
2023-02-01,28.47092628479004
2023-02-02,28.168243408203125
2023-02-03,27.6196346282959
2023-02-06,27.742597579956055
2023-02-07,28.0074405670166
2023-02-08,27.468290328979492
2023-02-09,27.099401473999023
2023-02-10,27.723678588867188
2023-02-13,27.875017166137695
2023-02-14,27.695302963256836
2023-02-15,27.733383178710938
2023-02-16,27.65721893310547
2023-02-17,27.80954933166504
2023-02-21,27.5239315032959
2023-02-22,27.46681022644043
2023-02-23,27.40968894958496
2023-02-24,27.200233459472656
2023-02-27,27.10502815246582
2023-02-28,26.486190795898438
2023-03-01,26.048248291015625
2023-03-02,26.648040771484375
2023-03-03,27.04790687561035
2023-03-06,27.152631759643555
2023-03-07,26.476669311523438
2023-03-08,26.638521194458008
2023-03-09,26.543315887451172
2023-03-10,26.238656997680664
2023-03-13,26.85749053955078
2023-03-14,27.314481735229492
2023-03-15,27.695302963256836
2023-03-16,27.923797607421875
2023-03-17,27.65721893310547
2023-03-20,27.752426147460938
2023-03-21,26.886058807373047
2023-03-22,26.324342727661133
2023-03-23,26.01016616821289
2023-03-24,26.981260299682617
2023-03-27,27.133586883544922
2023-03-28,27.295440673828125
2023-03-29,27.895233154296875
2023-03-30,27.933319091796875
2023-03-31,28.047561645507812
2023-04-03,27.942838668823242
2023-04-04,28.028522491455078
2023-04-05,28.932971954345703
2023-04-06,29.294755935668945
2023-04-10,29.20907211303711
2023-04-11,29.161466598510742
2023-04-12,29.199552536010742
2023-04-13,29.237632751464844
2023-04-14,28.942495346069336
2023-04-17,29.170988082885742
2023-04-18,28.78064727783203
2023-04-19,29.047224044799805
2023-04-20,29.028181076049805
2023-04-21,29.06626319885254
2023-04-24,29.33283805847168
2023-04-25,29.35188102722168
2023-04-26,28.894893646240234
2023-04-27,29.34235954284668
2023-04-28,29.009138107299805
2023-05-01,29.20907211303711
2023-05-02,28.609277725219727
2023-05-03,28.51407241821289
2023-05-04,28.752086639404297
2023-05-05,29.056745529174805
2023-05-08,28.799686431884766
2023-05-09,28.761606216430664
2023-05-10,28.8282527923584
2023-05-11,28.475988388061523
2023-05-12,28.609277725219727
2023-05-15,28.09516716003418
2023-05-16,27.552494049072266
2023-05-17,27.523746490478516
2023-05-18,27.255409240722656
2023-05-19,27.399160385131836
2023-05-22,27.36082649230957
2023-05-23,27.657913208007812
2023-05-24,27.42791175842285
2023-05-25,27.08290672302246
2023-05-26,27.15957260131836
2023-05-30,27.00623893737793
2023-05-31,27.03498649597168
2023-06-01,27.197906494140625
2023-06-02,27.40874671936035
2023-06-05,27.552494049072266
2023-06-06,27.370407104492188
2023-06-07,27.763330459594727
2023-06-08,27.926250457763672
2023-06-09,27.74416732788086
2023-06-12,27.907085418701172
2023-06-13,27.97416877746582
2023-06-14,27.820833206176758
2023-06-15,28.05083465576172
2023-06-16,27.964588165283203
2023-06-20,27.868749618530273
2023-06-21,28.204172134399414
2023-06-22,27.897502899169922
2023-06-23,27.28415870666504
2023-06-26,27.715415954589844
2023-06-27,27.99333381652832
2023-06-28,27.533329010009766
2023-06-29,27.523746490478516
2023-06-30,27.935834884643555
2023-07-03,28.223337173461914
2023-07-05,28.395841598510742
2023-07-06,28.232921600341797
2023-07-07,28.252090454101562
2023-07-10,28.232921600341797
2023-07-11,28.635427474975586
2023-07-12,29.095434188842773
2023-07-13,29.162521362304688
2023-07-14,28.865432739257812
2023-07-17,28.44375991821289
2023-07-18,28.213756561279297
2023-07-19,28.577930450439453
2023-07-20,29.10502052307129
2023-07-21,29.622526168823242
2023-07-24,29.584192276000977
2023-07-25,29.804611206054688
2023-07-26,29.90044593811035
2023-07-27,29.095434188842773
2023-07-28,28.846267700195312
2023-07-31,28.836681365966797
2023-08-01,28.261674880981445
2023-08-02,28.50126075744629
2023-08-03,28.127506256103516
2023-08-04,27.820833206176758
2023-08-07,27.792083740234375
2023-08-08,27.715415954589844
2023-08-09,27.782495498657227
2023-08-10,27.552494049072266
2023-08-11,27.74416732788086
2023-08-14,27.57166290283203
2023-08-15,27.073320388793945
2023-08-16,27.121562957763672
2023-08-17,27.015430450439453
2023-08-18,27.19875144958496
2023-08-21,27.285585403442383
2023-08-22,27.26628875732422
2023-08-23,27.1698055267334
2023-08-24,26.87070655822754
2023-08-25,27.227697372436523
2023-08-28,27.227697372436523
2023-08-29,27.140859603881836
2023-08-30,26.938243865966797
2023-08-31,26.909299850463867
2023-09-01,26.677738189697266
2023-09-05,26.368993759155273
2023-09-06,26.39793586730957
2023-09-07,26.96718978881836
2023-09-08,27.29523468017578
2023-09-11,27.314531326293945
2023-09-12,27.304882049560547
2023-09-13,27.63292694091797
2023-09-14,27.96097183227539
2023-09-15,28.05745506286621
2023-09-18,28.1249942779541
2023-09-19,27.96097183227539
2023-09-20,27.806598663330078
2023-09-21,27.39171600341797
2023-09-22,27.304882049560547
2023-09-25,27.29523468017578
2023-09-26,26.330398559570312
2023-09-27,26.195322036743164
2023-09-28,25.761144638061523
2023-09-29,25.905868530273438
2023-10-02,24.844547271728516
2023-10-03,25.423450469970703
2023-10-04,25.60677146911621
2023-10-05,25.6839599609375
2023-10-06,25.925167083740234
2023-10-09,26.330398559570312
2023-10-10,26.504070281982422
2023-10-11,26.77422332763672
2023-10-12,26.561960220336914
2023-10-13,26.60055160522461
2023-10-16,26.80316925048828
2023-10-17,26.957544326782227
2023-10-18,26.706684112548828
2023-10-19,26.504070281982422
2023-10-20,26.185670852661133
2023-10-23,25.85762596130371
2023-10-24,26.359342575073242
2023-10-25,26.494421005249023
2023-10-26,26.629497528076172
2023-10-27,25.751495361328125
2023-10-30,25.944461822509766
2023-10-31,25.934812545776367
2023-11-01,26.359342575073242
2023-11-02,26.52336311340332
2023-11-03,26.4268798828125
2023-11-06,26.282155990600586
2023-11-07,26.233915328979492
2023-11-08,25.915517807006836
2023-11-09,25.819034576416016
2023-11-10,26.1663761138916
2023-11-13,25.79008674621582
2023-11-14,26.69703483581543
2023-11-15,26.658161163330078
2023-11-16,26.881689071655273
2023-11-17,27.01774787902832
2023-11-20,26.813657760620117
2023-11-21,26.7261905670166
2023-11-22,27.008031845092773
2023-11-24,27.144092559814453
2023-11-27,27.163528442382812
2023-11-28,27.357900619506836
2023-11-29,27.10521697998047
2023-11-30,27.47452735900879
2023-12-01,27.97989273071289
2023-12-04,28.038204193115234
2023-12-05,27.75636100769043
2023-12-06,27.970176696777344
2023-12-07,27.950735092163086
2023-12-08,27.9604549407959
2023-12-11,28.232574462890625
2023-12-12,28.193702697753906
2023-12-13,29.350217819213867
2023-12-14,28.86428451538086
2023-12-15,28.047922134399414
2023-12-18,27.99932861328125
2023-12-19,28.154827117919922
2023-12-20,27.503679275512695
2023-12-21,27.503679275512695
2023-12-22,27.5814266204834
2023-12-26,27.69805335998535
2023-12-27,27.5814266204834
2023-12-28,27.75636100769043
2023-12-29,27.766082763671875
2024-01-02,28.193702697753906
2024-01-03,28.31032371520996
2024-01-04,28.26173210144043
2024-01-05,28.4172306060791
2024-01-08,28.58244514465332
2024-01-09,28.40751075744629
2024-01-10,28.42694854736328
2024-01-11,27.552274703979492
2024-01-12,27.766082763671875
2024-01-16,27.72720718383789
2024-01-17,27.260711669921875
2024-01-18,26.98859214782715
2024-01-19,26.98859214782715
2024-01-22,26.69703483581543
2024-01-23,26.7261905670166
2024-01-24,26.376319885253906
2024-01-25,26.745628356933594
2024-01-26,26.794219970703125
2024-01-29,27.124652862548828
2024-01-30,27.182964324951172
2024-01-31,27.153810501098633
2024-02-01,27.5814266204834
2024-02-02,27.163528442382812
2024-02-05,26.755348205566406
2024-02-06,26.833097457885742
2024-02-07,26.794219970703125
2024-02-08,26.658161163330078
2024-02-09,26.755348205566406
2024-02-12,26.96915626525879
2024-02-13,26.667879104614258
2024-02-14,26.775569915771484
2024-02-15,27.284648895263672
2024-02-16,27.294435501098633
2024-02-20,27.206329345703125
2024-02-21,27.686037063598633
2024-02-22,27.284648895263672
2024-02-23,27.323806762695312
2024-02-26,26.72661781311035
2024-02-27,27.06926727294922
2024-02-28,26.9028377532959
2024-02-29,26.92241668701172
2024-03-01,26.863677978515625
2024-03-04,27.35317611694336
2024-03-05,27.30422592163086
2024-03-06,27.705615997314453
2024-03-07,27.715404510498047
2024-03-08,27.7349853515625
2024-03-11,27.920995712280273
2024-03-12,27.539186477661133
2024-03-13,27.411916732788086
2024-03-14,27.30422592163086
2024-03-15,27.284648895263672
2024-03-18,27.35317611694336
2024-03-19,27.588136672973633
2024-03-20,27.509817123413086
2024-03-21,27.40212631225586
2024-03-22,27.245487213134766
2024-03-25,27.02031707763672
2024-03-26,26.65808868408203
2024-03-27,27.69582748413086
2024-03-28,27.891624450683594
2024-04-01,27.823095321655273
2024-04-02,27.842676162719727
2024-04-03,27.558767318725586
2024-04-04,27.509817123413086
2024-04-05,27.460865020751953
2024-04-08,27.627296447753906
2024-04-09,27.686037063598633
2024-04-10,26.795148849487305
2024-04-11,27.0007381439209
2024-04-12,26.883256912231445
2024-04-15,26.82451820373535
2024-04-16,26.648300170898438
2024-04-17,27.11821937561035
2024-04-18,27.36296844482422
2024-04-19,27.9307861328125
2024-04-22,28.175535202026367
2024-04-23,28.126585006713867
2024-04-24,28.459442138671875
2024-04-25,28.723772048950195
2024-04-26,28.244064331054688
2024-04-29,28.606292724609375
2024-04-30,28.527973175048828
2024-05-01,28.704193115234375
2024-05-02,28.78251075744629
2024-05-03,28.831462860107422
2024-05-06,28.704193115234375
2024-05-07,28.978313446044922
2024-05-08,28.841251373291016
2024-05-09,29.164321899414062
2024-05-10,29.076213836669922
2024-05-13,29.037052154541016
2024-05-14,29.056631088256836
2024-05-15,29.332609176635742
2024-05-16,29.510026931762695
2024-05-17,29.648014068603516
2024-05-20,29.559309005737305
2024-05-21,29.973276138305664
2024-05-22,29.6283016204834
2024-05-23,28.928499221801758
2024-05-24,29.08620262145996
2024-05-28,29.115772247314453
2024-05-29,28.958066940307617
2024-05-30,29.312898635864258
2024-05-31,30.071840286254883
2024-06-03,30.308393478393555
2024-06-04,30.3971004486084
2024-06-05,29.99298858642578
2024-06-06,29.815574645996094
2024-06-07,29.736722946166992
2024-06-10,29.99298858642578
2024-06-11,30.37738609313965
2024-06-12,30.544946670532227
2024-06-13,30.456239700317383
2024-06-14,30.406957626342773
2024-06-17,30.24925422668457
2024-06-18,30.5548038482666
2024-06-20,30.83078384399414
2024-06-21,30.5548038482666
2024-06-24,30.8603515625
2024-06-25,29.953561782836914
2024-06-26,30.061983108520508
2024-06-27,30.367530822753906
2024-06-28,30.53508949279785
2024-07-01,30.111265182495117
2024-07-02,30.02255630493164
2024-07-03,29.894424438476562
2024-07-05,30.052125930786133
2024-07-08,29.88456916809082
2024-07-09,29.20447540283203
2024-07-10,29.16505241394043
2024-07-11,29.253759384155273
2024-07-12,29.86485481262207
2024-07-15,27.87386703491211
2024-07-16,28.159700393676758
2024-07-17,28.228694915771484
2024-07-18,28.406108856201172
2024-07-19,28.553955078125
2024-07-22,28.544099807739258
2024-07-23,28.2878360748291
2024-07-24,28.603239059448242
2024-07-25,28.465248107910156
2024-07-26,28.938356399536133
2024-07-29,28.770797729492188
2024-07-30,28.100563049316406
2024-07-31,27.351476669311523
2024-08-01,27.7457332611084
2024-08-02,26.681241989135742
2024-08-05,25.557615280151367
2024-08-06,25.399913787841797
2024-08-07,25.261920928955078
2024-08-08,25.902587890625
2024-08-09,26.08985710144043
2024-08-12,25.82373809814453
2024-08-13,25.508331298828125
2024-08-14,25.399913787841797
2024-08-15,25.69791603088379
2024-08-16,25.61844825744629
2024-08-19,25.866785049438477
2024-08-20,25.638315200805664
2024-08-21,25.96611976623535
2024-08-22,26.760799407958984
2024-08-23,26.591930389404297
2024-08-26,26.999202728271484
2024-08-27,27.0389347076416
2024-08-28,27.01906967163086
2024-08-29,26.89986801147461
2024-08-30,27.1184024810791
2024-09-03,27.307140350341797
2024-09-04,27.466075897216797
2024-09-05,27.57534408569336
2024-09-06,27.09853744506836
2024-09-09,27.227672576904297
2024-09-10,27.36673927307129
2024-09-11,27.764080047607422
2024-09-12,27.406475067138672
2024-09-13,27.744213104248047
2024-09-16,28.022350311279297
2024-09-17,28.13161849975586
2024-09-18,28.022350311279297
2024-09-19,28.072017669677734
2024-09-20,27.982616424560547
2024-09-23,28.73756217956543
2024-09-24,28.48922348022461
2024-09-25,28.429624557495117
2024-09-26,28.747495651245117
2024-09-27,28.906431198120117
2024-09-30,29.224302291870117
2024-10-01,29.69117546081543
2024-10-02,29.85011100769043
2024-10-03,30.098447799682617
2024-10-04,30.316984176635742
2024-10-07,29.442838668823242
2024-10-08,29.273967742919922
2024-10-09,29.29383659362793
2024-10-10,29.29383659362793
2024-10-11,29.37330436706543
2024-10-14,29.581907272338867
2024-10-15,29.760709762573242
2024-10-16,29.909711837768555
2024-10-17,29.979246139526367
2024-10-18,29.909711837768555
2024-10-21,29.88984489440918
2024-10-22,29.591840744018555
2024-10-23,29.552106857299805
2024-10-24,29.283903121948242
2024-10-25,29.115032196044922
2024-10-28,29.552106857299805
2024-10-29,29.234235763549805
2024-10-30,29.065366744995117
2024-10-31,29.33357048034668
2024-11-01,28.389888763427734
2024-11-04,28.826963424682617
2024-11-05,29.353435516357422
2024-11-06,28.826963424682617
2024-11-07,29.17463493347168
2024-11-08,30.187849044799805
2024-11-11,29.860044479370117
2024-11-12,30.237516403198242
2024-11-13,30.20771598815918
2024-11-14,29.780576705932617
2024-11-15,30.65472412109375
2024-11-18,30.942792892456055
2024-11-19,31.191131591796875
2024-11-20,31.360000610351562
2024-11-21,31.729999542236328
2024-11-22,31.93000030517578
2024-11-25,32.47999954223633
2024-11-26,32.529998779296875
2024-11-27,32.65999984741211
2024-11-29,32.619998931884766
2024-12-02,31.989999771118164
2024-12-03,32.130001068115234
2024-12-04,32.29999923706055
2024-12-05,31.989999771118164
2024-12-06,31.65999984741211
2024-12-09,31.360000610351562
2024-12-10,31.3799991607666
2024-12-11,31.40999984741211
2024-12-12,31.90999984741211
2024-12-13,31.940000534057617
2024-12-16,32.06999969482422
2024-12-17,31.709999084472656
