,CRM
2014-01-02,54.61753463745117
2014-01-03,54.87638473510742
2014-01-06,53.99031448364258
2014-01-07,54.70713424682617
2014-01-08,56.68833923339844
2014-01-09,56.04121398925781
2014-01-10,56.698299407958984
2014-01-13,55.96156692504883
2014-01-14,57.25581741333008
2014-01-15,59.456058502197266
2014-01-16,58.948307037353516
2014-01-17,59.595436096191406
2014-01-21,60.68061828613281
2014-01-22,60.86977767944336
2014-01-23,59.8144645690918
2014-01-24,58.14189147949219
2014-01-27,56.82772445678711
2014-01-28,59.10759735107422
2014-01-29,57.703834533691406
2014-01-30,60.700531005859375
2014-01-31,60.262474060058594
2014-02-03,58.211578369140625
2014-02-04,60.690574645996094
2014-02-05,61.35761260986328
2014-02-06,61.42730712890625
2014-02-07,61.2779655456543
2014-02-10,60.77021789550781
2014-02-11,60.95937728881836
2014-02-12,61.208274841308594
2014-02-13,62.85098648071289
2014-02-14,62.522438049316406
2014-02-18,63.44832992553711
2014-02-19,62.74147033691406
2014-02-20,62.73151397705078
2014-02-21,63.3089485168457
2014-02-24,63.62753677368164
2014-02-25,63.37863540649414
2014-02-26,63.458290100097656
2014-02-27,65.92733001708984
2014-02-28,62.094337463378906
2014-03-03,61.218231201171875
2014-03-04,62.79124450683594
2014-03-05,63.3985481262207
2014-03-06,62.86093521118164
2014-03-07,60.4715461730957
2014-03-10,59.515785217285156
2014-03-11,60.750308990478516
2014-03-12,61.24809646606445
2014-03-13,58.79896926879883
2014-03-14,57.90294647216797
2014-03-17,58.06223678588867
2014-03-18,59.366451263427734
2014-03-19,58.1717529296875
2014-03-20,58.858707427978516
2014-03-21,56.7779426574707
2014-03-24,56.110904693603516
2014-03-25,56.399627685546875
2014-03-26,54.96598815917969
2014-03-27,55.722625732421875
2014-03-28,55.503597259521484
2014-03-31,56.837677001953125
2014-04-01,58.54011917114258
2014-04-02,57.89299392700195
2014-04-03,55.493648529052734
2014-04-04,54.16952133178711
2014-04-07,53.731468200683594
2014-04-08,54.96598815917969
2014-04-09,56.698299407958984
2014-04-10,54.308902740478516
2014-04-11,52.63632583618164
2014-04-14,53.54230499267578
2014-04-15,54.98589324951172
2014-04-16,55.732582092285156
2014-04-17,55.85205078125
2014-04-21,55.86200714111328
2014-04-22,56.82772445678711
2014-04-23,55.39408493041992
2014-04-24,54.48810577392578
2014-04-25,52.56663513183594
2014-04-28,48.91285705566406
2014-04-29,50.53565216064453
2014-04-30,51.421722412109375
2014-05-01,51.84981918334961
2014-05-02,52.208229064941406
2014-05-05,53.41288375854492
2014-05-06,51.551143646240234
2014-05-07,50.207115173339844
2014-05-08,49.928348541259766
2014-05-09,50.057777404785156
2014-05-12,53.19385528564453
2014-05-13,52.04893493652344
2014-05-14,51.65070724487305
2014-05-15,51.1927375793457
2014-05-16,51.5710563659668
2014-05-19,52.99473571777344
2014-05-20,52.6562385559082
2014-05-21,49.96817398071289
2014-05-22,53.03456115722656
2014-05-23,53.17394256591797
2014-05-27,54.11974334716797
2014-05-28,53.104251861572266
2014-05-29,54.159568786621094
2014-05-30,52.39738845825195
2014-06-02,52.148494720458984
2014-06-03,50.724815368652344
2014-06-04,50.84428405761719
2014-06-05,51.1429557800293
2014-06-06,51.5710563659668
2014-06-09,51.4814567565918
2014-06-10,52.82548904418945
2014-06-11,53.07438659667969
2014-06-12,52.805580139160156
2014-06-13,54.06996536254883
2014-06-16,54.3686408996582
2014-06-17,57.564449310302734
2014-06-18,57.50471496582031
2014-06-19,57.62418746948242
2014-06-20,57.25581741333008
2014-06-23,57.743656158447266
2014-06-24,57.2060432434082
2014-06-25,57.1562614440918
2014-06-26,56.91732406616211
2014-06-27,57.126399993896484
2014-06-30,57.823307037353516
2014-07-01,58.9383544921875
2014-07-02,58.649635314941406
2014-07-03,58.50029373168945
2014-07-07,57.08657455444336
2014-07-08,54.64739990234375
2014-07-09,54.35868453979492
2014-07-10,54.06000900268555
2014-07-11,53.970401763916016
2014-07-14,54.48810577392578
2014-07-15,53.50248718261719
2014-07-16,53.71155548095703
2014-07-17,52.407344818115234
2014-07-18,53.26354217529297
2014-07-21,53.0843391418457
2014-07-22,53.363101959228516
2014-07-23,53.363101959228516
2014-07-24,53.82107162475586
2014-07-25,54.64739990234375
2014-07-28,53.76133346557617
2014-07-29,54.58766555786133
2014-07-30,56.00138854980469
2014-07-31,54.01022720336914
2014-08-01,53.24363708496094
2014-08-04,54.6573600769043
2014-08-05,54.06000900268555
2014-08-06,53.65182113647461
2014-08-07,53.5124397277832
2014-08-08,54.19938659667969
2014-08-11,54.62748718261719
2014-08-12,52.51686096191406
2014-08-13,52.5865478515625
2014-08-14,53.273494720458984
2014-08-15,53.392967224121094
2014-08-18,54.13965606689453
2014-08-19,54.71709060668945
2014-08-20,55.14518737792969
2014-08-21,55.463775634765625
2014-08-22,59.53569793701172
2014-08-25,58.96821975708008
2014-08-26,59.376407623291016
2014-08-27,59.316673278808594
2014-08-28,58.03237533569336
2014-08-29,58.82883834838867
2014-09-02,59.585479736328125
2014-09-03,58.769100189208984
2014-09-04,58.818885803222656
2014-09-05,59.545658111572266
2014-09-08,60.09322738647461
2014-09-09,59.39631652832031
2014-09-10,60.431724548339844
2014-09-11,60.9394645690918
2014-09-12,58.988128662109375
2014-09-15,57.315555572509766
2014-09-16,57.355377197265625
2014-09-17,57.19608688354492
2014-09-18,57.40515899658203
2014-09-19,57.98259735107422
2014-09-22,57.06665802001953
2014-09-23,56.55891799926758
2014-09-24,57.40515899658203
2014-09-25,55.672847747802734
2014-09-26,56.310020446777344
2014-09-29,56.97705841064453
2014-09-30,57.275733947753906
2014-10-01,56.47926712036133
2014-10-02,56.38966751098633
2014-10-03,58.201622009277344
2014-10-06,58.042327880859375
2014-10-07,56.65847396850586
2014-10-08,57.64409637451172
2014-10-09,56.877498626708984
2014-10-10,54.52793502807617
2014-10-13,52.99473571777344
2014-10-14,52.486995697021484
2014-10-15,52.85535430908203
2014-10-16,53.63190841674805
2014-10-17,55.384132385253906
2014-10-20,55.78236389160156
2014-10-21,56.98701858520508
2014-10-22,56.00138854980469
2014-10-23,57.62418746948242
2014-10-24,59.30671691894531
2014-10-27,58.848751068115234
2014-10-28,61.258052825927734
2014-10-29,60.700531005859375
2014-10-30,61.44721603393555
2014-10-31,63.70718002319336
2014-11-03,63.3089485168457
2014-11-04,63.28903579711914
2014-11-05,61.63637161254883
2014-11-06,62.8111572265625
2014-11-07,63.6872673034668
2014-11-10,64.16514587402344
2014-11-11,63.77687072753906
2014-11-12,63.488155364990234
2014-11-13,62.8808479309082
2014-11-14,63.62753677368164
2014-11-17,62.23372268676758
2014-11-18,62.19390106201172
2014-11-19,60.750308990478516
2014-11-20,58.042327880859375
2014-11-21,57.93281555175781
2014-11-24,57.83325958251953
2014-11-25,59.07773208618164
2014-11-26,58.96821975708008
2014-11-28,59.605384826660156
2014-12-01,58.818885803222656
2014-12-02,58.988128662109375
2014-12-03,58.61976623535156
2014-12-04,58.689456939697266
2014-12-05,58.58989715576172
2014-12-08,56.160682678222656
2014-12-09,55.891876220703125
2014-12-10,55.07550048828125
2014-12-11,55.23479461669922
2014-12-12,54.82660675048828
2014-12-15,55.165103912353516
2014-12-16,53.55226135253906
2014-12-17,56.74807357788086
2014-12-18,59.067779541015625
2014-12-19,59.595436096191406
2014-12-22,59.595436096191406
2014-12-23,60.23260498046875
2014-12-24,60.063358306884766
2014-12-26,60.53127670288086
2014-12-29,60.08326721191406
2014-12-30,59.16733932495117
2014-12-31,59.04786682128906
2015-01-02,58.97817611694336
2015-01-05,57.91290283203125
2015-01-06,56.94718933105469
2015-01-07,56.67838668823242
2015-01-08,58.33104705810547
2015-01-09,57.90294647216797
2015-01-12,57.47484588623047
2015-01-13,57.71379089355469
2015-01-14,56.996971130371094
2015-01-15,54.86642837524414
2015-01-16,56.38966751098633
2015-01-20,57.03679275512695
2015-01-21,57.454933166503906
2015-01-22,57.743656158447266
2015-01-23,58.36091232299805
2015-01-26,59.515785217285156
2015-01-27,57.53458786010742
2015-01-28,56.100948333740234
2015-01-29,57.84321594238281
2015-01-30,56.20050811767578
2015-02-02,57.02683639526367
2015-02-03,58.35095977783203
2015-02-04,58.72928237915039
2015-02-05,58.998085021972656
2015-02-06,58.90848159790039
2015-02-09,57.7237434387207
2015-02-10,58.53016662597656
2015-02-11,58.54011917114258
2015-02-12,60.9892463684082
2015-02-13,62.57221603393555
2015-02-17,61.7956657409668
2015-02-18,62.7215576171875
2015-02-19,62.53239822387695
2015-02-20,63.458290100097656
2015-02-23,62.30341720581055
2015-02-24,61.65628433227539
2015-02-25,62.59212875366211
2015-02-26,69.92955780029297
2015-02-27,69.07335662841797
2015-03-02,68.15742492675781
2015-03-03,66.65409088134766
2015-03-04,64.5932388305664
2015-03-05,65.30010986328125
2015-03-06,64.27466583251953
2015-03-09,65.19058990478516
2015-03-10,63.47819519042969
2015-03-11,63.3985481262207
2015-03-12,64.66293334960938
2015-03-13,64.31448364257812
2015-03-16,66.13639831542969
2015-03-17,67.2514419555664
2015-03-18,68.24702453613281
2015-03-19,68.57556915283203
2015-03-20,67.39083862304688
2015-03-23,67.36096954345703
2015-03-24,67.0722427368164
2015-03-25,65.48926544189453
2015-03-26,65.6983413696289
2015-03-27,66.25586700439453
2015-03-30,66.5545425415039
2015-03-31,66.51471710205078
2015-04-01,65.7879409790039
2015-04-02,66.38529205322266
2015-04-06,67.63972473144531
2015-04-07,67.89856719970703
2015-04-08,67.90853118896484
2015-04-09,67.44060516357422
2015-04-10,67.34104919433594
2015-04-13,66.78353118896484
2015-04-14,66.61427307128906
2015-04-15,66.91294860839844
2015-04-16,67.60986328125
2015-04-17,65.51913452148438
2015-04-20,66.60432434082031
2015-04-21,67.08219909667969
2015-04-22,67.4107437133789
2015-04-23,68.1673812866211
2015-04-24,67.53021240234375
2015-04-27,67.5401611328125
2015-04-28,66.5943603515625
2015-04-29,74.320068359375
2015-04-30,72.49815368652344
2015-05-01,73.0357666015625
2015-05-04,71.2835464477539
2015-05-05,72.42845916748047
2015-05-06,73.4638671875
2015-05-07,74.19063568115234
2015-05-08,72.08001708984375
2015-05-11,70.88531494140625
2015-05-12,71.45279693603516
2015-05-13,71.47270965576172
2015-05-14,72.5578842163086
2015-05-15,72.08001708984375
2015-05-18,72.4782485961914
2015-05-19,71.16407775878906
2015-05-20,69.84991455078125
2015-05-21,72.58776092529297
2015-05-22,74.67848205566406
2015-05-26,73.24484252929688
2015-05-27,73.62315368652344
2015-05-28,72.35877227783203
2015-05-29,72.42845916748047
2015-06-01,72.77690887451172
2015-06-02,72.57780456542969
2015-06-03,73.14527893066406
2015-06-04,71.89085388183594
2015-06-05,73.22493743896484
2015-06-08,71.52247619628906
2015-06-09,71.4428482055664
2015-06-10,72.70722198486328
2015-06-11,72.08001708984375
2015-06-12,71.45279693603516
2015-06-15,72.23930358886719
2015-06-16,73.07559204101562
2015-06-17,74.0910873413086
2015-06-18,75.37538146972656
2015-06-19,74.66852569580078
2015-06-22,74.4494857788086
2015-06-23,73.8720474243164
2015-06-24,73.1751480102539
2015-06-25,73.28466033935547
2015-06-26,72.02027130126953
2015-06-29,69.69062042236328
2015-06-30,69.32225036621094
2015-07-01,70.22823333740234
2015-07-02,70.10875701904297
2015-07-06,68.85433197021484
2015-07-07,69.94947052001953
2015-07-08,69.08331298828125
2015-07-09,69.65079498291016
2015-07-10,70.8255844116211
2015-07-13,70.73597717285156
2015-07-14,71.47270965576172
2015-07-15,71.04460906982422
2015-07-16,72.09992218017578
2015-07-17,72.48819732666016
2015-07-20,72.44837188720703
2015-07-21,73.50370025634766
2015-07-22,73.54352569580078
2015-07-23,71.89085388183594
2015-07-24,73.5932846069336
2015-07-27,72.13973999023438
2015-07-28,73.4638671875
2015-07-29,73.55345916748047
2015-07-30,73.0357666015625
2015-07-31,72.97602844238281
2015-08-03,72.11982727050781
2015-08-04,71.57225799560547
2015-08-05,72.20943450927734
2015-08-06,70.11871337890625
2015-08-07,70.09880065917969
2015-08-10,70.95499420166016
2015-08-11,71.31340789794922
2015-08-12,70.72602081298828
2015-08-13,71.08443450927734
2015-08-14,72.66740417480469
2015-08-17,73.7127685546875
2015-08-18,72.25921630859375
2015-08-19,71.72160339355469
2015-08-20,67.52024841308594
2015-08-21,68.8443832397461
2015-08-24,64.8819580078125
2015-08-25,64.89192199707031
2015-08-26,68.2171630859375
2015-08-27,69.63088989257812
2015-08-28,69.93951416015625
2015-08-31,69.0534439086914
2015-09-01,66.33551025390625
2015-09-02,67.67955017089844
2015-09-03,67.94835662841797
2015-09-04,66.83329772949219
2015-09-08,70.447265625
2015-09-09,68.72489929199219
2015-09-10,69.43177032470703
2015-09-11,69.74040222167969
2015-09-14,69.58110046386719
2015-09-15,70.95499420166016
2015-09-16,71.56230163574219
2015-09-17,72.0003662109375
2015-09-18,71.08443450927734
2015-09-21,71.82115936279297
2015-09-22,71.33332061767578
2015-09-23,71.67182159423828
2015-09-24,71.39305877685547
2015-09-25,72.11982727050781
2015-09-28,68.73486328125
2015-09-29,68.07777404785156
2015-09-30,69.12313842773438
2015-10-01,72.58776092529297
2015-10-02,73.6032485961914
2015-10-05,74.93732452392578
2015-10-06,74.0910873413086
2015-10-07,74.66852569580078
2015-10-08,74.75811767578125
2015-10-09,74.91741943359375
2015-10-12,75.54463195800781
2015-10-13,76.29131317138672
2015-10-14,75.24595642089844
2015-10-15,77.35658264160156
2015-10-16,78.42185974121094
2015-10-19,77.58557891845703
2015-10-20,77.18733978271484
2015-10-21,75.49485778808594
2015-10-22,77.02804565429688
2015-10-23,78.21278381347656
2015-10-26,77.8742904663086
2015-10-27,77.40636444091797
2015-10-28,78.18291473388672
2015-10-29,77.79464721679688
2015-10-30,77.36653900146484
2015-11-02,78.8499526977539
2015-11-03,78.282470703125
2015-11-04,78.04354095458984
2015-11-05,78.36212158203125
2015-11-06,79.05903625488281
2015-11-09,77.8742904663086
2015-11-10,77.9041519165039
2015-11-11,78.36212158203125
2015-11-12,77.95393371582031
2015-11-13,75.265869140625
2015-11-16,75.9229507446289
2015-11-17,76.89862060546875
2015-11-18,77.00814056396484
2015-11-19,80.2835922241211
2015-11-20,80.63204193115234
2015-11-23,80.4229736328125
2015-11-24,80.03469848632812
2015-11-25,80.05461883544922
2015-11-27,79.6165542602539
2015-11-30,79.3377914428711
2015-12-01,80.65196228027344
2015-12-02,80.52252197265625
2015-12-03,79.57673645019531
2015-12-04,81.77696228027344
2015-12-07,80.32341003417969
2015-12-08,80.72164916992188
2015-12-09,79.35769653320312
2015-12-10,79.02916717529297
2015-12-11,76.53025817871094
2015-12-14,76.64971923828125
2015-12-15,77.02804565429688
2015-12-16,78.54132080078125
2015-12-17,78.08335876464844
2015-12-18,76.68954467773438
2015-12-21,76.94840240478516
2015-12-22,77.51588439941406
2015-12-23,77.69508361816406
2015-12-24,77.48601531982422
2015-12-28,77.8543701171875
2015-12-29,79.0888900756836
2015-12-30,78.79022216796875
2015-12-31,78.0534896850586
2016-01-04,76.37096405029297
2016-01-05,76.70946502685547
2016-01-06,75.95281982421875
2016-01-07,73.97161102294922
2016-01-08,72.9063491821289
2016-01-11,72.8565673828125
2016-01-12,74.13090515136719
2016-01-13,72.03023529052734
2016-01-14,72.7470474243164
2016-01-15,70.54681396484375
2016-01-19,70.4870834350586
2016-01-20,70.0191650390625
2016-01-21,69.20278930664062
2016-01-22,71.23377227783203
2016-01-25,69.61096954345703
2016-01-26,69.56119537353516
2016-01-27,67.1319808959961
2016-01-28,65.39967346191406
2016-01-29,67.75919342041016
2016-02-01,68.13751220703125
2016-02-02,64.2348403930664
2016-02-03,65.05120849609375
2016-02-04,66.90298461914062
2016-02-05,58.251399993896484
2016-02-08,53.81111526489258
2016-02-09,57.07661819458008
2016-02-10,58.50029373168945
2016-02-11,58.97817611694336
2016-02-12,59.416229248046875
2016-02-16,59.456058502197266
2016-02-17,63.20939254760742
2016-02-18,61.42730712890625
2016-02-19,61.8653564453125
2016-02-22,63.69722366333008
2016-02-23,62.62200164794922
2016-02-24,62.24367904663086
2016-02-25,69.1131820678711
2016-02-26,69.41185760498047
2016-02-29,67.4505615234375
2016-03-01,69.71052551269531
2016-03-02,70.11871337890625
2016-03-03,70.4870834350586
2016-03-04,70.74592590332031
2016-03-07,70.17845153808594
2016-03-08,69.51140594482422
2016-03-09,70.72602081298828
2016-03-10,70.38751983642578
2016-03-11,71.31340789794922
2016-03-14,71.90081024169922
2016-03-15,71.38310241699219
2016-03-16,72.40855407714844
2016-03-17,72.39859008789062
2016-03-18,72.32890319824219
2016-03-21,71.93067169189453
2016-03-22,72.52801513671875
2016-03-23,71.46275329589844
2016-03-24,72.11982727050781
2016-03-28,71.63199615478516
2016-03-29,71.98045349121094
2016-03-30,73.97161102294922
2016-03-31,73.50370025634766
2016-04-01,75.39529418945312
2016-04-04,75.35547637939453
2016-04-05,74.25037384033203
2016-04-06,75.24595642089844
2016-04-07,74.98710632324219
2016-04-08,74.51918029785156
2016-04-11,73.83223724365234
2016-04-12,73.94174194335938
2016-04-13,75.61431121826172
2016-04-14,75.81343841552734
2016-04-15,75.97273254394531
2016-04-18,76.92848205566406
2016-04-19,75.85326385498047
2016-04-20,75.80348205566406
2016-04-21,76.80902099609375
2016-04-22,76.1419906616211
2016-04-25,76.17184448242188
2016-04-26,75.8731689453125
2016-04-27,75.35547637939453
2016-04-28,75.04683685302734
2016-04-29,75.4649887084961
2016-05-02,76.90857696533203
2016-05-03,74.5689697265625
2016-05-04,73.66297912597656
2016-05-05,73.48377990722656
2016-05-06,73.92183685302734
2016-05-09,74.29020690917969
2016-05-10,75.5844497680664
2016-05-11,75.45503234863281
2016-05-12,75.5545883178711
2016-05-13,76.03246307373047
2016-05-16,76.96831512451172
2016-05-17,76.43069458007812
2016-05-18,77.52584075927734
2016-05-19,80.73159790039062
2016-05-20,80.66191101074219
2016-05-23,81.3687744140625
2016-05-24,82.38426208496094
2016-05-25,83.20063781738281
2016-05-26,82.98161315917969
2016-05-27,83.39974975585938
2016-05-31,83.34002685546875
2016-06-01,83.08116912841797
2016-06-02,82.87210083007812
2016-06-03,82.1851577758789
2016-06-06,82.46392059326172
2016-06-07,82.77254486083984
2016-06-08,82.98161315917969
2016-06-09,82.3643569946289
2016-06-10,81.46833801269531
2016-06-13,81.12982940673828
2016-06-14,80.73159790039062
2016-06-15,81.62762451171875
2016-06-16,81.2791748046875
2016-06-17,80.14421081542969
2016-06-20,80.86103057861328
2016-06-21,81.26921844482422
2016-06-22,80.26368713378906
2016-06-23,81.91635131835938
2016-06-24,78.11322784423828
2016-06-27,75.73379516601562
2016-06-28,77.20726013183594
2016-06-29,78.65084838867188
2016-06-30,79.05903625488281
2016-07-01,79.47718048095703
2016-07-05,78.32229614257812
2016-07-06,78.1530532836914
2016-07-07,78.41191101074219
2016-07-08,80.53247833251953
2016-07-11,81.2990951538086
2016-07-12,81.5678939819336
2016-07-13,80.97054290771484
2016-07-14,81.19952392578125
2016-07-15,81.04023742675781
2016-07-18,81.26921844482422
2016-07-19,81.01036834716797
2016-07-20,81.77696228027344
2016-07-21,81.33890533447266
2016-07-22,82.1851577758789
2016-07-25,81.82674407958984
2016-07-26,81.39864349365234
2016-07-27,81.13978576660156
2016-07-28,81.96611785888672
2016-07-29,81.43846893310547
2016-08-01,80.66191101074219
2016-08-02,80.14421081542969
2016-08-03,80.05461883544922
2016-08-04,80.20394134521484
2016-08-05,80.97054290771484
2016-08-08,80.81124877929688
2016-08-09,80.82120513916016
2016-08-10,79.88536834716797
2016-08-11,81.11988830566406
2016-08-12,81.26921844482422
2016-08-15,78.5711898803711
2016-08-16,77.61543273925781
2016-08-17,75.9826889038086
2016-08-18,76.57008361816406
2016-08-19,77.13756561279297
2016-08-22,76.90857696533203
2016-08-23,77.67516326904297
2016-08-24,77.4760513305664
2016-08-25,79.80571746826172
2016-08-26,79.67628479003906
2016-08-29,79.5667724609375
2016-08-30,79.47718048095703
2016-08-31,79.06898498535156
2016-09-01,75.57450103759766
2016-09-02,74.76807403564453
2016-09-06,75.08666229248047
2016-09-07,74.67848205566406
2016-09-08,74.5490493774414
2016-09-09,73.8720474243164
2016-09-12,74.0313491821289
2016-09-13,72.7370834350586
2016-09-14,73.49373626708984
2016-09-15,73.66297912597656
2016-09-16,72.96607971191406
2016-09-19,72.6773681640625
2016-09-20,72.58776092529297
2016-09-21,73.85214233398438
2016-09-22,74.26033020019531
2016-09-23,70.07888793945312
2016-09-26,69.87977600097656
2016-09-27,69.74040222167969
2016-09-28,71.30345916748047
2016-09-29,70.88531494140625
2016-09-30,71.01473999023438
2016-10-03,70.20832061767578
2016-10-04,72.30899810791016
2016-10-05,68.11759948730469
2016-10-06,70.9450454711914
2016-10-07,70.59660339355469
2016-10-10,74.76807403564453
2016-10-11,72.09992218017578
2016-10-12,71.9107666015625
2016-10-13,70.31783294677734
2016-10-14,73.94174194335938
2016-10-17,72.50811767578125
2016-10-18,72.44837188720703
2016-10-19,72.49815368652344
2016-10-20,72.26917266845703
2016-10-21,73.67294311523438
2016-10-24,74.7282485961914
2016-10-25,74.7282485961914
2016-10-26,74.61873626708984
2016-10-27,74.40966796875
2016-10-28,74.79793548583984
2016-10-31,74.82781219482422
2016-11-01,75.11653137207031
2016-11-02,74.66852569580078
2016-11-03,73.81232452392578
2016-11-04,74.04130554199219
2016-11-07,75.96277618408203
2016-11-08,76.211669921875
2016-11-09,75.5645523071289
2016-11-10,73.30457305908203
2016-11-11,74.26033020019531
2016-11-14,72.43842315673828
2016-11-15,73.6928482055664
2016-11-16,72.9859848022461
2016-11-17,74.85768127441406
2016-11-18,77.42627716064453
2016-11-21,75.81343841552734
2016-11-22,75.23600006103516
2016-11-23,73.62315368652344
2016-11-25,73.40413665771484
2016-11-28,72.60767364501953
2016-11-29,72.60767364501953
2016-11-30,71.6817855834961
2016-12-01,68.15742492675781
2016-12-02,68.1076431274414
2016-12-05,70.4870834350586
2016-12-06,70.3078842163086
2016-12-07,71.46275329589844
2016-12-08,71.54239654541016
2016-12-09,70.8554458618164
2016-12-12,70.0689468383789
2016-12-13,71.29350280761719
2016-12-14,71.01473999023438
2016-12-15,69.91960144042969
2016-12-16,69.55123138427734
2016-12-19,69.20278930664062
2016-12-20,69.55123138427734
2016-12-21,69.80013275146484
2016-12-22,69.591064453125
2016-12-23,69.56119537353516
2016-12-27,69.54127502441406
2016-12-28,68.78463745117188
2016-12-29,68.8443832397461
2016-12-30,68.15742492675781
2017-01-03,70.22823333740234
2017-01-04,72.4782485961914
2017-01-05,72.4682846069336
2017-01-06,73.47383117675781
2017-01-09,73.63311004638672
2017-01-10,73.65303039550781
2017-01-11,75.43511199951172
2017-01-12,74.87759399414062
2017-01-13,75.3056869506836
2017-01-17,74.68843078613281
2017-01-18,75.445068359375
2017-01-19,75.23600006103516
2017-01-20,75.69396209716797
2017-01-23,75.82339477539062
2017-01-24,76.76919555664062
2017-01-25,78.12318420410156
2017-01-26,77.60547637939453
2017-01-27,77.86433410644531
2017-01-30,78.36212158203125
2017-01-31,78.75039672851562
2017-02-01,78.23269653320312
2017-02-02,79.77584075927734
2017-02-03,79.85549926757812
2017-02-06,79.39752197265625
2017-02-07,79.85549926757812
2017-02-08,80.34332275390625
2017-02-09,80.671875
2017-02-10,80.2835922241211
2017-02-13,80.55239868164062
2017-02-14,80.56234741210938
2017-02-15,81.30904388427734
2017-02-16,80.46279907226562
2017-02-17,81.10992431640625
2017-02-21,81.81678771972656
2017-02-22,81.71723175048828
2017-02-23,81.707275390625
2017-02-24,81.41854858398438
2017-02-27,81.17961120605469
2017-02-28,80.9904556274414
2017-03-01,83.4395751953125
2017-03-02,82.30461883544922
2017-03-03,81.85661315917969
2017-03-06,82.1353759765625
2017-03-07,82.6032943725586
2017-03-08,83.11104583740234
2017-03-09,82.91192626953125
2017-03-10,83.14090728759766
2017-03-13,83.24046325683594
2017-03-14,83.14090728759766
2017-03-15,83.11104583740234
2017-03-16,83.15086364746094
2017-03-17,82.66303253173828
2017-03-20,82.53360748291016
2017-03-21,81.1895751953125
2017-03-22,81.51811218261719
2017-03-23,81.15969848632812
2017-03-24,81.24930572509766
2017-03-27,81.24930572509766
2017-03-28,81.77696228027344
2017-03-29,82.01589965820312
2017-03-30,82.19510650634766
2017-03-31,82.12541961669922
2017-04-03,81.94620513916016
2017-04-04,82.6032943725586
2017-04-05,84.96282196044922
2017-04-06,84.62432098388672
2017-04-07,84.0070571899414
2017-04-10,83.86768341064453
2017-04-11,83.48936462402344
2017-04-12,83.00152587890625
2017-04-13,82.76258087158203
2017-04-17,83.82785034179688
2017-04-18,83.34002685546875
2017-04-19,83.13095092773438
2017-04-20,83.67852020263672
2017-04-21,83.41967010498047
2017-04-24,83.79798889160156
2017-04-25,84.37542724609375
2017-04-26,84.57453918457031
2017-04-27,85.4705581665039
2017-04-28,85.73937225341797
2017-05-01,86.27698516845703
2017-05-02,86.705078125
2017-05-03,86.16748046875
2017-05-04,86.13760375976562
2017-05-05,86.58561706542969
2017-05-08,86.47610473632812
2017-05-09,86.74490356445312
2017-05-10,86.92411041259766
2017-05-11,87.32234191894531
2017-05-12,88.64646911621094
2017-05-15,89.40311431884766
2017-05-16,89.35332489013672
2017-05-17,87.45176696777344
2017-05-18,87.36216735839844
2017-05-19,87.01371765136719
2017-05-22,88.54691314697266
2017-05-23,88.09889221191406
2017-05-24,89.20398712158203
2017-05-25,90.86661529541016
2017-05-26,90.42855834960938
2017-05-30,90.45842742919922
2017-05-31,89.24381256103516
2017-06-01,89.65200805664062
2017-06-02,90.45842742919922
2017-06-05,90.97611999511719
2017-06-06,90.6973648071289
2017-06-07,90.98607635498047
2017-06-08,90.8467025756836
2017-06-09,86.88428497314453
2017-06-12,85.79911041259766
2017-06-13,86.88428497314453
2017-06-14,86.78473663330078
2017-06-15,85.88871002197266
2017-06-16,85.61991119384766
2017-06-19,87.15309143066406
2017-06-20,86.53583526611328
2017-06-21,87.17300415039062
2017-06-22,88.0789794921875
2017-06-23,88.22833251953125
2017-06-26,87.72057342529297
2017-06-27,87.29247283935547
2017-06-28,87.7006607055664
2017-06-29,86.41637420654297
2017-06-30,86.21725463867188
2017-07-03,85.7194595336914
2017-07-05,87.11327362060547
2017-07-06,86.46614074707031
2017-07-07,87.53141021728516
2017-07-10,88.10884857177734
2017-07-11,87.95951843261719
2017-07-12,90.00045776367188
2017-07-13,89.17411804199219
2017-07-14,89.60222625732422
2017-07-17,88.89535522460938
2017-07-18,88.87545013427734
2017-07-19,89.1641616821289
2017-07-20,90.13983154296875
2017-07-21,89.2936019897461
2017-07-24,89.273681640625
2017-07-25,90.22943878173828
2017-07-26,90.66749572753906
2017-07-27,90.10997009277344
2017-07-28,90.21949005126953
2017-07-31,90.39868927001953
2017-08-01,90.81683349609375
2017-08-02,89.49271392822266
2017-08-03,89.95067596435547
2017-08-04,90.05023193359375
2017-08-07,90.10001373291016
2017-08-08,89.86107635498047
2017-08-09,89.72169494628906
2017-08-10,87.2426986694336
2017-08-11,87.8997802734375
2017-08-14,89.85111999511719
2017-08-15,90.29913330078125
2017-08-16,91.83232116699219
2017-08-17,90.47833251953125
2017-08-18,90.3588638305664
2017-08-21,91.35444641113281
2017-08-22,92.5391845703125
2017-08-23,92.65865325927734
2017-08-24,93.73388671875
2017-08-25,93.6841049194336
2017-08-28,93.24604797363281
2017-08-29,93.41529846191406
2017-08-30,94.44074249267578
2017-08-31,95.06795501708984
2017-09-01,95.58566284179688
2017-09-05,95.75491333007812
2017-09-06,95.3965072631836
2017-09-07,96.30248260498047
2017-09-08,96.0038070678711
2017-09-11,97.27814483642578
2017-09-12,96.42194366455078
2017-09-13,95.18743133544922
2017-09-14,94.87879943847656
2017-09-15,94.21176147460938
2017-09-18,95.31684875488281
2017-09-19,94.92858123779297
2017-09-20,94.78919982910156
2017-09-21,94.44074249267578
2017-09-22,94.52039337158203
2017-09-25,92.0613021850586
2017-09-26,91.931884765625
2017-09-27,92.79803466796875
2017-09-28,92.19072723388672
2017-09-29,93.0071029663086
2017-10-02,93.52481079101562
2017-10-03,94.93852996826172
2017-10-04,95.09782409667969
2017-10-05,95.30690002441406
2017-10-06,95.894287109375
2017-10-09,95.84451293945312
2017-10-10,94.96839904785156
2017-10-11,95.58566284179688
2017-10-12,96.31243133544922
2017-10-13,96.51155090332031
2017-10-16,96.72061920166016
2017-10-17,96.29252624511719
2017-10-18,96.0137710571289
2017-10-19,96.76044464111328
2017-10-20,98.462890625
2017-10-23,98.00492858886719
2017-10-24,98.22395324707031
2017-10-25,99.14983367919922
2017-10-26,99.60780334472656
2017-10-27,100.25492858886719
2017-10-30,100.25492858886719
2017-10-31,101.88768005371094
2017-11-01,101.49940490722656
2017-11-02,102.14653778076172
2017-11-03,102.25604248046875
2017-11-06,101.96733093261719
2017-11-07,102.26600646972656
2017-11-08,104.5657958984375
2017-11-09,103.1421127319336
2017-11-10,104.77486419677734
2017-11-13,105.3124771118164
2017-11-14,105.76049041748047
2017-11-15,104.96402740478516
2017-11-16,106.55695343017578
2017-11-17,107.10452270507812
2017-11-20,106.89546203613281
2017-11-21,108.31913757324219
2017-11-22,106.35784149169922
2017-11-24,106.67642974853516
2017-11-27,106.10894775390625
2017-11-28,105.98947143554688
2017-11-29,103.07241821289062
2017-11-30,103.85893249511719
2017-12-01,103.37110137939453
2017-12-04,99.40868377685547
2017-12-05,100.24497985839844
2017-12-06,102.4651107788086
2017-12-07,103.61003875732422
2017-12-08,102.98283386230469
2017-12-11,104.07795715332031
2017-12-12,103.21180725097656
2017-12-13,103.4806137084961
2017-12-14,103.77928924560547
2017-12-15,105.0138168334961
2017-12-18,104.6155776977539
2017-12-19,103.79920196533203
2017-12-20,102.93304443359375
2017-12-21,103.16203308105469
2017-12-22,102.17639923095703
2017-12-26,102.08679962158203
2017-12-27,102.1963119506836
2017-12-28,102.33570098876953
2017-12-29,101.7781753540039
2018-01-02,103.94853973388672
2018-01-03,104.82464599609375
2018-01-04,106.20850372314453
2018-01-05,107.62223052978516
2018-01-08,108.37886810302734
2018-01-09,108.66758728027344
2018-01-10,108.31913757324219
2018-01-11,108.61780548095703
2018-01-12,109.75276947021484
2018-01-16,108.40873718261719
2018-01-17,109.55365753173828
2018-01-18,111.2760009765625
2018-01-19,111.43529510498047
2018-01-22,112.39105987548828
2018-01-23,112.73950958251953
2018-01-24,112.35123443603516
2018-01-25,111.46516418457031
2018-01-26,113.19747161865234
2018-01-29,112.79925537109375
2018-01-30,111.73397827148438
2018-01-31,113.40655517578125
2018-02-01,112.24171447753906
2018-02-02,110.29037475585938
2018-02-05,107.1742172241211
2018-02-06,109.08573150634766
2018-02-07,109.56360626220703
2018-02-08,103.57022094726562
2018-02-09,106.50717163085938
2018-02-12,108.07024383544922
2018-02-13,107.21404266357422
2018-02-14,108.53814697265625
2018-02-15,112.62004089355469
2018-02-16,112.36119079589844
2018-02-20,113.8446044921875
2018-02-21,113.97403717041016
2018-02-22,112.50057220458984
2018-02-23,114.45191192626953
2018-02-26,116.13443756103516
2018-02-27,115.95523834228516
2018-02-28,115.73619842529297
2018-03-01,118.90215301513672
2018-03-02,121.38114929199219
2018-03-05,121.95858001708984
2018-03-06,123.9298324584961
2018-03-07,124.77607727050781
2018-03-08,125.80152130126953
2018-03-09,126.84688568115234
2018-03-12,126.21966552734375
2018-03-13,126.16988372802734
2018-03-14,127.42431640625
2018-03-15,126.65772247314453
2018-03-16,125.41324615478516
2018-03-19,124.42761993408203
2018-03-20,124.56700134277344
2018-03-21,121.16211700439453
2018-03-22,117.51829528808594
2018-03-23,113.92424774169922
2018-03-26,118.44418334960938
2018-03-27,113.3069839477539
2018-03-28,112.38109588623047
2018-03-29,115.7859878540039
2018-04-02,114.79041290283203
2018-04-03,115.97514343261719
2018-04-04,118.95193481445312
2018-04-05,118.51387786865234
2018-04-06,115.58686828613281
2018-04-09,116.67205047607422
2018-04-10,118.96188354492188
2018-04-11,118.63334655761719
2018-04-12,120.86344909667969
2018-04-13,118.4840087890625
2018-04-16,118.88224792480469
2018-04-17,122.80482482910156
2018-04-18,123.909912109375
2018-04-19,123.51168823242188
2018-04-20,122.27716827392578
2018-04-23,121.35128021240234
2018-04-24,117.35899353027344
2018-04-25,116.80147552490234
2018-04-26,120.29596710205078
2018-04-27,119.68865966796875
2018-04-30,120.45525360107422
2018-05-01,122.56588745117188
2018-05-02,122.27716827392578
2018-05-03,123.86014556884766
2018-05-04,124.56700134277344
2018-05-07,126.40882873535156
2018-05-08,128.1809539794922
2018-05-09,129.15663146972656
2018-05-10,130.04269409179688
2018-05-11,130.0526580810547
2018-05-14,127.12564849853516
2018-05-15,127.56370544433594
2018-05-16,128.2008819580078
2018-05-17,125.4928970336914
2018-05-18,126.39887237548828
2018-05-21,125.81148529052734
2018-05-22,124.8855972290039
2018-05-23,127.52388000488281
2018-05-24,128.17100524902344
2018-05-25,127.39444732666016
2018-05-29,126.31922912597656
2018-05-30,128.728515625
2018-05-31,128.75839233398438
2018-06-01,129.94313049316406
2018-06-04,132.06370544433594
2018-06-05,133.5272216796875
2018-06-06,134.95091247558594
2018-06-07,132.3225860595703
2018-06-08,132.93983459472656
2018-06-11,133.38783264160156
2018-06-12,135.65774536132812
2018-06-13,135.89671325683594
2018-06-14,137.7982635498047
2018-06-15,137.7982635498047
2018-06-18,139.18212890625
2018-06-19,138.90338134765625
2018-06-20,138.325927734375
2018-06-21,137.27061462402344
2018-06-22,134.4132843017578
2018-06-25,132.60134887695312
2018-06-26,134.88121032714844
2018-06-27,132.63121032714844
2018-06-28,134.52279663085938
2018-06-29,135.79713439941406
2018-07-02,139.809326171875
2018-07-03,137.2307891845703
2018-07-05,139.15225219726562
2018-07-06,140.77503967285156
2018-07-09,141.13345336914062
2018-07-10,141.82040405273438
2018-07-11,144.60804748535156
2018-07-12,147.50518798828125
2018-07-13,146.95761108398438
2018-07-16,146.3104705810547
2018-07-17,146.37020874023438
2018-07-18,147.1865692138672
2018-07-19,146.5095977783203
2018-07-20,146.2208709716797
2018-07-23,146.90782165527344
2018-07-24,145.354736328125
2018-07-25,148.2120361328125
2018-07-26,146.91778564453125
2018-07-27,143.27395629882812
2018-07-30,137.41993713378906
2018-07-31,136.5438232421875
2018-08-01,137.0714874267578
2018-08-02,140.51620483398438
2018-08-03,140.41664123535156
2018-08-06,142.0792694091797
2018-08-07,143.80162048339844
2018-08-08,144.5283966064453
2018-08-09,145.17552185058594
2018-08-10,144.8668670654297
2018-08-13,143.8115692138672
2018-08-14,145.92221069335938
2018-08-15,144.39895629882812
2018-08-16,145.08590698242188
2018-08-17,144.37904357910156
2018-08-20,145.0659942626953
2018-08-21,144.8867950439453
2018-08-22,145.8126983642578
2018-08-23,147.17662048339844
2018-08-24,151.6268768310547
2018-08-27,151.00961303710938
2018-08-28,152.31382751464844
2018-08-29,154.11581420898438
2018-08-30,151.46759033203125
2018-08-31,152.00518798828125
2018-09-04,152.53285217285156
2018-09-05,147.9929962158203
2018-09-06,148.17222595214844
2018-09-07,149.76513671875
2018-09-10,150.65121459960938
2018-09-11,152.16448974609375
2018-09-12,154.68328857421875
2018-09-13,157.4808807373047
2018-09-14,156.7939453125
2018-09-17,154.23529052734375
2018-09-18,155.31051635742188
2018-09-19,152.22422790527344
2018-09-20,154.81272888183594
2018-09-21,154.83265686035156
2018-09-24,158.07823181152344
2018-09-25,158.16781616210938
2018-09-26,157.63021850585938
2018-09-27,159.720947265625
2018-09-28,158.32713317871094
2018-10-01,159.15347290039062
2018-10-02,156.56494140625
2018-10-03,158.39683532714844
2018-10-04,154.2153778076172
2018-10-05,154.3846435546875
2018-10-08,147.9929962158203
2018-10-09,147.8436737060547
2018-10-10,137.200927734375
2018-10-11,138.62460327148438
2018-10-12,146.09144592285156
2018-10-15,141.32261657714844
2018-10-16,146.78834533691406
2018-10-17,146.36024475097656
2018-10-18,142.20867919921875
2018-10-19,139.86907958984375
2018-10-22,142.3181915283203
2018-10-23,140.038330078125
2018-10-24,132.6710205078125
2018-10-25,140.1776885986328
2018-10-26,134.92105102539062
2018-10-29,130.4110565185547
2018-10-30,131.58583068847656
2018-10-31,136.63345336914062
2018-11-01,138.97305297851562
2018-11-02,136.18540954589844
2018-11-05,134.8413848876953
2018-11-06,133.35797119140625
2018-11-07,141.163330078125
2018-11-08,141.24298095703125
2018-11-09,136.31484985351562
2018-11-12,129.9232177734375
2018-11-13,131.5758819580078
2018-11-14,128.77830505371094
2018-11-15,131.90444946289062
2018-11-16,131.9641571044922
2018-11-19,120.47516632080078
2018-11-20,120.13666534423828
2018-11-21,123.04376220703125
2018-11-23,121.49066162109375
2018-11-26,125.85130310058594
2018-11-27,126.97631072998047
2018-11-28,140.01841735839844
2018-11-29,139.1024627685547
2018-11-30,142.12904357910156
2018-12-03,143.5128936767578
2018-12-04,138.62460327148438
2018-12-06,141.43211364746094
2018-12-07,135.34913635253906
2018-12-10,136.66331481933594
2018-12-11,136.18540954589844
2018-12-12,139.47084045410156
2018-12-13,140.51620483398438
2018-12-14,136.434326171875
2018-12-17,130.2517852783203
2018-12-18,131.7351837158203
2018-12-19,130.58030700683594
2018-12-20,127.16546630859375
2018-12-21,122.36677551269531
2018-12-24,120.79376220703125
2018-12-26,130.26173400878906
2018-12-27,134.60244750976562
2018-12-28,134.08473205566406
2018-12-31,136.36463928222656
2019-01-02,134.95091247558594
2019-01-03,129.8236541748047
2019-01-04,137.35025024414062
2019-01-07,141.5914306640625
2019-01-08,145.07595825195312
2019-01-09,145.3447723388672
2019-01-10,146.39012145996094
2019-01-11,146.8978729248047
2019-01-14,145.4044952392578
2019-01-15,148.53062438964844
2019-01-16,147.88348388671875
2019-01-17,149.1578369140625
2019-01-18,151.8359375
2019-01-22,148.2916717529297
2019-01-23,149.08815002441406
2019-01-24,146.2208709716797
2019-01-25,149.0782012939453
2019-01-28,146.67884826660156
2019-01-29,144.53834533691406
2019-01-30,148.50074768066406
2019-01-31,151.29832458496094
2019-02-01,155.18109130859375
2019-02-04,157.02291870117188
2019-02-05,158.2873077392578
2019-02-06,157.43112182617188
2019-02-07,154.2452392578125
2019-02-08,155.97755432128906
2019-02-11,159.2032470703125
2019-02-12,162.0705108642578
2019-02-13,159.69107055664062
2019-02-14,158.7651824951172
2019-02-15,158.3470458984375
2019-02-19,159.90013122558594
2019-02-20,157.8392791748047
2019-02-21,158.9244842529297
2019-02-22,160.59706115722656
2019-02-25,160.64682006835938
2019-02-26,162.27957153320312
2019-02-27,162.3990478515625
2019-02-28,162.9267120361328
2019-03-01,163.80282592773438
2019-03-04,157.79946899414062
2019-03-05,156.2762451171875
2019-03-06,156.09703063964844
2019-03-07,154.91229248046875
2019-03-08,154.3746795654297
2019-03-11,156.95321655273438
2019-03-12,157.5804443359375
2019-03-13,159.1036834716797
2019-03-14,159.95986938476562
2019-03-15,160.79617309570312
2019-03-18,161.23422241210938
2019-03-19,163.20547485351562
2019-03-20,162.78732299804688
2019-03-21,166.2121124267578
2019-03-22,160.7862091064453
2019-03-25,160.16896057128906
2019-03-26,158.6954803466797
2019-03-27,154.43441772460938
2019-03-28,154.494140625
2019-03-29,157.6700439453125
2019-04-01,160.46762084960938
2019-04-02,159.8005828857422
2019-04-03,161.90126037597656
2019-04-04,157.8193817138672
2019-04-05,157.8592071533203
2019-04-08,157.76959228515625
2019-04-09,156.2762451171875
2019-04-10,159.5317840576172
2019-04-11,160.0196075439453
2019-04-12,159.9997100830078
2019-04-15,159.38243103027344
2019-04-16,157.9886474609375
2019-04-17,154.65342712402344
2019-04-18,155.30055236816406
2019-04-22,158.05833435058594
2019-04-23,160.51739501953125
2019-04-24,158.8547821044922
2019-04-25,162.36917114257812
2019-04-26,165.22650146484375
2019-04-29,164.629150390625
2019-04-30,164.61920166015625
2019-05-01,161.43333435058594
2019-05-02,161.11474609375
2019-05-03,162.6180877685547
2019-05-06,161.78179931640625
2019-05-07,156.20654296875
2019-05-08,156.16671752929688
2019-05-09,155.61915588378906
2019-05-10,159.2331085205078
2019-05-13,152.4730987548828
2019-05-14,157.3713836669922
2019-05-15,154.3746795654297
2019-05-16,157.77955627441406
2019-05-17,153.88685607910156
2019-05-20,155.29058837890625
2019-05-21,155.09149169921875
2019-05-22,156.94325256347656
2019-05-23,153.0306396484375
2019-05-24,153.8271026611328
2019-05-28,154.5041046142578
2019-05-29,152.2142791748047
2019-05-30,154.97203063964844
2019-05-31,150.74081420898438
2019-06-03,144.45870971679688
2019-06-04,150.14344787597656
2019-06-05,157.73973083496094
2019-06-06,158.60589599609375
2019-06-07,160.55723571777344
2019-06-10,152.1147003173828
2019-06-11,149.4863739013672
2019-06-12,150.6113739013672
2019-06-13,150.67111206054688
2019-06-14,149.3470001220703
2019-06-17,149.62574768066406
2019-06-18,149.9244384765625
2019-06-19,153.458740234375
2019-06-20,156.50521850585938
2019-06-21,156.1468048095703
2019-06-24,151.88572692871094
2019-06-25,148.67996215820312
2019-06-26,148.3812713623047
2019-06-27,150.02398681640625
2019-06-28,151.0594024658203
2019-07-01,153.37908935546875
2019-07-02,153.43882751464844
2019-07-03,154.90232849121094
2019-07-05,153.8968048095703
2019-07-08,152.13461303710938
2019-07-09,153.2695770263672
2019-07-10,155.579345703125
2019-07-11,158.19769287109375
2019-07-12,157.38133239746094
2019-07-15,158.94439697265625
2019-07-16,156.43553161621094
2019-07-17,157.54061889648438
2019-07-18,157.28176879882812
2019-07-19,156.0572052001953
2019-07-22,157.00299072265625
2019-07-23,155.55941772460938
2019-07-24,159.0439453125
2019-07-25,158.64572143554688
2019-07-26,159.26296997070312
2019-07-29,155.5196075439453
2019-07-30,156.26629638671875
2019-07-31,153.81715393066406
2019-08-01,150.14344787597656
2019-08-02,145.0560302734375
2019-08-05,142.18878173828125
2019-08-06,142.1688690185547
2019-08-07,141.01397705078125
2019-08-08,143.18435668945312
2019-08-09,142.736328125
2019-08-12,140.0980682373047
2019-08-13,143.2440948486328
2019-08-14,139.1024627685547
2019-08-15,141.50181579589844
2019-08-16,143.25404357910156
2019-08-19,143.03501892089844
2019-08-20,144.89674377441406
2019-08-21,146.72862243652344
2019-08-22,147.58482360839844
2019-08-23,150.9001007080078
2019-08-26,154.45433044433594
2019-08-27,152.89125061035156
2019-08-28,151.15895080566406
2019-08-29,155.24082946777344
2019-08-30,155.38021850585938
2019-09-03,152.05496215820312
2019-09-04,151.78616333007812
2019-09-05,153.0903778076172
2019-09-06,150.40231323242188
2019-09-09,148.87905883789062
2019-09-10,148.98858642578125
2019-09-11,153.40896606445312
2019-09-12,154.06602478027344
2019-09-13,152.30386352539062
2019-09-16,152.33372497558594
2019-09-17,152.1445770263672
2019-09-18,152.0948028564453
2019-09-19,152.92112731933594
2019-09-20,154.51405334472656
2019-09-23,153.96649169921875
2019-09-24,151.3779754638672
2019-09-25,152.31382751464844
2019-09-26,151.6667022705078
2019-09-27,147.60472106933594
2019-09-30,147.783935546875
2019-10-01,147.03726196289062
2019-10-02,143.5825958251953
2019-10-03,146.3502960205078
2019-10-04,147.37574768066406
2019-10-07,148.14234924316406
2019-10-08,145.26512145996094
2019-10-09,146.40008544921875
2019-10-10,145.76292419433594
2019-10-11,148.70982360839844
2019-10-14,148.70982360839844
2019-10-15,152.06492614746094
2019-10-16,146.3204345703125
2019-10-17,145.52395629882812
2019-10-18,143.45315551757812
2019-10-21,143.9111328125
2019-10-22,141.70094299316406
2019-10-23,144.4885711669922
2019-10-24,147.46534729003906
2019-10-25,149.82489013671875
2019-10-28,154.10585021972656
2019-10-29,154.404541015625
2019-10-30,157.5804443359375
2019-10-31,155.79835510253906
2019-11-01,159.03399658203125
2019-11-04,156.90347290039062
2019-11-05,157.45101928710938
2019-11-06,158.22755432128906
2019-11-07,158.7950439453125
2019-11-08,160.39793395996094
2019-11-11,161.06495666503906
2019-11-12,162.14019775390625
2019-11-13,161.88134765625
2019-11-14,162.32936096191406
2019-11-15,162.48866271972656
2019-11-18,162.0506134033203
2019-11-19,163.2353515625
2019-11-20,163.47427368164062
2019-11-21,162.1601104736328
2019-11-22,162.09042358398438
2019-11-25,160.9952850341797
2019-11-26,161.8216094970703
2019-11-27,160.79617309570312
2019-11-29,162.17007446289062
2019-12-02,160.28842163085938
2019-12-03,160.8559112548828
2019-12-04,155.73861694335938
2019-12-05,157.5207061767578
2019-12-06,157.3116455078125
2019-12-09,156.7839813232422
2019-12-10,155.708740234375
2019-12-11,155.69879150390625
2019-12-12,157.88906860351562
2019-12-13,160.4178466796875
2019-12-16,161.2441864013672
2019-12-17,160.9156494140625
2019-12-18,160.76629638671875
2019-12-19,162.60813903808594
2019-12-20,163.82275390625
2019-12-23,163.01632690429688
2019-12-24,162.5284881591797
2019-12-26,163.7829132080078
2019-12-27,164.25083923339844
2019-12-30,161.72206115722656
2019-12-31,161.92117309570312
2020-01-02,166.251953125
2020-01-03,165.43557739257812
2020-01-06,172.6833953857422
2020-01-07,175.22213745117188
2020-01-08,176.5462646484375
2020-01-09,178.8062286376953
2020-01-10,179.40357971191406
2020-01-13,183.03744506835938
2020-01-14,181.3150634765625
2020-01-15,180.25975036621094
2020-01-16,181.88255310058594
2020-01-17,181.42459106445312
2020-01-21,184.45115661621094
2020-01-22,181.94229125976562
2020-01-23,183.16683959960938
2020-01-24,181.30511474609375
2020-01-27,179.91131591796875
2020-01-28,182.04185485839844
2020-01-29,180.9666290283203
2020-01-30,184.84938049316406
2020-01-31,181.5042266845703
2020-02-03,184.60049438476562
2020-02-04,187.50759887695312
2020-02-05,184.67018127441406
2020-02-06,185.90469360351562
2020-02-07,184.899169921875
2020-02-10,188.2841339111328
2020-02-11,188.27418518066406
2020-02-12,188.62265014648438
2020-02-13,187.80625915527344
2020-02-14,189.1104736328125
2020-02-18,190.2454376220703
2020-02-19,192.01756286621094
2020-02-20,192.50540161132812
2020-02-21,188.66246032714844
2020-02-24,185.1182098388672
2020-02-25,180.46884155273438
2020-02-26,178.07943725585938
2020-02-27,171.38912963867188
2020-02-28,169.6468505859375
2020-03-02,175.97877502441406
2020-03-03,168.62142944335938
2020-03-04,174.9134979248047
2020-03-05,168.8504180908203
2020-03-06,163.3548126220703
2020-03-09,150.5417022705078
2020-03-10,160.6269073486328
2020-03-11,153.88685607910156
2020-03-12,139.9686279296875
2020-03-13,147.1268310546875
2020-03-16,123.7506332397461
2020-03-17,134.8214874267578
2020-03-18,131.65553283691406
2020-03-19,138.84364318847656
2020-03-20,138.73411560058594
2020-03-23,139.89894104003906
2020-03-24,152.9609375
2020-03-25,146.4100341796875
2020-03-26,154.04612731933594
2020-03-27,145.354736328125
2020-03-30,149.1876983642578
2020-03-31,143.34364318847656
2020-04-01,133.4674835205078
2020-04-02,133.72634887695312
2020-04-03,133.7163848876953
2020-04-06,146.8978729248047
2020-04-07,144.4288330078125
2020-04-08,150.45208740234375
2020-04-09,153.866943359375
2020-04-13,151.82598876953125
2020-04-14,157.01295471191406
2020-04-15,154.94215393066406
2020-04-16,156.36582946777344
2020-04-17,161.90126037597656
2020-04-20,162.0406494140625
2020-04-21,149.8945770263672
2020-04-22,153.458740234375
2020-04-23,151.04945373535156
2020-04-24,153.2994384765625
2020-04-27,156.9333038330078
2020-04-28,153.77732849121094
2020-04-29,159.720947265625
2020-04-30,161.23422241210938
2020-05-01,155.67889404296875
2020-05-04,160.75634765625
2020-05-05,162.5284881591797
2020-05-06,162.94662475585938
2020-05-07,169.14907836914062
2020-05-08,175.12255859375
2020-05-11,181.86264038085938
2020-05-12,176.75531005859375
2020-05-13,168.89022827148438
2020-05-14,166.26190185546875
2020-05-15,170.57276916503906
2020-05-18,171.7375946044922
2020-05-19,175.26194763183594
2020-05-20,176.14801025390625
2020-05-21,174.4853973388672
2020-05-22,177.06396484375
2020-05-26,175.73983764648438
2020-05-27,175.81947326660156
2020-05-28,180.29959106445312
2020-05-29,174.01747131347656
2020-06-01,175.58053588867188
2020-06-02,173.45994567871094
2020-06-03,174.2165985107422
2020-06-04,170.6822967529297
2020-06-05,173.1114959716797
2020-06-08,175.7696990966797
2020-06-09,173.78848266601562
2020-06-10,181.295166015625
2020-06-11,171.28958129882812
2020-06-12,174.3360595703125
2020-06-15,177.82058715820312
2020-06-16,179.6823272705078
2020-06-17,180.5982666015625
2020-06-18,186.83059692382812
2020-06-19,186.1237335205078
2020-06-22,190.80296325683594
2020-06-23,188.22439575195312
2020-06-24,184.72991943359375
2020-06-25,187.50759887695312
2020-06-26,182.3604278564453
2020-06-29,182.5197296142578
2020-06-30,186.50204467773438
2020-07-01,191.04188537597656
2020-07-02,191.67906188964844
2020-07-06,196.84613037109375
2020-07-07,195.51205444335938
2020-07-08,199.3948211669922
2020-07-09,199.85279846191406
2020-07-10,198.00100708007812
2020-07-13,187.50759887695312
2020-07-14,188.72218322753906
2020-07-15,187.25868225097656
2020-07-16,184.69009399414062
2020-07-17,186.9500732421875
2020-07-20,194.22775268554688
2020-07-21,189.9567108154297
2020-07-22,190.46446228027344
2020-07-23,187.70669555664062
2020-07-24,187.65692138671875
2020-07-27,190.1160125732422
2020-07-28,188.66246032714844
2020-07-29,192.75428771972656
2020-07-30,190.8527374267578
2020-07-31,193.9888153076172
2020-08-03,202.29196166992188
2020-08-04,200.5198211669922
2020-08-05,201.744384765625
2020-08-06,206.87161254882812
2020-08-07,200.1614227294922
2020-08-10,196.28860473632812
2020-08-11,191.14146423339844
2020-08-12,191.76866149902344
2020-08-13,194.27752685546875
2020-08-14,192.60496520996094
2020-08-17,195.87045288085938
2020-08-18,203.10833740234375
2020-08-19,204.20347595214844
2020-08-20,208.58401489257812
2020-08-21,206.61277770996094
2020-08-24,207.53866577148438
2020-08-25,215.09512329101562
2020-08-26,271.1164245605469
2020-08-27,275.0987548828125
2020-08-28,269.9018249511719
2020-08-31,271.4449768066406
2020-09-01,280.0069274902344
2020-09-02,275.46710205078125
2020-09-03,263.8387145996094
2020-09-04,253.57427978515625
2020-09-08,240.20364379882812
2020-09-09,249.3231658935547
2020-09-10,246.7047882080078
2020-09-11,242.02557373046875
2020-09-14,245.54991149902344
2020-09-15,250.567626953125
2020-09-16,249.49241638183594
2020-09-17,243.44924926757812
2020-09-18,241.70697021484375
2020-09-21,243.96694946289062
2020-09-22,246.68487548828125
2020-09-23,234.94699096679688
2020-09-24,236.50009155273438
2020-09-25,241.6671600341797
2020-09-28,245.5797882080078
2020-09-29,246.35633850097656
2020-09-30,250.20924377441406
2020-10-01,252.32980346679688
2020-10-02,246.75457763671875
2020-10-05,250.41830444335938
2020-10-06,249.03443908691406
2020-10-07,258.8309631347656
2020-10-08,259.06988525390625
2020-10-09,264.804443359375
2020-10-12,265.8896179199219
2020-10-13,265.65069580078125
2020-10-14,260.6727600097656
2020-10-15,256.5809326171875
2020-10-16,257.4072570800781
2020-10-19,253.8829345703125
2020-10-20,254.83868408203125
2020-10-21,253.10635375976562
2020-10-22,248.5665283203125
2020-10-23,249.4127655029297
2020-10-26,240.91050720214844
2020-10-27,249.19374084472656
2020-10-28,237.37619018554688
2020-10-29,236.09190368652344
2020-10-30,231.24343872070312
2020-11-02,231.42262268066406
2020-11-03,236.0819549560547
2020-11-04,249.63180541992188
2020-11-05,259.06988525390625
2020-11-06,259.00018310546875
2020-11-09,258.1340637207031
2020-11-10,246.56539916992188
2020-11-11,253.0565948486328
2020-11-12,248.317626953125
2020-11-13,248.4072265625
2020-11-16,248.78555297851562
2020-11-17,255.03781127929688
2020-11-18,256.0234375
2020-11-19,263.4803466796875
2020-11-20,256.8995361328125
2020-11-23,256.5013122558594
2020-11-24,259.6871643066406
2020-11-25,245.7291259765625
2020-11-27,246.53553771972656
2020-11-30,244.71363830566406
2020-12-01,240.28330993652344
2020-12-02,219.80421447753906
2020-12-03,219.9933624267578
2020-12-04,224.86175537109375
2020-12-07,226.69363403320312
2020-12-08,226.85292053222656
2020-12-09,219.5951385498047
2020-12-10,221.93475341796875
2020-12-11,221.4369659423828
2020-12-14,220.29205322265625
2020-12-15,219.17698669433594
2020-12-16,222.63165283203125
2020-12-17,224.92149353027344
2020-12-18,226.42481994628906
2020-12-21,225.4690704345703
2020-12-22,230.14830017089844
2020-12-23,226.42481994628906
2020-12-24,224.78211975097656
2020-12-28,223.6471405029297
2020-12-29,221.476806640625
2020-12-30,221.41705322265625
2020-12-31,221.54649353027344
2021-01-04,219.33627319335938
2021-01-05,220.5409393310547
2021-01-06,215.19467163085938
2021-01-07,217.0166015625
2021-01-08,221.0586395263672
2021-01-11,217.28538513183594
2021-01-12,214.56747436523438
2021-01-13,217.21568298339844
2021-01-14,214.64710998535156
2021-01-15,212.19796752929688
2021-01-19,215.80198669433594
2021-01-20,222.45245361328125
2021-01-21,221.18804931640625
2021-01-22,224.7721710205078
2021-01-25,224.92149353027344
2021-01-26,225.25997924804688
2021-01-27,223.78652954101562
2021-01-28,225.49893188476562
2021-01-29,224.56307983398438
2021-02-01,227.4502716064453
2021-02-02,233.16490173339844
2021-02-03,233.7821807861328
2021-02-04,236.92819213867188
2021-02-05,237.83416748046875
2021-02-08,237.8739776611328
2021-02-09,235.65383911132812
2021-02-10,235.6737518310547
2021-02-11,240.1737823486328
2021-02-12,239.3076171875
2021-02-16,247.49130249023438
2021-02-17,246.56539916992188
2021-02-18,245.9182891845703
2021-02-19,245.4702606201172
2021-02-22,239.88507080078125
2021-02-23,234.59854125976562
2021-02-24,239.40719604492188
2021-02-25,230.05870056152344
2021-02-26,215.54312133789062
2021-03-01,216.57852172851562
2021-03-02,212.52651977539062
2021-03-03,205.08953857421875
2021-03-04,204.4224853515625
2021-03-05,209.8284912109375
2021-03-08,206.80194091796875
2021-03-09,210.5950927734375
2021-03-10,211.023193359375
2021-03-11,214.9955596923828
2021-03-12,211.2720947265625
2021-03-15,211.85946655273438
2021-03-16,213.5320587158203
2021-03-17,212.1780548095703
2021-03-18,208.55413818359375
2021-03-19,211.2621307373047
2021-03-22,214.218994140625
2021-03-23,214.0497589111328
2021-03-24,208.6039276123047
2021-03-25,204.53201293945312
2021-03-26,208.16587829589844
2021-03-29,209.8384552001953
2021-03-30,209.0718536376953
2021-03-31,210.93357849121094
2021-04-01,217.75331115722656
2021-04-05,219.31637573242188
2021-04-06,220.1128387451172
2021-04-07,219.8141632080078
2021-04-08,223.45797729492188
2021-04-09,230.25779724121094
2021-04-12,227.74893188476562
2021-04-13,230.97462463378906
2021-04-14,227.01220703125
2021-04-15,231.97019958496094
2021-04-16,230.88504028320312
2021-04-19,229.4812469482422
2021-04-20,226.9524688720703
2021-04-21,229.54098510742188
2021-04-22,230.32748413085938
2021-04-23,232.4779510498047
2021-04-26,234.41932678222656
2021-04-27,233.17486572265625
2021-04-28,235.83306884765625
2021-04-29,233.32418823242188
2021-04-30,229.30206298828125
2021-05-03,222.7710418701172
2021-05-04,216.22012329101562
2021-05-05,214.44798278808594
2021-05-06,217.08627319335938
2021-05-07,215.54312133789062
2021-05-10,212.94467163085938
2021-05-11,214.60728454589844
2021-05-12,209.60946655273438
2021-05-13,210.92364501953125
2021-05-14,216.697998046875
2021-05-17,214.1094970703125
2021-05-18,213.3827362060547
2021-05-19,220.36172485351562
2021-05-20,222.7909698486328
2021-05-21,221.59625244140625
2021-05-24,225.9867706298828
2021-05-25,226.70359802246094
2021-05-26,228.66485595703125
2021-05-27,224.83189392089844
2021-05-28,237.04766845703125
2021-06-01,235.1560516357422
2021-06-02,233.58303833007812
2021-06-03,229.81973266601562
2021-06-04,236.43038940429688
2021-06-07,237.08749389648438
2021-06-08,235.37509155273438
2021-06-09,235.04653930664062
2021-06-10,239.12843322753906
2021-06-11,239.2478790283203
2021-06-14,245.17160034179688
2021-06-15,241.5078582763672
2021-06-16,241.31869506835938
2021-06-17,243.34967041015625
2021-06-18,241.70697021484375
2021-06-21,243.3994598388672
2021-06-22,242.03550720214844
2021-06-23,240.77113342285156
2021-06-24,242.69261169433594
2021-06-25,240.80099487304688
2021-06-28,243.48907470703125
2021-06-29,244.7235870361328
2021-06-30,243.19039916992188
2021-07-01,243.89724731445312
2021-07-02,247.10301208496094
2021-07-06,249.1439666748047
2021-07-07,247.3419647216797
2021-07-08,244.71363830566406
2021-07-09,243.97689819335938
2021-07-12,241.83641052246094
2021-07-13,242.94149780273438
2021-07-14,241.35850524902344
2021-07-15,236.52996826171875
2021-07-16,237.37619018554688
2021-07-19,236.50009155273438
2021-07-20,239.0487823486328
2021-07-21,241.03994750976562
2021-07-22,247.1826629638672
2021-07-23,247.15280151367188
2021-07-26,246.50567626953125
2021-07-27,242.4337615966797
2021-07-28,242.8817596435547
2021-07-29,242.96141052246094
2021-07-30,240.8607177734375
2021-08-02,239.7954559326172
2021-08-03,240.06427001953125
2021-08-04,243.0908203125
2021-08-05,249.45257568359375
2021-08-06,249.48245239257812
2021-08-09,248.21807861328125
2021-08-10,242.3142852783203
2021-08-11,241.20919799804688
2021-08-12,247.2921905517578
2021-08-13,250.44818115234375
2021-08-16,248.09860229492188
2021-08-17,245.89837646484375
2021-08-18,250.10968017578125
2021-08-19,251.95150756835938
2021-08-20,254.99798583984375
2021-08-23,259.3685607910156
2021-08-24,258.5123596191406
2021-08-25,259.6971130371094
2021-08-26,266.6064758300781
2021-08-27,265.35198974609375
2021-08-30,263.79888916015625
2021-08-31,264.0975646972656
2021-09-01,267.1341247558594
2021-09-02,262.9825134277344
2021-09-03,265.8995666503906
2021-09-07,264.037841796875
2021-09-08,261.4593200683594
2021-09-09,259.58758544921875
2021-09-10,256.063232421875
2021-09-13,252.98690795898438
2021-09-14,253.24574279785156
2021-09-15,255.02784729003906
2021-09-16,259.2092590332031
2021-09-17,259.3785400390625
2021-09-20,257.0787658691406
2021-09-21,256.829833984375
2021-09-22,258.0245361328125
2021-09-23,276.6319274902344
2021-09-24,284.3675842285156
2021-09-27,278.4438781738281
2021-09-28,271.07659912109375
2021-09-29,269.3044738769531
2021-09-30,270.0212707519531
2021-10-01,274.0434265136719
2021-10-04,269.662841796875
2021-10-05,270.5688171386719
2021-10-06,274.0533752441406
2021-10-07,273.3664245605469
2021-10-08,271.2757263183594
2021-10-11,272.54010009765625
2021-10-12,277.76690673828125
2021-10-13,283.15301513671875
2021-10-14,288.7381591796875
2021-10-15,290.3709411621094
2021-10-18,290.4107666015625
2021-10-19,291.04791259765625
2021-10-20,288.8078918457031
2021-10-21,288.52911376953125
2021-10-22,291.2669677734375
2021-10-25,292.6209411621094
2021-10-26,293.8056640625
2021-10-27,293.8454895019531
2021-10-28,297.0612487792969
2021-10-29,298.3654479980469
2021-11-01,301.4219055175781
2021-11-02,301.6110534667969
2021-11-03,301.55133056640625
2021-11-04,306.6785583496094
2021-11-05,305.8920593261719
2021-11-08,308.5900573730469
2021-11-09,308.3411865234375
2021-11-10,298.3455505371094
2021-11-11,301.6408996582031
2021-11-12,305.2946472167969
2021-11-15,304.1398010253906
2021-11-16,305.7327575683594
2021-11-17,306.65863037109375
2021-11-18,301.65087890625
2021-11-19,299.83892822265625
2021-11-22,295.5280456542969
2021-11-23,290.1319885253906
2021-11-24,287.8919677734375
2021-11-26,282.9538879394531
2021-11-29,295.428466796875
2021-11-30,283.7005615234375
2021-12-01,250.38844299316406
2021-12-02,260.0455627441406
2021-12-03,257.1783142089844
2021-12-06,257.6064147949219
2021-12-07,265.80999755859375
2021-12-08,265.13299560546875
2021-12-09,263.1517639160156
2021-12-10,264.8542175292969
2021-12-13,264.5854187011719
2021-12-14,254.46035766601562
2021-12-15,258.8907165527344
2021-12-16,252.0012664794922
2021-12-17,251.81210327148438
2021-12-20,246.11741638183594
2021-12-21,251.43380737304688
2021-12-22,251.68270874023438
2021-12-23,252.0211944580078
2021-12-27,257.15838623046875
2021-12-28,254.3209686279297
2021-12-29,253.41500854492188
2021-12-30,254.20150756835938
2021-12-31,253.00682067871094
2022-01-03,254.3309326171875
2022-01-04,247.13287353515625
2022-01-05,226.66375732421875
2022-01-06,228.13720703125
2022-01-07,227.30091857910156
2022-01-10,228.61509704589844
2022-01-11,233.80206298828125
2022-01-12,236.77883911132812
2022-01-13,227.61952209472656
2022-01-14,230.20802307128906
2022-01-18,225.06088256835938
2022-01-19,225.2699432373047
2022-01-20,221.95468139648438
2022-01-21,217.66371154785156
2022-01-24,222.0442657470703
2022-01-25,214.4380340576172
2022-01-26,210.06744384765625
2022-01-27,211.7997589111328
2022-01-28,221.14825439453125
2022-01-31,231.60183715820312
2022-02-01,231.09408569335938
2022-02-02,224.01551818847656
2022-02-03,211.82960510253906
2022-02-04,218.2610626220703
2022-02-07,216.01104736328125
2022-02-08,216.46900939941406
2022-02-09,221.0586395263672
2022-02-10,216.70794677734375
2022-02-11,206.9811248779297
2022-02-14,205.48776245117188
2022-02-15,213.30307006835938
2022-02-16,210.80416870117188
2022-02-17,199.14590454101562
2022-02-18,195.9700164794922
2022-02-22,194.267578125
2022-02-23,189.69786071777344
2022-02-24,203.3870849609375
2022-02-25,207.17030334472656
2022-02-28,209.59951782226562
2022-03-01,207.96676635742188
2022-03-02,209.4601287841797
2022-03-03,203.84506225585938
2022-03-04,202.11273193359375
2022-03-07,195.3627166748047
2022-03-08,191.23106384277344
2022-03-09,202.26210021972656
2022-03-10,199.265380859375
2022-03-11,197.0253143310547
2022-03-14,192.26644897460938
2022-03-15,195.2731170654297
2022-03-16,204.6614532470703
2022-03-17,209.4800567626953
2022-03-18,217.8329620361328
2022-03-21,212.77542114257812
2022-03-22,217.24557495117188
2022-03-23,210.17694091796875
2022-03-24,213.0342559814453
2022-03-25,210.09730529785156
2022-03-28,214.32850646972656
2022-03-29,220.3119659423828
2022-03-30,213.99002075195312
2022-03-31,211.381591796875
2022-04-01,211.31190490722656
2022-04-04,217.88275146484375
2022-04-05,209.21124267578125
2022-04-06,199.93243408203125
2022-04-07,199.2753448486328
2022-04-08,196.29855346679688
2022-04-11,194.58615112304688
2022-04-12,193.94898986816406
2022-04-13,194.85498046875
2022-04-14,188.57286071777344
2022-04-18,186.18345642089844
2022-04-19,190.54409790039062
2022-04-20,185.4069061279297
2022-04-21,176.4467010498047
2022-04-22,170.6723175048828
2022-04-25,173.79844665527344
2022-04-26,169.3282928466797
2022-04-27,173.907958984375
2022-04-28,184.91908264160156
2022-04-29,175.1623992919922
2022-05-02,176.78518676757812
2022-05-03,177.5717010498047
2022-05-04,184.66021728515625
2022-05-05,171.53848266601562
2022-05-06,168.94996643066406
2022-05-09,162.87693786621094
2022-05-10,166.41122436523438
2022-05-11,160.55723571777344
2022-05-12,159.71099853515625
2022-05-13,166.17230224609375
2022-05-16,163.39462280273438
2022-05-17,163.00636291503906
2022-05-18,156.6346435546875
2022-05-19,154.91229248046875
2022-05-20,158.94439697265625
2022-05-23,159.61143493652344
2022-05-24,156.2364044189453
2022-05-25,158.94439697265625
2022-05-26,161.74197387695312
2022-05-27,164.3703155517578
2022-05-31,159.5317840576172
2022-06-01,175.29183959960938
2022-06-02,187.56732177734375
2022-06-03,184.09274291992188
2022-06-06,182.06175231933594
2022-06-07,186.32284545898438
2022-06-08,188.3538360595703
2022-06-09,186.2830352783203
2022-06-10,177.6613006591797
2022-06-13,165.2961883544922
2022-06-14,163.72317504882812
2022-06-15,167.80506896972656
2022-06-16,159.1435089111328
2022-06-17,162.53843688964844
2022-06-21,166.09266662597656
2022-06-22,166.70993041992188
2022-06-23,172.28517150878906
2022-06-24,185.09829711914062
2022-06-27,180.5086669921875
2022-06-28,170.70220947265625
2022-06-29,169.85595703125
2022-06-30,164.31056213378906
2022-07-01,167.45660400390625
2022-07-05,171.4389190673828
2022-07-06,171.96656799316406
2022-07-07,175.8592987060547
2022-07-08,174.72433471679688
2022-07-11,173.58938598632812
2022-07-12,165.5948486328125
2022-07-13,162.7674102783203
2022-07-14,160.3282470703125
2022-07-15,166.64024353027344
2022-07-18,167.14797973632812
2022-07-19,173.04180908203125
2022-07-20,181.64361572265625
2022-07-21,184.5308074951172
2022-07-22,181.66354370117188
2022-07-25,176.5064239501953
2022-07-26,169.70660400390625
2022-07-27,179.50311279296875
2022-07-28,180.48873901367188
2022-07-29,183.20668029785156
2022-08-01,182.17127990722656
2022-08-02,182.97769165039062
2022-08-03,188.81179809570312
2022-08-04,190.42465209960938
2022-08-05,189.32948303222656
2022-08-08,188.91134643554688
2022-08-09,181.43455505371094
2022-08-10,187.77639770507812
2022-08-11,185.90469360351562
2022-08-12,189.0507354736328
2022-08-15,190.21556091308594
2022-08-16,188.75205993652344
2022-08-17,187.1292724609375
2022-08-18,187.09939575195312
2022-08-19,182.95777893066406
2022-08-22,176.19778442382812
2022-08-23,175.22213745117188
2022-08-24,179.2144012451172
2022-08-25,173.141357421875
2022-08-26,164.4997100830078
2022-08-29,159.50192260742188
2022-08-30,158.9643096923828
2022-08-31,155.4299774169922
2022-09-01,152.8514404296875
2022-09-02,153.01072692871094
2022-09-06,151.04945373535156
2022-09-07,152.6025390625
2022-09-08,156.20654296875
2022-09-09,161.8713836669922
2022-09-12,164.89796447753906
2022-09-13,157.4012451171875
2022-09-14,159.5716094970703
2022-09-15,154.0959014892578
2022-09-16,150.84034729003906
2022-09-19,152.154541015625
2022-09-20,149.137939453125
2022-09-21,146.97752380371094
2022-09-22,149.4863739013672
2022-09-23,146.36024475097656
2022-09-26,145.67330932617188
2022-09-27,148.23194885253906
2022-09-28,149.50628662109375
2022-09-29,146.1611328125
2022-09-30,143.20425415039062
2022-10-03,147.24630737304688
2022-10-04,155.04171752929688
2022-10-05,155.5395050048828
2022-10-06,154.77291870117188
2022-10-07,149.62574768066406
2022-10-10,144.99630737304688
2022-10-11,141.93988037109375
2022-10-12,141.66111755371094
2022-10-13,144.79718017578125
2022-10-14,141.5914306640625
2022-10-17,146.5294952392578
2022-10-18,152.8514404296875
2022-10-19,152.99081420898438
2022-10-20,156.80389404296875
2022-10-21,159.4620819091797
2022-10-24,159.93995666503906
2022-10-25,164.53955078125
2022-10-26,159.2032470703125
2022-10-27,159.0439453125
2022-10-28,162.2994842529297
2022-10-31,161.8713836669922
2022-11-01,159.1136474609375
2022-11-02,149.3470001220703
2022-11-03,145.68325805664062
2022-11-04,139.15225219726562
2022-11-07,143.95094299316406
2022-11-08,146.4498748779297
2022-11-09,141.43211364746094
2022-11-10,155.6092071533203
2022-11-11,157.03286743164062
2022-11-14,157.95877075195312
2022-11-15,161.3537139892578
2022-11-16,154.43441772460938
2022-11-17,149.02841186523438
2022-11-18,147.3856964111328
2022-11-21,144.20980834960938
2022-11-22,148.59036254882812
2022-11-23,151.56715393066406
2022-11-25,152.6722412109375
2022-11-28,153.01072692871094
2022-11-29,151.00961303710938
2022-11-30,159.54173278808594
2022-12-01,146.3502960205078
2022-12-02,143.92108154296875
2022-12-05,133.3380584716797
2022-12-06,132.6809844970703
2022-12-07,129.90330505371094
2022-12-08,129.5548553466797
2022-12-09,130.53053283691406
2022-12-12,132.52169799804688
2022-12-13,135.0205841064453
2022-12-14,134.15443420410156
2022-12-15,129.86349487304688
2022-12-16,127.70307922363281
2022-12-19,128.43980407714844
2022-12-20,127.88228607177734
2022-12-21,129.72412109375
2022-12-22,128.6190185546875
2022-12-23,128.86790466308594
2022-12-27,130.08251953125
2022-12-28,127.9021987915039
2022-12-29,131.95420837402344
2022-12-30,132.0039825439453
2023-01-03,134.18431091308594
2023-01-04,138.97305297851562
2023-01-05,135.73739624023438
2023-01-06,139.88897705078125
2023-01-09,146.4498748779297
2023-01-10,146.78834533691406
2023-01-11,144.2595672607422
2023-01-12,148.93881225585938
2023-01-13,148.84918212890625
2023-01-17,147.8137969970703
2023-01-18,144.80714416503906
2023-01-19,145.76292419433594
2023-01-20,150.58151245117188
2023-01-23,155.18109130859375
2023-01-24,154.17555236816406
2023-01-25,155.47976684570312
2023-01-26,164.36033630371094
2023-01-27,163.79287719726562
2023-01-30,164.0218505859375
2023-01-31,167.2276153564453
2023-02-01,171.06060791015625
2023-02-02,173.86813354492188
2023-02-03,170.28404235839844
2023-02-06,168.3028564453125
2023-02-07,170.52297973632812
2023-02-08,168.88027954101562
2023-02-09,172.89247131347656
2023-02-10,166.29177856445312
2023-02-13,170.32386779785156
2023-02-14,169.2088165283203
2023-02-15,170.3437957763672
2023-02-16,167.3669891357422
2023-02-17,164.4399871826172
2023-02-21,160.9056854248047
2023-02-22,162.63800048828125
2023-02-23,163.39462280273438
2023-02-24,161.48312377929688
2023-02-27,162.41896057128906
2023-02-28,162.8868865966797
2023-03-01,166.61036682128906
2023-03-02,185.76531982421875
2023-03-03,185.60601806640625
2023-03-06,182.98765563964844
2023-03-07,182.50978088378906
2023-03-08,182.1414031982422
2023-03-09,177.9300994873047
2023-03-10,172.4145965576172
2023-03-13,174.7342987060547
2023-03-14,182.08168029785156
2023-03-15,182.10159301757812
2023-03-16,186.47218322753906
2023-03-17,184.03302001953125
2023-03-20,184.43124389648438
2023-03-21,187.84608459472656
2023-03-22,185.6856689453125
2023-03-23,186.611572265625
2023-03-24,189.22000122070312
2023-03-27,190.41468811035156
2023-03-28,191.45008850097656
2023-03-29,195.77090454101562
2023-03-30,195.7310791015625
2023-03-31,198.89703369140625
2023-04-03,195.62158203125
2023-04-04,196.3284149169922
2023-04-05,194.44679260253906
2023-04-06,191.69898986816406
2023-04-10,190.64366149902344
2023-04-11,188.05516052246094
2023-04-12,189.4788360595703
2023-04-13,193.16249084472656
2023-04-14,193.78968811035156
2023-04-17,196.20895385742188
2023-04-18,197.6226806640625
2023-04-19,198.0408172607422
2023-04-20,196.63705444335938
2023-04-21,198.1503448486328
2023-04-24,194.05850219726562
2023-04-25,189.82728576660156
2023-04-26,190.6735382080078
2023-04-27,195.07398986816406
2023-04-28,197.4932403564453
2023-05-01,196.9158172607422
2023-05-02,192.98326110839844
2023-05-03,191.7587127685547
2023-05-04,191.5297393798828
2023-05-05,196.71670532226562
2023-05-08,197.0253143310547
2023-05-09,200.29083251953125
2023-05-10,203.9446258544922
2023-05-11,202.5707244873047
2023-05-12,200.9180450439453
2023-05-15,202.43133544921875
2023-05-16,203.65589904785156
2023-05-17,208.45460510253906
2023-05-18,212.377197265625
2023-05-19,209.43026733398438
2023-05-22,209.33070373535156
2023-05-23,205.72669982910156
2023-05-24,208.13600158691406
2023-05-25,208.9822540283203
2023-05-26,214.48782348632812
2023-05-30,217.9026336669922
2023-05-31,222.39271545410156
2023-06-01,211.9590301513672
2023-06-02,212.08847045898438
2023-06-05,208.93246459960938
2023-06-06,211.9092559814453
2023-06-07,204.8207244873047
2023-06-08,208.6039276123047
2023-06-09,214.35838317871094
2023-06-12,212.74554443359375
2023-06-13,208.05636596679688
2023-06-14,208.47450256347656
2023-06-15,210.98336791992188
2023-06-16,210.82406616210938
2023-06-20,216.01104736328125
2023-06-21,208.66366577148438
2023-06-22,212.34732055664062
2023-06-23,209.1614532470703
2023-06-26,206.4435272216797
2023-06-27,207.89707946777344
2023-06-28,211.23226928710938
2023-06-29,209.4999542236328
2023-06-30,210.32627868652344
2023-07-03,210.7145538330078
2023-07-05,212.87498474121094
2023-07-06,209.21124267578125
2023-07-07,208.66366577148438
2023-07-10,211.8694305419922
2023-07-11,220.19248962402344
2023-07-12,226.2754669189453
2023-07-13,229.351806640625
2023-07-14,228.31642150878906
2023-07-17,226.99229431152344
2023-07-18,226.6239471435547
2023-07-19,233.33413696289062
2023-07-20,227.15159606933594
2023-07-21,227.05203247070312
2023-07-24,224.6626434326172
2023-07-25,225.031005859375
2023-07-26,224.58299255371094
2023-07-27,224.15489196777344
2023-07-28,224.6029052734375
2023-07-31,224.01551818847656
2023-08-01,223.27879333496094
2023-08-02,219.52545166015625
2023-08-03,214.60728454589844
2023-08-04,213.6415557861328
2023-08-07,215.10507202148438
2023-08-08,210.64488220214844
2023-08-09,204.9501495361328
2023-08-10,207.32957458496094
2023-08-11,207.777587890625
2023-08-14,211.1227569580078
2023-08-15,207.85723876953125
2023-08-16,206.0751495361328
2023-08-17,202.93907165527344
2023-08-18,203.92471313476562
2023-08-21,208.10614013671875
2023-08-22,205.84617614746094
2023-08-23,208.20570373535156
2023-08-24,204.60169982910156
2023-08-25,208.544189453125
2023-08-28,210.7842559814453
2023-08-29,211.023193359375
2023-08-30,214.08958435058594
2023-08-31,220.48121643066406
2023-09-01,220.55088806152344
2023-09-05,217.72344970703125
2023-09-06,220.64048767089844
2023-09-07,221.54649353027344
2023-09-08,223.76661682128906
2023-09-11,224.31419372558594
2023-09-12,220.68032836914062
2023-09-13,217.8329620361328
2023-09-14,217.81304931640625
2023-09-15,213.66148376464844
2023-09-18,214.0497589111328
2023-09-19,214.74664306640625
2023-09-20,212.08847045898438
2023-09-21,207.68800354003906
2023-09-22,205.5176239013672
2023-09-25,205.42803955078125
2023-09-26,201.5950469970703
2023-09-27,201.833984375
2023-09-28,202.30191040039062
2023-09-29,201.88377380371094
2023-10-02,202.80966186523438
2023-10-03,198.94680786132812
2023-10-04,200.977783203125
2023-10-05,201.11715698242188
2023-10-06,206.4435272216797
2023-10-09,206.30413818359375
2023-10-10,205.96566772460938
2023-10-11,205.935791015625
2023-10-12,204.7709503173828
2023-10-13,203.68576049804688
2023-10-16,207.6083526611328
2023-10-17,208.91256713867188
2023-10-18,203.92471313476562
2023-10-19,207.39927673339844
2023-10-20,202.82955932617188
2023-10-23,201.1072235107422
2023-10-24,203.31739807128906
2023-10-25,196.18905639648438
2023-10-26,195.38262939453125
2023-10-27,195.7012176513672
2023-10-30,198.3892822265625
2023-10-31,199.9423828125
2023-11-01,203.00877380371094
2023-11-02,207.19021606445312
2023-11-03,206.55303955078125
2023-11-06,206.5032501220703
2023-11-07,210.9037322998047
2023-11-08,210.5353546142578
2023-11-09,209.08180236816406
2023-11-10,212.68580627441406
2023-11-13,214.32850646972656
2023-11-14,220.2024383544922
2023-11-15,218.45021057128906
2023-11-16,220.47125244140625
2023-11-17,220.24227905273438
2023-11-20,224.13497924804688
2023-11-21,223.32858276367188
2023-11-22,222.85067749023438
2023-11-24,223.38829040527344
2023-11-27,223.79647827148438
2023-11-28,223.92591857910156
2023-11-29,229.33192443847656
2023-11-30,250.7866668701172
2023-12-01,258.85089111328125
2023-12-04,249.55215454101562
2023-12-05,249.9105682373047
2023-12-06,248.02891540527344
2023-12-07,247.75015258789062
2023-12-08,249.7014923095703
2023-12-11,250.9857940673828
2023-12-12,255.31655883789062
2023-12-13,256.1827087402344
2023-12-14,256.0732116699219
2023-12-15,260.4438171386719
2023-12-18,262.42498779296875
2023-12-19,263.1716613769531
2023-12-20,259.0997619628906
2023-12-21,266.0688171386719
2023-12-22,265.162841796875
2023-12-26,265.04339599609375
2023-12-27,265.5411682128906
2023-12-28,264.40618896484375
2023-12-29,261.97698974609375
2024-01-02,254.99798583984375
2024-01-03,250.7269287109375
2024-01-04,250.1295928955078
2024-01-05,250.01010131835938
2024-01-08,259.7170104980469
2024-01-09,260.1849365234375
2024-01-10,262.9626159667969
2024-01-11,270.1805725097656
2024-01-12,270.7281494140625
2024-01-16,268.0002746582031
2024-01-17,270.24029541015625
2024-01-18,273.2469482421875
2024-01-19,279.6385803222656
2024-01-22,279.0611572265625
2024-01-23,275.5467529296875
2024-01-24,275.6562805175781
2024-01-25,277.7967529296875
2024-01-26,278.7027282714844
2024-01-29,286.5877380371094
2024-01-30,286.45831298828125
2024-01-31,279.84765625
2024-02-01,282.5456848144531
2024-02-02,284.3974609375
2024-02-05,286.83660888671875
2024-02-06,284.5666809082031
2024-02-07,287.56341552734375
2024-02-08,290.65966796875
2024-02-09,290.01251220703125
2024-02-12,286.0501403808594
2024-02-13,279.9073486328125
2024-02-14,287.87200927734375
2024-02-15,290.64971923828125
2024-02-16,288.43951416015625
2024-02-20,285.1242370605469
2024-02-21,282.2967834472656
2024-02-22,292.3521423339844
2024-02-23,291.5058898925781
2024-02-26,299.0623779296875
2024-02-27,298.1763000488281
2024-02-28,298.445068359375
2024-02-29,307.4551086425781
2024-03-01,315.4794616699219
2024-03-04,313.2493896484375
2024-03-05,297.4295959472656
2024-03-06,302.4273986816406
2024-03-07,301.0834045410156
2024-03-08,303.9307556152344
2024-03-11,304.6475524902344
2024-03-12,305.26483154296875
2024-03-13,303.7296142578125
2024-03-14,302.3739013671875
2024-03-15,293.4118957519531
2024-03-18,299.5726623535156
2024-03-19,300.5097351074219
2024-03-20,305.125244140625
2024-03-21,307.4280700683594
2024-03-22,306.8099670410156
2024-03-25,305.1053161621094
2024-03-26,304.87603759765625
2024-03-27,300.4399108886719
2024-03-28,300.24053955078125
2024-04-01,301.31719970703125
2024-04-02,303.0517578125
2024-04-03,303.7894287109375
2024-04-04,293.2225036621094
2024-04-05,300.96826171875
2024-04-08,300.7888488769531
2024-04-09,301.42681884765625
2024-04-10,298.6853942871094
2024-04-11,298.2168884277344
2024-04-12,293.4019470214844
2024-04-15,272.04876708984375
2024-04-16,276.544677734375
2024-04-17,275.4580993652344
2024-04-18,271.07183837890625
2024-04-19,269.5266418457031
2024-04-22,272.9559020996094
2024-04-23,275.81695556640625
2024-04-24,275.3284912109375
2024-04-25,272.28802490234375
2024-04-26,273.4344177246094
2024-04-29,274.8798828125
2024-04-30,268.1011047363281
2024-05-01,267.8518981933594
2024-05-02,271.2811584472656
2024-05-03,272.806396484375
2024-05-06,274.770263671875
2024-05-07,276.3153991699219
2024-05-08,278.0998229980469
2024-05-09,274.3116760253906
2024-05-10,275.8070068359375
2024-05-13,276.65435791015625
2024-05-14,275.93658447265625
2024-05-15,286.6430969238281
2024-05-16,283.7920227050781
2024-05-17,284.7191162109375
2024-05-20,286.174560546875
2024-05-21,282.8749084472656
2024-05-22,282.9347229003906
2024-05-23,277.7010803222656
2024-05-24,271.440673828125
2024-05-28,268.9883117675781
2024-05-29,270.7727355957031
2024-05-30,217.3299560546875
2024-05-31,233.70872497558594
2024-06-03,235.88192749023438
2024-06-04,234.12741088867188
2024-06-05,235.79220581054688
2024-06-06,242.00277709960938
2024-06-07,241.09561157226562
2024-06-10,241.08563232421875
2024-06-11,240.23829650878906
2024-06-12,235.06448364257812
2024-06-13,228.3155975341797
2024-06-14,231.21653747558594
2024-06-17,229.7610626220703
2024-06-18,231.08692932128906
2024-06-20,241.04576110839844
2024-06-21,244.29559326171875
2024-06-24,239.1915740966797
2024-06-25,241.00587463378906
2024-06-26,242.3915557861328
2024-06-27,252.06130981445312
2024-06-28,256.29803466796875
2024-07-01,255.4108123779297
2024-07-02,255.39088439941406
2024-07-03,260.13604736328125
2024-07-05,262.3690490722656
2024-07-08,256.56719970703125
2024-07-09,252.03431701660156
2024-07-10,252.19406127929688
2024-07-11,250.7263641357422
2024-07-12,253.57191467285156
2024-07-15,252.46365356445312
2024-07-16,255.62867736816406
2024-07-17,250.8262176513672
2024-07-18,246.96229553222656
2024-07-19,247.24185180664062
2024-07-22,253.68173217773438
2024-07-23,255.65863037109375
2024-07-24,249.3884735107422
2024-07-25,256.1178894042969
2024-07-26,262.2981872558594
2024-07-29,258.1846618652344
2024-07-30,257.52569580078125
2024-07-31,258.3943176269531
2024-08-01,252.663330078125
2024-08-02,243.58758544921875
2024-08-05,238.63534545898438
2024-08-06,238.04627990722656
2024-08-07,239.6637420654297
2024-08-08,248.72950744628906
2024-08-09,252.1341552734375
2024-08-12,250.91607666015625
2024-08-13,254.200927734375
2024-08-14,254.9197998046875
2024-08-15,262.3780822753906
2024-08-16,262.4978942871094
2024-08-19,264.9640197753906
2024-08-20,261.4295654296875
2024-08-21,260.6807556152344
2024-08-22,258.1846618652344
2024-08-23,263.586181640625
2024-08-26,264.8641662597656
2024-08-27,263.785888671875
2024-08-28,258.4941711425781
2024-08-29,256.6071472167969
2024-08-30,252.50357055664062
2024-09-03,247.67117309570312
2024-09-04,247.29176330566406
2024-09-05,245.7342071533203
2024-09-06,243.58758544921875
2024-09-09,245.37477111816406
2024-09-10,245.77415466308594
2024-09-11,249.17881774902344
2024-09-12,252.97283935546875
2024-09-13,254.1709747314453
2024-09-16,256.5072937011719
2024-09-17,254.7899932861328
2024-09-18,252.42999267578125
2024-09-19,265.989990234375
2024-09-20,266.79998779296875
2024-09-23,264.2099914550781
2024-09-24,270.44000244140625
2024-09-25,274.0899963378906
2024-09-26,275.760009765625
2024-09-27,276.6400146484375
2024-09-30,273.7099914550781
2024-10-01,270.8699951171875
2024-10-02,279.4800109863281
2024-10-03,280.9100036621094
2024-10-04,287.75
2024-10-07,284.57000732421875
2024-10-08,291.57000732421875
2024-10-09,287.9200134277344
2024-10-10,290.1700134277344
2024-10-11,288.1000061035156
2024-10-14,291.6400146484375
2024-10-15,288.3500061035156
2024-10-16,290.8599853515625
2024-10-17,291.1099853515625
2024-10-18,292.94000244140625
2024-10-21,291.2900085449219
2024-10-22,288.3299865722656
2024-10-23,284.42999267578125
2024-10-24,286.760009765625
2024-10-25,290.4599914550781
2024-10-28,293.7699890136719
2024-10-29,298.8900146484375
2024-10-30,296.3999938964844
2024-10-31,291.3699951171875
2024-11-01,294.7200012207031
2024-11-04,298.010009765625
2024-11-05,297.489990234375
2024-11-06,306.8999938964844
2024-11-07,310.7799987792969
2024-11-08,321.95001220703125
2024-11-11,341.7300109863281
2024-11-12,341.1499938964844
2024-11-13,341.7200012207031
2024-11-14,331.6499938964844
2024-11-15,325.260009765625
2024-11-18,322.25
2024-11-19,323.42999267578125
2024-11-20,325.70001220703125
2024-11-21,335.7799987792969
2024-11-22,342.0199890136719
2024-11-25,339.1099853515625
2024-11-26,343.17999267578125
2024-11-27,330.010009765625
2024-11-29,329.989990234375
2024-12-02,331.010009765625
2024-12-03,331.42999267578125
2024-12-04,367.8699951171875
2024-12-05,361.3800048828125
2024-12-06,361.989990234375
2024-12-09,351.57000732421875
2024-12-10,348.82000732421875
2024-12-11,354.8500061035156
2024-12-12,358.0299987792969
2024-12-13,354.30999755859375
2024-12-16,357.2300109863281
2024-12-17,350.9700012207031
