,DVN
2014-01-02,42.198665618896484
2014-01-03,42.108978271484375
2014-01-06,41.57080078125
2014-01-07,42.419456481933594
2014-01-08,42.30216598510742
2014-01-09,41.93647003173828
2014-01-10,41.76397705078125
2014-01-13,40.8325309753418
2014-01-14,41.24650573730469
2014-01-15,40.85322570800781
2014-01-16,40.9636116027832
2014-01-17,40.71522521972656
2014-01-21,41.17750549316406
2014-01-22,41.681190490722656
2014-01-23,41.481101989746094
2014-01-24,41.067115783691406
2014-01-27,40.48064041137695
2014-01-28,40.90841293334961
2014-01-29,40.71522521972656
2014-01-30,41.170616149902344
2014-01-31,40.86013412475586
2014-02-03,39.91487121582031
2014-02-04,40.92911911010742
2014-02-05,40.76352310180664
2014-02-06,41.70878601074219
2014-02-07,42.10206985473633
2014-02-10,41.95028305053711
2014-02-11,42.46085739135742
2014-02-12,42.21245574951172
2014-02-13,42.964534759521484
2014-02-14,42.812747955322266
2014-02-18,43.40612030029297
2014-02-19,44.3306884765625
2014-02-20,44.54458236694336
2014-02-21,43.930503845214844
2014-02-24,44.41349411010742
2014-02-25,44.09608459472656
2014-02-26,43.97189712524414
2014-02-27,44.3720703125
2014-02-28,44.447967529296875
2014-03-03,44.00639343261719
2014-03-04,44.59977340698242
2014-03-05,44.482479095458984
2014-03-06,44.51697540283203
2014-03-07,44.937862396240234
2014-03-10,44.523868560791016
2014-03-11,43.84770965576172
2014-03-12,43.67460632324219
2014-03-13,43.33535385131836
2014-03-14,43.439205169677734
2014-03-17,43.48075485229492
2014-03-18,43.95847702026367
2014-03-19,43.93770980834961
2014-03-20,43.82001495361328
2014-03-21,44.37389373779297
2014-03-24,44.24927520751953
2014-03-25,44.28389358520508
2014-03-26,44.31159973144531
2014-03-27,44.789329528808594
2014-03-28,45.55092239379883
2014-03-31,46.34022903442383
2014-04-01,46.85951614379883
2014-04-02,47.00490188598633
2014-04-03,47.434173583984375
2014-04-04,47.08799362182617
2014-04-07,46.76949691772461
2014-04-08,46.977203369140625
2014-04-09,47.344154357910156
2014-04-10,47.50340270996094
2014-04-11,46.76949691772461
2014-04-14,46.93567657470703
2014-04-15,47.5518798828125
2014-04-16,48.36888885498047
2014-04-17,48.95047378540039
2014-04-21,48.81199264526367
2014-04-22,48.90198516845703
2014-04-23,49.372802734375
2014-04-24,49.78822708129883
2014-04-25,48.742740631103516
2014-04-28,48.65965270996094
2014-04-29,48.79814529418945
2014-04-30,48.46580505371094
2014-05-01,48.389644622802734
2014-05-02,48.65965270996094
2014-05-05,48.70813751220703
2014-05-06,48.59734344482422
2014-05-07,50.584442138671875
2014-05-08,49.15123748779297
2014-05-09,48.971229553222656
2014-05-12,49.185874938964844
2014-05-13,50.14826202392578
2014-05-14,49.67744827270508
2014-05-15,48.978145599365234
2014-05-16,48.92967987060547
2014-05-19,49.35203170776367
2014-05-20,50.2313346862793
2014-05-21,50.91678237915039
2014-05-22,50.34212875366211
2014-05-23,50.30058288574219
2014-05-27,50.63291549682617
2014-05-28,50.84755325317383
2014-05-29,51.159122467041016
2014-05-30,51.1660270690918
2014-06-02,51.0206298828125
2014-06-03,51.71992111206055
2014-06-04,51.83761978149414
2014-06-05,51.78223419189453
2014-06-06,51.699161529541016
2014-06-09,51.54682922363281
2014-06-10,51.886104583740234
2014-06-11,53.08080291748047
2014-06-12,53.483665466308594
2014-06-13,54.20603561401367
2014-06-16,54.3380126953125
2014-06-17,54.26162338256836
2014-06-18,54.26162338256836
2014-06-19,54.518611907958984
2014-06-20,54.83812713623047
2014-06-23,54.782554626464844
2014-06-24,53.87957763671875
2014-06-25,55.1923713684082
2014-06-26,54.59500503540039
2014-06-27,55.220149993896484
2014-06-30,55.15068054199219
2014-07-01,54.928428649902344
2014-07-02,54.58113098144531
2014-07-03,55.01872634887695
2014-07-07,54.37272262573242
2014-07-08,54.2755012512207
2014-07-09,55.15068054199219
2014-07-10,54.24769592285156
2014-07-11,53.573951721191406
2014-07-14,54.04629135131836
2014-07-15,53.136356353759766
2014-07-16,54.10185241699219
2014-07-17,52.60849380493164
2014-07-18,53.49061584472656
2014-07-21,53.5670051574707
2014-07-22,54.28244400024414
2014-07-23,54.52556228637695
2014-07-24,54.89369583129883
2014-07-25,54.41441345214844
2014-07-28,54.0532341003418
2014-07-29,53.761505126953125
2014-07-30,53.69898986816406
2014-07-31,52.441776275634766
2014-08-01,52.1569938659668
2014-08-04,53.351688385009766
2014-08-05,51.809688568115234
2014-08-06,51.66383361816406
2014-08-07,51.03175354003906
2014-08-08,51.66383361816406
2014-08-11,51.53880310058594
2014-08-12,50.71223068237305
2014-08-13,50.44828414916992
2014-08-14,50.46912384033203
2014-08-15,50.94145202636719
2014-08-18,51.08037185668945
2014-08-19,51.59437561035156
2014-08-20,51.29569625854492
2014-08-21,52.02501678466797
2014-08-22,51.504093170166016
2014-08-25,51.8860969543457
2014-08-26,51.788856506347656
2014-08-27,51.59437561035156
2014-08-28,51.83748245239258
2014-08-29,52.38621139526367
2014-09-02,51.455448150634766
2014-09-03,51.52490997314453
2014-09-04,50.22603225708008
2014-09-05,50.52469253540039
2014-09-08,49.468929290771484
2014-09-09,49.14244842529297
2014-09-10,49.25396728515625
2014-09-11,49.2260856628418
2014-09-12,48.75215148925781
2014-09-15,48.97518539428711
2014-09-16,50.07637405395508
2014-09-17,49.88124084472656
2014-09-18,49.8742561340332
2014-09-19,49.46306228637695
2014-09-22,48.773094177246094
2014-09-23,48.724281311035156
2014-09-24,48.84276580810547
2014-09-25,47.88094711303711
2014-09-26,48.28520584106445
2014-09-29,48.49429702758789
2014-09-30,47.5185546875
2014-10-01,46.74492645263672
2014-10-02,46.38948059082031
2014-10-03,45.608882904052734
2014-10-06,45.17677307128906
2014-10-07,44.33344650268555
2014-10-08,44.57041931152344
2014-10-09,42.72348403930664
2014-10-10,41.41320037841797
2014-10-13,39.419898986816406
2014-10-14,38.506900787353516
2014-10-15,38.43022537231445
2014-10-16,39.40596008300781
2014-10-17,40.54200744628906
2014-10-20,40.40957260131836
2014-10-21,41.8592529296875
2014-10-22,40.86957550048828
2014-10-23,41.82439041137695
2014-10-24,41.75471496582031
2014-10-27,39.956565856933594
2014-10-28,41.52472686767578
2014-10-29,41.629268646240234
2014-10-30,40.632598876953125
2014-10-31,41.817440032958984
2014-11-03,40.79987716674805
2014-11-04,39.043540954589844
2014-11-05,42.94651794433594
2014-11-06,43.60165786743164
2014-11-07,45.3231315612793
2014-11-10,44.75162887573242
2014-11-11,44.99555587768555
2014-11-12,44.654056549072266
2014-11-13,44.10346221923828
2014-11-14,44.7307243347168
2014-11-17,44.5007209777832
2014-11-18,44.94677734375
2014-11-19,45.183746337890625
2014-11-20,46.52888107299805
2014-11-21,46.83551788330078
2014-11-24,46.20130157470703
2014-11-25,45.148887634277344
2014-11-26,44.619197845458984
2014-11-28,41.099571228027344
2014-12-01,41.77561569213867
2014-12-02,41.74076461791992
2014-12-03,42.45863342285156
2014-12-04,41.482887268066406
2014-12-05,41.74774169921875
2014-12-08,39.447784423828125
2014-12-09,39.8659553527832
2014-12-10,38.123226165771484
2014-12-11,37.68229293823242
2014-12-12,37.10136795043945
2014-12-15,36.856414794921875
2014-12-16,37.864253997802734
2014-12-17,40.92279052734375
2014-12-18,42.19660949707031
2014-12-19,42.91048812866211
2014-12-22,42.126625061035156
2014-12-23,43.02247619628906
2014-12-24,42.140625
2014-12-26,42.57455825805664
2014-12-29,42.798519134521484
2014-12-30,42.73552322387695
2014-12-31,42.840511322021484
2015-01-02,42.6655387878418
2015-01-05,41.08377456665039
2015-01-06,40.243892669677734
2015-01-07,40.432865142822266
2015-01-08,41.86766052246094
2015-01-09,42.280582427978516
2015-01-12,41.38473129272461
2015-01-13,41.21675109863281
2015-01-14,40.94380187988281
2015-01-15,40.49585723876953
2015-01-16,42.48356246948242
2015-01-20,41.74167251586914
2015-01-21,43.11347198486328
2015-01-22,42.868507385253906
2015-01-23,42.10560607910156
2015-01-26,43.197452545166016
2015-01-27,43.46341323852539
2015-01-28,40.894805908203125
2015-01-29,41.0977668762207
2015-01-30,42.18260192871094
2015-02-02,43.9813232421875
2015-02-03,44.842201232910156
2015-02-04,44.793216705322266
2015-02-05,45.493106842041016
2015-02-06,45.682071685791016
2015-02-09,45.30413055419922
2015-02-10,44.919193267822266
2015-02-11,45.213138580322266
2015-02-12,46.03902053833008
2015-02-13,46.52195358276367
2015-02-17,46.64792251586914
2015-02-18,44.75819778442383
2015-02-19,45.080169677734375
2015-02-20,44.66722106933594
2015-02-23,44.75819778442383
2015-02-24,45.38111114501953
2015-02-25,45.80805206298828
2015-02-26,43.77836608886719
2015-02-27,43.106468200683594
2015-03-02,42.595550537109375
2015-03-03,42.868507385253906
2015-03-04,43.295433044433594
2015-03-05,42.57455825805664
2015-03-06,41.41971969604492
2015-03-09,40.62184143066406
2015-03-10,39.88694381713867
2015-03-11,40.65305709838867
2015-03-12,40.182151794433594
2015-03-13,40.554664611816406
2015-03-16,41.29265594482422
2015-03-17,40.8006706237793
2015-03-18,42.33991622924805
2015-03-19,40.948265075683594
2015-03-20,41.22940444946289
2015-03-23,40.74443817138672
2015-03-24,40.65305709838867
2015-03-25,41.91819763183594
2015-03-26,42.21339416503906
2015-03-27,41.57381820678711
2015-03-30,42.67026138305664
2015-03-31,42.38911056518555
2015-04-01,43.28173828125
2015-04-02,43.96350860595703
2015-04-06,44.56795883178711
2015-04-07,44.51172637939453
2015-04-08,44.307899475097656
2015-04-09,45.64331817626953
2015-04-10,45.587100982666016
2015-04-13,45.39030075073242
2015-04-14,46.500816345214844
2015-04-15,47.05605697631836
2015-04-16,46.80302810668945
2015-04-17,46.332130432128906
2015-04-20,46.8592643737793
2015-04-21,45.882286071777344
2015-04-22,46.26885223388672
2015-04-23,46.59921646118164
2015-04-24,46.73978042602539
2015-04-27,46.78194808959961
2015-04-28,47.42857360839844
2015-04-29,48.46177291870117
2015-04-30,47.941654205322266
2015-05-01,48.22279739379883
2015-05-04,48.51798629760742
2015-05-05,46.84519958496094
2015-05-06,47.42857360839844
2015-05-07,46.71870040893555
2015-05-08,47.716739654541016
2015-05-11,46.7116584777832
2015-05-12,47.491844177246094
2015-05-13,46.353214263916016
2015-05-14,46.16344451904297
2015-05-15,46.289955139160156
2015-05-18,46.557044982910156
2015-05-19,45.53087615966797
2015-05-20,46.26183319091797
2015-05-21,47.44966125488281
2015-05-22,47.421546936035156
2015-05-26,46.5921745300293
2015-05-27,46.42349624633789
2015-05-28,45.952579498291016
2015-05-29,45.84012985229492
2015-06-01,45.3129768371582
2015-06-02,45.566001892089844
2015-06-03,44.91938018798828
2015-06-04,44.33600616455078
2015-06-05,44.842079162597656
2015-06-08,43.92836380004883
2015-06-09,43.66127395629883
2015-06-10,44.8491096496582
2015-06-11,44.404632568359375
2015-06-12,43.649742126464844
2015-06-15,43.480403900146484
2015-06-16,44.065975189208984
2015-06-17,43.48746871948242
2015-06-18,43.34637451171875
2015-06-19,43.01477813720703
2015-06-22,43.28286361694336
2015-06-23,43.339317321777344
2015-06-24,43.09944152832031
2015-06-25,42.59852600097656
2015-06-26,42.654972076416016
2015-06-29,41.49793243408203
2015-06-30,41.97063064575195
2015-07-01,40.72892761230469
2015-07-02,40.82770919799805
2015-07-06,39.9881477355957
2015-07-07,40.43968200683594
2015-07-08,39.19093322753906
2015-07-09,39.46607971191406
2015-07-10,39.402584075927734
2015-07-13,39.08510971069336
2015-07-14,39.60717010498047
2015-07-15,38.69001770019531
2015-07-16,38.35843276977539
2015-07-17,37.84341812133789
2015-07-20,36.56644058227539
2015-07-21,36.742820739746094
2015-07-22,36.07964324951172
2015-07-23,36.093753814697266
2015-07-24,34.85206604003906
2015-07-27,34.44991683959961
2015-07-28,35.26830291748047
2015-07-29,36.107872009277344
2015-07-30,35.70573043823242
2015-07-31,34.86616516113281
2015-08-03,34.11833953857422
2015-08-04,34.38642501831055
2015-08-05,33.12357711791992
2015-08-06,34.07600402832031
2015-08-07,32.74259948730469
2015-08-10,33.779693603515625
2015-08-11,33.37049102783203
2015-08-12,33.779693603515625
2015-08-13,32.46038818359375
2015-08-14,32.495670318603516
2015-08-17,32.74259948730469
2015-08-18,32.608558654785156
2015-08-19,31.50794792175293
2015-08-20,30.202777862548828
2015-08-21,28.98929786682129
2015-08-24,26.865718841552734
2015-08-25,25.842737197875977
2015-08-26,27.126760482788086
2015-08-27,28.770586013793945
2015-08-28,29.77241325378418
2015-08-31,30.09693717956543
2015-09-01,28.453115463256836
2015-09-02,28.728271484375
2015-09-03,28.80586051940918
2015-09-04,28.319061279296875
2015-09-08,28.573041915893555
2015-09-09,28.0015869140625
2015-09-10,28.213237762451172
2015-09-11,27.567358016967773
2015-09-14,27.617034912109375
2015-09-15,27.80157470703125
2015-09-16,29.13593864440918
2015-09-17,28.965591430664062
2015-09-18,28.234525680541992
2015-09-21,28.624897003173828
2015-09-22,28.035791397094727
2015-09-23,27.07761573791504
2015-09-24,27.397001266479492
2015-09-25,27.304737091064453
2015-09-28,26.08393669128418
2015-09-29,25.856815338134766
2015-09-30,26.325258255004883
2015-10-01,26.79370880126953
2015-10-02,28.901723861694336
2015-10-05,30.463193893432617
2015-10-06,31.052310943603516
2015-10-07,31.130382537841797
2015-10-08,31.705293655395508
2015-10-09,32.10985565185547
2015-10-12,31.222652435302734
2015-10-13,31.03101348876953
2015-10-14,31.691091537475586
2015-10-15,32.4150505065918
2015-10-16,32.9544792175293
2015-10-19,32.13825225830078
2015-10-20,32.42924880981445
2015-10-21,31.158763885498047
2015-10-22,31.762081146240234
2015-10-23,31.911123275756836
2015-10-26,30.370925903320312
2015-10-27,29.24239730834961
2015-10-28,29.497913360595703
2015-10-29,29.128843307495117
2015-10-30,29.760530471801758
2015-11-02,30.612255096435547
2015-11-03,32.095672607421875
2015-11-04,32.99707794189453
2015-11-05,33.72102737426758
2015-11-06,33.26676940917969
2015-11-09,33.3448486328125
2015-11-10,33.898468017578125
2015-11-11,32.37957000732422
2015-11-12,31.982101440429688
2015-11-13,31.975006103515625
2015-11-16,33.00415802001953
2015-11-17,32.58540344238281
2015-11-18,33.40873336791992
2015-11-19,32.63508987426758
2015-11-20,32.11695098876953
2015-11-23,31.88983154296875
2015-11-24,33.039642333984375
2015-11-25,32.58540344238281
2015-11-27,31.847246170043945
2015-11-30,32.6563720703125
2015-12-01,32.99707794189453
2015-12-02,30.896154403686523
2015-12-03,29.17142105102539
2015-12-04,28.766857147216797
2015-12-07,25.86390495300293
2015-12-08,24.976696014404297
2015-12-09,25.068971633911133
2015-12-10,25.203828811645508
2015-12-11,23.974720001220703
2015-12-14,22.538379669189453
2015-12-15,22.774194717407227
2015-12-16,21.84522247314453
2015-12-17,20.709012985229492
2015-12-18,20.487485885620117
2015-12-21,20.601825714111328
2015-12-22,21.316415786743164
2015-12-23,23.7246036529541
2015-12-24,23.367313385009766
2015-12-28,22.645565032958984
2015-12-29,23.038599014282227
2015-12-30,22.152498245239258
2015-12-31,22.86709213256836
2016-01-04,23.095767974853516
2016-01-05,23.460208892822266
2016-01-06,21.587963104248047
2016-01-07,20.051584243774414
2016-01-08,20.366003036499023
2016-01-11,19.272672653198242
2016-01-12,18.379419326782227
2016-01-13,17.721994400024414
2016-01-14,18.550928115844727
2016-01-15,17.50047492980957
2016-01-19,16.778728485107422
2016-01-20,15.428139686584473
2016-01-21,17.278947830200195
2016-01-22,18.315113067626953
2016-01-25,16.271366119384766
2016-01-26,17.550491333007812
2016-01-27,17.50047492980957
2016-01-28,19.144046783447266
2016-01-29,19.9372501373291
2016-02-01,18.62238883972168
2016-02-02,17.643390655517578
2016-02-03,19.00112533569336
2016-02-04,18.979690551757812
2016-02-05,17.757726669311523
2016-02-08,16.92165184020996
2016-02-09,16.1927547454834
2016-02-10,15.456727027893066
2016-02-11,15.185176849365234
2016-02-12,15.499601364135742
2016-02-16,15.192326545715332
2016-02-17,14.527752876281738
2016-02-18,14.077555656433105
2016-02-19,13.327227592468262
2016-02-22,14.506309509277344
2016-02-23,13.513022422790527
2016-02-24,13.870322227478027
2016-02-25,13.97751235961914
2016-02-26,14.499164581298828
2016-02-29,14.063260078430176
2016-03-01,13.734548568725586
2016-03-02,15.378120422363281
2016-03-03,15.721121788024902
2016-03-04,16.657245635986328
2016-03-07,17.286094665527344
2016-03-08,15.34239387512207
2016-03-09,16.385698318481445
2016-03-10,16.064128875732422
2016-03-11,17.89879608154297
2016-03-14,17.9060115814209
2016-03-15,17.400402069091797
2016-03-16,18.938922882080078
2016-03-17,19.791242599487305
2016-03-18,19.892366409301758
2016-03-21,20.239076614379883
2016-03-22,20.23185157775879
2016-03-23,18.606664657592773
2016-03-24,19.119497299194336
2016-03-28,18.664438247680664
2016-03-29,18.845014572143555
2016-03-30,18.924474716186523
2016-03-31,19.820127487182617
2016-04-01,19.22061538696289
2016-04-04,18.816129684448242
2016-04-05,19.061708450317383
2016-04-06,19.906803131103516
2016-04-07,19.935707092285156
2016-04-08,20.780803680419922
2016-04-11,20.98304557800293
2016-04-12,22.36265754699707
2016-04-13,22.36265754699707
2016-04-14,22.644363403320312
2016-04-15,22.680477142333984
2016-04-18,23.113859176635742
2016-04-19,24.283998489379883
2016-04-20,25.10020637512207
2016-04-21,24.507919311523438
2016-04-22,25.425251007080078
2016-04-25,24.522361755371094
2016-04-26,25.006305694580078
2016-04-27,26.6603946685791
2016-04-28,26.082548141479492
2016-04-29,25.049652099609375
2016-05-02,24.962974548339844
2016-05-03,23.655590057373047
2016-05-04,22.615468978881836
2016-05-05,22.536014556884766
2016-05-06,22.680477142333984
2016-05-09,21.698137283325195
2016-05-10,22.781599044799805
2016-05-11,23.503902435302734
2016-05-12,23.626697540283203
2016-05-13,23.48946189880371
2016-05-16,24.40679168701172
2016-05-17,25.01352882385254
2016-05-18,24.645151138305664
2016-05-19,24.48624610900879
2016-05-20,24.739049911499023
2016-05-23,24.948522567749023
2016-05-24,24.91241455078125
2016-05-25,26.32090950012207
2016-05-26,25.930856704711914
2016-05-27,25.930856704711914
2016-05-31,26.068105697631836
2016-06-01,26.11143684387207
2016-06-02,26.588167190551758
2016-06-03,25.945308685302734
2016-06-06,27.129898071289062
2016-06-07,27.996662139892578
2016-06-08,27.144338607788086
2016-06-09,27.050439834594727
2016-06-10,25.367462158203125
2016-06-13,25.888410568237305
2016-06-14,25.721996307373047
2016-06-15,25.389158248901367
2016-06-16,25.179336547851562
2016-06-17,26.03312110900879
2016-06-20,27.002668380737305
2016-06-21,27.632160186767578
2016-06-22,27.45127296447754
2016-06-23,28.073511123657227
2016-06-24,25.93905258178711
2016-06-27,24.419620513916016
2016-06-28,26.040361404418945
2016-06-29,26.54684066772461
2016-06-30,26.22848892211914
2016-07-01,27.09673309326172
2016-07-05,26.1561222076416
2016-07-06,26.756669998168945
2016-07-07,26.633670806884766
2016-07-08,27.190797805786133
2016-07-11,27.255910873413086
2016-07-12,28.948999404907227
2016-07-13,28.218233108520508
2016-07-14,27.77686882019043
2016-07-15,27.704513549804688
2016-07-18,27.57427215576172
2016-07-19,27.313804626464844
2016-07-20,27.46573829650879
2016-07-21,27.009904861450195
2016-07-22,27.313804626464844
2016-07-25,26.105478286743164
2016-07-26,27.103975296020508
2016-07-27,26.141653060913086
2016-07-28,26.141653060913086
2016-07-29,27.69727325439453
2016-08-01,25.98247528076172
2016-08-02,26.134418487548828
2016-08-03,27.49468231201172
2016-08-04,27.936044692993164
2016-08-05,28.587234497070312
2016-08-08,29.08647346496582
2016-08-09,28.86942481994629
2016-08-10,28.63064193725586
2016-08-11,29.889619827270508
2016-08-12,30.15009117126465
2016-08-15,30.359912872314453
2016-08-16,30.728918075561523
2016-08-17,31.33669662475586
2016-08-18,32.385841369628906
2016-08-19,32.07471466064453
2016-08-22,31.908296585083008
2016-08-23,32.72591018676758
2016-08-24,32.204959869384766
2016-08-25,32.110897064208984
2016-08-26,32.14706802368164
2016-08-29,32.56673049926758
2016-08-30,32.15430450439453
2016-08-31,31.351177215576172
2016-09-01,31.618886947631836
2016-09-02,32.03129959106445
2016-09-06,31.98789405822754
2016-09-07,31.980661392211914
2016-09-08,32.762088775634766
2016-09-09,31.372880935668945
2016-09-12,31.249876022338867
2016-09-13,29.808021545410156
2016-09-14,29.112445831298828
2016-09-15,29.634122848510742
2016-09-16,29.69933319091797
2016-09-19,29.597904205322266
2016-09-20,29.460233688354492
2016-09-21,30.554304122924805
2016-09-22,30.34419059753418
2016-09-23,28.648746490478516
2016-09-26,28.721195220947266
2016-09-27,27.80826759338379
2016-09-28,30.126821517944336
2016-09-29,31.184669494628906
2016-09-30,31.95993995666504
2016-10-03,32.025150299072266
2016-10-04,31.35855484008789
2016-10-05,32.01065444946289
2016-10-06,31.503469467163086
2016-10-07,31.018020629882812
2016-10-10,32.16280746459961
2016-10-11,31.981664657592773
2016-10-12,32.28599166870117
2016-10-13,31.807785034179688
2016-10-14,31.21364974975586
2016-10-17,30.26448631286621
2016-10-18,30.35867691040039
2016-10-19,31.126697540283203
2016-10-20,31.112205505371094
2016-10-21,30.931087493896484
2016-10-24,30.228256225585938
2016-10-25,29.467483520507812
2016-10-26,29.126937866210938
2016-10-27,29.31531524658203
2016-10-28,28.387903213500977
2016-10-31,27.45323371887207
2016-11-01,27.308320999145508
2016-11-02,28.655981063842773
2016-11-03,29.3515625
2016-11-04,29.11970329284668
2016-11-07,30.30071449279785
2016-11-08,30.416645050048828
2016-11-09,31.604915618896484
2016-11-10,31.25712013244629
2016-11-11,30.322450637817383
2016-11-14,31.018020629882812
2016-11-15,32.604793548583984
2016-11-16,31.86573028564453
2016-11-17,31.06149673461914
2016-11-18,31.749818801879883
2016-11-21,32.532325744628906
2016-11-22,32.22801971435547
2016-11-23,32.63376235961914
2016-11-25,32.046875
2016-11-28,30.902082443237305
2016-11-29,30.54705810546875
2016-11-30,35.01752853393555
2016-12-01,34.66976547241211
2016-12-02,34.66976547241211
2016-12-05,34.59006118774414
2016-12-06,34.278499603271484
2016-12-07,34.45237731933594
2016-12-08,34.59006118774414
2016-12-09,34.82916259765625
2016-12-12,34.86538314819336
2016-12-13,34.95969009399414
2016-12-14,34.11090850830078
2016-12-15,34.480892181396484
2016-12-16,34.37208557128906
2016-12-19,34.12541580200195
2016-12-20,33.84974670410156
2016-12-21,33.78445053100586
2016-12-22,34.02386474609375
2016-12-23,33.762699127197266
2016-12-27,33.98033905029297
2016-12-28,33.54505157470703
2016-12-29,33.334678649902344
2016-12-30,33.13154220581055
2017-01-03,34.15443801879883
2017-01-04,34.45912551879883
2017-01-05,35.5545654296875
2017-01-06,35.30790328979492
2017-01-09,33.79171371459961
2017-01-10,33.8787727355957
2017-01-11,34.38657760620117
2017-01-12,33.704654693603516
2017-01-13,33.66838836669922
2017-01-17,33.71916580200195
2017-01-18,33.632118225097656
2017-01-19,33.43624496459961
2017-01-20,33.55956268310547
2017-01-23,33.102535247802734
2017-01-24,33.7989616394043
2017-01-25,33.704654693603516
2017-01-26,34.20521545410156
2017-01-27,33.83523178100586
2017-01-30,32.69627380371094
2017-01-31,33.037227630615234
2017-02-01,33.037227630615234
2017-02-02,33.117027282714844
2017-02-03,33.94405746459961
2017-02-06,32.84136199951172
2017-02-07,32.02159118652344
2017-02-08,31.96356964111328
2017-02-09,32.464134216308594
2017-02-10,32.94292449951172
2017-02-13,32.834110260009766
2017-02-14,33.327423095703125
2017-02-15,32.086883544921875
2017-02-16,31.99983024597168
2017-02-17,32.04335021972656
2017-02-21,32.68901443481445
2017-02-22,31.74591827392578
2017-02-23,31.912784576416016
2017-02-24,31.05675506591797
2017-02-27,31.238115310668945
2017-02-28,31.45573616027832
2017-03-01,32.3770751953125
2017-03-02,31.535541534423828
2017-03-03,31.448490142822266
2017-03-06,31.876506805419922
2017-03-07,31.60083770751953
2017-03-08,29.54054832458496
2017-03-09,29.576820373535156
2017-03-10,29.206832885742188
2017-03-13,29.758996963500977
2017-03-14,29.0760498046875
2017-03-15,29.875246047973633
2017-03-16,29.584630966186523
2017-03-17,29.453855514526367
2017-03-20,29.453855514526367
2017-03-21,28.916213989257812
2017-03-22,28.582012176513672
2017-03-23,28.40038299560547
2017-03-24,28.189672470092773
2017-03-27,28.247802734375
2017-03-28,28.785442352294922
2017-03-29,29.947908401489258
2017-03-30,30.115005493164062
2017-03-31,30.311168670654297
2017-04-03,30.53640365600586
2017-04-04,30.870609283447266
2017-04-05,30.165864944458008
2017-04-06,31.15396499633789
2017-04-07,30.90692710876465
2017-04-10,31.284732818603516
2017-04-11,30.892393112182617
2017-04-12,30.420150756835938
2017-04-13,29.533782958984375
2017-04-17,29.79532241821289
2017-04-18,29.446592330932617
2017-04-19,28.516620635986328
2017-04-20,28.84355354309082
2017-04-21,28.8653621673584
2017-04-24,28.93074607849121
2017-04-25,29.49018096923828
2017-04-26,29.49018096923828
2017-04-27,28.58927345275879
2017-04-28,28.69099235534668
2017-05-01,28.560218811035156
2017-05-02,28.226001739501953
2017-05-03,27.731950759887695
2017-05-04,26.867382049560547
2017-05-05,27.622976303100586
2017-05-08,27.724700927734375
2017-05-09,27.528526306152344
2017-05-10,28.000778198242188
2017-05-11,27.572126388549805
2017-05-12,27.506731033325195
2017-05-15,27.724700927734375
2017-05-16,27.550325393676758
2017-05-17,27.136198043823242
2017-05-18,26.80925178527832
2017-05-19,27.891803741455078
2017-05-22,27.666574478149414
2017-05-23,27.47767448425293
2017-05-24,26.976364135742188
2017-05-25,25.959205627441406
2017-05-26,26.024593353271484
2017-05-30,25.058305740356445
2017-05-31,24.687763214111328
2017-06-01,24.89846420288086
2017-06-02,24.070207595825195
2017-06-05,24.0120849609375
2017-06-06,24.62964630126953
2017-06-07,23.191099166870117
2017-06-08,22.87868881225586
2017-06-09,23.670612335205078
2017-06-12,23.772323608398438
2017-06-13,24.376468658447266
2017-06-14,23.430225372314453
2017-06-15,22.920719146728516
2017-06-16,23.117244720458984
2017-06-19,22.79697608947754
2017-06-20,22.68051528930664
2017-06-21,21.94536590576172
2017-06-22,21.84346580505371
2017-06-23,22.18556785583496
2017-06-26,22.360254287719727
2017-06-27,22.090938568115234
2017-06-28,22.23651123046875
2017-06-29,23.15363311767578
2017-06-30,23.270090103149414
2017-07-03,23.85967254638672
2017-07-05,22.63684844970703
2017-07-06,21.967201232910156
2017-07-07,21.501367568969727
2017-07-10,21.639659881591797
2017-07-11,22.221960067749023
2017-07-12,22.425762176513672
2017-07-13,22.70962905883789
2017-07-14,23.03717803955078
2017-07-17,22.818811416625977
2017-07-18,22.826095581054688
2017-07-19,23.655872344970703
2017-07-20,23.28465461730957
2017-07-21,23.2628116607666
2017-07-24,23.102684020996094
2017-07-25,24.005245208740234
2017-07-26,24.01252555847168
2017-07-27,24.36190414428711
2017-07-28,24.17266082763672
2017-07-31,24.245452880859375
2017-08-01,24.005245208740234
2017-08-02,24.310955047607422
2017-08-03,23.48845863342285
2017-08-04,24.500198364257812
2017-08-07,23.58308219909668
2017-08-08,23.393835067749023
2017-08-09,23.35016441345215
2017-08-10,23.117244720458984
2017-08-11,23.0080623626709
2017-08-14,22.615007400512695
2017-08-15,22.505830764770508
2017-08-16,22.31658363342285
2017-08-17,21.967201232910156
2017-08-18,22.127330780029297
2017-08-21,22.083662033081055
2017-08-22,22.127330780029297
2017-08-23,22.54950714111328
2017-08-24,22.651399612426758
2017-08-25,22.68051528930664
2017-08-28,22.513111114501953
2017-08-29,22.556777954101562
2017-08-30,22.534944534301758
2017-08-31,22.855209350585938
2017-09-01,23.37199592590332
2017-09-05,23.386552810668945
2017-09-06,23.78688621520996
2017-09-07,23.575796127319336
2017-09-08,22.906160354614258
2017-09-11,23.15363311767578
2017-09-12,23.415668487548828
2017-09-13,24.39101219177246
2017-09-14,24.719152450561523
2017-09-15,24.53685760498047
2017-09-18,24.770193099975586
2017-09-19,24.62435531616211
2017-09-20,25.441028594970703
2017-09-21,25.776456832885742
2017-09-22,26.090007781982422
2017-09-25,26.73897361755371
2017-09-26,26.928560256958008
2017-09-27,27.103557586669922
2017-09-28,26.680641174316406
2017-09-29,26.76814079284668
2017-10-02,26.687929153442383
2017-10-03,26.63688850402832
2017-10-04,26.148340225219727
2017-10-05,26.505634307861328
2017-10-06,26.090007781982422
2017-10-09,26.170217514038086
2017-10-10,26.250431060791016
2017-10-11,26.308757781982422
2017-10-12,25.96604347229004
2017-10-13,26.15563201904297
2017-10-16,26.141042709350586
2017-10-17,26.053544998168945
2017-10-18,25.68166160583496
2017-10-19,25.48478126525879
2017-10-20,25.47020721435547
2017-10-23,25.266035079956055
2017-10-24,25.404571533203125
2017-10-25,25.047273635864258
2017-10-26,25.45561408996582
2017-10-27,26.16292953491211
2017-10-30,26.250431060791016
2017-10-31,26.90668487548828
2017-11-01,28.496295928955078
2017-11-02,28.314006805419922
2017-11-03,28.634843826293945
2017-11-06,29.794227600097656
2017-11-07,30.085912704467773
2017-11-08,29.356712341308594
2017-11-09,29.757774353027344
2017-11-10,29.466102600097656
2017-11-13,28.91192626953125
2017-11-14,27.876495361328125
2017-11-15,27.643152236938477
2017-11-16,27.82544708251953
2017-11-17,28.204618453979492
2017-11-20,27.278562545776367
2017-11-21,27.380653381347656
2017-11-22,27.701486587524414
2017-11-24,27.730663299560547
2017-11-27,26.82647705078125
2017-11-28,27.103557586669922
2017-11-29,27.05251693725586
2017-11-30,28.095251083374023
2017-12-01,28.321292877197266
2017-12-04,28.175453186035156
2017-12-05,27.985864639282227
2017-12-06,26.89210319519043
2017-12-07,27.0889835357666
2017-12-08,27.745237350463867
2017-12-11,28.066072463989258
2017-12-12,28.007749557495117
2017-12-13,27.796287536621094
2017-12-14,27.75246238708496
2017-12-15,27.518756866455078
2017-12-18,27.79629135131836
2017-12-19,28.26368522644043
2017-12-20,29.096267700195312
2017-12-21,29.8850154876709
2017-12-22,30.359729766845703
2017-12-26,31.097360610961914
2017-12-27,30.556922912597656
2017-12-28,30.49850082397461
2017-12-29,30.23558235168457
2018-01-02,30.841754913330078
2018-01-03,31.199609756469727
2018-01-04,31.572084426879883
2018-01-05,31.484439849853516
2018-01-08,31.58668327331543
2018-01-09,31.068151473999023
2018-01-10,30.805233001708984
2018-01-11,31.455224990844727
2018-01-12,32.16364288330078
2018-01-16,31.5939884185791
2018-01-17,31.72545623779297
2018-01-18,31.5501708984375
2018-01-19,31.294553756713867
2018-01-22,32.72598648071289
2018-01-23,32.51420974731445
2018-01-24,32.51420974731445
2018-01-25,32.068702697753906
2018-01-26,32.03217697143555
2018-01-29,31.645111083984375
2018-01-30,30.323213577270508
2018-01-31,30.21366310119629
2018-02-01,30.83445167541504
2018-02-02,29.235031127929688
2018-02-05,28.227176666259766
2018-02-06,28.029985427856445
2018-02-07,26.84685516357422
2018-02-08,25.51766586303711
2018-02-09,25.327775955200195
2018-02-12,26.131135940551758
2018-02-13,25.247438430786133
2018-02-14,25.9704647064209
2018-02-15,25.371599197387695
2018-02-16,24.911483764648438
2018-02-20,25.305864334106445
2018-02-21,22.326129913330078
2018-02-22,22.209270477294922
2018-02-23,22.954208374023438
2018-02-26,23.085664749145508
2018-02-27,23.26824951171875
2018-02-28,22.399160385131836
2018-03-01,22.30421257019043
2018-03-02,22.9030818939209
2018-03-05,23.37049674987793
2018-03-06,22.881174087524414
2018-03-07,22.60365104675293
2018-03-08,23.655324935913086
2018-03-09,23.896331787109375
2018-03-12,23.969364166259766
2018-03-13,23.94745635986328
2018-03-14,23.866966247558594
2018-03-15,23.201154708862305
2018-03-16,23.384065628051758
2018-03-19,22.798734664916992
2018-03-20,23.08408546447754
2018-03-21,24.086467742919922
2018-03-22,23.62552261352539
2018-03-23,23.58161735534668
2018-03-26,23.757221221923828
2018-03-27,23.201154708862305
2018-03-28,22.828001022338867
2018-03-29,23.259689331054688
2018-04-02,22.206083297729492
2018-04-03,22.952388763427734
2018-04-04,22.915803909301758
2018-04-05,23.62552261352539
2018-04-06,23.010923385620117
2018-04-09,23.025554656982422
2018-04-10,24.584003448486328
2018-04-11,24.686439514160156
2018-04-12,24.02062225341797
2018-04-13,24.584003448486328
2018-04-16,24.598634719848633
2018-04-17,24.649850845336914
2018-04-18,26.41316795349121
2018-04-19,26.113183975219727
2018-04-20,25.90100860595703
2018-04-23,25.922954559326172
2018-04-24,25.227869033813477
2018-04-25,25.75466537475586
2018-04-26,26.179035186767578
2018-04-27,26.15709114074707
2018-04-30,26.58145523071289
2018-05-01,26.48633575439453
2018-05-02,27.971622467041016
2018-05-03,27.218008041381836
2018-05-04,27.70822525024414
2018-05-07,27.722848892211914
2018-05-08,28.549633026123047
2018-05-09,29.427640914916992
2018-05-10,29.917858123779297
2018-05-11,29.961759567260742
2018-05-14,30.23246955871582
2018-05-15,30.203210830688477
2018-05-16,30.29100227355957
2018-05-17,30.9934024810791
2018-05-18,30.70073127746582
2018-05-21,30.971450805664062
2018-05-22,30.58367156982422
2018-05-23,30.86903190612793
2018-05-24,30.50318145751953
2018-05-25,29.691036224365234
2018-05-29,29.917858123779297
2018-05-30,30.678796768188477
2018-05-31,30.415390014648438
2018-06-01,30.29100227355957
2018-06-04,29.33251953125
2018-06-05,28.76913833618164
2018-06-06,30.371496200561523
2018-06-07,30.69342041015625
2018-06-08,30.847068786621094
2018-06-11,30.92755699157715
2018-06-12,30.678796768188477
2018-06-13,31.16168212890625
2018-06-14,30.575252532958984
2018-06-15,29.505014419555664
2018-06-18,30.128101348876953
2018-06-19,30.501949310302734
2018-06-20,31.234996795654297
2018-06-21,30.164752960205078
2018-06-22,31.72612762451172
2018-06-25,30.707195281982422
2018-06-26,31.220335006713867
2018-06-27,31.865413665771484
2018-06-28,31.946043014526367
2018-06-29,32.2245979309082
2018-07-02,31.909393310546875
2018-07-03,32.25392532348633
2018-07-05,32.246585845947266
2018-07-06,32.627777099609375
2018-07-09,33.20688247680664
2018-07-10,33.434120178222656
2018-07-11,32.341888427734375
2018-07-12,32.20261764526367
2018-07-13,32.78171157836914
2018-07-16,32.40785598754883
2018-07-17,32.312557220458984
2018-07-18,32.070674896240234
2018-07-19,32.35655212402344
2018-07-20,32.35655212402344
2018-07-23,32.40785598754883
2018-07-24,32.6644287109375
2018-07-25,33.184898376464844
2018-07-26,33.096920013427734
2018-07-27,32.6570930480957
2018-07-30,33.030948638916016
2018-07-31,32.994293212890625
2018-08-01,31.865413665771484
2018-08-02,32.209938049316406
2018-08-03,31.55753517150879
2018-08-06,31.997358322143555
2018-08-07,31.850744247436523
2018-08-08,31.27897071838379
2018-08-09,30.839153289794922
2018-08-10,31.403596878051758
2018-08-13,30.839153289794922
2018-08-14,31.088380813598633
2018-08-15,29.673616409301758
2018-08-16,29.82021713256836
2018-08-17,29.761568069458008
2018-08-20,30.084117889404297
2018-08-21,30.677879333496094
2018-08-22,31.308290481567383
2018-08-23,31.16901397705078
2018-08-24,31.271642684936523
2018-08-27,31.43291664123535
2018-08-28,31.161678314208984
2018-08-29,31.491559982299805
2018-08-30,31.616182327270508
2018-08-31,31.469566345214844
2018-09-04,31.044395446777344
2018-09-05,30.575252532958984
2018-09-06,29.783567428588867
2018-09-07,29.666275024414062
2018-09-10,29.695600509643555
2018-09-11,30.41398811340332
2018-09-12,30.75118064880371
2018-09-13,30.024093627929688
2018-09-14,29.135404586791992
2018-09-17,28.503786087036133
2018-09-18,28.88569450378418
2018-09-19,29.282297134399414
2018-09-20,29.458566665649414
2018-09-21,29.78171730041504
2018-09-24,30.51615333557129
2018-09-25,30.413331985473633
2018-09-26,29.142745971679688
2018-09-27,28.922412872314453
2018-09-28,29.333707809448242
2018-10-01,29.524662017822266
2018-10-02,29.274951934814453
2018-10-03,29.855159759521484
2018-10-04,29.480594635009766
2018-10-05,29.407155990600586
2018-10-08,28.481752395629883
2018-10-09,29.01789665222168
2018-10-10,27.394771575927734
2018-10-11,26.469379425048828
2018-10-12,26.902692794799805
2018-10-15,26.520784378051758
2018-10-16,27.233196258544922
2018-10-17,26.440000534057617
2018-10-18,25.778993606567383
2018-10-19,25.66148567199707
2018-10-22,25.61007308959961
2018-10-23,24.772808074951172
2018-10-24,23.59769630432129
2018-10-25,24.126493453979492
2018-10-26,23.781307220458984
2018-10-29,22.753080368041992
2018-10-30,23.737239837646484
2018-10-31,23.795995712280273
2018-11-01,24.133838653564453
2018-11-02,23.70786476135254
2018-11-05,24.310110092163086
2018-11-06,24.185251235961914
2018-11-07,24.868289947509766
2018-11-08,24.031021118164062
2018-11-09,24.24401092529297
2018-11-12,23.171724319458008
2018-11-13,22.694334030151367
2018-11-14,22.429931640625
2018-11-15,22.488685607910156
2018-11-16,21.710180282592773
2018-11-19,21.754240036010742
2018-11-20,20.153152465820312
2018-11-21,20.95370101928711
2018-11-23,19.76389503479004
2018-11-26,19.92547607421875
2018-11-27,19.543561935424805
2018-11-28,19.734519958496094
2018-11-29,19.76389503479004
2018-11-30,19.852031707763672
2018-12-03,21.129962921142578
2018-12-04,20.68929672241211
2018-12-06,20.38082504272461
2018-12-07,19.976884841918945
2018-12-10,19.293855667114258
2018-12-11,19.646387100219727
2018-12-12,20.035642623901367
2018-12-13,19.792560577392578
2018-12-14,19.033863067626953
2018-12-17,18.7907772064209
2018-12-18,17.980510711669922
2018-12-19,17.568017959594727
2018-12-20,16.580965042114258
2018-12-21,16.13900375366211
2018-12-24,15.453960418701172
2018-12-26,16.728282928466797
2018-12-27,16.868244171142578
2018-12-28,16.54413604736328
2018-12-31,16.603063583374023
2019-01-02,17.096590042114258
2019-01-03,17.324939727783203
2019-01-04,18.098371505737305
2019-01-07,18.672924041748047
2019-01-08,18.82024574279785
2019-01-09,19.026493072509766
2019-01-10,19.365333557128906
2019-01-11,19.416894912719727
2019-01-14,19.276935577392578
2019-01-15,19.446359634399414
2019-01-16,19.07068634033203
2019-01-17,19.43899154663086
2019-01-18,19.991439819335938
2019-01-22,19.615779876708984
2019-01-23,19.387426376342773
2019-01-24,19.593685150146484
2019-01-25,20.072473526000977
2019-01-28,19.520015716552734
2019-01-29,19.777833938598633
2019-01-30,20.381839752197266
2019-01-31,19.63050651550293
2019-02-01,19.895687103271484
2019-02-04,20.00617218017578
2019-02-05,19.785198211669922
2019-02-06,19.726268768310547
2019-02-07,18.636093139648438
2019-02-08,18.356185913085938
2019-02-11,18.73921775817871
2019-02-12,19.122251510620117
2019-02-13,19.8220272064209
2019-02-14,20.13140106201172
2019-02-15,20.934301376342773
2019-02-19,20.853271484375
2019-02-20,22.29701805114746
2019-02-21,21.98764419555664
2019-02-22,21.840322494506836
2019-02-25,21.72246551513672
2019-02-26,21.796125411987305
2019-02-27,22.009735107421875
2019-02-28,21.737199783325195
2019-03-01,22.2086238861084
2019-03-04,21.685630798339844
2019-03-05,21.56041145324707
2019-03-06,21.155277252197266
2019-03-07,20.66912269592285
2019-03-08,19.67470359802246
2019-03-11,20.47760009765625
2019-03-12,21.18474769592285
2019-03-13,21.6046085357666
2019-03-14,21.78926658630371
2019-03-15,21.892671585083008
2019-03-18,22.53527069091797
2019-03-19,22.33584213256836
2019-03-20,23.081846237182617
2019-03-21,23.377296447753906
2019-03-22,22.409704208374023
2019-03-25,22.764240264892578
2019-03-26,23.340360641479492
2019-03-27,23.140932083129883
2019-03-28,23.54718017578125
2019-03-29,23.31081771850586
2019-04-01,23.29604721069336
2019-04-02,23.05229949951172
2019-04-03,22.682994842529297
2019-04-04,22.90457534790039
2019-04-05,23.78353500366211
2019-04-08,23.65796661376953
2019-04-09,22.94151496887207
2019-04-10,23.192638397216797
2019-04-11,23.0301456451416
2019-04-12,24.728967666625977
2019-04-15,24.05682373046875
2019-04-16,24.248868942260742
2019-04-17,24.529542922973633
2019-04-18,24.780672073364258
2019-04-22,25.969846725463867
2019-04-23,25.55621910095215
2019-04-24,25.4749813079834
2019-04-25,24.773283004760742
2019-04-26,24.145458221435547
2019-04-29,24.167621612548828
2019-04-30,23.739215850830078
2019-05-01,23.51763916015625
2019-05-02,22.838104248046875
2019-05-03,23.089231491088867
2019-05-06,23.259113311767578
2019-05-07,22.934120178222656
2019-05-08,23.28866195678711
2019-05-09,23.081846237182617
2019-05-10,23.12616539001465
2019-05-13,22.099483489990234
2019-05-14,22.71992301940918
2019-05-15,22.84548568725586
2019-05-16,23.118778228759766
2019-05-17,22.609130859375
2019-05-20,22.18073272705078
2019-05-21,22.985822677612305
2019-05-22,21.64892578125
2019-05-23,20.068279266357422
2019-05-24,19.935333251953125
2019-05-28,19.647274017333984
2019-05-29,19.831928253173828
2019-05-30,19.04159927368164
2019-05-31,18.583654403686523
2019-06-03,18.84217071533203
2019-06-04,19.19670867919922
2019-06-05,18.820016860961914
2019-06-06,18.93080711364746
2019-06-07,18.975126266479492
2019-06-10,19.29273223876953
2019-06-11,19.277963638305664
2019-06-12,18.820016860961914
2019-06-13,19.36111831665039
2019-06-14,19.101686477661133
2019-06-17,19.568662643432617
2019-06-18,19.939279556274414
2019-06-19,19.94669532775879
2019-06-20,20.80653190612793
2019-06-21,20.932540893554688
2019-06-24,20.69534683227539
2019-06-25,20.69534683227539
2019-06-26,21.295747756958008
2019-06-27,20.977012634277344
2019-06-28,21.140090942382812
2019-07-01,21.421756744384766
2019-07-02,20.413673400878906
2019-07-03,20.39885139465332
2019-07-05,20.680522918701172
2019-07-08,20.710172653198242
2019-07-09,20.813941955566406
2019-07-10,21.37728500366211
2019-07-11,21.24385643005371
2019-07-12,21.2364501953125
2019-07-15,20.495208740234375
2019-07-16,19.865158081054688
2019-07-17,19.220285415649414
2019-07-18,19.0497989654541
2019-07-19,19.524188995361328
2019-07-22,19.576072692871094
2019-07-23,19.42782974243164
2019-07-24,19.65019989013672
2019-07-25,18.953432083129883
2019-07-26,18.931201934814453
2019-07-29,18.916379928588867
2019-07-30,19.924457550048828
2019-07-31,20.013399124145508
2019-08-01,18.6495304107666
2019-08-02,18.55316734313965
2019-08-05,17.834169387817383
2019-08-06,17.952770233154297
2019-08-07,17.908294677734375
2019-08-08,18.1158390045166
2019-08-09,17.82676124572754
2019-08-12,17.426488876342773
2019-08-13,17.50802230834961
2019-08-14,16.32946014404297
2019-08-15,16.025548934936523
2019-08-16,16.707487106323242
2019-08-19,17.24859046936035
2019-08-20,17.3153018951416
2019-08-21,17.33013153076172
2019-08-22,17.070693969726562
2019-08-23,16.07002067565918
2019-08-26,15.98848819732666
2019-08-27,15.81800651550293
2019-08-28,16.247920989990234
2019-08-29,16.707487106323242
2019-08-30,16.299806594848633
2019-09-03,16.373931884765625
2019-09-04,16.929853439331055
2019-09-05,17.419076919555664
2019-09-06,17.307889938354492
2019-09-09,18.256671905517578
2019-09-10,18.204790115356445
2019-09-11,18.508695602416992
2019-09-12,18.27063751220703
2019-09-13,18.650043487548828
2019-09-16,20.918991088867188
2019-09-17,19.847755432128906
2019-09-18,19.71384048461914
2019-09-19,19.3121280670166
2019-09-20,19.423717498779297
2019-09-23,19.215423583984375
2019-09-24,18.389667510986328
2019-09-25,18.38222885131836
2019-09-26,18.15904998779297
2019-09-27,18.04002571105957
2019-09-30,17.898679733276367
2019-10-01,17.214277267456055
2019-10-02,16.388526916503906
2019-10-03,16.864633560180664
2019-10-04,16.81256103515625
2019-10-07,16.284381866455078
2019-10-08,15.555338859558105
2019-10-09,15.67436408996582
2019-10-10,15.49582576751709
2019-10-11,15.81570816040039
2019-10-14,15.585095405578613
2019-10-15,15.599976539611816
2019-10-16,15.361918449401855
2019-10-17,15.161060333251953
2019-10-18,14.72958755493164
2019-10-21,15.056912422180176
2019-10-22,15.376801490783691
2019-10-23,15.845464706420898
2019-10-24,15.964493751525879
2019-10-25,15.971936225891113
2019-10-28,15.659486770629883
2019-10-29,15.919857025146484
2019-10-30,15.064352989196777
2019-10-31,15.086668968200684
2019-11-01,15.748759269714355
2019-11-04,16.790246963500977
2019-11-05,17.095245361328125
2019-11-06,16.425724029541016
2019-11-07,16.87207794189453
2019-11-08,17.043174743652344
2019-11-11,16.760486602783203
2019-11-12,16.64145851135254
2019-11-13,16.08351707458496
2019-11-14,16.24717903137207
2019-11-15,16.782798767089844
2019-11-18,16.336450576782227
2019-11-19,15.986809730529785
2019-11-20,16.32901382446289
2019-11-21,16.939029693603516
2019-11-22,16.939029693603516
2019-11-25,16.916706085205078
2019-11-26,16.559629440307617
2019-11-27,16.74560546875
2019-11-29,16.284381866455078
2019-12-02,16.239744186401367
2019-12-03,15.927297592163086
2019-12-04,16.656339645385742
2019-12-05,16.418283462524414
2019-12-06,17.214277267456055
2019-12-09,17.22171974182129
2019-12-10,17.42257308959961
2019-12-11,17.42257308959961
2019-12-12,17.915451049804688
2019-12-13,17.534589767456055
2019-12-16,17.810903549194336
2019-12-17,18.04987907409668
2019-12-18,18.44567108154297
2019-12-19,18.751859664916992
2019-12-20,19.020700454711914
2019-12-23,19.588258743286133
2019-12-24,19.81977081298828
2019-12-26,19.685340881347656
2019-12-27,19.214868545532227
2019-12-30,19.065507888793945
2019-12-31,19.394094467163086
2020-01-02,19.259674072265625
2020-01-03,19.49117660522461
2020-01-06,19.722681045532227
2020-01-07,19.782426834106445
2020-01-08,19.080446243286133
2020-01-09,19.304479598999023
2020-01-10,18.74439239501953
2020-01-13,18.938554763793945
2020-01-14,19.588258743286133
2020-01-15,19.59572410583496
2020-01-16,19.745086669921875
2020-01-17,19.304479598999023
2020-01-21,18.66224479675293
2020-01-22,18.14695930480957
2020-01-23,18.221637725830078
2020-01-24,17.885581970214844
2020-01-27,16.892356872558594
2020-01-28,16.96703338623047
2020-01-29,16.571237564086914
2020-01-30,16.795272827148438
2020-01-31,16.220245361328125
2020-02-03,15.816980361938477
2020-02-04,16.324798583984375
2020-02-05,17.482315063476562
2020-02-06,17.27322006225586
2020-02-07,17.153728485107422
2020-02-10,16.832609176635742
2020-02-11,16.952096939086914
2020-02-12,17.370298385620117
2020-02-13,17.400169372558594
2020-02-14,17.041709899902344
2020-02-18,16.5488338470459
2020-02-19,16.96703338623047
2020-02-20,16.541366577148438
2020-02-21,15.660152435302734
2020-02-24,14.323403358459473
2020-02-25,13.277899742126465
2020-02-26,12.486303329467773
2020-02-27,11.702176094055176
2020-02-28,12.12784481048584
2020-03-02,12.1801176071167
2020-03-03,11.791789054870605
2020-03-04,12.142781257629395
2020-03-05,11.911275863647461
2020-03-06,9.984561920166016
2020-03-09,6.2506184577941895
2020-03-10,6.7285637855529785
2020-03-11,6.280490398406982
2020-03-12,5.487880706787109
2020-03-13,6.5673418045043945
2020-03-16,5.714340686798096
2020-03-17,4.876439094543457
2020-03-18,4.083827972412109
2020-03-19,4.944377422332764
2020-03-20,4.589588642120361
2020-03-23,4.66507625579834
2020-03-24,5.593562126159668
2020-03-25,5.404845714569092
2020-03-26,5.555819511413574
2020-03-27,4.748111724853516
2020-03-30,4.7934041023254395
2020-03-31,5.216128349304199
2020-04-01,5.125544548034668
2020-04-02,5.880410671234131
2020-04-03,6.3257832527160645
2020-04-06,6.64282751083374
2020-04-07,6.574889659881592
2020-04-08,7.103295803070068
2020-04-09,7.299560070037842
2020-04-13,7.329756736755371
2020-04-14,6.876835346221924
2020-04-15,6.544693946838379
2020-04-16,6.106871128082275
2020-04-17,6.959871768951416
2020-04-20,6.914578437805176
2020-04-21,6.831543445587158
2020-04-22,7.352400302886963
2020-04-23,7.978942394256592
2020-04-24,7.941196441650391
2020-04-27,8.122365951538086
2020-04-28,8.280888557434082
2020-04-29,9.533964157104492
2020-04-30,9.413187026977539
2020-05-01,8.416765213012695
2020-05-04,8.620576858520508
2020-05-05,8.439409255981445
2020-05-06,8.673417091369629
2020-05-07,9.065949440002441
2020-05-08,9.586808204650879
2020-05-11,9.405637741088867
2020-05-12,9.36034870147705
2020-05-13,8.703612327575684
2020-05-14,8.801742553710938
2020-05-15,9.02065658569336
2020-05-18,9.903852462768555
2020-05-19,9.292409896850586
2020-05-20,9.375447273254395
2020-05-21,9.277311325073242
2020-05-22,9.164081573486328
2020-05-26,9.292409896850586
2020-05-27,9.382991790771484
2020-05-28,8.801742553710938
2020-05-29,8.160110473632812
2020-06-01,8.831940650939941
2020-06-02,9.179177284240723
2020-06-03,9.45093059539795
2020-06-04,9.601903915405273
2020-06-05,11.0210542678833
2020-06-08,11.896699905395508
2020-06-09,10.983312606811523
2020-06-10,10.319028854370117
2020-06-11,9.209373474121094
2020-06-12,9.750205039978027
2020-06-15,9.81875991821289
2020-06-16,10.131072044372559
2020-06-17,9.620709419250488
2020-06-18,9.864466667175293
2020-06-19,9.85684871673584
2020-06-22,9.674032211303711
2020-06-23,9.430275917053223
2020-06-24,8.569518089294434
2020-06-25,8.912297248840332
2020-06-26,8.333380699157715
2020-06-29,8.470491409301758
2020-06-30,8.638072967529297
2020-07-01,8.455254554748535
2020-07-02,8.561899185180664
2020-07-06,8.500961303710938
2020-07-07,7.883954048156738
2020-07-08,7.891570091247559
2020-07-09,7.465001583099365
2020-07-10,7.762078285217285
2020-07-13,7.586878776550293
2020-07-14,7.944894313812256
2020-07-15,8.1810302734375
2020-07-16,8.127711296081543
2020-07-17,7.838250637054443
2020-07-20,7.8230156898498535
2020-07-21,8.645689964294434
2020-07-22,8.432403564453125
2020-07-23,8.287673950195312
2020-07-24,8.150561332702637
2020-07-27,7.944894313812256
2020-07-28,7.876338005065918
2020-07-29,8.25720500946045
2020-07-30,7.876338005065918
2020-07-31,7.990599155426025
2020-08-03,8.074389457702637
2020-08-04,8.447638511657715
2020-08-05,9.171287536621094
2020-08-06,8.965619087219238
2020-08-07,9.22460651397705
2020-08-10,9.628327369689941
2020-08-11,9.415042877197266
2020-08-12,9.529301643371582
2020-08-13,9.21036148071289
2020-08-14,9.42817497253418
2020-08-17,9.132572174072266
2020-08-18,8.8214111328125
2020-08-19,8.626935005187988
2020-08-20,8.315773010253906
2020-08-21,8.121297836303711
2020-08-24,8.385786056518555
2020-08-25,8.541365623474121
2020-08-26,8.323554039001465
2020-08-27,8.37022876739502
2020-08-28,8.634713172912598
2020-08-31,8.45579719543457
2020-09-01,8.48691463470459
2020-09-02,8.292436599731445
2020-09-03,8.144637107849121
2020-09-04,8.206870079040527
2020-09-08,7.483418941497803
2020-09-09,7.452303886413574
2020-09-10,6.8999924659729
2020-09-11,7.065402984619141
2020-09-14,7.183553695678711
2020-09-15,7.270196437835693
2020-09-16,7.6876630783081055
2020-09-17,7.837319374084473
2020-09-18,7.703415870666504
2020-09-21,7.301703929901123
2020-09-22,7.2465667724609375
2020-09-23,6.836979866027832
2020-09-24,7.0575270652771
2020-09-25,6.9472527503967285
2020-09-28,7.719170570373535
2020-09-29,7.538005352020264
2020-09-30,7.451360702514648
2020-10-01,7.167799472808838
2020-10-02,7.5616374015808105
2020-10-05,7.99485445022583
2020-10-06,7.664032459259033
2020-10-07,7.7743072509765625
2020-10-08,8.128758430480957
2020-10-09,7.931839942932129
2020-10-12,7.766430854797363
2020-10-13,7.482870101928711
2020-10-14,7.34108829498291
2020-10-15,7.419856548309326
2020-10-16,7.049650192260742
2020-10-19,6.978758811950684
2020-10-20,7.065402984619141
2020-10-21,6.797595024108887
2020-10-22,7.356842994689941
2020-10-23,7.372595310211182
2020-10-26,6.939376354217529
2020-10-27,6.844855308532715
2020-10-28,6.380129337310791
2020-10-29,6.655813217163086
2020-10-30,7.033897399902344
2020-11-02,7.427731513977051
2020-11-03,7.593143463134766
2020-11-04,7.727046966552734
2020-11-05,7.916086673736572
2020-11-06,7.695539951324463
2020-11-09,8.924304008483887
2020-11-10,9.263005256652832
2020-11-11,9.184236526489258
2020-11-12,8.837661743164062
2020-11-13,9.278756141662598
2020-11-16,9.869508743286133
2020-11-17,10.3263578414917
2020-11-18,10.050674438476562
2020-11-19,10.680810928344727
2020-11-20,10.365743637084961
2020-11-23,11.40546703338623
2020-11-24,12.051356315612793
2020-11-25,11.909574508666992
2020-11-27,11.641767501831055
2020-11-30,11.019509315490723
2020-12-01,11.027384757995605
2020-12-02,11.657523155212402
2020-12-03,12.059233665466309
2020-12-04,13.169848442077637
2020-12-07,12.56334400177002
2020-12-08,12.579096794128418
2020-12-09,12.37430191040039
2020-12-10,13.143728256225586
2020-12-11,12.818507194519043
2020-12-14,12.191859245300293
2020-12-15,12.52501392364502
2020-12-16,12.62020206451416
2020-12-17,12.770915031433105
2020-12-18,12.398098945617676
2020-12-21,12.136334419250488
2020-12-22,11.763518333435059
2020-12-23,12.421895027160645
2020-12-24,12.160130500793457
2020-12-28,12.175994873046875
2020-12-29,12.144266128540039
2020-12-30,12.802641868591309
2020-12-31,12.540879249572754
2021-01-04,12.79471206665039
2021-01-05,13.770378112792969
2021-01-06,14.531871795654297
2021-01-07,14.730180740356445
2021-01-08,14.3652982711792
2021-01-11,14.539803504943848
2021-01-12,15.634453773498535
2021-01-13,15.174385070800781
2021-01-14,16.086591720581055
2021-01-15,15.523406028747559
2021-01-19,15.864490509033203
2021-01-20,15.840691566467285
2021-01-21,14.587398529052734
2021-01-22,14.119394302368164
2021-01-25,13.778311729431152
2021-01-26,13.365832328796387
2021-01-27,13.651394844055176
2021-01-28,13.643461227416992
2021-01-29,13.056473731994629
2021-02-01,13.294443130493164
2021-02-02,13.453086853027344
2021-02-03,14.436685562133789
2021-02-04,14.397026062011719
2021-02-05,14.198719024658203
2021-02-08,14.872960090637207
2021-02-09,14.968144416809082
2021-02-10,15.650321006774902
2021-02-11,15.309231758117676
2021-02-12,15.848624229431152
2021-02-16,16.554595947265625
2021-02-17,17.236766815185547
2021-02-18,16.29283332824707
2021-02-19,16.522863388061523
2021-02-22,16.856019973754883
2021-02-23,17.125717163085938
2021-02-24,17.66510772705078
2021-02-25,16.93534278869629
2021-02-26,17.0860538482666
2021-03-01,17.768224716186523
2021-03-02,17.831687927246094
2021-03-03,17.998262405395508
2021-03-04,18.735960006713867
2021-03-05,20.314477920532227
2021-03-08,19.48952293395996
2021-03-09,18.90254020690918
2021-03-10,18.95806312561035
2021-03-11,19.54505157470703
2021-03-12,19.472780227661133
2021-03-15,19.76186180114746
2021-03-16,18.878559112548828
2021-03-17,19.015071868896484
2021-03-18,17.955108642578125
2021-03-19,18.228132247924805
2021-03-22,17.931018829345703
2021-03-23,17.457246780395508
2021-03-24,17.939048767089844
2021-03-25,17.947080612182617
2021-03-26,18.26024627685547
2021-03-29,17.54557991027832
2021-03-30,17.66602897644043
2021-03-31,17.54557991027832
2021-04-01,18.870532989501953
2021-04-05,18.0354061126709
2021-04-06,18.292369842529297
2021-04-07,18.083589553833008
2021-04-08,17.939048767089844
2021-04-09,17.698152542114258
2021-04-12,17.56966781616211
2021-04-13,17.417097091674805
2021-04-14,18.059494018554688
2021-04-15,17.963136672973633
2021-04-16,17.56966781616211
2021-04-19,17.69011688232422
2021-04-20,16.83893585205078
2021-04-21,16.99953842163086
2021-04-22,16.86302947998047
2021-04-23,17.21634864807129
2021-04-26,17.56163787841797
2021-04-27,17.7784481048584
2021-04-28,19.296119689941406
2021-04-29,19.32823944091797
2021-04-30,18.774169921875
2021-05-03,18.966888427734375
2021-05-04,18.83037757873535
2021-05-05,20.259721755981445
2021-05-06,20.291845321655273
2021-05-07,21.054691314697266
2021-05-10,20.886064529418945
2021-05-11,20.66925048828125
2021-05-12,20.540773391723633
2021-05-13,19.87428092956543
2021-05-14,21.18317413330078
2021-05-17,21.833600997924805
2021-05-18,21.07075309753418
2021-05-19,20.299875259399414
2021-05-20,20.2838134765625
2021-05-21,20.35608673095703
2021-05-24,20.8378849029541
2021-05-25,20.717430114746094
2021-05-26,21.207265853881836
2021-05-27,21.399982452392578
2021-05-28,21.327714920043945
2021-06-01,24.250638961791992
2021-06-02,24.732439041137695
2021-06-03,25.029550552368164
2021-06-04,25.42302131652832
2021-06-07,24.828800201416016
2021-06-08,24.7725887298584
2021-06-09,24.03382682800293
2021-06-10,23.600204467773438
2021-06-11,23.79518699645996
2021-06-14,23.5433406829834
2021-06-15,24.047029495239258
2021-06-16,23.60832977294922
2021-06-17,22.41411018371582
2021-06-18,21.731689453125
2021-06-21,23.23462677001953
2021-06-22,23.185882568359375
2021-06-23,23.640827178955078
2021-06-24,24.1607666015625
2021-06-25,24.177011489868164
2021-06-28,23.080270767211914
2021-06-29,22.763437271118164
2021-06-30,23.713943481445312
2021-07-01,24.339492797851562
2021-07-02,23.746442794799805
2021-07-06,22.617202758789062
2021-07-07,22.365360260009766
2021-07-08,22.55221176147461
2021-07-09,23.275245666503906
2021-07-12,23.315868377685547
2021-07-13,23.535213470458984
2021-07-14,22.178508758544922
2021-07-15,21.65044403076172
2021-07-16,20.94365882873535
2021-07-19,20.25312042236328
2021-07-20,20.578083038330078
2021-07-21,21.398605346679688
2021-07-22,21.1142635345459
2021-07-23,20.813674926757812
2021-07-26,21.65044403076172
2021-07-27,21.07364273071289
2021-07-28,21.496089935302734
2021-07-29,21.634197235107422
2021-07-30,20.992408752441406
2021-08-02,20.708065032958984
2021-08-03,21.29299545288086
2021-08-04,20.545583724975586
2021-08-05,21.634197235107422
2021-08-06,21.942913055419922
2021-08-09,21.64232635498047
2021-08-10,22.46285057067871
2021-08-11,22.74718475341797
2021-08-12,23.12901496887207
2021-08-13,22.755311965942383
2021-08-16,22.07289695739746
2021-08-17,21.861671447753906
2021-08-18,21.23612403869629
2021-08-19,20.586204528808594
2021-08-20,20.87866973876953
2021-08-23,22.146011352539062
2021-08-24,23.17776107788086
2021-08-25,23.754566192626953
2021-08-26,23.632705688476562
2021-08-27,24.664451599121094
2021-08-30,24.193260192871094
2021-08-31,24.006404876708984
2021-09-01,22.94216537475586
2021-09-02,23.819557189941406
2021-09-03,23.697696685791016
2021-09-07,23.60832977294922
2021-09-08,22.934038162231445
2021-09-09,23.11276626586914
2021-09-10,23.203699111938477
2021-09-13,23.906343460083008
2021-09-14,23.3690242767334
2021-09-15,25.071897506713867
2021-09-16,25.055362701416016
2021-09-17,24.625513076782227
2021-09-20,23.294628143310547
2021-09-21,23.550886154174805
2021-09-22,25.162826538085938
2021-09-23,27.113689422607422
2021-09-24,27.353416442871094
2021-09-27,28.932287216186523
2021-09-28,29.039756774902344
2021-09-29,29.55226707458496
2021-09-30,29.353866577148438
2021-10-01,30.42850685119629
2021-10-04,32.04044723510742
2021-10-05,33.13160705566406
2021-10-06,31.97431755065918
2021-10-07,31.74285888671875
2021-10-08,32.949745178222656
2021-10-11,32.61082458496094
2021-10-12,32.44549560546875
2021-10-13,32.23057174682617
2021-10-14,32.883609771728516
2021-10-15,33.14813995361328
2021-10-18,33.495323181152344
2021-10-19,33.3134651184082
2021-10-20,33.81771469116211
2021-10-21,32.81748580932617
2021-10-22,33.429195404052734
2021-10-25,33.61106491088867
2021-10-26,34.313697814941406
2021-10-27,32.743080139160156
2021-10-28,33.47879409790039
2021-10-29,33.13160705566406
2021-11-01,34.710487365722656
2021-11-02,34.70221710205078
2021-11-03,34.69395065307617
2021-11-04,35.01634216308594
2021-11-05,36.02483367919922
2021-11-08,36.47121047973633
2021-11-09,36.36375427246094
2021-11-10,34.991539001464844
2021-11-11,35.31393051147461
2021-11-12,35.19819259643555
2021-11-15,35.69418716430664
2021-11-16,35.90083694458008
2021-11-17,34.958473205566406
2021-11-18,35.80990982055664
2021-11-19,33.561458587646484
2021-11-22,34.007843017578125
2021-11-23,35.90910720825195
2021-11-24,37.27305603027344
2021-11-26,35.297401428222656
2021-11-29,36.30589294433594
2021-11-30,34.76835250854492
2021-12-01,33.759857177734375
2021-12-02,34.37982940673828
2021-12-03,34.52862548828125
2021-12-06,35.01634216308594
2021-12-07,37.297855377197266
2021-12-08,37.124263763427734
2021-12-09,35.65007019042969
2021-12-10,36.57671356201172
2021-12-13,34.58865737915039
2021-12-14,33.982139587402344
2021-12-15,33.67887496948242
2021-12-16,33.99898910522461
2021-12-17,33.02180480957031
2021-12-20,32.229957580566406
2021-12-21,34.799259185791016
2021-12-22,35.62480926513672
2021-12-23,35.422630310058594
2021-12-27,37.57915115356445
2021-12-28,37.48649597167969
2021-12-29,37.2337760925293
2021-12-30,36.78730392456055
2021-12-31,37.1074104309082
2022-01-03,38.38785171508789
2022-01-04,40.14845275878906
2022-01-05,39.263946533203125
2022-01-06,40.74655532836914
2022-01-07,41.18459701538086
2022-01-10,40.85606384277344
2022-01-11,41.951171875
2022-01-12,42.03541564941406
2022-01-13,41.81639862060547
2022-01-14,42.44818878173828
2022-01-18,42.422916412353516
2022-01-19,41.21829605102539
2022-01-20,40.965579986572266
2022-01-21,38.85116958618164
2022-01-24,40.71285629272461
2022-01-25,43.181068420410156
2022-01-26,43.62753677368164
2022-01-27,43.58541488647461
2022-01-28,43.42536163330078
2022-01-31,42.599815368652344
2022-02-01,44.27617645263672
2022-02-02,44.84900665283203
2022-02-03,44.6552619934082
2022-02-04,44.537322998046875
2022-02-07,44.30145263671875
2022-02-08,43.122100830078125
2022-02-09,43.9055290222168
2022-02-10,43.98976135253906
2022-02-11,45.58189392089844
2022-02-14,44.02345657348633
2022-02-15,43.315853118896484
2022-02-16,45.36286926269531
2022-02-17,46.54221725463867
2022-02-18,46.14628982543945
2022-02-22,44.36884307861328
2022-02-23,45.110145568847656
2022-02-24,44.43623352050781
2022-02-25,46.50009536743164
2022-02-28,50.16451644897461
2022-03-01,49.91179275512695
2022-03-02,49.40635299682617
2022-03-03,49.5748291015625
2022-03-04,50.18135070800781
2022-03-07,50.450923919677734
2022-03-08,50.105533599853516
2022-03-09,49.650638580322266
2022-03-10,51.02374267578125
2022-03-11,50.2271728515625
2022-03-14,45.130794525146484
2022-03-15,45.40488815307617
2022-03-16,44.93379211425781
2022-03-17,49.26784896850586
2022-03-18,49.91025161743164
2022-03-21,52.625465393066406
2022-03-22,51.93167495727539
2022-03-23,52.82246398925781
2022-03-24,52.71112060546875
2022-03-25,53.533390045166016
2022-03-28,51.777503967285156
2022-03-29,51.828887939453125
2022-03-30,51.87171936035156
2022-03-31,50.646873474121094
2022-04-01,51.69184875488281
2022-04-04,52.12010955810547
2022-04-05,50.0815544128418
2022-04-06,49.970211029052734
2022-04-07,51.58905792236328
2022-04-08,53.42204666137695
2022-04-11,51.41775131225586
2022-04-12,53.32781982421875
2022-04-13,54.60405731201172
2022-04-14,53.58478927612305
2022-04-18,54.42418670654297
2022-04-19,53.9616584777832
2022-04-20,55.34068298339844
2022-04-21,52.377079010009766
2022-04-22,49.73894500732422
2022-04-25,48.1201057434082
2022-04-26,48.30853271484375
2022-04-27,49.73894500732422
2022-04-28,51.2978401184082
2022-04-29,49.8245964050293
2022-05-02,49.9787712097168
2022-05-03,55.05801773071289
2022-05-04,58.02163314819336
2022-05-05,57.51628112792969
2022-05-06,59.691871643066406
2022-05-09,53.12225341796875
2022-05-10,54.61262512207031
2022-05-11,55.40064239501953
2022-05-12,55.34068298339844
2022-05-13,58.84390640258789
2022-05-16,60.80537033081055
2022-05-17,62.16726303100586
2022-05-18,59.888877868652344
2022-05-19,59.5377082824707
2022-05-20,59.888877868652344
2022-05-23,60.865325927734375
2022-05-24,60.291446685791016
2022-05-25,61.61908721923828
2022-05-26,63.22079849243164
2022-05-27,64.92530059814453
2022-05-31,64.15441131591797
2022-06-01,65.50774383544922
2022-06-02,65.36212158203125
2022-06-03,65.97026062011719
2022-06-06,65.9959716796875
2022-06-07,66.84393310546875
2022-06-08,66.74971771240234
2022-06-09,66.68119812011719
2022-06-10,64.4869384765625
2022-06-13,60.289974212646484
2022-06-14,61.4654655456543
2022-06-15,59.61079788208008
2022-06-16,55.09165954589844
2022-06-17,50.52028274536133
2022-06-21,52.731956481933594
2022-06-22,50.11103057861328
2022-06-23,47.66425704956055
2022-06-24,46.81964111328125
2022-06-27,50.320003509521484
2022-06-28,51.77414321899414
2022-06-29,48.60465621948242
2022-06-30,47.98642349243164
2022-07-01,47.98642349243164
2022-07-05,45.182655334472656
2022-07-06,44.407691955566406
2022-07-07,46.73256301879883
2022-07-08,47.437862396240234
2022-07-11,46.42780685424805
2022-07-12,45.21747589111328
2022-07-13,45.79216384887695
2022-07-14,44.773399353027344
2022-07-15,45.89664840698242
2022-07-18,47.55976486206055
2022-07-19,49.814979553222656
2022-07-20,50.22422409057617
2022-07-21,48.9355354309082
2022-07-22,48.05608367919922
2022-07-25,50.47674560546875
2022-07-26,49.423152923583984
2022-07-27,51.87863540649414
2022-07-28,52.56652069091797
2022-07-29,54.7259521484375
2022-08-01,53.61140823364258
2022-08-02,52.792911529541016
2022-08-03,49.370906829833984
2022-08-04,47.44656753540039
2022-08-05,49.32736587524414
2022-08-08,50.08490753173828
2022-08-09,51.40842819213867
2022-08-10,52.287879943847656
2022-08-11,56.12784194946289
2022-08-12,57.07694625854492
2022-08-15,55.35288619995117
2022-08-16,55.36159133911133
2022-08-17,55.84919738769531
2022-08-18,59.14059829711914
2022-08-19,59.65433883666992
2022-08-22,59.575958251953125
2022-08-23,61.71797561645508
2022-08-24,63.085044860839844
2022-08-25,64.19087982177734
2022-08-26,63.36368179321289
2022-08-29,64.55658721923828
2022-08-30,61.89213180541992
2022-08-31,61.49159240722656
2022-09-01,59.349571228027344
2022-09-02,61.247779846191406
2022-09-06,60.55119705200195
2022-09-07,59.52371597290039
2022-09-08,60.00263214111328
2022-09-09,61.02703094482422
2022-09-12,63.4142951965332
2022-09-13,61.525848388671875
2022-09-14,64.28724670410156
2022-09-15,61.89107894897461
2022-09-16,59.521602630615234
2022-09-19,58.70210266113281
2022-09-20,58.007293701171875
2022-09-21,57.437198638916016
2022-09-22,56.22573471069336
2022-09-23,51.38882827758789
2022-09-26,49.152984619140625
2022-09-27,50.03485107421875
2022-09-28,53.491058349609375
2022-09-29,54.310569763183594
2022-09-30,53.562320709228516
2022-10-03,58.19436264038086
2022-10-04,61.525848388671875
2022-10-05,63.13814926147461
2022-10-06,64.349609375
2022-10-07,64.17147064208984
2022-10-10,62.66604232788086
2022-10-11,61.08047103881836
2022-10-12,61.81980514526367
2022-10-13,64.3585205078125
2022-10-14,60.59053421020508
2022-10-17,62.176124572753906
2022-10-18,62.14940643310547
2022-10-19,64.08238983154297
2022-10-20,63.85078048706055
2022-10-21,66.17570495605469
2022-10-24,67.02194213867188
2022-10-25,67.26244354248047
2022-10-26,68.51844024658203
2022-10-27,68.19776153564453
2022-10-28,67.70783233642578
2022-10-31,68.90147399902344
2022-11-01,68.85694122314453
2022-11-02,60.073890686035156
2022-11-03,63.004539489746094
2022-11-04,63.672637939453125
2022-11-07,64.17147064208984
2022-11-08,64.12691497802734
2022-11-09,59.46816635131836
2022-11-10,61.4456901550293
2022-11-11,63.95768356323242
2022-11-14,63.69044494628906
2022-11-15,65.57888793945312
2022-11-16,63.54790496826172
2022-11-17,63.236141204833984
2022-11-18,62.01578140258789
2022-11-21,59.85118865966797
2022-11-22,61.08047103881836
2022-11-23,60.39457321166992
2022-11-25,60.88448715209961
2022-11-28,59.26327896118164
2022-11-29,60.127342224121094
2022-11-30,61.03593063354492
2022-12-01,60.82213592529297
2022-12-02,60.98248291015625
2022-12-05,59.281105041503906
2022-12-06,57.12541961669922
2022-12-07,57.23231887817383
2022-12-08,56.56423568725586
2022-12-09,54.26162338256836
2022-12-12,55.59040451049805
2022-12-13,56.409507751464844
2022-12-14,56.35491180419922
2022-12-15,56.045467376708984
2022-12-16,54.68028259277344
2022-12-19,53.9339714050293
2022-12-20,54.02499008178711
2022-12-21,56.20928192138672
2022-12-22,54.707584381103516
2022-12-23,56.891876220703125
2022-12-27,57.5562744140625
2022-12-28,55.41748046875
2022-12-29,55.55399703979492
2022-12-30,55.98175048828125
2023-01-03,52.89643859863281
2023-01-04,53.6063346862793
2023-01-05,54.76218795776367
2023-01-06,55.72692108154297
2023-01-09,56.6097412109375
2023-01-10,57.456153869628906
2023-01-11,57.201324462890625
2023-01-12,58.2752685546875
2023-01-13,57.87481689453125
2023-01-17,57.7838020324707
2023-01-18,56.99199295043945
2023-01-19,58.320777893066406
2023-01-20,58.93056106567383
2023-01-23,59.84979248046875
2023-01-24,58.220664978027344
2023-01-25,58.40268325805664
2023-01-26,59.813377380371094
2023-01-27,59.40382385253906
2023-01-30,56.737159729003906
2023-01-31,57.5562744140625
2023-02-01,56.32760238647461
2023-02-02,55.47208023071289
2023-02-03,55.38106918334961
2023-02-06,54.734893798828125
2023-02-07,56.61884307861328
2023-02-08,55.817935943603516
2023-02-09,54.8805046081543
2023-02-10,57.829307556152344
2023-02-13,57.84751510620117
2023-02-14,58.193355560302734
2023-02-15,52.086421966552734
2023-02-16,50.712135314941406
2023-02-17,48.53694152832031
2023-02-21,48.9009895324707
2023-02-22,48.7735710144043
2023-02-23,50.05684280395508
2023-02-24,50.05684280395508
2023-02-27,49.6199836730957
2023-02-28,49.07391357421875
2023-03-01,49.820213317871094
2023-03-02,50.69393539428711
2023-03-03,51.576751708984375
2023-03-06,51.41293716430664
2023-03-07,50.08414840698242
2023-03-08,49.60178756713867
2023-03-09,48.21839904785156
2023-03-10,47.10803985595703
2023-03-13,45.48802185058594
2023-03-14,45.608482360839844
2023-03-15,41.809326171875
2023-03-16,42.874935150146484
2023-03-17,42.76374435424805
2023-03-20,43.5513801574707
2023-03-21,45.46022415161133
2023-03-22,44.255611419677734
2023-03-23,43.29191970825195
2023-03-24,43.15292739868164
2023-03-27,44.55213165283203
2023-03-28,45.00617599487305
2023-03-29,46.13665771484375
2023-03-30,46.192256927490234
2023-03-31,46.896488189697266
2023-04-03,49.39838409423828
2023-04-04,48.87020492553711
2023-04-05,49.60223388671875
2023-04-06,49.02772521972656
2023-04-10,49.472503662109375
2023-04-11,50.315738677978516
2023-04-12,50.53813171386719
2023-04-13,51.16823196411133
2023-04-14,51.61301040649414
2023-04-17,51.24236297607422
2023-04-18,51.16823196411133
2023-04-19,50.825382232666016
2023-04-20,50.05628204345703
2023-04-21,49.69489669799805
2023-04-24,50.4732666015625
2023-04-25,49.30571365356445
2023-04-26,48.36981964111328
2023-04-27,48.41615295410156
2023-04-28,49.50957489013672
2023-05-01,49.333518981933594
2023-05-02,46.98915481567383
2023-05-03,45.41388702392578
2023-05-04,44.70039367675781
2023-05-05,46.66483688354492
2023-05-08,47.25787353515625
2023-05-09,45.56215286254883
2023-05-10,44.579925537109375
2023-05-11,43.79229736328125
2023-05-12,44.03321838378906
2023-05-15,44.20927810668945
2023-05-16,42.745208740234375
2023-05-17,44.20927810668945
2023-05-18,44.737449645996094
2023-05-19,45.58994674682617
2023-05-22,45.70114517211914
2023-05-23,45.506553649902344
2023-05-24,46.02546310424805
2023-05-25,44.3575325012207
2023-05-26,44.54286193847656
2023-05-30,43.51430892944336
2023-05-31,42.71741485595703
2023-06-01,43.34751892089844
2023-06-02,44.969112396240234
2023-06-05,44.82085037231445
2023-06-06,45.35829544067383
2023-06-07,46.37757873535156
2023-06-08,46.34978485107422
2023-06-09,46.21078872680664
2023-06-12,45.77527618408203
2023-06-13,46.692630767822266
2023-06-14,46.01579666137695
2023-06-15,46.626827239990234
2023-06-16,46.81483840942383
2023-06-20,45.37655258178711
2023-06-21,46.00639343261719
2023-06-22,44.83131790161133
2023-06-23,44.323692321777344
2023-06-26,44.878326416015625
2023-06-27,44.48350143432617
2023-06-28,44.83131790161133
2023-06-29,45.49876403808594
2023-06-30,45.442359924316406
2023-07-03,45.902984619140625
2023-07-05,45.59276580810547
2023-07-06,44.699710845947266
2023-07-07,45.92177963256836
2023-07-10,46.24140930175781
2023-07-11,47.5292854309082
2023-07-12,48.02751541137695
2023-07-13,48.04631423950195
2023-07-14,45.96879577636719
2023-07-17,45.987586975097656
2023-07-18,47.48228454589844
2023-07-19,47.58568572998047
2023-07-20,48.31893539428711
2023-07-21,49.12738037109375
2023-07-24,49.907630920410156
2023-07-25,50.19904708862305
2023-07-26,49.96403503417969
2023-07-27,49.089778900146484
2023-07-28,49.823020935058594
2023-07-31,50.763084411621094
2023-08-01,50.46226119995117
2023-08-02,46.75844192504883
2023-08-03,47.783103942871094
2023-08-04,47.75489044189453
2023-08-07,47.76429748535156
2023-08-08,47.72669982910156
2023-08-09,48.121517181396484
2023-08-10,47.7172966003418
2023-08-11,47.388275146484375
2023-08-14,47.27547073364258
2023-08-15,46.24140930175781
2023-08-16,45.611568450927734
2023-08-17,46.119197845458984
2023-08-18,46.99345016479492
2023-08-21,47.162662506103516
2023-08-22,46.75844192504883
2023-08-23,46.38241195678711
2023-08-24,45.912384033203125
2023-08-25,47.40707778930664
2023-08-28,47.53868865966797
2023-08-29,47.689090728759766
2023-08-30,47.623291015625
2023-08-31,48.02751541137695
2023-09-01,49.7478141784668
2023-09-05,50.293052673339844
2023-09-06,50.28364944458008
2023-09-07,49.35299301147461
2023-09-08,49.50340270996094
2023-09-11,47.73609924316406
2023-09-12,48.309532165527344
2023-09-13,47.6138916015625
2023-09-14,48.344810485839844
2023-09-15,47.15825653076172
2023-09-18,46.987388610839844
2023-09-19,46.50328063964844
2023-09-20,45.44962692260742
2023-09-21,44.05424118041992
2023-09-22,44.22510528564453
2023-09-25,45.0984001159668
2023-09-26,44.566829681396484
2023-09-27,46.36088943481445
2023-09-28,46.33241653442383
2023-09-29,45.27875900268555
2023-10-02,43.33281707763672
2023-10-03,43.42774200439453
2023-10-04,41.14956283569336
2023-10-05,40.67494201660156
2023-10-06,41.4818000793457
2023-10-09,43.75997543334961
2023-10-10,43.73149490356445
2023-10-11,44.376983642578125
2023-10-12,44.32002639770508
2023-10-13,45.93373489379883
2023-10-16,46.8924674987793
2023-10-17,47.39556884765625
2023-10-18,47.5379524230957
2023-10-19,46.75008010864258
2023-10-20,45.867286682128906
2023-10-23,45.28824996948242
2023-10-24,45.06043243408203
2023-10-25,45.421142578125
2023-10-26,44.77566146850586
2023-10-27,44.39596939086914
2023-10-30,43.82642364501953
2023-10-31,44.20611572265625
2023-11-01,43.8643913269043
2023-11-02,44.870582580566406
2023-11-03,44.937034606933594
2023-11-06,44.34850311279297
2023-11-07,42.991092681884766
2023-11-08,41.937435150146484
2023-11-09,41.89946365356445
2023-11-10,43.30433654785156
2023-11-13,43.11448669433594
2023-11-14,43.41824722290039
2023-11-15,43.20941925048828
2023-11-16,42.041847229003906
2023-11-17,43.05754089355469
2023-11-20,43.33281707763672
2023-11-21,42.95311737060547
2023-11-22,42.86769104003906
2023-11-24,43.04804611206055
2023-11-27,42.64936065673828
2023-11-28,42.54494857788086
2023-11-29,42.60190200805664
2023-11-30,42.68733596801758
2023-12-01,42.87718200683594
2023-12-04,42.412052154541016
2023-12-05,41.5577392578125
2023-12-06,41.05463790893555
2023-12-07,41.25397491455078
2023-12-08,41.85199737548828
2023-12-11,42.15576171875
2023-12-12,41.140071868896484
2023-12-13,41.97540283203125
2023-12-14,43.46314239501953
2023-12-15,43.34720993041992
2023-12-18,43.704654693603516
2023-12-19,44.129722595214844
2023-12-20,43.704654693603516
2023-12-21,44.293949127197266
2023-12-22,44.25531768798828
2023-12-26,45.07646179199219
2023-12-27,44.825286865234375
2023-12-28,44.20700454711914
2023-12-29,43.76261901855469
2024-01-02,44.2842903137207
2024-01-03,45.221370697021484
2024-01-04,44.081417083740234
2024-01-05,44.380897521972656
2024-01-08,43.98481369018555
2024-01-09,43.250606536865234
2024-01-10,42.44877243041992
2024-01-11,42.110652923583984
2024-01-12,41.3184814453125
2024-01-16,40.265472412109375
2024-01-17,39.69549560546875
2024-01-18,39.68583679199219
2024-01-19,39.57957077026367
2024-01-22,39.78244400024414
2024-01-23,39.89836883544922
2024-01-24,40.20751190185547
2024-01-25,41.0479850769043
2024-01-26,41.1735725402832
2024-01-29,41.3184814453125
2024-01-30,41.849815368652344
2024-01-31,40.593936920166016
2024-02-01,40.38140106201172
2024-02-02,39.89836883544922
2024-02-05,39.3090705871582
2024-02-06,39.68583679199219
2024-02-07,39.90803146362305
2024-02-08,40.970699310302734
2024-02-09,40.17852783203125
2024-02-12,40.80646896362305
2024-02-13,40.47801208496094
2024-02-14,40.420040130615234
2024-02-15,41.72422409057617
2024-02-16,41.98506164550781
2024-02-20,41.936763763427734
2024-02-21,42.613006591796875
2024-02-22,42.477760314941406
2024-02-23,42.390811920166016
2024-02-26,42.342506408691406
2024-02-27,42.815879821777344
2024-02-28,42.53571701049805
2024-02-29,42.56470489501953
2024-03-01,42.88350296020508
2024-03-04,42.86418151855469
2024-03-05,43.550086975097656
2024-03-06,43.907527923583984
2024-03-07,44.33259582519531
2024-03-08,44.59343719482422
2024-03-11,45.08612060546875
2024-03-12,44.999183654785156
2024-03-13,45.80101013183594
2024-03-14,46.668861389160156
2024-03-15,46.43482971191406
2024-03-18,46.28856658935547
2024-03-19,47.224674224853516
2024-03-20,47.40019226074219
2024-03-21,47.32218551635742
2024-03-22,47.166168212890625
2024-03-25,47.82923889160156
2024-03-26,47.57571792602539
2024-03-27,48.22903823852539
2024-03-28,48.931121826171875
2024-04-01,49.68195724487305
2024-04-02,50.33527755737305
2024-04-03,51.456661224365234
2024-04-04,51.23238754272461
2024-04-05,51.944217681884766
2024-04-08,52.10023498535156
2024-04-09,52.792564392089844
2024-04-10,53.15335464477539
2024-04-11,52.558536529541016
2024-04-12,52.09048080444336
2024-04-15,51.368900299072266
2024-04-16,50.881343841552734
2024-04-17,50.384033203125
2024-04-18,50.15000915527344
2024-04-19,50.54005432128906
2024-04-22,50.83259201049805
2024-04-23,51.26163864135742
2024-04-24,50.8033332824707
2024-04-25,51.30064392089844
2024-04-26,51.398155212402344
2024-04-29,51.75894546508789
2024-04-30,49.90623474121094
2024-05-01,49.14564514160156
2024-05-02,49.08713912963867
2024-05-03,49.282161712646484
2024-05-06,49.59419631958008
2024-05-07,49.711212158203125
2024-05-08,49.30166244506836
2024-05-09,49.584442138671875
2024-05-10,48.87261199951172
2024-05-13,48.6580924987793
2024-05-14,48.5898323059082
2024-05-15,48.472816467285156
2024-05-16,48.0145149230957
2024-05-17,48.38505554199219
2024-05-20,48.77510070800781
2024-05-21,48.53132629394531
2024-05-22,47.58546447753906
2024-05-23,47.02964782714844
2024-05-24,46.95164489746094
2024-05-28,47.69272994995117
2024-05-29,46.015533447265625
2024-05-30,46.405582427978516
2024-05-31,47.858497619628906
2024-06-03,45.90827178955078
2024-06-04,45.488975524902344
2024-06-05,45.459716796875
2024-06-06,45.59623718261719
2024-06-07,45.625492095947266
2024-06-10,45.9472770690918
2024-06-11,46.11304473876953
2024-06-12,45.68399429321289
2024-06-13,44.621124267578125
2024-06-14,44.76852035522461
2024-06-17,44.96504211425781
2024-06-18,44.856956481933594
2024-06-20,45.19104766845703
2024-06-21,45.02399826049805
2024-06-24,46.81238555908203
2024-06-25,46.54707336425781
2024-06-26,45.90836715698242
2024-06-27,46.193328857421875
2024-06-28,46.57655334472656
2024-07-01,46.90081787109375
2024-07-02,46.940128326416016
2024-07-03,47.27421951293945
2024-07-05,46.21297836303711
2024-07-08,45.71184158325195
2024-07-09,45.259830474853516
2024-07-10,45.1124382019043
2024-07-11,45.61357879638672
2024-07-12,45.67253494262695
2024-07-15,47.21526336669922
2024-07-16,47.40196228027344
2024-07-17,47.804840087890625
2024-07-18,47.61813735961914
2024-07-19,46.910648345947266
2024-07-22,45.986976623535156
2024-07-23,45.16156768798828
2024-07-24,44.788169860839844
2024-07-25,45.476009368896484
2024-07-26,45.53496551513672
2024-07-29,44.89625930786133
2024-07-30,45.367916107177734
2024-07-31,46.21297836303711
2024-08-01,44.27720260620117
2024-08-02,42.04663848876953
2024-08-05,40.759395599365234
2024-08-06,41.25071334838867
2024-08-07,42.42003631591797
2024-08-08,44.32633590698242
2024-08-09,44.13963317871094
2024-08-12,44.54251480102539
2024-08-13,43.864498138427734
2024-08-14,43.71710968017578
2024-08-15,44.65060043334961
2024-08-16,44.30668258666992
2024-08-19,44.404945373535156
2024-08-20,43.274925231933594
2024-08-21,43.07839584350586
2024-08-22,42.91135025024414
2024-08-23,43.923458099365234
2024-08-26,44.35581588745117
2024-08-27,43.87432861328125
2024-08-28,43.81536865234375
2024-08-29,44.21824645996094
2024-08-30,44.00206756591797
2024-09-03,42.27264404296875
2024-09-04,41.506195068359375
2024-09-05,41.348976135253906
2024-09-06,40.621829986572266
2024-09-09,40.680789947509766
2024-09-10,39.53111267089844
2024-09-11,39.236324310302734
2024-09-12,39.31493377685547
2024-09-13,39.195709228515625
2024-09-16,39.384483337402344
2024-09-17,40.199195861816406
2024-09-18,40.10977554321289
2024-09-19,40.705909729003906
2024-09-20,40.527069091796875
2024-09-23,40.854942321777344
2024-09-24,40.74565124511719
2024-09-25,39.54344940185547
2024-09-26,37.625892639160156
2024-09-27,38.708866119384766
2024-09-30,38.86783218383789
2024-10-01,39.50370788574219
2024-10-02,40.23893737792969
2024-10-03,41.520626068115234
2024-10-04,42.14656066894531
2024-10-07,42.3353385925293
2024-10-08,41.41133499145508
2024-10-09,41.68952560424805
2024-10-10,42.5837287902832
2024-10-11,42.683082580566406
2024-10-14,42.59366226196289
2024-10-15,40.93442916870117
2024-10-16,40.427711486816406
2024-10-17,40.318424224853516
2024-10-18,40.39790725708008
2024-10-21,39.82164764404297
2024-10-22,39.91106414794922
2024-10-23,39.25531768798828
2024-10-24,39.25531768798828
2024-10-25,38.937381744384766
2024-10-28,38.341251373291016
2024-10-29,37.89414978027344
2024-10-30,38.1027946472168
2024-10-31,38.43067169189453
2024-11-01,38.07299041748047
2024-11-04,38.89764404296875
2024-11-05,39.08641815185547
2024-11-06,39.76203536987305
2024-11-07,38.63931655883789
2024-11-08,38.61944580078125
2024-11-11,38.708866119384766
2024-11-12,38.09286117553711
2024-11-13,38.8578987121582
2024-11-14,39.12615966796875
2024-11-15,38.22202682495117
2024-11-18,38.52009201049805
2024-11-19,37.66563415527344
2024-11-20,38.05311965942383
2024-11-21,38.45054244995117
2024-11-22,39.195709228515625
2024-11-25,38.0233154296875
2024-11-26,37.466922760009766
2024-11-27,37.59608459472656
2024-11-29,37.70537567138672
2024-12-02,37.36756896972656
2024-12-03,37.337764739990234
2024-12-04,36.05607604980469
2024-12-05,35.72820281982422
2024-12-06,34.76445770263672
2024-12-09,35.28110122680664
2024-12-10,34.50613021850586
2024-12-11,34.53593826293945
2024-12-12,33.90999984741211
2024-12-13,33.880001068115234
2024-12-16,32.59000015258789
2024-12-17,32.16999816894531
