,EBAY
2014-01-02,20.51279067993164
2014-01-03,20.254194259643555
2014-01-06,19.691364288330078
2014-01-07,20.105884552001953
2014-01-08,19.91573715209961
2014-01-09,19.801652908325195
2014-01-10,19.835878372192383
2014-01-13,19.980388641357422
2014-01-14,20.140104293823242
2014-01-15,20.45574951171875
2014-01-16,20.43673324584961
2014-01-17,20.231380462646484
2014-01-21,20.5926513671875
2014-01-22,20.691524505615234
2014-01-23,20.89307403564453
2014-01-24,20.676315307617188
2014-01-27,20.109682083129883
2014-01-28,20.216163635253906
2014-01-29,19.8472843170166
2014-01-30,20.223772048950195
2014-01-31,20.231380462646484
2014-02-03,19.9233455657959
2014-02-04,20.121089935302734
2014-02-05,20.35306739807129
2014-02-06,20.676315307617188
2014-02-07,20.759979248046875
2014-02-10,20.45194435119629
2014-02-11,20.65349769592285
2014-02-12,20.851247787475586
2014-02-13,20.88547134399414
2014-02-14,20.828432083129883
2014-02-18,20.97294044494629
2014-02-19,20.81702423095703
2014-02-20,20.90068817138672
2014-02-21,20.759979248046875
2014-02-24,21.4102725982666
2014-02-25,21.353227615356445
2014-02-26,21.805774688720703
2014-02-27,22.18606185913086
2014-02-28,22.349586486816406
2014-03-03,22.17465591430664
2014-03-04,22.459871292114258
2014-03-05,22.383808135986328
2014-03-06,22.551137924194336
2014-03-07,22.459871292114258
2014-03-10,22.140430450439453
2014-03-11,21.88182830810547
2014-03-12,22.049156188964844
2014-03-13,21.5623836517334
2014-03-14,21.577598571777344
2014-03-17,21.836200714111328
2014-03-18,21.99591636657715
2014-03-19,21.790563583374023
2014-03-20,21.722108840942383
2014-03-21,21.661264419555664
2014-03-24,21.501543045043945
2014-03-25,21.421682357788086
2014-03-26,21.144073486328125
2014-03-27,20.984350204467773
2014-03-28,20.98815155029297
2014-03-31,21.00716781616211
2014-04-01,21.311399459838867
2014-04-02,21.087026596069336
2014-04-03,20.756175994873047
2014-04-04,20.53561019897461
2014-04-07,20.136306762695312
2014-04-08,20.8398380279541
2014-04-09,21.254352569580078
2014-04-10,20.56602668762207
2014-04-11,20.33025360107422
2014-04-14,20.528003692626953
2014-04-15,20.497581481933594
2014-04-16,20.798006057739258
2014-04-17,20.904489517211914
2014-04-21,20.88927459716797
2014-04-22,21.094633102416992
2014-04-23,20.89307403564453
2014-04-24,20.855052947998047
2014-04-25,20.429126739501953
2014-04-28,20.39870262145996
2014-04-29,20.740964889526367
2014-04-30,19.710386276245117
2014-05-01,19.657140731811523
2014-05-02,19.778831481933594
2014-05-05,19.775033950805664
2014-05-06,19.375728607177734
2014-05-07,19.23121452331543
2014-05-08,19.11332130432129
2014-05-09,19.219810485839844
2014-05-12,19.52023696899414
2014-05-13,19.61530876159668
2014-05-14,19.641929626464844
2014-05-15,19.531646728515625
2014-05-16,19.756017684936523
2014-05-19,19.90052604675293
2014-05-20,19.75982093811035
2014-05-21,19.729394912719727
2014-05-22,19.584888458251953
2014-05-23,19.782630920410156
2014-05-27,19.687564849853516
2014-05-28,19.162765502929688
2014-05-29,19.06769371032715
2014-05-30,19.292062759399414
2014-06-02,19.200788497924805
2014-06-03,19.17417335510254
2014-06-04,19.185590744018555
2014-06-05,19.23501968383789
2014-06-06,18.900365829467773
2014-06-09,18.85472869873047
2014-06-10,18.348949432373047
2014-06-11,18.56951332092285
2014-06-12,18.466838836669922
2014-06-13,18.649372100830078
2014-06-16,18.63416290283203
2014-06-17,18.656980514526367
2014-06-18,18.88515281677246
2014-06-19,18.862335205078125
2014-06-20,18.763460159301758
2014-06-23,18.7824764251709
2014-06-24,18.577123641967773
2014-06-25,18.755859375
2014-06-26,18.81290054321289
2014-06-27,19.04487419128418
2014-06-30,19.03727149963379
2014-07-01,19.204593658447266
2014-07-02,19.223613739013672
2014-07-03,19.371925354003906
2014-07-07,19.295867919921875
2014-07-08,19.082904815673828
2014-07-09,19.368118286132812
2014-07-10,19.143753051757812
2014-07-11,19.584888458251953
2014-07-14,19.455589294433594
2014-07-15,19.3262882232666
2014-07-16,19.280651092529297
2014-07-17,19.406150817871094
2014-07-18,19.577281951904297
2014-07-21,19.66094398498535
2014-07-22,19.79404640197754
2014-07-23,20.026016235351562
2014-07-24,20.242786407470703
2014-07-25,20.060243606567383
2014-07-28,20.128694534301758
2014-07-29,20.235179901123047
2014-07-30,20.242786407470703
2014-07-31,20.09067153930664
2014-08-01,19.97658348083496
2014-08-04,20.178136825561523
2014-08-05,20.254194259643555
2014-08-06,20.33025360107422
2014-08-07,20.3682804107666
2014-08-08,20.569833755493164
2014-08-11,20.489974975585938
2014-08-12,20.3188419342041
2014-08-13,20.13250160217285
2014-08-14,20.128694534301758
2014-08-15,20.018417358398438
2014-08-18,20.197153091430664
2014-08-19,20.440536499023438
2014-08-20,20.307432174682617
2014-08-21,21.254352569580078
2014-08-22,21.106042861938477
2014-08-25,21.10224151611328
2014-08-26,21.391258239746094
2014-08-27,21.265764236450195
2014-08-28,21.079423904418945
2014-08-29,21.106042861938477
2014-09-02,20.870262145996094
2014-09-03,20.744768142700195
2014-09-04,20.702932357788086
2014-09-05,20.497581481933594
2014-09-08,20.62307357788086
2014-09-09,20.052642822265625
2014-09-10,19.43277359008789
2014-09-11,19.27305030822754
2014-09-12,19.8472843170166
2014-09-15,19.379528045654297
2014-09-16,19.626718521118164
2014-09-17,19.756017684936523
2014-09-18,20.041234970092773
2014-09-19,19.927143096923828
2014-09-22,19.953767776489258
2014-09-23,20.056442260742188
2014-09-24,20.128694534301758
2014-09-25,19.832073211669922
2014-09-26,20.128694534301758
2014-09-29,20.026016235351562
2014-09-30,21.5357723236084
2014-10-01,21.09082794189453
2014-10-02,20.862655639648438
2014-10-03,20.702932357788086
2014-10-06,20.364479064941406
2014-10-07,20.14391326904297
2014-10-08,20.729557037353516
2014-10-09,20.102081298828125
2014-10-10,19.72178840637207
2014-10-13,19.18938636779785
2014-10-14,19.238826751708984
2014-10-15,19.105722427368164
2014-10-16,18.20823860168457
2014-10-17,18.234859466552734
2014-10-20,18.710220336914062
2014-10-21,19.341501235961914
2014-10-22,19.063888549804688
2014-10-23,19.314884185791016
2014-10-24,19.440378189086914
2014-10-27,19.466999053955078
2014-10-28,19.47079849243164
2014-10-29,19.52023696899414
2014-10-30,19.603897094726562
2014-10-31,19.96517562866211
2014-11-03,20.041234970092773
2014-11-04,20.257993698120117
2014-11-05,20.379688262939453
2014-11-06,20.254194259643555
2014-11-07,20.35306739807129
2014-11-10,20.4937744140625
2014-11-11,20.607866287231445
2014-11-12,20.558425903320312
2014-11-13,20.676315307617188
2014-11-14,20.67251205444336
2014-11-17,20.851247787475586
2014-11-18,21.060405731201172
2014-11-19,20.89307403564453
2014-11-20,20.740964889526367
2014-11-21,20.695329666137695
2014-11-24,20.68392562866211
2014-11-25,20.687721252441406
2014-11-26,20.75237274169922
2014-11-28,20.870262145996094
2014-12-01,20.866458892822266
2014-12-02,20.923503875732422
2014-12-03,20.843645095825195
2014-12-04,20.790401458740234
2014-12-05,20.843645095825195
2014-12-08,20.97294044494629
2014-12-09,21.068016052246094
2014-12-10,21.018579483032227
2014-12-11,21.596616744995117
2014-12-12,21.208715438842773
2014-12-15,21.083227157592773
2014-12-16,21.27337074279785
2014-12-17,21.452104568481445
2014-12-18,21.87803077697754
2014-12-19,21.72971534729004
2014-12-22,21.801969528198242
2014-12-23,21.763944625854492
2014-12-24,21.71450424194336
2014-12-26,21.691692352294922
2014-12-29,21.687883377075195
2014-12-30,21.760141372680664
2014-12-31,21.341821670532227
2015-01-02,21.376047134399414
2015-01-05,21.197309494018555
2015-01-06,20.923503875732422
2015-01-07,20.88927459716797
2015-01-08,21.452104568481445
2015-01-09,21.155481338500977
2015-01-12,20.991952896118164
2015-01-13,20.9653377532959
2015-01-14,20.547012329101562
2015-01-15,20.162921905517578
2015-01-16,20.406307220458984
2015-01-20,20.41391944885254
2015-01-21,20.299829483032227
2015-01-22,21.733516693115234
2015-01-23,21.585208892822266
2015-01-26,21.319000244140625
2015-01-27,20.798006057739258
2015-01-28,20.47476577758789
2015-01-29,20.52039909362793
2015-01-30,20.15532112121582
2015-02-02,20.425325393676758
2015-02-03,20.630680084228516
2015-02-04,20.425325393676758
2015-02-05,20.64589500427246
2015-02-06,20.725753784179688
2015-02-09,20.661104202270508
2015-02-10,21.018579483032227
2015-02-11,20.969139099121094
2015-02-12,20.81702423095703
2015-02-13,21.47492218017578
2015-02-17,21.455907821655273
2015-02-18,21.638444900512695
2015-02-19,21.923664093017578
2015-02-20,22.064367294311523
2015-02-23,22.0833797454834
2015-02-24,22.208877563476562
2015-02-25,22.189870834350586
2015-02-26,22.262121200561523
2015-02-27,22.022541046142578
2015-03-02,22.20127296447754
2015-03-03,22.155641555786133
2015-03-04,22.17465591430664
2015-03-05,22.46747589111328
2015-03-06,22.767906188964844
2015-03-09,23.125377655029297
2015-03-10,22.516916275024414
2015-03-11,22.695655822753906
2015-03-12,22.592975616455078
2015-03-13,22.463674545288086
2015-03-16,22.653820037841797
2015-03-17,22.62339973449707
2015-03-18,22.22028923034668
2015-03-19,22.011127471923828
2015-03-20,22.030147552490234
2015-03-23,22.292545318603516
2015-03-24,22.631000518798828
2015-03-25,22.07958221435547
2015-03-26,21.874225616455078
2015-03-27,21.916059494018555
2015-03-30,22.030147552490234
2015-03-31,21.93507194519043
2015-04-01,21.725914001464844
2015-04-02,21.64225196838379
2015-04-06,21.608028411865234
2015-04-07,21.70690155029297
2015-04-08,21.718307495117188
2015-04-09,21.680278778076172
2015-04-10,21.805774688720703
2015-04-13,21.653656005859375
2015-04-14,21.657461166381836
2015-04-15,21.68408203125
2015-04-16,21.691692352294922
2015-04-17,21.216325759887695
2015-04-20,21.32280158996582
2015-04-21,21.455907821655273
2015-04-22,21.58139419555664
2015-04-23,22.395217895507812
2015-04-24,22.513111114501953
2015-04-27,22.471281051635742
2015-04-28,22.619596481323242
2015-04-29,22.391416549682617
2015-04-30,22.155641555786133
2015-05-01,22.551137924194336
2015-05-04,22.478885650634766
2015-05-05,22.033954620361328
2015-05-06,21.862821578979492
2015-05-07,22.041549682617188
2015-05-08,22.368602752685547
2015-05-11,22.18606185913086
2015-05-12,22.17085075378418
2015-05-13,22.36479949951172
2015-05-14,22.855369567871094
2015-05-15,22.592975616455078
2015-05-18,22.611989974975586
2015-05-19,22.532129287719727
2015-05-20,22.494094848632812
2015-05-21,22.718467712402344
2015-05-22,22.710859298706055
2015-05-26,22.334375381469727
2015-05-27,22.581565856933594
2015-05-28,23.030303955078125
2015-05-29,23.334537506103516
2015-06-01,23.79088592529297
2015-06-02,23.577922821044922
2015-06-03,23.581724166870117
2015-06-04,23.764263153076172
2015-06-05,24.045671463012695
2015-06-08,23.140586853027344
2015-06-09,22.9732608795166
2015-06-10,22.996082305908203
2015-06-11,22.988473892211914
2015-06-12,22.824947357177734
2015-06-15,22.81734275817871
2015-06-16,23.01509666442871
2015-06-17,23.02650260925293
2015-06-18,23.079744338989258
2015-06-19,23.26228141784668
2015-06-22,23.482847213745117
2015-06-23,23.55130386352539
2015-06-24,23.429607391357422
2015-06-25,23.425806045532227
2015-06-26,23.212841033935547
2015-06-29,22.577756881713867
2015-06-30,22.908611297607422
2015-07-01,22.98086166381836
2015-07-02,23.5208740234375
2015-07-06,23.486652374267578
2015-07-07,23.570314407348633
2015-07-08,23.193828582763672
2015-07-09,23.49045753479004
2015-07-10,23.718629837036133
2015-07-13,24.136951446533203
2015-07-14,24.18258285522461
2015-07-15,24.125539779663086
2015-07-16,24.943153381347656
2015-07-17,25.2093563079834
2015-07-20,25.814899444580078
2015-07-21,25.842012405395508
2015-07-22,25.706472396850586
2015-07-23,25.68840217590332
2015-07-24,25.507694244384766
2015-07-27,25.29987144470215
2015-07-28,25.598045349121094
2015-07-29,25.97754669189453
2015-07-30,25.63418960571289
2015-07-31,25.408300399780273
2015-08-03,25.598045349121094
2015-08-04,25.670331954956055
2015-08-05,25.805866241455078
2015-08-06,25.444435119628906
2015-08-07,25.796833038330078
2015-08-10,25.896223068237305
2015-08-11,25.426368713378906
2015-08-12,25.30890464782715
2015-08-13,25.29083251953125
2015-08-14,25.534801483154297
2015-08-17,25.56190299987793
2015-08-18,25.09205436706543
2015-08-19,24.784839630126953
2015-08-20,23.96259307861328
2015-08-21,23.2849178314209
2015-08-24,22.52591896057129
2015-08-25,22.79698944091797
2015-08-26,23.646347045898438
2015-08-27,24.48666000366211
2015-08-28,24.622194290161133
2015-08-31,24.495695114135742
2015-09-01,23.92644500732422
2015-09-02,24.278841018676758
2015-09-03,24.43244743347168
2015-09-04,23.92644500732422
2015-09-08,23.818021774291992
2015-09-09,23.67345428466797
2015-09-10,23.628271102905273
2015-09-11,23.781877517700195
2015-09-14,23.266847610473633
2015-09-15,23.47466468811035
2015-09-16,24.161373138427734
2015-09-17,23.7367000579834
2015-09-18,23.51080894470215
2015-09-21,23.420454025268555
2015-09-22,23.140348434448242
2015-09-23,23.122272491455078
2015-09-24,23.140348434448242
2015-09-25,22.887348175048828
2015-09-28,21.812103271484375
2015-09-29,21.757884979248047
2015-09-30,22.083175659179688
2015-10-01,22.507843017578125
2015-10-02,23.06805992126465
2015-10-05,23.257808685302734
2015-10-06,23.203594207763672
2015-10-07,23.203594207763672
2015-10-08,21.82114028930664
2015-10-09,21.956674575805664
2015-10-12,22.19159698486328
2015-10-13,22.24581527709961
2015-10-14,21.68560028076172
2015-10-15,22.146421432495117
2015-10-16,22.18256187438965
2015-10-19,22.19159698486328
2015-10-20,22.06509780883789
2015-10-21,21.875349044799805
2015-10-22,24.92037582397461
2015-10-23,25.444435119628906
2015-10-26,25.453479766845703
2015-10-27,25.63418960571289
2015-10-28,25.5257625579834
2015-10-29,25.462512969970703
2015-10-30,25.209516525268555
2015-11-02,25.751651763916016
2015-11-03,26.113080978393555
2015-11-04,26.474504470825195
2015-11-05,26.474504470825195
2015-11-06,26.564865112304688
2015-11-09,26.366079330444336
2015-11-10,26.32993507385254
2015-11-11,26.158260345458984
2015-11-12,25.805866241455078
2015-11-13,25.47154426574707
2015-11-16,25.73358154296875
2015-11-17,25.706472396850586
2015-11-18,25.97754669189453
2015-11-19,25.995616912841797
2015-11-20,26.257652282714844
2015-11-23,26.05886459350586
2015-11-24,26.203439712524414
2015-11-25,26.203439712524414
2015-11-27,26.293792724609375
2015-11-30,26.73654556274414
2015-12-01,26.248615264892578
2015-12-02,26.17633056640625
2015-12-03,25.83297348022461
2015-12-04,26.51968765258789
2015-12-07,26.248615264892578
2015-12-08,26.01368522644043
2015-12-09,25.60707664489746
2015-12-10,25.814899444580078
2015-12-11,25.27276039123535
2015-12-14,25.336013793945312
2015-12-15,25.579971313476562
2015-12-16,25.814899444580078
2015-12-17,25.345046997070312
2015-12-18,24.811946868896484
2015-12-21,24.929405212402344
2015-12-22,25.200477600097656
2015-12-23,25.101089477539062
2015-12-24,24.992658615112305
2015-12-28,24.974590301513672
2015-12-29,25.218549728393555
2015-12-30,25.0739803314209
2015-12-31,24.830018997192383
2016-01-04,23.881271362304688
2016-01-05,23.60116958618164
2016-01-06,23.863201141357422
2016-01-07,23.21263313293457
2016-01-08,23.266847610473633
2016-01-11,23.583087921142578
2016-01-12,23.682483673095703
2016-01-13,22.959630966186523
2016-01-14,23.36623764038086
2016-01-15,22.824098587036133
2016-01-19,23.2849178314209
2016-01-20,23.33009147644043
2016-01-21,23.57405662536621
2016-01-22,23.881271362304688
2016-01-25,23.619234085083008
2016-01-26,24.080055236816406
2016-01-27,23.872236251831055
2016-01-28,20.89949607849121
2016-01-29,21.197669982910156
2016-02-01,21.63138771057129
2016-02-02,21.0440673828125
2016-02-03,21.233816146850586
2016-02-04,21.224781036376953
2016-02-05,20.962749481201172
2016-02-08,20.312177658081055
2016-02-09,19.887502670288086
2016-02-10,20.167606353759766
2016-02-11,19.950754165649414
2016-02-12,20.321216583251953
2016-02-16,20.736862182617188
2016-02-17,20.980819702148438
2016-02-18,21.26092529296875
2016-02-19,21.5139217376709
2016-02-22,21.902456283569336
2016-02-23,21.34224510192871
2016-02-24,21.649459838867188
2016-02-25,21.848241806030273
2016-02-26,21.848241806030273
2016-02-29,21.50489044189453
2016-03-01,21.9114933013916
2016-03-02,21.432605743408203
2016-03-03,21.63138771057129
2016-03-04,22.056068420410156
2016-03-07,21.920530319213867
2016-03-08,21.748851776123047
2016-03-09,21.640424728393555
2016-03-10,21.405500411987305
2016-03-11,21.703676223754883
2016-03-14,21.938602447509766
2016-03-15,21.306106567382812
2016-03-16,21.396461486816406
2016-03-17,21.4687442779541
2016-03-18,21.477781295776367
2016-03-21,21.992816925048828
2016-03-22,21.803064346313477
2016-03-23,21.839214324951172
2016-03-24,21.983781814575195
2016-03-28,21.794034957885742
2016-03-29,21.775959014892578
2016-03-30,21.721750259399414
2016-03-31,21.559110641479492
2016-04-01,21.577173233032227
2016-04-04,21.71271324157715
2016-04-05,22.037996292114258
2016-04-06,22.977703094482422
2016-04-07,21.775959014892578
2016-04-08,21.748851776123047
2016-04-11,21.739818572998047
2016-04-12,22.06509780883789
2016-04-13,22.661453247070312
2016-04-14,22.778921127319336
2016-04-15,22.787954330444336
2016-04-18,22.86927604675293
2016-04-19,21.956674575805664
2016-04-20,22.281959533691406
2016-04-21,22.309064865112305
2016-04-22,22.047029495239258
2016-04-25,21.884389877319336
2016-04-26,22.12834930419922
2016-04-27,22.833133697509766
2016-04-28,22.24581527709961
2016-04-29,22.074134826660156
2016-05-02,21.920530319213867
2016-05-03,21.66753578186035
2016-05-04,21.50489044189453
2016-05-05,21.5139217376709
2016-05-06,21.522960662841797
2016-05-09,21.703676223754883
2016-05-10,21.83017921447754
2016-05-11,21.4506778717041
2016-05-12,21.306106567382812
2016-05-13,21.48681640625
2016-05-16,21.50489044189453
2016-05-17,21.0260009765625
2016-05-18,21.405500411987305
2016-05-19,21.16153335571289
2016-05-20,21.369352340698242
2016-05-23,21.197669982910156
2016-05-24,21.730775833129883
2016-05-25,21.721750259399414
2016-05-26,21.794034957885742
2016-05-27,22.010887145996094
2016-05-31,22.101247787475586
2016-06-01,21.748851776123047
2016-06-02,21.9114933013916
2016-06-03,21.66753578186035
2016-06-06,21.67656898498535
2016-06-07,21.938602447509766
2016-06-08,21.893428802490234
2016-06-09,21.983781814575195
2016-06-10,21.748851776123047
2016-06-13,21.586210250854492
2016-06-14,21.577173233032227
2016-06-15,21.649459838867188
2016-06-16,21.55006980895996
2016-06-17,21.495853424072266
2016-06-20,22.200637817382812
2016-06-21,22.318098068237305
2016-06-22,21.992816925048828
2016-06-23,22.453632354736328
2016-06-24,20.89949607849121
2016-06-27,20.529035568237305
2016-06-28,20.772998809814453
2016-06-29,21.0621395111084
2016-06-30,21.15250015258789
2016-07-01,21.48681640625
2016-07-05,21.4687442779541
2016-07-06,21.531993865966797
2016-07-07,21.62235450744629
2016-07-08,22.236778259277344
2016-07-11,22.462669372558594
2016-07-12,22.706632614135742
2016-07-13,22.69759750366211
2016-07-14,23.565017700195312
2016-07-15,23.799949645996094
2016-07-18,23.935487747192383
2016-07-19,23.944520950317383
2016-07-20,24.387266159057617
2016-07-21,27.043760299682617
2016-07-22,27.54975128173828
2016-07-25,27.72142791748047
2016-07-26,28.37199592590332
2016-07-27,28.290672302246094
2016-07-28,28.164173126220703
2016-07-29,28.155139923095703
2016-08-01,28.236461639404297
2016-08-02,27.82082176208496
2016-08-03,27.965396881103516
2016-08-04,28.064783096313477
2016-08-05,28.362964630126953
2016-08-08,28.146100997924805
2016-08-09,28.109962463378906
2016-08-10,28.119003295898438
2016-08-11,28.191282272338867
2016-08-12,27.911184310913086
2016-08-15,28.05574607849121
2016-08-16,27.856962203979492
2016-08-17,27.65817642211914
2016-08-18,27.576858520507812
2016-08-19,27.676254272460938
2016-08-22,27.66721534729004
2016-08-23,27.712392807006836
2016-08-24,28.236461639404297
2016-08-25,28.317785263061523
2016-08-26,28.290672302246094
2016-08-29,28.37199592590332
2016-08-30,28.706317901611328
2016-08-31,29.058706283569336
2016-09-01,29.03160285949707
2016-09-02,29.167133331298828
2016-09-06,29.28459930419922
2016-09-07,29.37495231628418
2016-09-08,29.546630859375
2016-09-09,28.814746856689453
2016-09-12,29.356887817382812
2016-09-13,28.832822799682617
2016-09-14,28.73342514038086
2016-09-15,28.896060943603516
2016-09-16,28.706317901611328
2016-09-19,28.525606155395508
2016-09-20,28.335847854614258
2016-09-21,28.887025833129883
2016-09-22,29.167133331298828
2016-09-23,28.977386474609375
2016-09-26,28.615962982177734
2016-09-27,28.859922409057617
2016-09-28,28.778606414794922
2016-09-29,29.185209274291992
2016-09-30,29.72735023498535
2016-10-03,29.411096572875977
2016-10-04,29.42013931274414
2016-10-05,29.04967498779297
2016-10-06,29.03160285949707
2016-10-07,28.570785522460938
2016-10-10,28.868959426879883
2016-10-11,28.426212310791016
2016-10-12,28.462350845336914
2016-10-13,28.47138786315918
2016-10-14,28.814746856689453
2016-10-17,28.742460250854492
2016-10-18,28.58885383605957
2016-10-19,29.383989334106445
2016-10-20,26.221506118774414
2016-10-21,26.257652282714844
2016-10-24,26.4022216796875
2016-10-25,26.248615264892578
2016-10-26,26.040796279907227
2016-10-27,26.03175926208496
2016-10-28,25.842012405395508
2016-10-31,25.76068687438965
2016-11-01,25.64322853088379
2016-11-02,25.534801483154297
2016-11-03,25.354087829589844
2016-11-04,25.25469398498535
2016-11-07,25.516725540161133
2016-11-08,25.32697868347168
2016-11-09,25.56190299987793
2016-11-10,25.444435119628906
2016-11-11,25.87815284729004
2016-11-14,25.200477600097656
2016-11-15,25.74261474609375
2016-11-16,25.598045349121094
2016-11-17,26.085975646972656
2016-11-18,25.92333221435547
2016-11-21,26.203439712524414
2016-11-22,26.257652282714844
2016-11-23,26.113080978393555
2016-11-25,26.158260345458984
2016-11-28,25.814899444580078
2016-11-29,25.76068687438965
2016-11-30,25.128192901611328
2016-12-01,24.748693466186523
2016-12-02,25.679367065429688
2016-12-05,25.616117477416992
2016-12-06,25.4896183013916
2016-12-07,26.122116088867188
2016-12-08,26.58293914794922
2016-12-09,27.079893112182617
2016-12-12,27.2967529296875
2016-12-13,26.944360733032227
2016-12-14,26.944360733032227
2016-12-15,26.863039016723633
2016-12-16,26.754615783691406
2016-12-19,26.54679298400879
2016-12-20,26.43836212158203
2016-12-21,26.52872657775879
2016-12-22,26.691362380981445
2016-12-23,26.917253494262695
2016-12-27,27.323856353759766
2016-12-28,27.11604118347168
2016-12-29,27.088930130004883
2016-12-30,26.8268985748291
2017-01-03,26.962432861328125
2017-01-04,26.890148162841797
2017-01-05,27.11604118347168
2017-01-06,28.05574607849121
2017-01-09,27.78467559814453
2017-01-10,27.332897186279297
2017-01-11,27.477468490600586
2017-01-12,27.423255920410156
2017-01-13,27.369041442871094
2017-01-17,27.369041442871094
2017-01-18,27.459392547607422
2017-01-19,27.757570266723633
2017-01-20,27.685291290283203
2017-01-23,27.350971221923828
2017-01-24,27.09796905517578
2017-01-25,27.31482696533203
2017-01-26,28.679210662841797
2017-01-27,29.37495231628418
2017-01-30,29.067739486694336
2017-01-31,28.760534286499023
2017-02-01,29.076778411865234
2017-02-02,28.887025833129883
2017-02-03,28.977386474609375
2017-02-06,28.94124412536621
2017-02-07,29.302671432495117
2017-02-08,30.043596267700195
2017-02-09,29.926124572753906
2017-02-10,30.386951446533203
2017-02-13,30.531524658203125
2017-02-14,30.386951446533203
2017-02-15,30.730302810668945
2017-02-16,30.305633544921875
2017-02-17,30.50441551208496
2017-02-21,30.648983001708984
2017-02-22,30.55862808227539
2017-02-23,30.35983657836914
2017-02-24,30.775489807128906
2017-02-27,30.974267959594727
2017-02-28,30.630908966064453
2017-03-01,30.96522331237793
2017-03-02,30.63995361328125
2017-03-03,30.48633575439453
2017-03-06,30.3959903717041
2017-03-07,30.242380142211914
2017-03-08,30.106842041015625
2017-03-09,29.980342864990234
2017-03-10,29.935165405273438
2017-03-13,29.646028518676758
2017-03-14,29.69120979309082
2017-03-15,29.71830940246582
2017-03-16,29.90806007385254
2017-03-17,30.450197219848633
2017-03-20,30.54959487915039
2017-03-21,29.989376068115234
2017-03-22,30.296594619750977
2017-03-23,30.287559509277344
2017-03-24,30.179128646850586
2017-03-27,30.206233978271484
2017-03-28,30.296594619750977
2017-03-29,30.405025482177734
2017-03-30,30.450197219848633
2017-03-31,30.332731246948242
2017-04-03,30.50441551208496
2017-04-04,30.84777069091797
2017-04-05,30.54959487915039
2017-04-06,30.865842819213867
2017-04-07,30.63995361328125
2017-04-10,30.775489807128906
2017-04-11,30.712238311767578
2017-04-12,30.96522331237793
2017-04-13,31.019445419311523
2017-04-17,31.11882781982422
2017-04-18,30.739341735839844
2017-04-19,30.58573341369629
2017-04-20,29.393022537231445
2017-04-21,29.076778411865234
2017-04-24,28.95931625366211
2017-04-25,29.646028518676758
2017-04-26,29.826736450195312
2017-04-27,29.871917724609375
2017-04-28,30.18815803527832
2017-05-01,30.097808837890625
2017-05-02,30.27852439880371
2017-05-03,30.052627563476562
2017-05-04,30.27852439880371
2017-05-05,30.26949119567871
2017-05-08,30.034557342529297
2017-05-09,30.46827507019043
2017-05-10,30.61284065246582
2017-05-11,30.829700469970703
2017-05-12,30.784521102905273
2017-05-15,30.883907318115234
2017-05-16,31.453153610229492
2017-05-17,30.341768264770508
2017-05-18,30.477304458618164
2017-05-19,30.56766128540039
2017-05-22,30.59477424621582
2017-05-23,31.272449493408203
2017-05-24,31.462202072143555
2017-05-25,31.82361602783203
2017-05-26,31.534482955932617
2017-05-30,31.281478881835938
2017-05-31,30.992340087890625
2017-06-01,31.43509292602539
2017-06-02,31.913978576660156
2017-06-05,32.121795654296875
2017-06-06,32.04951858520508
2017-06-07,32.320587158203125
2017-06-08,32.65489959716797
2017-06-09,31.57061767578125
2017-06-12,30.85679817199707
2017-06-13,31.136917114257812
2017-06-14,31.173051834106445
2017-06-15,30.80259132385254
2017-06-16,30.685129165649414
2017-06-19,31.534482955932617
2017-06-20,31.561586380004883
2017-06-21,31.588695526123047
2017-06-22,31.733264923095703
2017-06-23,32.139862060546875
2017-06-26,31.706148147583008
2017-06-27,31.543521881103516
2017-06-28,31.904937744140625
2017-06-29,31.182090759277344
2017-06-30,31.55254364013672
2017-07-03,31.263402938842773
2017-07-05,31.371843338012695
2017-07-06,30.748371124267578
2017-07-07,30.929092407226562
2017-07-10,31.66098403930664
2017-07-11,31.7965145111084
2017-07-12,32.55550765991211
2017-07-13,32.98018264770508
2017-07-14,33.50425720214844
2017-07-17,33.477149963378906
2017-07-18,33.25125503540039
2017-07-19,33.50425720214844
2017-07-20,33.59462356567383
2017-07-21,33.07957077026367
2017-07-24,32.87175750732422
2017-07-25,32.81754684448242
2017-07-26,33.46811294555664
2017-07-27,32.6820068359375
2017-07-28,32.474185943603516
2017-07-31,32.28443908691406
2017-08-01,32.44708251953125
2017-08-02,32.43804931640625
2017-08-03,32.26636505126953
2017-08-04,32.18504333496094
2017-08-07,32.6277961730957
2017-08-08,32.85368728637695
2017-08-09,32.6006965637207
2017-08-10,31.615798950195312
2017-08-11,31.670005798339844
2017-08-14,31.805551528930664
2017-08-15,31.85073471069336
2017-08-16,31.950130462646484
2017-08-17,31.489295959472656
2017-08-18,31.426050186157227
2017-08-21,30.938129425048828
2017-08-22,31.453153610229492
2017-08-23,31.52544403076172
2017-08-24,31.516407012939453
2017-08-25,31.335695266723633
2017-08-28,31.453153610229492
2017-08-29,31.805551528930664
2017-08-30,32.24828338623047
2017-08-31,32.645870208740234
2017-09-01,32.84465408325195
2017-09-05,32.60972595214844
2017-09-06,33.21510696411133
2017-09-07,34.34457015991211
2017-09-08,34.14577865600586
2017-09-11,34.41685485839844
2017-09-12,34.4981803894043
2017-09-13,34.57950210571289
2017-09-14,34.61564636230469
2017-09-15,34.69697189331055
2017-09-18,34.68791580200195
2017-09-19,34.868648529052734
2017-09-20,34.823463439941406
2017-09-21,34.56142807006836
2017-09-22,34.597564697265625
2017-09-25,34.136756896972656
2017-09-26,34.19999694824219
2017-09-27,34.38071060180664
2017-09-28,34.091575622558594
2017-09-29,34.75117874145508
2017-10-02,34.99513244628906
2017-10-03,34.977073669433594
2017-10-04,34.93189239501953
2017-10-05,35.230064392089844
2017-10-06,35.06743240356445
2017-10-09,35.230064392089844
2017-10-10,35.09453201293945
2017-10-11,34.61564636230469
2017-10-12,34.41685485839844
2017-10-13,34.65178680419922
2017-10-16,34.12771224975586
2017-10-17,33.87472915649414
2017-10-18,34.30842971801758
2017-10-19,33.694007873535156
2017-10-20,33.98314666748047
2017-10-23,33.27837371826172
2017-10-24,33.197044372558594
2017-10-25,33.14282989501953
2017-10-26,33.34160614013672
2017-10-27,33.25125503540039
2017-10-30,33.43196487426758
2017-10-31,34.01024627685547
2017-11-01,33.919898986816406
2017-11-02,33.79340362548828
2017-11-03,33.88374710083008
2017-11-06,33.766300201416016
2017-11-07,33.802425384521484
2017-11-08,33.441001892089844
2017-11-09,32.24828338623047
2017-11-10,32.501285552978516
2017-11-13,32.392860412597656
2017-11-14,31.82361602783203
2017-11-15,31.895902633666992
2017-11-16,32.18504333496094
2017-11-17,32.14890670776367
2017-11-20,32.103729248046875
2017-11-21,32.49226379394531
2017-11-22,32.474185943603516
2017-11-24,32.38383483886719
2017-11-27,32.51936721801758
2017-11-28,32.07661437988281
2017-11-29,31.06462287902832
2017-11-30,31.32666015625
2017-12-01,31.805551528930664
2017-12-04,32.2573356628418
2017-12-05,33.26029586791992
2017-12-06,33.27837371826172
2017-12-07,33.29643630981445
2017-12-08,34.019283294677734
2017-12-11,33.90182876586914
2017-12-12,33.82954025268555
2017-12-13,33.79340362548828
2017-12-14,33.9741096496582
2017-12-15,34.66984939575195
2017-12-18,34.4981803894043
2017-12-19,34.15482711791992
2017-12-20,34.27228927612305
2017-12-21,34.16386032104492
2017-12-22,34.11867904663086
2017-12-26,34.28132247924805
2017-12-27,33.98314666748047
2017-12-28,34.26325988769531
2017-12-29,34.100608825683594
2018-01-02,34.38975524902344
2018-01-03,35.43789291381836
2018-01-04,34.8505744934082
2018-01-05,35.86256790161133
2018-01-08,35.96195983886719
2018-01-09,35.717987060546875
2018-01-10,34.06446838378906
2018-01-11,34.16386032104492
2018-01-12,34.35361099243164
2018-01-16,34.046390533447266
2018-01-17,34.326499938964844
2018-01-18,35.004180908203125
2018-01-19,34.72407531738281
2018-01-22,35.7631721496582
2018-01-23,35.934852600097656
2018-01-24,35.98003005981445
2018-01-25,36.16073989868164
2018-01-26,36.94684600830078
2018-01-29,36.865516662597656
2018-01-30,36.50410461425781
2018-01-31,36.66673278808594
2018-02-01,41.73575210571289
2018-02-02,40.02800369262695
2018-02-05,38.28411865234375
2018-02-06,38.66361999511719
2018-02-07,38.24798583984375
2018-02-08,37.06431198120117
2018-02-09,37.64258575439453
2018-02-12,38.23894500732422
2018-02-13,38.08534240722656
2018-02-14,38.34737014770508
2018-02-15,38.862403869628906
2018-02-16,39.16058349609375
2018-02-20,39.20576477050781
2018-02-21,38.9618034362793
2018-02-22,38.699771881103516
2018-02-23,39.46779251098633
2018-02-26,39.60333251953125
2018-02-27,38.988914489746094
2018-02-28,38.72687530517578
2018-03-01,38.193763732910156
2018-03-02,38.808189392089844
2018-03-05,39.025047302246094
2018-03-06,38.97986602783203
2018-03-07,39.693695068359375
2018-03-08,39.46779251098633
2018-03-09,39.58525466918945
2018-03-12,39.66658401489258
2018-03-13,38.69072341918945
2018-03-14,38.699771881103516
2018-03-15,38.48291015625
2018-03-16,38.36544418334961
2018-03-19,38.031131744384766
2018-03-20,37.91366195678711
2018-03-21,37.651615142822266
2018-03-22,36.66673278808594
2018-03-23,35.88064193725586
2018-03-26,37.055267333984375
2018-03-27,36.341453552246094
2018-03-28,36.2420654296875
2018-03-29,36.359519958496094
2018-04-02,35.56438446044922
2018-04-03,35.79027557373047
2018-04-04,35.95292282104492
2018-04-05,36.169776916503906
2018-04-06,35.320430755615234
2018-04-09,35.130680084228516
2018-04-10,35.77220916748047
2018-04-11,35.98905944824219
2018-04-12,36.621559143066406
2018-04-13,36.05232238769531
2018-04-16,36.314353942871094
2018-04-17,36.693843841552734
2018-04-18,37.72391128540039
2018-04-19,38.0492057800293
2018-04-20,38.13051223754883
2018-04-23,37.58837890625
2018-04-24,37.20887756347656
2018-04-25,37.01913070678711
2018-04-26,34.94997024536133
2018-04-27,34.543365478515625
2018-04-30,34.22711181640625
2018-05-01,34.18193817138672
2018-05-02,33.59462356567383
2018-05-03,34.01024627685547
2018-05-04,34.33553695678711
2018-05-07,34.15482711791992
2018-05-08,34.4258918762207
2018-05-09,34.543365478515625
2018-05-10,34.787315368652344
2018-05-11,34.570465087890625
2018-05-14,34.68791580200195
2018-05-15,34.40782165527344
2018-05-16,34.65178680419922
2018-05-17,34.69697189331055
2018-05-18,34.62467575073242
2018-05-21,34.597564697265625
2018-05-22,34.12771224975586
2018-05-23,34.37168884277344
2018-05-24,34.14577865600586
2018-05-25,34.28132247924805
2018-05-29,33.910858154296875
2018-05-30,34.19999694824219
2018-05-31,34.082550048828125
2018-06-01,34.64274978637695
2018-06-04,35.3023567199707
2018-06-05,36.178810119628906
2018-06-06,36.09749984741211
2018-06-07,36.54927444458008
2018-06-08,36.40470504760742
2018-06-11,36.585418701171875
2018-06-12,36.54927444458008
2018-06-13,35.53727722167969
2018-06-14,35.23910903930664
2018-06-15,35.13970947265625
2018-06-18,35.11260223388672
2018-06-19,35.401737213134766
2018-06-20,35.47403335571289
2018-06-21,34.34457015991211
2018-06-22,34.41685485839844
2018-06-25,33.53135681152344
2018-06-26,33.495216369628906
2018-06-27,32.799476623535156
2018-06-28,32.65489959716797
2018-06-29,32.763328552246094
2018-07-02,33.1337890625
2018-07-03,33.106689453125
2018-07-05,33.459083557128906
2018-07-06,33.784366607666016
2018-07-09,34.25421142578125
2018-07-10,33.46811294555664
2018-07-11,33.41389846801758
2018-07-12,33.92892837524414
2018-07-13,33.98314666748047
2018-07-16,34.091575622558594
2018-07-17,34.16386032104492
2018-07-18,34.29036331176758
2018-07-19,30.820669174194336
2018-07-20,30.901987075805664
2018-07-23,30.531524658203125
2018-07-24,30.287559509277344
2018-07-25,30.621877670288086
2018-07-26,31.109798431396484
2018-07-27,30.54959487915039
2018-07-30,30.423093795776367
2018-07-31,30.22430419921875
2018-08-01,29.899030685424805
2018-08-02,30.016494750976562
2018-08-03,30.414060592651367
2018-08-06,30.712238311767578
2018-08-07,30.522485733032227
2018-08-08,30.576696395874023
2018-08-09,30.85679817199707
2018-08-10,30.80259132385254
2018-08-13,30.61284065246582
2018-08-14,31.082704544067383
2018-08-15,30.59477424621582
2018-08-16,30.513452529907227
2018-08-17,30.730302810668945
2018-08-20,30.739341735839844
2018-08-21,31.200162887573242
2018-08-22,31.35377311706543
2018-08-23,31.082704544067383
2018-08-24,31.200162887573242
2018-08-27,31.24533462524414
2018-08-28,31.389911651611328
2018-08-29,31.561586380004883
2018-08-30,31.44411849975586
2018-08-31,31.272449493408203
2018-09-04,31.44411849975586
2018-09-05,30.838727951049805
2018-09-06,30.414060592651367
2018-09-07,30.712238311767578
2018-09-10,30.4592342376709
2018-09-11,30.820669174194336
2018-09-12,30.956193923950195
2018-09-13,31.11882781982422
2018-09-14,30.81161880493164
2018-09-17,30.901987075805664
2018-09-18,30.829700469970703
2018-09-19,30.920061111450195
2018-09-20,30.938129425048828
2018-09-21,30.757410049438477
2018-09-24,30.46827507019043
2018-09-25,29.60084342956543
2018-09-26,30.341768264770508
2018-09-27,30.12491798400879
2018-09-28,29.83577537536621
2018-10-01,29.37495231628418
2018-10-02,29.42013931274414
2018-10-03,29.591814041137695
2018-10-04,29.483383178710938
2018-10-05,29.130996704101562
2018-10-08,29.438207626342773
2018-10-09,30.070693969726562
2018-10-10,28.615962982177734
2018-10-11,28.37199592590332
2018-10-12,28.66114044189453
2018-10-15,28.787641525268555
2018-10-16,29.140031814575195
2018-10-17,28.932209014892578
2018-10-18,28.50753402709961
2018-10-19,25.97754669189453
2018-10-22,25.74261474609375
2018-10-23,25.47154426574707
2018-10-24,24.658340454101562
2018-10-25,25.354087829589844
2018-10-26,24.703521728515625
2018-10-29,24.233665466308594
2018-10-30,24.775800704956055
2018-10-31,26.230545043945312
2018-11-01,26.67329216003418
2018-11-02,26.98954200744629
2018-11-05,26.78171730041504
2018-11-06,27.061824798583984
2018-11-07,26.980506896972656
2018-11-08,26.962432861328125
2018-11-09,26.772680282592773
2018-11-12,26.16728973388672
2018-11-13,25.39023208618164
2018-11-14,25.200477600097656
2018-11-15,25.453479766845703
2018-11-16,25.408300399780273
2018-11-19,25.263731002807617
2018-11-20,25.444435119628906
2018-11-21,25.60707664489746
2018-11-23,25.697439193725586
2018-11-26,26.022720336914062
2018-11-27,25.96851348876953
2018-11-28,26.890148162841797
2018-11-29,26.67329216003418
2018-11-30,26.971467971801758
2018-12-03,27.2877197265625
2018-12-04,26.43836212158203
2018-12-06,26.628108978271484
2018-12-07,26.257652282714844
2018-12-10,26.185365676879883
2018-12-11,26.248615264892578
2018-12-12,26.239582061767578
2018-12-13,26.221506118774414
2018-12-14,26.122116088867188
2018-12-17,25.73358154296875
2018-12-18,25.751651763916016
2018-12-19,25.570938110351562
2018-12-20,25.29083251953125
2018-12-21,24.016807556152344
2018-12-24,23.619234085083008
2018-12-26,25.16433334350586
2018-12-27,25.32697868347168
2018-12-28,25.516725540161133
2018-12-31,25.363122940063477
2019-01-02,26.067903518676758
2019-01-03,25.589012145996094
2019-01-04,26.17633056640625
2019-01-07,26.628108978271484
2019-01-08,27.107006072998047
2019-01-09,27.369041442871094
2019-01-10,27.622039794921875
2019-01-11,27.477468490600586
2019-01-14,27.2967529296875
2019-01-15,27.712392807006836
2019-01-16,27.369041442871094
2019-01-17,27.45035743713379
2019-01-18,28.010568618774414
2019-01-22,29.72735023498535
2019-01-23,29.46531867980957
2019-01-24,29.501455307006836
2019-01-25,30.46827507019043
2019-01-28,30.739341735839844
2019-01-29,30.441164016723633
2019-01-30,30.79355239868164
2019-01-31,30.405025482177734
2019-02-01,31.001380920410156
2019-02-04,31.670005798339844
2019-02-05,31.923009872436523
2019-02-06,32.05855178833008
2019-02-07,31.85073471069336
2019-02-08,31.859760284423828
2019-02-11,32.15794372558594
2019-02-12,32.70008850097656
2019-02-13,32.763328552246094
2019-02-14,32.81754684448242
2019-02-15,33.05247116088867
2019-02-19,33.477149963378906
2019-02-20,33.197044372558594
2019-02-21,33.41389846801758
2019-02-22,33.87472915649414
2019-02-25,33.73918151855469
2019-02-26,33.775325775146484
2019-02-27,33.95603942871094
2019-02-28,33.69303894042969
2019-03-01,33.8744010925293
2019-03-04,33.783721923828125
2019-03-05,33.66581344604492
2019-03-06,33.38467025756836
2019-03-07,32.840492248535156
2019-03-08,32.55028533935547
2019-03-11,32.87678146362305
2019-03-12,32.90399169921875
2019-03-13,33.06723403930664
2019-03-14,32.96746063232422
2019-03-15,32.922119140625
2019-03-18,32.8949089050293
2019-03-19,33.439083099365234
2019-03-20,33.2849006652832
2019-03-21,33.73837661743164
2019-03-22,33.23956298828125
2019-03-25,33.303035736083984
2019-03-26,33.46628952026367
2019-03-27,33.40280532836914
2019-03-28,33.35746383666992
2019-03-29,33.6839599609375
2019-04-01,34.173709869384766
2019-04-02,34.39137268066406
2019-04-03,34.454864501953125
2019-04-04,34.509273529052734
2019-04-05,34.31882095336914
2019-04-08,34.2916145324707
2019-04-09,34.2371940612793
2019-04-10,34.209991455078125
2019-04-11,32.94026184082031
2019-04-12,32.804222106933594
2019-04-15,32.858642578125
2019-04-16,33.003753662109375
2019-04-17,32.622825622558594
2019-04-18,32.631900787353516
2019-04-22,32.786075592041016
2019-04-23,33.257686614990234
2019-04-24,34.935543060302734
2019-04-25,34.563690185546875
2019-04-26,34.790428161621094
2019-04-29,34.690670013427734
2019-04-30,35.144134521484375
2019-05-01,34.28254318237305
2019-05-02,34.092079162597656
2019-05-03,34.71787643432617
2019-05-06,34.3551025390625
2019-05-07,34.173709869384766
2019-05-08,34.04673385620117
2019-05-09,34.11928939819336
2019-05-10,33.9016227722168
2019-05-13,32.53213119506836
2019-05-14,33.37559509277344
2019-05-15,33.593265533447266
2019-05-16,33.801856994628906
2019-05-17,33.46628952026367
2019-05-20,33.15793228149414
2019-05-21,33.17607116699219
2019-05-22,32.93119430541992
2019-05-23,32.604705810546875
2019-05-24,32.7679328918457
2019-05-28,32.849571228027344
2019-05-29,32.74073028564453
2019-05-30,33.12312698364258
2019-05-31,32.71342468261719
2019-06-03,32.431175231933594
2019-06-04,33.26880645751953
2019-06-05,33.28702163696289
2019-06-06,33.514644622802734
2019-06-07,34.15196990966797
2019-06-10,34.70736312866211
2019-06-11,34.807518005371094
2019-06-12,35.52678680419922
2019-06-13,35.50857925415039
2019-06-14,35.42664337158203
2019-06-17,35.51768493652344
2019-06-18,36.118595123291016
2019-06-19,36.537418365478516
2019-06-20,36.34621810913086
2019-06-21,36.46458053588867
2019-06-24,36.155025482177734
2019-06-25,35.52678680419922
2019-06-26,35.69068145751953
2019-06-27,35.772621154785156
2019-06-28,35.96382141113281
2019-07-01,36.318904876708984
2019-07-02,36.49189758300781
2019-07-03,36.328006744384766
2019-07-05,36.236968994140625
2019-07-08,36.000244140625
2019-07-09,36.36442947387695
2019-07-10,36.42815399169922
2019-07-11,36.05487060546875
2019-07-12,36.47368621826172
2019-07-15,36.664886474609375
2019-07-16,36.34621810913086
2019-07-17,35.53589630126953
2019-07-18,36.20964813232422
2019-07-19,36.61026382446289
2019-07-22,37.02907943725586
2019-07-23,37.35684585571289
2019-07-24,37.35684585571289
2019-07-25,37.15654373168945
2019-07-26,37.5389404296875
2019-07-29,37.848506927490234
2019-07-30,37.67551803588867
2019-07-31,37.50252151489258
2019-08-01,37.42058563232422
2019-08-02,36.9471435546875
2019-08-05,35.33559036254883
2019-08-06,36.13680648803711
2019-08-07,36.16411590576172
2019-08-08,37.557151794433594
2019-08-09,36.70130157470703
2019-08-12,36.182334899902344
2019-08-13,37.31132125854492
2019-08-14,36.09128189086914
2019-08-15,35.909183502197266
2019-08-16,36.43726348876953
2019-08-19,36.774147033691406
2019-08-20,36.44637680053711
2019-08-21,36.765037536621094
2019-08-22,36.41905975341797
2019-08-23,35.23544692993164
2019-08-26,35.87276840209961
2019-08-27,35.50857925415039
2019-08-28,36.50100326538086
2019-08-29,36.901615142822266
2019-08-30,36.81024932861328
2019-09-03,36.307743072509766
2019-09-04,36.21638488769531
2019-09-05,37.27619552612305
2019-09-06,36.883338928222656
2019-09-09,37.82437515258789
2019-09-10,36.79197692871094
2019-09-11,36.45392608642578
2019-09-12,36.81024932861328
2019-09-13,36.883338928222656
2019-09-16,36.81938934326172
2019-09-17,37.02952194213867
2019-09-18,36.87419509887695
2019-09-19,36.91074752807617
2019-09-20,36.87419509887695
2019-09-23,36.76456069946289
2019-09-24,36.14329528808594
2019-09-25,35.85093307495117
2019-09-26,35.55856704711914
2019-09-27,35.05606460571289
2019-09-30,35.61338806152344
2019-10-01,35.21139144897461
2019-10-02,34.873348236083984
2019-10-03,34.672340393066406
2019-10-04,35.001258850097656
2019-10-07,34.5535774230957
2019-10-08,34.09675979614258
2019-10-09,34.58097839355469
2019-10-10,34.654075622558594
2019-10-11,35.22052001953125
2019-10-14,35.046932220458984
2019-10-15,35.52202606201172
2019-10-16,35.55856704711914
2019-10-17,35.71388626098633
2019-10-18,35.46720886230469
2019-10-21,35.86921310424805
2019-10-22,35.57685089111328
2019-10-23,35.81439208984375
2019-10-24,32.5435905456543
2019-10-25,32.74457931518555
2019-10-28,32.8359489440918
2019-10-29,32.99126052856445
2019-10-30,32.762855529785156
2019-10-31,32.20553970336914
2019-11-01,32.20553970336914
2019-11-04,32.35171890258789
2019-11-05,32.41567611694336
2019-11-06,32.43394470214844
2019-11-07,31.876632690429688
2019-11-08,32.10503387451172
2019-11-11,32.20553970336914
2019-11-12,32.04108810424805
2019-11-13,31.64822769165039
2019-11-14,31.94058609008789
2019-11-15,32.22382354736328
2019-11-18,32.06848907470703
2019-11-19,32.031944274902344
2019-11-20,31.849218368530273
2019-11-21,31.92230796813965
2019-11-22,32.086769104003906
2019-11-25,32.753719329833984
2019-11-26,32.662353515625
2019-11-27,32.753719329833984
2019-11-29,32.579444885253906
2019-12-02,32.01077651977539
2019-12-03,31.873191833496094
2019-12-04,32.07498550415039
2019-12-05,31.909881591796875
2019-12-06,31.97408676147461
2019-12-09,31.708093643188477
2019-12-10,31.84567642211914
2019-12-11,32.02911376953125
2019-12-12,32.3868408203125
2019-12-13,32.54276657104492
2019-12-16,32.46938705444336
2019-12-17,32.92799377441406
2019-12-18,32.68952178955078
2019-12-19,33.056400299072266
2019-12-20,33.193992614746094
2019-12-23,33.21232223510742
2019-12-24,33.21232223510742
2019-12-26,33.249019622802734
2019-12-27,33.083919525146484
2019-12-30,32.836273193359375
2019-12-31,33.120601654052734
2020-01-02,33.29487609863281
2020-01-03,32.98302459716797
2020-01-06,32.81792068481445
2020-01-07,32.67117691040039
2020-01-08,32.652835845947266
2020-01-09,32.267601013183594
2020-01-10,32.001609802246094
2020-01-13,31.854846954345703
2020-01-14,32.423519134521484
2020-01-15,32.405181884765625
2020-01-16,32.94633483886719
2020-01-17,32.85460662841797
2020-01-21,32.76288986206055
2020-01-22,32.918819427490234
2020-01-23,32.66199493408203
2020-01-24,32.432701110839844
2020-01-27,32.54276657104492
2020-01-28,33.21232223510742
2020-01-29,31.717267990112305
2020-01-30,32.157527923583984
2020-01-31,30.781713485717773
2020-02-03,31.542997360229492
2020-02-04,34.312984466552734
2020-02-05,34.05615997314453
2020-02-06,34.854148864746094
2020-02-07,33.20315933227539
2020-02-10,33.038063049316406
2020-02-11,33.423282623291016
2020-02-12,34.07451629638672
2020-02-13,34.1111946105957
2020-02-14,34.9825553894043
2020-02-18,34.73490524291992
2020-02-19,34.42304992675781
2020-02-20,34.569801330566406
2020-02-21,35.0375862121582
2020-02-24,34.1754035949707
2020-02-25,33.44163513183594
2020-02-26,33.652587890625
2020-02-27,32.13918685913086
2020-02-28,31.91804313659668
2020-03-02,33.13433074951172
2020-03-03,33.834598541259766
2020-03-04,35.46551513671875
2020-03-05,34.29531478881836
2020-03-06,33.53052520751953
2020-03-09,32.72890090942383
2020-03-10,33.208038330078125
2020-03-11,32.09311294555664
2020-03-12,30.434551239013672
2020-03-13,31.319122314453125
2020-03-16,29.706634521484375
2020-03-17,30.664913177490234
2020-03-18,28.84049415588379
2020-03-19,27.274080276489258
2020-03-20,25.412805557250977
2020-03-23,24.270246505737305
2020-03-24,25.49573516845703
2020-03-25,26.140727996826172
2020-03-26,27.790075302124023
2020-03-27,27.808502197265625
2020-03-30,28.73914337158203
2020-03-31,27.697933197021484
2020-04-01,26.51851463317871
2020-04-02,26.89629554748535
2020-04-03,27.099010467529297
2020-04-06,28.72992515563965
2020-04-07,29.13534927368164
2020-04-08,30.416126251220703
2020-04-09,31.171689987182617
2020-04-13,32.02861404418945
2020-04-14,32.93161392211914
2020-04-15,33.34624099731445
2020-04-16,34.29531478881836
2020-04-17,34.516448974609375
2020-04-20,34.682308197021484
2020-04-21,34.654666900634766
2020-04-22,35.244380950927734
2020-04-23,34.931087493896484
2020-04-24,36.2579345703125
2020-04-27,36.51593780517578
2020-04-28,36.009159088134766
2020-04-29,35.96308135986328
2020-04-30,36.700233459472656
2020-05-01,36.16579818725586
2020-05-04,36.700233459472656
2020-05-05,37.15171432495117
2020-05-06,37.732208251953125
2020-05-07,38.11920928955078
2020-05-08,38.83791732788086
2020-05-11,38.81949234008789
2020-05-12,38.69970703125
2020-05-13,38.312713623046875
2020-05-14,38.73655700683594
2020-05-15,38.80105972290039
2020-05-18,39.16040802001953
2020-05-19,39.068275451660156
2020-05-20,39.35392379760742
2020-05-21,39.132774353027344
2020-05-22,40.035762786865234
2020-05-26,39.952842712402344
2020-05-27,40.68076705932617
2020-05-28,40.75447463989258
2020-05-29,42.113887786865234
2020-06-01,41.79946517944336
2020-06-02,42.520782470703125
2020-06-03,42.955421447753906
2020-06-04,45.64649200439453
2020-06-05,45.14712142944336
2020-06-08,45.054649353027344
2020-06-09,46.00716018676758
2020-06-10,45.544769287109375
2020-06-11,44.33332824707031
2020-06-12,44.07438278198242
2020-06-15,44.28709030151367
2020-06-16,44.499778747558594
2020-06-17,44.786460876464844
2020-06-18,44.79570770263672
2020-06-19,44.65700912475586
2020-06-22,45.4615478515625
2020-06-23,46.05338668823242
2020-06-24,45.10088348388672
2020-06-25,45.6834831237793
2020-06-26,47.0613899230957
2020-06-29,47.44978713989258
2020-06-30,48.5040283203125
2020-07-01,48.97566223144531
2020-07-02,50.27034378051758
2020-07-06,51.94414138793945
2020-07-07,52.711708068847656
2020-07-08,53.88616180419922
2020-07-09,54.76469421386719
2020-07-10,54.810943603515625
2020-07-13,53.91392135620117
2020-07-14,54.635231018066406
2020-07-15,53.99713897705078
2020-07-16,54.23758316040039
2020-07-17,53.7567024230957
2020-07-20,54.07112121582031
2020-07-21,52.33256149291992
2020-07-22,52.10137176513672
2020-07-23,51.00090789794922
2020-07-24,50.9731559753418
2020-07-27,52.924407958984375
2020-07-28,52.11062240600586
2020-07-29,50.42753601074219
2020-07-30,50.60324478149414
2020-07-31,51.121116638183594
2020-08-03,52.31406784057617
2020-08-04,52.092132568359375
2020-08-05,52.39729309082031
2020-08-06,50.9361686706543
2020-08-07,51.0563850402832
2020-08-10,50.279579162597656
2020-08-11,50.20558547973633
2020-08-12,51.3153190612793
2020-08-13,52.04587936401367
2020-08-14,52.055137634277344
2020-08-17,53.03538131713867
2020-08-18,52.73945999145508
2020-08-19,53.36829376220703
2020-08-20,53.322059631347656
2020-08-21,53.83068084716797
2020-08-24,54.35779571533203
2020-08-25,53.68272399902344
2020-08-26,54.1728515625
2020-08-27,52.0736198425293
2020-08-28,50.18709945678711
2020-08-31,50.80852508544922
2020-09-01,49.76045227050781
2020-09-02,51.09605026245117
2020-09-03,49.305973052978516
2020-09-04,48.73093032836914
2020-09-08,47.79415512084961
2020-09-09,49.565677642822266
2020-09-10,48.5268669128418
2020-09-11,48.944244384765625
2020-09-14,48.508323669433594
2020-09-15,48.026023864746094
2020-09-16,46.764617919921875
2020-09-17,45.11366653442383
2020-09-18,45.085845947265625
2020-09-21,46.504920959472656
2020-09-22,47.22836685180664
2020-09-23,47.00577926635742
2020-09-24,48.026023864746094
2020-09-25,48.67527389526367
2020-09-28,50.12217330932617
2020-09-29,48.83295440673828
2020-09-30,48.32282257080078
2020-10-01,48.58251953125
2020-10-02,47.93327713012695
2020-10-05,48.01675796508789
2020-10-06,46.059715270996094
2020-10-07,47.246917724609375
2020-10-08,48.30427551269531
2020-10-09,51.429954528808594
2020-10-12,51.36503219604492
2020-10-13,53.4148063659668
2020-10-14,52.36673355102539
2020-10-15,51.383575439453125
2020-10-16,51.782405853271484
2020-10-19,50.38187026977539
2020-10-20,50.27056121826172
2020-10-21,48.99062728881836
2020-10-22,48.49904251098633
2020-10-23,49.89030075073242
2020-10-26,49.472923278808594
2020-10-27,49.66769790649414
2020-10-28,49.38945007324219
2020-10-29,45.7072639465332
2020-10-30,44.1768913269043
2020-11-02,44.39949035644531
2020-11-03,45.37336730957031
2020-11-04,44.35311508178711
2020-11-05,45.827842712402344
2020-11-06,47.015052795410156
2020-11-09,44.816864013671875
2020-11-10,43.16590881347656
2020-11-11,44.25109100341797
2020-11-12,43.21228790283203
2020-11-13,45.14148712158203
2020-11-16,45.030189514160156
2020-11-17,44.826141357421875
2020-11-18,45.01164245605469
2020-11-19,46.171016693115234
2020-11-20,45.438297271728516
2020-11-23,46.282318115234375
2020-11-24,46.866634368896484
2020-11-25,46.79245376586914
2020-11-27,47.617919921875
2020-11-30,46.92012405395508
2020-12-01,47.00386047363281
2020-12-02,47.776084899902344
2020-12-03,46.78986358642578
2020-12-04,47.42253494262695
2020-12-07,46.5479621887207
2020-12-08,46.417701721191406
2020-12-09,46.05484390258789
2020-12-10,46.147891998291016
2020-12-11,45.71060562133789
2020-12-14,46.11997604370117
2020-12-15,48.45528793334961
2020-12-16,49.916011810302734
2020-12-17,49.357765197753906
2020-12-18,49.3670768737793
2020-12-21,47.98078536987305
2020-12-22,48.02729415893555
2020-12-23,47.57140350341797
2020-12-24,46.63169860839844
2020-12-28,46.743350982666016
2020-12-29,47.320194244384766
2020-12-30,47.031768798828125
2020-12-31,46.752647399902344
2021-01-04,47.915653228759766
2021-01-05,48.408756256103516
2021-01-06,49.51594924926758
2021-01-07,49.3670768737793
2021-01-08,50.68824005126953
2021-01-11,50.1765251159668
2021-01-12,52.13966751098633
2021-01-13,51.832645416259766
2021-01-14,51.42325973510742
2021-01-15,51.56282424926758
2021-01-19,53.01424026489258
2021-01-20,52.260616302490234
2021-01-21,52.47461700439453
2021-01-22,52.53044128417969
2021-01-25,53.26545715332031
2021-01-26,55.05183792114258
2021-01-27,54.28889465332031
2021-01-28,52.5118293762207
2021-01-29,52.57696533203125
2021-02-01,54.40054702758789
2021-02-02,53.33988952636719
2021-02-03,54.0004768371582
2021-02-04,56.86611557006836
2021-02-05,57.89884948730469
2021-02-08,59.39680099487305
2021-02-09,57.89884948730469
2021-02-10,57.982582092285156
2021-02-11,57.97328186035156
2021-02-12,58.624568939208984
2021-02-16,58.49430465698242
2021-02-17,58.66177749633789
2021-02-18,58.429176330566406
2021-02-19,57.666255950927734
2021-02-22,57.275482177734375
2021-02-23,57.09870910644531
2021-02-24,55.24721908569336
2021-02-25,53.01424026489258
2021-02-26,52.659576416015625
2021-03-01,54.58226776123047
2021-03-02,53.191593170166016
2021-03-03,50.96086883544922
2021-03-04,49.784854888916016
2021-03-05,50.17686080932617
2021-03-08,49.92485809326172
2021-03-09,52.42623519897461
2021-03-10,51.651554107666016
2021-03-11,52.4915771484375
2021-03-12,52.080902099609375
2021-03-15,53.826263427734375
2021-03-16,53.59292221069336
2021-03-17,55.067623138427734
2021-03-18,54.974273681640625
2021-03-19,55.748958587646484
2021-03-22,56.27163314819336
2021-03-23,56.29029846191406
2021-03-24,53.79825973510742
2021-03-25,54.21826934814453
2021-03-26,56.775657653808594
2021-03-29,55.86096954345703
2021-03-30,56.29963684082031
2021-03-31,57.15831756591797
2021-04-01,58.903690338134766
2021-04-05,59.44502639770508
2021-04-06,58.35301208496094
2021-04-07,57.64366149902344
2021-04-08,58.04499816894531
2021-04-09,58.30633544921875
2021-04-12,58.46501159667969
2021-04-13,59.56636047363281
2021-04-14,58.60500717163086
2021-04-15,60.07036590576172
2021-04-16,60.60237121582031
2021-04-19,59.53837203979492
2021-04-20,57.67165756225586
2021-04-21,57.66232681274414
2021-04-22,56.69164276123047
2021-04-23,56.850311279296875
2021-04-26,57.47566223144531
2021-04-27,57.5876579284668
2021-04-28,58.16633605957031
2021-04-29,52.33290100097656
2021-04-30,52.07155990600586
2021-05-03,54.27426528930664
2021-05-04,53.84492492675781
2021-05-05,54.35826873779297
2021-05-06,54.89960861206055
2021-05-07,55.795623779296875
2021-05-10,57.34498977661133
2021-05-11,56.402313232421875
2021-05-12,54.39560317993164
2021-05-13,54.824947357177734
2021-05-14,56.803646087646484
2021-05-17,57.57832717895508
2021-05-18,57.204986572265625
2021-05-19,55.804962158203125
2021-05-20,55.50628662109375
2021-05-21,56.95298385620117
2021-05-24,56.906314849853516
2021-05-25,57.21430969238281
2021-05-26,57.34498977661133
2021-05-27,55.54362106323242
2021-05-28,56.99470520019531
2021-06-01,57.453426361083984
2021-06-02,59.363243103027344
2021-06-03,59.98112106323242
2021-06-04,61.06709671020508
2021-06-07,61.27304458618164
2021-06-08,61.600711822509766
2021-06-09,61.75049591064453
2021-06-10,62.49009323120117
2021-06-11,62.845829010009766
2021-06-14,61.684974670410156
2021-06-15,61.75049591064453
2021-06-16,61.87220001220703
2021-06-17,61.16072082519531
2021-06-18,59.22281265258789
2021-06-21,60.29006576538086
2021-06-22,60.74878692626953
2021-06-23,61.13263702392578
2021-06-24,62.321571350097656
2021-06-25,63.56670379638672
2021-06-28,64.42798614501953
2021-06-29,65.99139404296875
2021-06-30,65.72927856445312
2021-07-01,65.34545135498047
2021-07-02,65.60755920410156
2021-07-06,64.61521911621094
2021-07-07,65.59820556640625
2021-07-08,64.2688217163086
2021-07-09,65.02713012695312
2021-07-12,64.56841278076172
2021-07-13,64.35308074951172
2021-07-14,63.68839645385742
2021-07-15,63.791378021240234
2021-07-16,63.828826904296875
2021-07-19,64.15648651123047
2021-07-20,65.13011932373047
2021-07-21,65.401611328125
2021-07-22,67.46118927001953
2021-07-23,68.84675598144531
2021-07-26,68.58464050292969
2021-07-27,67.67652893066406
2021-07-28,68.23825073242188
2021-07-29,68.72505187988281
2021-07-30,63.856910705566406
2021-08-02,64.25011444091797
2021-08-03,63.669681549072266
2021-08-04,63.66032028198242
2021-08-05,62.98627471923828
2021-08-06,61.31049728393555
2021-08-09,61.179439544677734
2021-08-10,63.01435089111328
2021-08-11,63.67902755737305
2021-08-12,64.49352264404297
2021-08-13,69.29611206054688
2021-08-16,70.44762420654297
2021-08-17,68.1914291381836
2021-08-18,68.18206024169922
2021-08-19,68.18206024169922
2021-08-20,68.67823791503906
2021-08-23,68.52845764160156
2021-08-24,68.1914291381836
2021-08-25,69.42720031738281
2021-08-26,70.81272888183594
2021-08-27,71.53361511230469
2021-08-30,72.60084533691406
2021-08-31,72.00968170166016
2021-09-01,71.45604705810547
2021-09-02,71.77507781982422
2021-09-03,71.81261444091797
2021-09-07,70.10481262207031
2021-09-08,69.37287902832031
2021-09-09,68.50021362304688
2021-09-10,68.08732604980469
2021-09-13,68.1905517578125
2021-09-14,66.98944854736328
2021-09-15,69.4291763305664
2021-09-16,70.09544372558594
2021-09-17,69.54179382324219
2021-09-20,68.37823486328125
2021-09-21,67.6744613647461
2021-09-22,68.69725799560547
2021-09-23,68.97877502441406
2021-09-24,68.4908218383789
2021-09-27,69.12892150878906
2021-09-28,66.86746978759766
2021-09-29,65.65699005126953
2021-09-30,65.3754653930664
2021-10-01,65.6007080078125
2021-10-04,64.24946594238281
2021-10-05,65.65699005126953
2021-10-06,67.13021087646484
2021-10-07,69.59809112548828
2021-10-08,70.42384338378906
2021-10-11,69.90774536132812
2021-10-12,70.06727600097656
2021-10-13,70.28308868408203
2021-10-14,70.07666015625
2021-10-15,70.28308868408203
2021-10-18,69.67315673828125
2021-10-19,70.11419677734375
2021-10-20,71.28713989257812
2021-10-21,71.5123519897461
2021-10-22,75.62236785888672
2021-10-25,75.60359954833984
2021-10-26,73.66117095947266
2021-10-27,72.87297058105469
2021-10-28,67.94657135009766
2021-10-29,71.99091339111328
2021-11-01,71.59679412841797
2021-11-02,70.28308868408203
2021-11-03,70.7991943359375
2021-11-04,71.5780258178711
2021-11-05,70.91177368164062
2021-11-08,69.21337127685547
2021-11-09,69.40103912353516
2021-11-10,68.71602630615234
2021-11-11,68.78170776367188
2021-11-12,69.3541259765625
2021-11-15,69.63562774658203
2021-11-16,71.21207427978516
2021-11-17,68.85678100585938
2021-11-18,70.11419677734375
2021-11-19,70.02973937988281
2021-11-22,69.03506469726562
2021-11-23,67.23342895507812
2021-11-24,68.18116760253906
2021-11-26,68.00289154052734
2021-11-29,66.20124053955078
2021-11-30,63.463619232177734
2021-12-01,62.85211944580078
2021-12-02,63.48244094848633
2021-12-03,63.077919006347656
2021-12-06,62.15597152709961
2021-12-07,63.247249603271484
2021-12-08,63.18140411376953
2021-12-09,62.65456008911133
2021-12-10,62.92738723754883
2021-12-13,62.7392463684082
2021-12-14,61.94900131225586
2021-12-15,61.72320556640625
2021-12-16,60.2462272644043
2021-12-17,60.23681640625
2021-12-20,60.01103973388672
2021-12-21,59.93577575683594
2021-12-22,60.15214538574219
2021-12-23,61.045867919921875
2021-12-27,61.770263671875
2021-12-28,62.165374755859375
2021-12-29,62.52286148071289
2021-12-30,62.82390213012695
2021-12-31,62.560482025146484
2022-01-03,62.842716217041016
2022-01-04,61.28106689453125
2022-01-05,60.66956329345703
2022-01-06,62.85211944580078
2022-01-07,62.39116287231445
2022-01-10,60.74481964111328
2022-01-11,62.49464416503906
2022-01-12,60.50963592529297
2022-01-13,59.531246185302734
2022-01-14,59.6911735534668
2022-01-18,57.96017837524414
2022-01-19,58.59989929199219
2022-01-20,57.113494873046875
2022-01-21,56.012813568115234
2022-01-24,56.125701904296875
2022-01-25,54.73337936401367
2022-01-26,54.29121780395508
2022-01-27,53.34105682373047
2022-01-28,54.13128662109375
2022-01-31,56.51141357421875
2022-02-01,56.89712142944336
2022-02-02,55.07204818725586
2022-02-03,53.80202102661133
2022-02-04,55.777626037597656
2022-02-07,55.222572326660156
2022-02-08,56.19154739379883
2022-02-09,57.01942443847656
2022-02-10,55.326053619384766
2022-02-11,54.921531677246094
2022-02-14,54.73337936401367
2022-02-15,56.37969970703125
2022-02-16,54.234771728515625
2022-02-17,52.45673370361328
2022-02-18,52.17450714111328
2022-02-22,51.882877349853516
2022-02-23,51.35605239868164
2022-02-24,52.15569305419922
2022-02-25,51.36545944213867
2022-02-28,51.35605239868164
2022-03-01,51.1302604675293
2022-03-02,51.82643508911133
2022-03-03,51.19612121582031
2022-03-04,52.36266326904297
2022-03-07,51.600650787353516
2022-03-08,50.151878356933594
2022-03-09,50.123538970947266
2022-03-10,49.4622802734375
2022-03-11,47.28956604003906
2022-03-14,49.207218170166016
2022-03-15,50.954830169677734
2022-03-16,51.73890686035156
2022-03-17,52.589088439941406
2022-03-18,52.91972351074219
2022-03-21,52.25846481323242
2022-03-22,52.66466522216797
2022-03-23,52.52296447753906
2022-03-24,54.0627555847168
2022-03-25,54.24224090576172
2022-03-28,55.52698516845703
2022-03-29,56.87783432006836
2022-03-30,56.07488250732422
2022-03-31,54.09109878540039
2022-04-01,54.51619338989258
2022-04-04,53.59042739868164
2022-04-05,53.2786979675293
2022-04-06,51.12487030029297
2022-04-07,51.370487213134766
2022-04-08,51.98451614379883
2022-04-11,51.852264404296875
2022-04-12,51.23822784423828
2022-04-13,52.06953430175781
2022-04-14,51.15321350097656
2022-04-18,51.54051971435547
2022-04-19,52.11676788330078
2022-04-20,51.82392501831055
2022-04-21,51.73890686035156
2022-04-22,50.22745132446289
2022-04-25,50.66199493408203
2022-04-26,50.161319732666016
2022-04-27,49.17887496948242
2022-04-28,50.794254302978516
2022-04-29,49.04662322998047
2022-05-02,50.20855712890625
2022-05-03,50.501399993896484
2022-05-04,51.40827178955078
2022-05-05,45.38135528564453
2022-05-06,46.10874557495117
2022-05-09,46.53384017944336
2022-05-10,45.900917053222656
2022-05-11,44.00215530395508
2022-05-12,43.60540771484375
2022-05-13,44.06828308105469
2022-05-16,42.5946159362793
2022-05-17,44.32333755493164
2022-05-18,42.452911376953125
2022-05-19,42.15062713623047
2022-05-20,41.85778045654297
2022-05-23,42.6890754699707
2022-05-24,41.734981536865234
2022-05-25,42.33012390136719
2022-05-26,43.89823913574219
2022-05-27,46.11819076538086
2022-05-31,46.18461227416992
2022-06-01,44.57142639160156
2022-06-02,45.33057403564453
2022-06-03,44.685306549072266
2022-06-06,45.23567581176758
2022-06-07,45.08384704589844
2022-06-08,45.24517059326172
2022-06-09,44.305728912353516
2022-06-10,42.01879119873047
2022-06-13,40.737735748291016
2022-06-14,40.405609130859375
2022-06-15,41.28811264038086
2022-06-16,38.98220443725586
2022-06-17,40.05450439453125
2022-06-21,40.13042068481445
2022-06-22,40.92751693725586
2022-06-23,40.77568817138672
2022-06-24,43.33781433105469
2022-06-27,42.11368942260742
2022-06-28,40.4720344543457
2022-06-29,40.49101257324219
2022-06-30,39.54206848144531
2022-07-01,40.699771881103516
2022-07-05,41.68666458129883
2022-07-06,41.487396240234375
2022-07-07,41.582279205322266
2022-07-08,40.93700408935547
2022-07-11,40.64284133911133
2022-07-12,40.99394607543945
2022-07-13,40.3202018737793
2022-07-14,39.883689880371094
2022-07-15,41.38301086425781
2022-07-18,41.36403274536133
2022-07-19,43.0626220703125
2022-07-20,43.83125686645508
2022-07-21,44.26776885986328
2022-07-22,44.29623794555664
2022-07-25,44.18236541748047
2022-07-26,43.32832717895508
2022-07-27,44.77070617675781
2022-07-28,45.748111724853516
2022-07-29,46.14665985107422
2022-08-01,46.440826416015625
2022-08-02,45.95686340332031
2022-08-03,47.902183532714844
2022-08-04,45.42546081542969
2022-08-05,44.8656005859375
2022-08-08,45.178749084472656
2022-08-09,45.548831939697266
2022-08-10,46.02328872680664
2022-08-11,46.0897216796875
2022-08-12,46.91529083251953
2022-08-15,46.19410705566406
2022-08-16,46.972232818603516
2022-08-17,46.0897216796875
2022-08-18,46.06126403808594
2022-08-19,44.666324615478516
2022-08-22,43.072113037109375
2022-08-23,43.11006546020508
2022-08-24,43.204959869384766
2022-08-25,44.21083068847656
2022-08-26,42.25602722167969
2022-08-29,42.189598083496094
2022-08-30,42.18011474609375
2022-08-31,42.08475112915039
2022-09-01,42.69508743286133
2022-09-02,42.065673828125
2022-09-06,41.045265197753906
2022-09-07,42.59018325805664
2022-09-08,42.199188232421875
2022-09-09,43.009796142578125
2022-09-12,43.41032791137695
2022-09-13,40.806854248046875
2022-09-14,40.597049713134766
2022-09-15,40.68288040161133
2022-09-16,40.053466796875
2022-09-19,39.433589935302734
2022-09-20,38.05079650878906
2022-09-21,37.12574768066406
2022-09-22,36.52494430541992
2022-09-23,36.4200439453125
2022-09-26,36.362823486328125
2022-09-27,35.82877731323242
2022-09-28,36.820579528808594
2022-09-29,35.943214416503906
2022-09-30,35.104000091552734
2022-10-03,35.4950065612793
2022-10-04,36.87779998779297
2022-10-05,37.30694580078125
2022-10-06,37.08760070800781
2022-10-07,35.80970001220703
2022-10-10,35.81924057006836
2022-10-11,35.23751449584961
2022-10-12,35.409175872802734
2022-10-13,36.20069885253906
2022-10-14,35.36149215698242
2022-10-17,36.095802307128906
2022-10-18,36.715675354003906
2022-10-19,36.057655334472656
2022-10-20,35.876461029052734
2022-10-21,36.62984848022461
2022-10-24,36.8873405456543
2022-10-25,37.16389846801758
2022-10-26,37.736083984375
2022-10-27,38.003108978271484
2022-10-28,38.45132827758789
2022-10-31,37.99357223510742
2022-11-01,37.9649658203125
2022-11-02,36.29607009887695
2022-11-03,37.02084732055664
2022-11-04,38.21291732788086
2022-11-07,38.699275970458984
2022-11-08,39.67200469970703
2022-11-09,38.68974304199219
2022-11-10,42.59018325805664
2022-11-11,44.35443878173828
2022-11-14,43.782249450683594
2022-11-15,44.8408088684082
2022-11-16,43.38172149658203
2022-11-17,43.36264419555664
2022-11-18,43.56291198730469
2022-11-21,42.65694046020508
2022-11-22,43.03841018676758
2022-11-23,43.133766174316406
2022-11-25,42.95257568359375
2022-11-28,42.27548599243164
2022-11-29,41.741432189941406
2022-11-30,43.552940368652344
2022-12-01,43.28457260131836
2022-12-02,43.32291030883789
2022-12-05,42.115230560302734
2022-12-06,41.549739837646484
2022-12-07,41.36762619018555
2022-12-08,42.0577278137207
2022-12-09,41.82769775390625
2022-12-12,41.90437698364258
2022-12-13,41.90437698364258
2022-12-14,41.933128356933594
2022-12-15,40.53376388549805
2022-12-16,39.29732894897461
2022-12-19,39.62321472167969
2022-12-20,39.268577575683594
2022-12-21,39.56570053100586
2022-12-22,38.453880310058594
2022-12-23,38.501800537109375
2022-12-27,38.41554260253906
2022-12-28,38.262176513671875
2022-12-29,40.08327865600586
2022-12-30,39.7478141784668
2023-01-03,40.399574279785156
2023-01-04,41.300540924072266
2023-01-05,41.310123443603516
2023-01-06,43.23665237426758
2023-01-09,41.712677001953125
2023-01-10,43.21748352050781
2023-01-11,44.67436218261719
2023-01-12,44.5018310546875
2023-01-13,44.338890075683594
2023-01-17,44.82771682739258
2023-01-18,44.070518493652344
2023-01-19,43.6487922668457
2023-01-20,44.72227478027344
2023-01-23,45.68075180053711
2023-01-24,44.751033782958984
2023-01-25,46.89801025390625
2023-01-26,47.11845779418945
2023-01-27,46.9650993347168
2023-01-30,46.85966873168945
2023-01-31,47.444339752197266
2023-02-01,48.30696487426758
2023-02-02,49.5146369934082
2023-02-03,48.55616760253906
2023-02-06,47.9044075012207
2023-02-07,48.08651351928711
2023-02-08,47.11845779418945
2023-02-09,46.380435943603516
2023-02-10,46.08331298828125
2023-02-13,46.89801025390625
2023-02-14,46.773406982421875
2023-02-15,47.58810806274414
2023-02-16,46.639225006103516
2023-02-17,46.23666763305664
2023-02-21,45.901206970214844
2023-02-22,45.862857818603516
2023-02-23,43.466678619384766
2023-02-24,43.19831466674805
2023-02-27,43.89799880981445
2023-02-28,43.99384307861328
2023-03-01,43.85007095336914
2023-03-02,43.6871337890625
2023-03-03,44.12803268432617
2023-03-06,42.8916015625
2023-03-07,42.1535758972168
2023-03-08,42.42194747924805
2023-03-09,41.40019607543945
2023-03-10,40.52302932739258
2023-03-13,39.60731887817383
2023-03-14,39.67478561401367
2023-03-15,39.33742141723633
2023-03-16,39.954322814941406
2023-03-17,40.542320251464844
2023-03-20,41.4869499206543
2023-03-21,42.171329498291016
2023-03-22,41.313446044921875
2023-03-23,40.91823959350586
2023-03-24,41.120662689208984
2023-03-27,41.06282424926758
2023-03-28,41.32308578491211
2023-03-29,42.0556640625
2023-03-30,42.325557708740234
2023-03-31,42.76896286010742
2023-04-03,42.68220138549805
2023-04-04,42.730403900146484
2023-04-05,42.26771926879883
2023-04-06,41.99782943725586
2023-04-10,41.833961486816406
2023-04-11,41.93035125732422
2023-04-12,41.236331939697266
2023-04-13,42.03638458251953
2023-04-14,41.959266662597656
2023-04-17,42.20024108886719
2023-04-18,42.450862884521484
2023-04-19,42.13277816772461
2023-04-20,41.81468200683594
2023-04-21,41.55442428588867
2023-04-24,42.27735900878906
2023-04-25,42.42194366455078
2023-04-26,41.79540252685547
2023-04-27,43.916019439697266
2023-04-28,44.75462341308594
2023-05-01,44.012413024902344
2023-05-02,43.49189376831055
2023-05-03,43.15452575683594
2023-05-04,42.77859878540039
2023-05-05,43.98349380493164
2023-05-08,44.542564392089844
2023-05-09,44.15700149536133
2023-05-10,44.1666374206543
2023-05-11,44.12807846069336
2023-05-12,43.28947067260742
2023-05-15,43.50154113769531
2023-05-16,41.4773063659668
2023-05-17,42.29663848876953
2023-05-18,42.52798080444336
2023-05-19,41.911067962646484
2023-05-22,42.52798080444336
2023-05-23,42.20024108886719
2023-05-24,41.73756790161133
2023-05-25,42.046016693115234
2023-05-26,42.75931930541992
2023-05-30,42.046016693115234
2023-05-31,41.24135971069336
2023-06-01,41.93937683105469
2023-06-02,43.03488540649414
2023-06-05,43.90740966796875
2023-06-06,43.80076599121094
2023-06-07,43.68442916870117
2023-06-08,44.2176399230957
2023-06-09,44.411537170410156
2023-06-12,43.74259948730469
2023-06-13,44.13039016723633
2023-06-14,43.694122314453125
2023-06-15,44.22733688354492
2023-06-16,43.68442916870117
2023-06-20,43.47114944458008
2023-06-21,42.75373840332031
2023-06-22,42.53075408935547
2023-06-23,42.0460205078125
2023-06-26,42.13327407836914
2023-06-27,43.11244201660156
2023-06-28,43.47114944458008
2023-06-29,43.238468170166016
2023-06-30,43.32572555541992
2023-07-03,43.84923553466797
2023-07-05,43.65534973144531
2023-07-06,42.51136779785156
2023-07-07,42.908851623535156
2023-07-10,44.27580642700195
2023-07-11,45.468257904052734
2023-07-12,44.99321746826172
2023-07-13,44.721771240234375
2023-07-14,45.080474853515625
2023-07-17,45.74940490722656
2023-07-18,46.563758850097656
2023-07-19,47.53323745727539
2023-07-20,47.349037170410156
2023-07-21,46.864295959472656
2023-07-24,47.445980072021484
2023-07-25,46.8352165222168
2023-07-26,47.31025695800781
2023-07-27,42.32716751098633
2023-07-28,43.63595962524414
2023-07-31,43.15121841430664
2023-08-01,42.230228424072266
2023-08-02,42.42411804199219
2023-08-03,42.2786979675293
2023-08-04,41.73578643798828
2023-08-07,42.51136779785156
2023-08-08,42.19144821166992
2023-08-09,42.33686447143555
2023-08-10,41.96846389770508
2023-08-11,43.14152526855469
2023-08-14,42.68587112426758
2023-08-15,42.249610900878906
2023-08-16,41.61945724487305
2023-08-17,41.63884735107422
2023-08-18,41.67762756347656
2023-08-21,41.72609329223633
2023-08-22,41.949073791503906
2023-08-23,42.559844970703125
2023-08-24,41.82304000854492
2023-08-25,42.25930404663086
2023-08-28,42.53075408935547
2023-08-29,42.96702194213867
2023-08-30,43.38389205932617
2023-08-31,43.65686798095703
2023-09-01,43.968841552734375
2023-09-05,43.179161071777344
2023-09-06,43.013423919677734
2023-09-07,42.03850173950195
2023-09-08,42.340728759765625
2023-09-11,42.418724060058594
2023-09-12,42.418724060058594
2023-09-13,42.61370849609375
2023-09-14,43.247406005859375
2023-09-15,43.442386627197266
2023-09-18,42.80868911743164
2023-09-19,42.525962829589844
2023-09-20,42.594207763671875
2023-09-21,42.81843948364258
2023-09-22,42.04825210571289
2023-09-25,42.720943450927734
2023-09-26,42.399227142333984
2023-09-27,41.814273834228516
2023-09-28,42.555213928222656
2023-09-29,42.98417663574219
2023-10-02,42.45772171020508
2023-10-03,41.44379806518555
2023-10-04,41.86302185058594
2023-10-05,41.541297912597656
2023-10-06,41.9312629699707
2023-10-09,42.26273727416992
2023-10-10,42.4284782409668
2023-10-11,41.97025680541992
2023-10-12,41.56079864501953
2023-10-13,40.74186325073242
2023-10-16,41.404808044433594
2023-10-17,41.492549896240234
2023-10-18,40.83935546875
2023-10-19,40.1081657409668
2023-10-20,39.73769760131836
2023-10-23,39.16249084472656
2023-10-24,39.96192932128906
2023-10-25,38.31431579589844
2023-10-26,37.397891998291016
2023-10-27,37.03717041015625
2023-10-30,37.670867919921875
2023-10-31,38.24606704711914
2023-11-01,37.73910903930664
2023-11-02,38.01209259033203
2023-11-03,39.523216247558594
2023-11-06,39.34772872924805
2023-11-07,39.7474479675293
2023-11-08,38.94801330566406
2023-11-09,38.92851257324219
2023-11-10,38.85051727294922
2023-11-13,37.75861358642578
2023-11-14,39.32822799682617
2023-11-15,39.6012077331543
2023-11-16,39.172245025634766
2023-11-17,39.13324737548828
2023-11-20,38.46055221557617
2023-11-21,39.37697219848633
2023-11-22,40.595619201660156
2023-11-24,40.439640045166016
2023-11-27,40.312896728515625
2023-11-28,40.098419189453125
2023-11-29,39.62070846557617
2023-11-30,40.2288932800293
2023-12-01,40.9351806640625
2023-12-04,40.827274322509766
2023-12-05,40.689945220947266
2023-12-06,40.680137634277344
2023-12-07,40.689945220947266
2023-12-08,40.503562927246094
2023-12-11,40.9646110534668
2023-12-12,40.32699203491211
2023-12-13,41.16080093383789
2023-12-14,41.83766174316406
2023-12-15,40.95479965209961
2023-12-18,41.71013641357422
2023-12-19,42.838233947753906
2023-12-20,42.161373138427734
2023-12-21,42.897090911865234
2023-12-22,42.98537063598633
2023-12-26,42.651851654052734
2023-12-27,42.55375671386719
2023-12-28,42.64204406738281
2023-12-29,42.7891845703125
2024-01-02,43.034420013427734
2024-01-03,42.72052001953125
2024-01-04,41.71994400024414
2024-01-05,41.97499465942383
2024-01-08,42.02404022216797
2024-01-09,41.33737564086914
2024-01-10,41.74937438964844
2024-01-11,41.072513580322266
2024-01-12,40.42508316040039
2024-01-16,39.924800872802734
2024-01-17,39.89537048339844
2024-01-18,40.01308822631836
2024-01-19,40.346614837646484
2024-01-22,40.2779426574707
2024-01-23,40.621280670166016
2024-01-24,40.817466735839844
2024-01-25,41.35699462890625
2024-01-26,41.87689208984375
2024-01-29,41.8082275390625
2024-01-30,41.15099334716797
2024-01-31,40.287750244140625
2024-02-01,40.90575408935547
2024-02-02,41.14118194580078
2024-02-05,40.54280471801758
2024-02-06,41.847469329833984
2024-02-07,41.53356170654297
2024-02-08,41.21965789794922
2024-02-09,41.621849060058594
2024-02-12,42.66166305541992
2024-02-13,40.346614837646484
2024-02-14,41.376609802246094
2024-02-15,41.8082275390625
2024-02-16,42.62242126464844
2024-02-20,42.7597541809082
2024-02-21,42.96575164794922
2024-02-22,43.43661117553711
2024-02-23,43.171756744384766
2024-02-26,43.04423141479492
2024-02-27,43.544517517089844
2024-02-28,46.97785568237305
2024-02-29,46.37947463989258
2024-03-01,47.13480758666992
2024-03-04,47.97842788696289
2024-03-05,49.13595199584961
2024-03-06,49.5773811340332
2024-03-07,49.812808990478516
2024-03-08,49.67474365234375
2024-03-11,50.83845138549805
2024-03-12,50.2072868347168
2024-03-13,51.68658447265625
2024-03-14,51.52879333496094
2024-03-15,51.4794807434082
2024-03-18,50.641212463378906
2024-03-19,51.1047248840332
2024-03-20,51.25265884399414
2024-03-21,51.28224182128906
2024-03-22,50.710243225097656
2024-03-25,50.52286911010742
2024-03-26,50.374942779541016
2024-03-27,51.203346252441406
2024-03-28,52.051475524902344
2024-04-01,51.548519134521484
2024-04-02,51.1441764831543
2024-04-03,51.13431167602539
2024-04-04,50.69052505493164
2024-04-05,51.34141540527344
2024-04-08,50.8680419921875
2024-04-09,51.242794036865234
2024-04-10,51.73589324951172
2024-04-11,51.17375946044922
2024-04-12,50.60176467895508
2024-04-15,50.187564849853516
2024-04-16,49.556400299072266
2024-04-17,48.7674446105957
2024-04-18,49.26054000854492
2024-04-19,49.69446563720703
2024-04-22,50.236873626708984
2024-04-23,50.542598724365234
2024-04-24,50.47356033325195
2024-04-25,50.63135528564453
2024-04-26,51.30196762084961
2024-04-29,52.02189254760742
2024-04-30,50.82859802246094
2024-05-01,50.35521697998047
2024-05-02,48.70826721191406
2024-05-03,48.96467971801758
2024-05-06,48.69840621948242
2024-05-07,49.378883361816406
2024-05-08,49.004127502441406
2024-05-09,49.6451530456543
2024-05-10,50.29604721069336
2024-05-13,51.27238082885742
2024-05-14,51.380859375
2024-05-15,51.696441650390625
2024-05-16,51.97257995605469
2024-05-17,50.7694206237793
2024-05-20,50.532737731933594
2024-05-21,51.44989776611328
2024-05-22,52.07120132446289
2024-05-23,52.08106231689453
2024-05-24,53.65897750854492
2024-05-28,52.169822692871094
2024-05-29,51.37099838256836
2024-05-30,52.61360549926758
2024-05-31,53.743595123291016
2024-06-03,53.13895034790039
2024-06-04,53.2777214050293
2024-06-05,52.544219970703125
2024-06-06,52.92088317871094
2024-06-07,52.613609313964844
2024-06-10,52.6829948425293
2024-06-11,52.53430938720703
2024-06-12,52.72264099121094
2024-06-13,53.21824645996094
2024-06-14,51.67195510864258
2024-06-17,52.67308044433594
2024-06-18,54.0706901550293
2024-06-20,53.3669319152832
2024-06-21,53.6742057800293
2024-06-24,53.53543472290039
2024-06-25,53.47596740722656
2024-06-26,53.21824645996094
2024-06-27,52.5838737487793
2024-06-28,53.24798583984375
2024-07-01,52.217124938964844
2024-07-02,52.78211212158203
2024-07-03,52.14773941040039
2024-07-05,52.405452728271484
2024-07-08,52.32615661621094
2024-07-09,52.1873893737793
2024-07-10,52.51448440551758
2024-07-11,53.54534912109375
2024-07-12,53.7138557434082
2024-07-15,53.24798583984375
2024-07-16,54.93304443359375
2024-07-17,54.10042953491211
2024-07-18,53.9120979309082
2024-07-19,53.12903594970703
2024-07-22,53.43631362915039
2024-07-23,52.77220153808594
2024-07-24,53.18851089477539
2024-07-25,52.653255462646484
2024-07-26,53.70394515991211
2024-07-29,54.130165100097656
2024-07-30,54.91322326660156
2024-07-31,55.12137985229492
2024-08-01,55.735931396484375
2024-08-02,55.70619583129883
2024-08-05,54.179725646972656
2024-08-06,55.42864990234375
2024-08-07,54.62577438354492
2024-08-08,55.4484748840332
2024-08-09,56.02338409423828
2024-08-12,55.31962203979492
2024-08-13,55.21058654785156
2024-08-14,55.27006149291992
2024-08-15,55.339447021484375
2024-08-16,55.01234436035156
2024-08-19,56.181976318359375
2024-08-20,56.43968963623047
2024-08-21,58.164405822753906
2024-08-22,58.50141525268555
2024-08-23,58.362648010253906
2024-08-26,58.481590270996094
2024-08-27,58.84833908081055
2024-08-28,57.27231216430664
2024-08-29,58.08510208129883
2024-08-30,58.851871490478516
2024-09-03,58.553131103515625
2024-09-04,58.7025032043457
2024-09-05,58.871788024902344
2024-09-06,58.951454162597656
2024-09-09,59.18048858642578
2024-09-10,60.00699996948242
2024-09-11,60.47502899169922
2024-09-12,62.91474151611328
2024-09-13,63.173648834228516
2024-09-16,64.08979034423828
2024-09-17,64.60760498046875
2024-09-18,62.904781341552734
2024-09-19,62.95457458496094
2024-09-20,62.4566764831543
2024-09-23,63.18360900878906
2024-09-24,65.1652603149414
2024-09-25,63.83087921142578
2024-09-26,63.67155075073242
2024-09-27,63.731300354003906
2024-09-30,64.83663940429688
2024-10-01,65.55361938476562
2024-10-02,64.92626190185547
2024-10-03,65.10550689697266
2024-10-04,66.01168823242188
2024-10-07,66.48966979980469
2024-10-08,66.88799285888672
2024-10-09,66.66891479492188
2024-10-10,65.77269744873047
2024-10-11,66.05152130126953
2024-10-14,66.59920501708984
2024-10-15,66.70874786376953
2024-10-16,66.6390380859375
2024-10-17,65.0855941772461
2024-10-18,64.67730712890625
2024-10-21,63.89063262939453
2024-10-22,63.05415344238281
2024-10-23,63.40268325805664
2024-10-24,63.323020935058594
2024-10-25,62.835079193115234
2024-10-28,62.72554397583008
2024-10-29,62.506465911865234
2024-10-30,62.3670539855957
2024-10-31,57.26854705810547
2024-11-01,57.86602783203125
2024-11-04,59.97712707519531
2024-11-05,61.25175094604492
2024-11-06,60.82356262207031
2024-11-07,61.759613037109375
2024-11-08,61.630157470703125
2024-11-11,62.16789245605469
2024-11-12,61.24179458618164
2024-11-13,61.630157470703125
2024-11-14,62.03843688964844
2024-11-15,61.17209243774414
2024-11-18,61.15217590332031
2024-11-19,60.843475341796875
2024-11-20,60.56465148925781
2024-11-21,61.15217590332031
2024-11-22,62.974491119384766
2024-11-25,64.7171401977539
2024-11-26,64.81671905517578
2024-11-27,64.03999328613281
2024-11-29,63.290000915527344
2024-12-02,63.16999816894531
2024-12-03,62.939998626708984
2024-12-04,63.31999969482422
2024-12-05,63.619998931884766
2024-12-06,63.619998931884766
2024-12-09,65.13999938964844
2024-12-10,63.22999954223633
2024-12-11,63.16999816894531
2024-12-12,63.900001525878906
2024-12-13,63.84000015258789
2024-12-16,63.63999938964844
2024-12-17,64.2300033569336
