,EQT
2014-01-02,44.82596206665039
2014-01-03,44.244991302490234
2014-01-06,44.35106658935547
2014-01-07,44.381378173828125
2014-01-08,44.66933822631836
2014-01-09,43.4467658996582
2014-01-10,43.45687484741211
2014-01-13,42.613189697265625
2014-01-14,43.674110412597656
2014-01-15,43.99238586425781
2014-01-16,44.997711181640625
2014-01-17,44.26519012451172
2014-01-21,45.75551223754883
2014-01-22,46.59918975830078
2014-01-23,46.41226577758789
2014-01-24,45.82119369506836
2014-01-27,45.14928436279297
2014-01-28,46.018218994140625
2014-01-29,45.59890365600586
2014-01-30,45.4675407409668
2014-01-31,46.887149810791016
2014-02-03,46.54362106323242
2014-02-04,48.31179428100586
2014-02-05,47.54391860961914
2014-02-06,47.594425201416016
2014-02-07,47.6146240234375
2014-02-10,47.705570220947266
2014-02-11,48.36231994628906
2014-02-12,48.145015716552734
2014-02-13,48.33199691772461
2014-02-14,49.35787582397461
2014-02-18,50.65157699584961
2014-02-19,50.540401458740234
2014-02-20,50.55049133300781
2014-02-21,50.94466781616211
2014-02-24,51.43992614746094
2014-02-25,51.16703414916992
2014-02-26,50.57577133178711
2014-02-27,51.12156295776367
2014-02-28,51.69258499145508
2014-03-03,50.899200439453125
2014-03-04,51.530887603759766
2014-03-05,50.73747634887695
2014-03-06,50.62630081176758
2014-03-07,50.86382293701172
2014-03-10,51.44498062133789
2014-03-11,50.86887741088867
2014-03-12,50.919410705566406
2014-03-13,51.02048110961914
2014-03-14,51.72291564941406
2014-03-17,52.05644989013672
2014-03-18,52.70835494995117
2014-03-19,52.12215042114258
2014-03-20,52.2535400390625
2014-03-21,52.19794845581055
2014-03-24,51.78860855102539
2014-03-25,50.070404052734375
2014-03-26,48.15512466430664
2014-03-27,48.938419342041016
2014-03-28,49.79248046875
2014-03-31,49.00410461425781
2014-04-01,49.85311508178711
2014-04-02,51.18724060058594
2014-04-03,52.127201080322266
2014-04-04,52.1524772644043
2014-04-07,51.24789810180664
2014-04-08,51.970550537109375
2014-04-09,52.98125076293945
2014-04-10,51.803775787353516
2014-04-11,51.56121063232422
2014-04-14,51.596588134765625
2014-04-15,51.98571014404297
2014-04-16,52.33945846557617
2014-04-17,52.92060089111328
2014-04-21,53.36026382446289
2014-04-22,53.072208404541016
2014-04-23,53.35520553588867
2014-04-24,54.66407775878906
2014-04-25,53.188446044921875
2014-04-28,53.92121505737305
2014-04-29,54.79041290283203
2014-04-30,55.078468322753906
2014-05-01,55.20985794067383
2014-05-02,55.50801467895508
2014-05-05,55.12394332885742
2014-05-06,54.69944763183594
2014-05-07,54.94707107543945
2014-05-08,53.708953857421875
2014-05-09,53.08231735229492
2014-05-12,53.127811431884766
2014-05-13,52.80437469482422
2014-05-14,52.86503601074219
2014-05-15,52.12196350097656
2014-05-16,51.843929290771484
2014-05-19,52.101722717285156
2014-05-20,52.12700271606445
2014-05-21,52.66789245605469
2014-05-22,52.061302185058594
2014-05-23,51.65689468383789
2014-05-27,52.58701705932617
2014-05-28,52.73866653442383
2014-05-29,53.06723403930664
2014-05-30,54.027679443359375
2014-06-02,53.19866943359375
2014-06-03,53.683937072753906
2014-06-04,53.82548522949219
2014-06-05,53.86592102050781
2014-06-06,53.77998352050781
2014-06-09,52.94086837768555
2014-06-10,51.884376525878906
2014-06-11,51.99052047729492
2014-06-12,52.89030838012695
2014-06-13,53.50701904296875
2014-06-16,53.80020523071289
2014-06-17,54.26526641845703
2014-06-18,54.64944839477539
2014-06-19,54.826358795166016
2014-06-20,55.36725997924805
2014-06-23,55.119564056396484
2014-06-24,54.41691970825195
2014-06-25,54.032752990722656
2014-06-26,54.598899841308594
2014-06-27,54.09844970703125
2014-06-30,54.03778839111328
2014-07-01,53.967018127441406
2014-07-02,53.89119338989258
2014-07-03,53.643497467041016
2014-07-07,52.99141311645508
2014-07-08,53.239112854003906
2014-07-09,53.45648193359375
2014-07-10,51.91975021362305
2014-07-11,51.51029968261719
2014-07-14,52.061302185058594
2014-07-15,51.89448547363281
2014-07-16,52.298885345458984
2014-07-17,50.165672302246094
2014-07-18,50.83799362182617
2014-07-21,50.24150085449219
2014-07-22,50.008968353271484
2014-07-23,50.5094108581543
2014-07-24,52.6628303527832
2014-07-25,50.62567138671875
2014-07-28,50.11512756347656
2014-07-29,49.70567321777344
2014-07-30,48.714900970458984
2014-07-31,47.425872802734375
2014-08-01,47.92125701904297
2014-08-04,48.57840347290039
2014-08-05,48.04762649536133
2014-08-06,47.96169662475586
2014-08-07,47.27927780151367
2014-08-08,48.10323715209961
2014-08-11,47.52696990966797
2014-08-12,47.031593322753906
2014-08-13,47.55747985839844
2014-08-14,47.476558685302734
2014-08-15,47.845699310302734
2014-08-18,48.0024528503418
2014-08-19,47.96200942993164
2014-08-20,47.987281799316406
2014-08-21,48.01763153076172
2014-08-22,48.05806350708008
2014-08-25,48.9328727722168
2014-08-26,49.620567321777344
2014-08-27,49.38797378540039
2014-08-28,49.54977798461914
2014-08-29,50.09082794189453
2014-09-02,49.3373908996582
2014-09-03,48.786224365234375
2014-09-04,48.49293899536133
2014-09-05,48.76600646972656
2014-09-08,48.10863494873047
2014-09-09,48.49293899536133
2014-09-10,48.33113098144531
2014-09-11,48.47272491455078
2014-09-12,47.7395133972168
2014-09-15,48.204715728759766
2014-09-16,48.37158966064453
2014-09-17,48.922760009765625
2014-09-18,47.93671417236328
2014-09-19,47.26420211791992
2014-09-22,46.434898376464844
2014-09-23,46.30344009399414
2014-09-24,46.21241760253906
2014-09-25,46.01014709472656
2014-09-26,46.57649230957031
2014-09-29,46.94561004638672
2014-09-30,46.28826141357422
2014-10-01,45.45391845703125
2014-10-02,45.56517028808594
2014-10-03,45.69158935546875
2014-10-06,45.160640716552734
2014-10-07,44.285831451416016
2014-10-08,44.746002197265625
2014-10-09,42.6323356628418
2014-10-10,41.484474182128906
2014-10-13,39.34553146362305
2014-10-14,39.6236457824707
2014-10-15,41.56032943725586
2014-10-16,43.117759704589844
2014-10-17,42.182289123535156
2014-10-20,42.02046585083008
2014-10-21,43.112701416015625
2014-10-22,41.91428756713867
2014-10-23,44.32123947143555
2014-10-24,44.95331573486328
2014-10-27,43.81557846069336
2014-10-28,45.8432731628418
2014-10-29,45.54494094848633
2014-10-30,45.049400329589844
2014-10-31,47.55241394042969
2014-11-03,46.46018981933594
2014-11-04,47.00629425048828
2014-11-05,49.069400787353516
2014-11-06,50.43974685668945
2014-11-07,49.878456115722656
2014-11-10,48.43732833862305
2014-11-11,48.69015121459961
2014-11-12,47.6734504699707
2014-11-13,46.32291030883789
2014-11-14,47.04118728637695
2014-11-17,47.071529388427734
2014-11-18,47.334556579589844
2014-11-19,48.52829360961914
2014-11-20,48.685089111328125
2014-11-21,48.06293487548828
2014-11-24,47.82014083862305
2014-11-25,47.28903579711914
2014-11-26,46.76298522949219
2014-11-28,46.019432067871094
2014-12-01,46.272335052490234
2014-12-02,45.144351959228516
2014-12-03,45.5540657043457
2014-12-04,44.056846618652344
2014-12-05,44.072025299072266
2014-12-08,40.72856140136719
2014-12-09,40.33401870727539
2014-12-10,39.20098876953125
2014-12-11,39.620811462402344
2014-12-12,39.979949951171875
2014-12-15,39.43367004394531
2014-12-16,39.26168441772461
2014-12-17,40.4250602722168
2014-12-18,41.730079650878906
2014-12-19,40.76396942138672
2014-12-22,39.27685546875
2014-12-23,39.66127395629883
2014-12-24,39.170631408691406
2014-12-26,38.37144470214844
2014-12-29,38.80644226074219
2014-12-30,38.128639221191406
2014-12-31,38.290523529052734
2015-01-02,39.21110916137695
2015-01-05,37.11699676513672
2015-01-06,36.69212341308594
2015-01-07,36.742698669433594
2015-01-08,38.21464920043945
2015-01-09,38.48271942138672
2015-01-12,36.717411041259766
2015-01-13,36.73764419555664
2015-01-14,37.03607940673828
2015-01-15,36.68707275390625
2015-01-16,38.23486328125
2015-01-20,37.460968017578125
2015-01-21,38.82161331176758
2015-01-22,38.37144470214844
2015-01-23,37.96680450439453
2015-01-26,38.16405487060547
2015-01-27,38.002197265625
2015-01-28,37.26369857788086
2015-01-29,37.28899002075195
2015-01-30,37.65318298339844
2015-02-02,38.224754333496094
2015-02-03,38.877262115478516
2015-02-04,37.68353271484375
2015-02-05,39.145347595214844
2015-02-06,39.92936706542969
2015-02-09,40.43012619018555
2015-02-10,41.42659378051758
2015-02-11,41.38612747192383
2015-02-12,40.85985565185547
2015-02-13,41.07743453979492
2015-02-17,41.284915924072266
2015-02-18,41.0369758605957
2015-02-19,41.279850006103516
2015-02-20,41.05215072631836
2015-02-23,40.5562629699707
2015-02-24,41.37093734741211
2015-02-25,42.2159538269043
2015-02-26,40.35892868041992
2015-02-27,40.38422393798828
2015-03-02,40.81937789916992
2015-03-03,41.608741760253906
2015-03-04,40.910457611083984
2015-03-05,40.758670806884766
2015-03-06,40.24253845214844
2015-03-09,38.97247314453125
2015-03-10,38.552494049072266
2015-03-11,39.235591888427734
2015-03-12,38.5879020690918
2015-03-13,38.57271957397461
2015-03-16,39.139461517333984
2015-03-17,39.179931640625
2015-03-18,39.98447799682617
2015-03-19,39.68593215942383
2015-03-20,39.93388748168945
2015-03-23,39.832672119140625
2015-03-24,40.308326721191406
2015-03-25,41.03189468383789
2015-03-26,40.44493865966797
2015-03-27,40.515785217285156
2015-03-30,41.846561431884766
2015-03-31,41.93259048461914
2015-04-01,41.897178649902344
2015-04-02,42.813045501708984
2015-04-06,42.61064147949219
2015-04-07,42.61064147949219
2015-04-08,42.1906623840332
2015-04-09,43.06604766845703
2015-04-10,42.83834457397461
2015-04-13,42.11982727050781
2015-04-14,42.80799102783203
2015-04-15,44.48792266845703
2015-04-16,44.13877868652344
2015-04-17,44.214683532714844
2015-04-20,43.81999206542969
2015-04-21,43.73902130126953
2015-04-22,44.16912841796875
2015-04-23,44.29563522338867
2015-04-24,43.814937591552734
2015-04-27,43.56193161010742
2015-04-28,44.260223388671875
2015-04-29,45.2368049621582
2015-04-30,45.510047912597656
2015-05-01,45.5302848815918
2015-05-04,45.383548736572266
2015-05-05,45.090065002441406
2015-05-06,44.842124938964844
2015-05-07,44.568878173828125
2015-05-08,45.97050857543945
2015-05-11,45.47462844848633
2015-05-12,46.52711868286133
2015-05-13,45.52996826171875
2015-05-14,45.9602165222168
2015-05-15,45.88426971435547
2015-05-18,45.317378997802734
2015-05-19,44.613800048828125
2015-05-20,44.56317901611328
2015-05-21,44.816261291503906
2015-05-22,44.75045394897461
2015-05-26,44.02157974243164
2015-05-27,44.3404655456543
2015-05-28,43.3483772277832
2015-05-29,43.05985641479492
2015-06-01,42.99406051635742
2015-06-02,43.05479431152344
2015-06-03,43.05479431152344
2015-06-04,42.50812530517578
2015-06-05,42.5435676574707
2015-06-08,42.53849792480469
2015-06-09,43.566017150878906
2015-06-10,43.41923904418945
2015-06-11,43.13071823120117
2015-06-12,42.68528366088867
2015-06-15,42.60430908203125
2015-06-16,42.84220504760742
2015-06-17,42.94343948364258
2015-06-18,41.784305572509766
2015-06-19,41.414798736572266
2015-06-22,41.59703063964844
2015-06-23,42.58911895751953
2015-06-24,42.487892150878906
2015-06-25,42.04246139526367
2015-06-26,41.50084686279297
2015-06-29,41.14146423339844
2015-06-30,41.17184066772461
2015-07-01,40.599876403808594
2015-07-02,40.57456588745117
2015-07-06,39.526790618896484
2015-07-07,39.72926330566406
2015-07-08,39.05605697631836
2015-07-09,39.24840545654297
2015-07-10,38.747291564941406
2015-07-13,39.293949127197266
2015-07-14,39.79507064819336
2015-07-15,38.63593673706055
2015-07-16,38.833335876464844
2015-07-17,38.084205627441406
2015-07-20,36.884578704833984
2015-07-21,37.20346450805664
2015-07-22,36.626434326171875
2015-07-23,38.60554885864258
2015-07-24,37.59828567504883
2015-07-27,38.34235763549805
2015-07-28,39.32939147949219
2015-07-29,39.359764099121094
2015-07-30,39.18766403198242
2015-07-31,38.899139404296875
2015-08-03,37.92728042602539
2015-08-04,37.805824279785156
2015-08-05,37.67927551269531
2015-08-06,38.37272644042969
2015-08-07,37.59828567504883
2015-08-10,38.81815719604492
2015-08-11,38.524566650390625
2015-08-12,39.84113693237305
2015-08-13,39.679100036621094
2015-08-14,39.61833953857422
2015-08-17,39.73480224609375
2015-08-18,39.31452560424805
2015-08-19,38.190364837646484
2015-08-20,37.57767105102539
2015-08-21,37.597923278808594
2015-08-24,35.91676712036133
2015-08-25,36.04336929321289
2015-08-26,37.64351272583008
2015-08-27,38.96511459350586
2015-08-28,39.349945068359375
2015-08-31,39.405662536621094
2015-09-01,38.21062088012695
2015-09-02,38.1751823425293
2015-09-03,38.013153076171875
2015-09-04,37.04597091674805
2015-09-08,37.886558532714844
2015-09-09,36.9143180847168
2015-09-10,36.96495056152344
2015-09-11,36.75733947753906
2015-09-14,36.44845962524414
2015-09-15,37.020652770996094
2015-09-16,37.74477005004883
2015-09-17,37.79540252685547
2015-09-18,37.339664459228516
2015-09-21,37.364990234375
2015-09-22,36.89406967163086
2015-09-23,36.50923156738281
2015-09-24,35.906654357910156
2015-09-25,35.45092010498047
2015-09-28,34.007755279541016
2015-09-29,32.94438171386719
2015-09-30,32.797550201416016
2015-10-01,32.77729034423828
2015-10-02,34.61033248901367
2015-10-05,36.018043518066406
2015-10-06,36.5244140625
2015-10-07,37.0510368347168
2015-10-08,37.987823486328125
2015-10-09,37.71943283081055
2015-10-12,37.66374588012695
2015-10-13,37.29409408569336
2015-10-14,37.78021240234375
2015-10-15,38.73725128173828
2015-10-16,38.706871032714844
2015-10-19,38.053653717041016
2015-10-20,38.387855529785156
2015-10-21,37.61310958862305
2015-10-22,34.595149993896484
2015-10-23,35.162288665771484
2015-10-26,34.03308868408203
2015-10-27,32.41269302368164
2015-10-28,32.422821044921875
2015-10-29,33.69381332397461
2015-10-30,33.455814361572266
2015-11-02,33.562156677246094
2015-11-03,33.14693832397461
2015-11-04,33.77483367919922
2015-11-05,34.174869537353516
2015-11-06,34.04825973510742
2015-11-09,33.77483367919922
2015-11-10,33.79002380371094
2015-11-11,32.234779357910156
2015-11-12,31.566062927246094
2015-11-13,31.561002731323242
2015-11-16,32.16386032104492
2015-11-17,30.866966247558594
2015-11-18,30.730186462402344
2015-11-19,30.172929763793945
2015-11-20,29.79297637939453
2015-11-23,29.889230728149414
2015-11-24,30.15266227722168
2015-11-25,29.478883743286133
2015-11-27,29.083744049072266
2015-11-30,28.98748779296875
2015-12-01,29.0533447265625
2015-12-02,27.579145431518555
2015-12-03,27.209333419799805
2015-12-04,27.670333862304688
2015-12-07,26.890174865722656
2015-12-08,26.535558700561523
2015-12-09,26.216402053833008
2015-12-10,26.51022720336914
2015-12-11,25.436237335205078
2015-12-14,24.352123260498047
2015-12-15,24.468639373779297
2015-12-16,24.423053741455078
2015-12-17,24.190013885498047
2015-12-18,24.782733917236328
2015-12-21,25.106950759887695
2015-12-22,24.66621208190918
2015-12-23,26.287324905395508
2015-12-24,26.312652587890625
2015-12-28,26.363313674926758
2015-12-29,26.839515686035156
2015-12-30,26.044160842895508
2015-12-31,26.408906936645508
2016-01-04,26.925640106201172
2016-01-05,26.64701271057129
2016-01-06,25.091754913330078
2016-01-07,26.27719497680664
2016-01-08,27.584213256835938
2016-01-11,26.621681213378906
2016-01-12,25.866849899291992
2016-01-13,25.917509078979492
2016-01-14,26.363313674926758
2016-01-15,26.596342086791992
2016-01-19,26.991497039794922
2016-01-20,28.090808868408203
2016-01-21,28.1921329498291
2016-01-22,29.40290069580078
2016-01-25,28.51128578186035
2016-01-26,31.034141540527344
2016-01-27,30.380630493164062
2016-01-28,30.370498657226562
2016-01-29,31.277307510375977
2016-02-01,30.335033416748047
2016-02-02,29.4383602142334
2016-02-03,30.856828689575195
2016-02-04,30.274246215820312
2016-02-05,30.284372329711914
2016-02-08,30.279312133789062
2016-02-09,28.860841751098633
2016-02-10,29.777782440185547
2016-02-11,28.94189453125
2016-02-12,29.9606876373291
2016-02-16,30.57399559020996
2016-02-17,31.628263473510742
2016-02-18,30.878110885620117
2016-02-19,29.84917640686035
2016-02-22,30.528377532958984
2016-02-23,28.13090705871582
2016-02-24,28.97230339050293
2016-02-25,28.475582122802734
2016-02-26,28.779699325561523
2016-02-29,28.252561569213867
2016-03-01,29.306833267211914
2016-03-02,29.87959098815918
2016-03-03,30.249605178833008
2016-03-04,28.556676864624023
2016-03-07,31.151823043823242
2016-03-08,29.37779998779297
2016-03-09,29.347387313842773
2016-03-10,30.406726837158203
2016-03-11,31.025094985961914
2016-03-14,30.7665958404541
2016-03-15,31.71950912475586
2016-03-16,32.804195404052734
2016-03-17,32.72309494018555
2016-03-18,33.321189880371094
2016-03-21,32.09965133666992
2016-03-22,32.30239486694336
2016-03-23,31.95773696899414
2016-03-24,32.72309494018555
2016-03-28,33.11338806152344
2016-03-29,33.691192626953125
2016-03-30,33.62024688720703
2016-03-31,34.09162902832031
2016-04-01,33.828060150146484
2016-04-04,33.51887512207031
2016-04-05,32.65721130371094
2016-04-06,32.66734313964844
2016-04-07,33.011993408203125
2016-04-08,34.05107498168945
2016-04-11,33.103240966796875
2016-04-12,34.973575592041016
2016-04-13,34.55794143676758
2016-04-14,33.98518371582031
2016-04-15,33.6405143737793
2016-04-18,34.24875259399414
2016-04-19,34.8722038269043
2016-04-20,34.67451858520508
2016-04-21,33.90408706665039
2016-04-22,34.704933166503906
2016-04-25,34.69478225708008
2016-04-26,35.130699157714844
2016-04-27,36.7171745300293
2016-04-28,35.510833740234375
2016-04-29,35.53110885620117
2016-05-02,35.08000946044922
2016-05-03,34.48190689086914
2016-05-04,34.563011169433594
2016-05-05,35.25740432739258
2016-05-06,35.24220657348633
2016-05-09,35.32330322265625
2016-05-10,36.078521728515625
2016-05-11,35.617088317871094
2016-05-12,35.81992721557617
2016-05-13,35.51567459106445
2016-05-16,35.41932678222656
2016-05-17,36.489253997802734
2016-05-18,35.64243698120117
2016-05-19,35.15058517456055
2016-05-20,35.21650314331055
2016-05-23,35.07450485229492
2016-05-24,35.617088317871094
2016-05-25,36.26107406616211
2016-05-26,37.07746887207031
2016-05-27,37.09776306152344
2016-05-31,37.14340591430664
2016-06-01,37.14340591430664
2016-06-02,37.41720962524414
2016-06-03,37.376644134521484
2016-06-06,37.56426239013672
2016-06-07,38.14739990234375
2016-06-08,38.06120681762695
2016-06-09,39.50637435913086
2016-06-10,38.28938674926758
2016-06-13,38.00542068481445
2016-06-14,37.878658294677734
2016-06-15,37.91414260864258
2016-06-16,37.929359436035156
2016-06-17,39.05507278442383
2016-06-20,39.51144027709961
2016-06-21,39.896820068359375
2016-06-22,39.780189514160156
2016-06-23,39.9373779296875
2016-06-24,38.88266372680664
2016-06-27,38.553062438964844
2016-06-28,40.16557312011719
2016-06-29,39.02463912963867
2016-06-30,39.26298141479492
2016-07-01,40.22642517089844
2016-07-05,39.18184280395508
2016-07-06,39.23761749267578
2016-07-07,38.9587287902832
2016-07-08,39.38972091674805
2016-07-11,39.019569396972656
2016-07-12,39.75990295410156
2016-07-13,38.60377502441406
2016-07-14,38.39080047607422
2016-07-15,38.31474304199219
2016-07-18,38.269107818603516
2016-07-19,38.14739990234375
2016-07-20,38.07135772705078
2016-07-21,37.93950653076172
2016-07-22,38.06120681762695
2016-07-25,37.45777130126953
2016-07-26,37.508487701416016
2016-07-27,37.26001739501953
2016-07-28,37.478065490722656
2016-07-29,36.94562911987305
2016-08-01,35.840206146240234
2016-08-02,35.69315719604492
2016-08-03,36.271217346191406
2016-08-04,35.75905990600586
2016-08-05,35.45989990234375
2016-08-08,35.4091911315918
2016-08-09,34.917327880859375
2016-08-10,34.62308120727539
2016-08-11,34.653533935546875
2016-08-12,34.65859603881836
2016-08-15,34.62815856933594
2016-08-16,35.13039016723633
2016-08-17,34.978187561035156
2016-08-18,36.15005111694336
2016-08-19,36.19063949584961
2016-08-22,36.327613830566406
2016-08-23,36.57619094848633
2016-08-24,36.459510803222656
2016-08-25,36.30731201171875
2016-08-26,36.36312484741211
2016-08-29,36.83491134643555
2016-08-30,36.657352447509766
2016-08-31,36.271812438964844
2016-09-01,36.3935546875
2016-09-02,36.434139251708984
2016-09-06,36.855201721191406
2016-09-07,36.74359130859375
2016-09-08,37.34727478027344
2016-09-09,36.799400329589844
2016-09-12,37.51976013183594
2016-09-13,36.20585632324219
2016-09-14,35.82539367675781
2016-09-15,36.24137496948242
2016-09-16,35.76959228515625
2016-09-19,36.13484191894531
2016-09-20,36.9109992980957
2016-09-21,37.621219635009766
2016-09-22,37.71253967285156
2016-09-23,37.36756896972656
2016-09-26,36.87042236328125
2016-09-27,34.82093811035156
2016-09-28,35.65290451049805
2016-09-29,35.28257369995117
2016-09-30,36.83997344970703
2016-10-03,37.36249923706055
2016-10-04,36.74359130859375
2016-10-05,36.96681213378906
2016-10-06,36.961727142333984
2016-10-07,36.703006744384766
2016-10-10,37.007389068603516
2016-10-11,36.04353332519531
2016-10-12,35.688411712646484
2016-10-13,35.69856643676758
2016-10-14,34.222328186035156
2016-10-17,33.441078186035156
2016-10-18,33.28382110595703
2016-10-19,33.47152328491211
2016-10-20,33.141788482666016
2016-10-21,32.64463424682617
2016-10-24,32.70043182373047
2016-10-25,32.93378829956055
2016-10-26,32.64970016479492
2016-10-27,33.69473648071289
2016-10-28,33.48674392700195
2016-10-31,33.48166275024414
2016-11-01,32.98959732055664
2016-11-02,32.53810119628906
2016-11-03,32.34532165527344
2016-11-04,32.132259368896484
2016-11-07,33.3548469543457
2016-11-08,32.46159362792969
2016-11-09,33.349769592285156
2016-11-10,33.37514114379883
2016-11-11,33.34469223022461
2016-11-14,34.21257019042969
2016-11-15,34.907875061035156
2016-11-16,34.75563049316406
2016-11-17,33.95372009277344
2016-11-18,34.075538635253906
2016-11-21,35.68948745727539
2016-11-22,35.28853225708008
2016-11-23,36.131046295166016
2016-11-25,35.59812545776367
2016-11-28,35.62858200073242
2016-11-29,36.01938247680664
2016-11-30,35.56767272949219
2016-12-01,36.52691650390625
2016-12-02,36.12594985961914
2016-12-05,36.96337127685547
2016-12-06,36.75529861450195
2016-12-07,37.2171516418457
2016-12-08,37.755123138427734
2016-12-09,37.9124641418457
2016-12-12,35.47631072998047
2016-12-13,35.97877502441406
2016-12-14,34.8165283203125
2016-12-15,34.12120819091797
2016-12-16,33.02494430541992
2016-12-19,33.38530731201172
2016-12-20,33.31932067871094
2016-12-21,34.034942626953125
2016-12-22,33.811622619628906
2016-12-23,33.6999626159668
2016-12-27,34.045082092285156
2016-12-28,33.623844146728516
2016-12-29,33.30409622192383
2016-12-30,33.19243621826172
2017-01-03,32.51742172241211
2017-01-04,33.085845947265625
2017-01-05,33.425907135009766
2017-01-06,33.15690612792969
2017-01-09,32.060646057128906
2017-01-10,32.14691925048828
2017-01-11,31.817028045654297
2017-01-12,31.94391441345215
2017-01-13,31.542972564697266
2017-01-17,31.522668838500977
2017-01-18,31.735816955566406
2017-01-19,31.715524673461914
2017-01-20,31.903303146362305
2017-01-23,31.67998695373535
2017-01-24,32.49711990356445
2017-01-25,32.542789459228516
2017-01-26,33.12645721435547
2017-01-27,32.568172454833984
2017-01-30,31.421157836914062
2017-01-31,30.771516799926758
2017-02-01,30.84764862060547
2017-02-02,32.41592025756836
2017-02-03,33.02494430541992
2017-02-06,32.49204635620117
2017-02-07,31.614025115966797
2017-02-08,31.299360275268555
2017-02-09,32.35501480102539
2017-02-10,32.65953063964844
2017-02-13,31.735816955566406
2017-02-14,32.0809440612793
2017-02-15,32.5125617980957
2017-02-16,31.608726501464844
2017-02-17,31.517322540283203
2017-02-21,31.689960479736328
2017-02-22,30.74551010131836
2017-02-23,30.867372512817383
2017-02-24,30.435768127441406
2017-02-27,30.76581573486328
2017-02-28,30.410383224487305
2017-03-01,30.989238739013672
2017-03-02,30.841983795166016
2017-03-03,30.10572052001953
2017-03-06,30.51193618774414
2017-03-07,29.85183334350586
2017-03-08,29.43546485900879
2017-03-09,29.20188331604004
2017-03-10,28.983549118041992
2017-03-13,29.35421371459961
2017-03-14,29.11556625366211
2017-03-15,29.552248001098633
2017-03-16,29.222198486328125
2017-03-17,29.359298706054688
2017-03-20,29.486234664916992
2017-03-21,29.32883071899414
2017-03-22,28.821063995361328
2017-03-23,28.96323013305664
2017-03-24,29.095258712768555
2017-03-27,29.826446533203125
2017-03-28,30.293598175048828
2017-03-29,31.05524444580078
2017-03-30,30.811521530151367
2017-03-31,31.0247802734375
2017-04-03,30.923229217529297
2017-04-04,31.689960479736328
2017-04-05,31.593488693237305
2017-04-06,32.238365173339844
2017-04-07,31.98955535888672
2017-04-10,32.22312927246094
2017-04-11,32.29421615600586
2017-04-12,32.172340393066406
2017-04-13,31.796588897705078
2017-04-17,31.796588897705078
2017-04-18,31.776281356811523
2017-04-19,31.608726501464844
2017-04-20,32.12664031982422
2017-04-21,31.913387298583984
2017-04-24,31.827058792114258
2017-04-25,32.21296310424805
2017-04-26,32.441463470458984
2017-04-27,30.146339416503906
2017-04-28,29.52178192138672
2017-05-01,29.506547927856445
2017-05-02,29.988929748535156
2017-05-03,29.547170639038086
2017-05-04,28.562095642089844
2017-05-05,29.562402725219727
2017-05-08,29.008934020996094
2017-05-09,28.623031616210938
2017-05-10,28.99898338317871
2017-05-11,28.826248168945312
2017-05-12,28.86689567565918
2017-05-15,28.800844192504883
2017-05-16,28.53158187866211
2017-05-17,28.272483825683594
2017-05-18,28.1810359954834
2017-05-19,28.66367530822754
2017-05-22,28.709392547607422
2017-05-23,29.065027236938477
2017-05-24,28.750038146972656
2017-05-25,28.607786178588867
2017-05-26,28.800844192504883
2017-05-30,28.45029640197754
2017-05-31,28.07942771911621
2017-06-01,28.53666114807129
2017-06-02,27.835567474365234
2017-06-05,27.317363739013672
2017-06-06,27.418968200683594
2017-06-07,27.205598831176758
2017-06-08,27.886367797851562
2017-06-09,28.699235916137695
2017-06-12,28.856727600097656
2017-06-13,29.420654296875
2017-06-14,29.222522735595703
2017-06-15,29.313966751098633
2017-06-16,29.857561111450195
2017-06-19,27.185274124145508
2017-06-20,26.63150978088379
2017-06-21,25.823728561401367
2017-06-22,26.433372497558594
2017-06-23,28.546825408935547
2017-06-26,29.644187927246094
2017-06-27,29.603546142578125
2017-06-28,29.847408294677734
2017-06-29,29.97949981689453
2017-06-30,29.766122817993164
2017-07-03,30.355443954467773
2017-07-05,30.375774383544922
2017-07-06,29.974424362182617
2017-07-07,29.842327117919922
2017-07-10,30.431652069091797
2017-07-11,31.01081657409668
2017-07-12,31.107357025146484
2017-07-13,31.34613609313965
2017-07-14,31.43756866455078
2017-07-17,31.584909439086914
2017-07-18,31.066707611083984
2017-07-19,31.762727737426758
2017-07-20,31.47821807861328
2017-07-21,31.976097106933594
2017-07-24,32.04722213745117
2017-07-25,32.545101165771484
2017-07-26,32.49938201904297
2017-07-27,34.04890441894531
2017-07-28,33.581512451171875
2017-07-31,32.36220932006836
2017-08-01,32.479061126708984
2017-08-02,32.01165771484375
2017-08-03,31.559511184692383
2017-08-04,31.732234954833984
2017-08-07,31.325807571411133
2017-08-08,31.894817352294922
2017-08-09,31.874486923217773
2017-08-10,31.549182891845703
2017-08-11,31.986303329467773
2017-08-14,31.42211151123047
2017-08-15,31.030733108520508
2017-08-16,30.883333206176758
2017-08-17,31.030733108520508
2017-08-18,30.62410545349121
2017-08-21,30.588525772094727
2017-08-22,31.137470245361328
2017-08-23,31.025644302368164
2017-08-24,31.147640228271484
2017-08-25,31.03582191467285
2017-08-28,30.918909072875977
2017-08-29,31.096811294555664
2017-08-30,31.401779174804688
2017-08-31,31.68641471862793
2017-09-01,31.823654174804688
2017-09-05,31.864315032958984
2017-09-06,31.981220245361328
2017-09-07,31.56951141357422
2017-09-08,30.837583541870117
2017-09-11,30.995141983032227
2017-09-12,31.630504608154297
2017-09-13,32.07780075073242
2017-09-14,32.97237777709961
2017-09-15,32.967288970947266
2017-09-18,32.69281005859375
2017-09-19,32.59116744995117
2017-09-20,32.7843132019043
2017-09-21,32.4488410949707
2017-09-22,32.662322998046875
2017-09-25,32.758888244628906
2017-09-26,33.013038635253906
2017-09-27,33.18077087402344
2017-09-28,33.06893539428711
2017-09-29,33.160438537597656
2017-10-02,33.221435546875
2017-10-03,32.636898040771484
2017-10-04,32.636898040771484
2017-10-05,33.06386184692383
2017-10-06,32.33193588256836
2017-10-09,31.971054077148438
2017-10-10,31.960886001586914
2017-10-11,32.07270812988281
2017-10-12,32.27094650268555
2017-10-13,32.02696228027344
2017-10-16,31.798240661621094
2017-10-17,32.18453598022461
2017-10-18,31.991384506225586
2017-10-19,32.05238723754883
2017-10-20,32.199790954589844
2017-10-23,32.00663757324219
2017-10-24,32.55558776855469
2017-10-25,30.934152603149414
2017-10-26,30.532609939575195
2017-10-27,32.179447174072266
2017-10-30,31.488183975219727
2017-10-31,31.78807258605957
2017-11-01,31.544090270996094
2017-11-02,31.528852462768555
2017-11-03,31.910066604614258
2017-11-06,32.443756103515625
2017-11-07,32.14387893676758
2017-11-08,32.758888244628906
2017-11-09,33.5165901184082
2017-11-10,33.14537048339844
2017-11-13,32.84025955200195
2017-11-14,30.816349029541016
2017-11-15,30.26205825805664
2017-11-16,30.155263900756836
2017-11-17,30.01797103881836
2017-11-20,30.1705265045166
2017-11-21,29.65692138671875
2017-11-22,29.585725784301758
2017-11-24,29.316211700439453
2017-11-27,28.924650192260742
2017-11-28,28.91956329345703
2017-11-29,29.550132751464844
2017-11-30,30.30782699584961
2017-12-01,30.29256820678711
2017-12-04,30.333253860473633
2017-12-05,30.012887954711914
2017-12-06,29.077198028564453
2017-12-07,28.375446319580078
2017-12-08,28.670391082763672
2017-12-11,29.051780700683594
2017-12-12,28.47206687927246
2017-12-13,28.88905143737793
2017-12-14,28.48223304748535
2017-12-15,27.8211612701416
2017-12-18,28.136445999145508
2017-12-19,27.673688888549805
2017-12-20,27.571983337402344
2017-12-21,28.18221092224121
2017-12-22,27.85167121887207
2017-12-26,28.19746208190918
2017-12-27,28.136445999145508
2017-12-28,29.117889404296875
2017-12-29,28.944990158081055
2018-01-02,29.80947494506836
2018-01-03,29.967111587524414
2018-01-04,29.987457275390625
2018-01-05,29.397573471069336
2018-01-08,29.86541175842285
2018-01-09,29.850154876708984
2018-01-10,29.48910903930664
2018-01-11,29.850154876708984
2018-01-12,29.728113174438477
2018-01-16,29.555212020874023
2018-01-17,29.575557708740234
2018-01-18,29.06195068359375
2018-01-19,28.49240493774414
2018-01-22,29.067031860351562
2018-01-23,29.717937469482422
2018-01-24,29.88066864013672
2018-01-25,29.73828125
2018-01-26,29.870498657226562
2018-01-29,28.909393310546875
2018-01-30,27.7906436920166
2018-01-31,27.60757827758789
2018-02-01,27.11431312561035
2018-02-02,26.397300720214844
2018-02-05,25.0548095703125
2018-02-06,25.242963790893555
2018-02-07,24.23100471496582
2018-02-08,23.519071578979492
2018-02-09,23.2546443939209
2018-02-12,24.29202651977539
2018-02-13,24.103755950927734
2018-02-14,24.683835983276367
2018-02-15,27.14153289794922
2018-02-16,26.739547729492188
2018-02-20,26.154380798339844
2018-02-21,25.345327377319336
2018-02-22,25.8592529296875
2018-02-23,26.500389099121094
2018-02-26,26.714107513427734
2018-02-27,26.13912010192871
2018-02-28,25.599746704101562
2018-03-01,25.508153915405273
2018-03-02,25.604833602905273
2018-03-05,26.40371322631836
2018-03-06,26.368091583251953
2018-03-07,26.128934860229492
2018-03-08,25.986465454101562
2018-03-09,26.68357276916504
2018-03-12,26.56145477294922
2018-03-13,26.79552459716797
2018-03-14,26.688663482666016
2018-03-15,25.30461311340332
2018-03-16,25.670984268188477
2018-03-19,24.749988555908203
2018-03-20,24.683835983276367
2018-03-21,25.207944869995117
2018-03-22,24.816131591796875
2018-03-23,24.536270141601562
2018-03-26,24.872106552124023
2018-03-27,24.14446449279785
2018-03-28,23.706857681274414
2018-03-29,24.17499542236328
2018-04-02,23.42699432373047
2018-04-03,23.986726760864258
2018-04-04,23.823896408081055
2018-04-05,24.800865173339844
2018-04-06,23.864604949951172
2018-04-09,23.737388610839844
2018-04-10,24.719451904296875
2018-04-11,24.78560447692871
2018-04-12,24.59223747253418
2018-04-13,24.85683822631836
2018-04-16,24.93825340270996
2018-04-17,25.12651824951172
2018-04-18,25.004396438598633
2018-04-19,24.536270141601562
2018-04-20,24.098665237426758
2018-04-23,24.393795013427734
2018-04-24,23.737388610839844
2018-04-25,23.890043258666992
2018-04-26,25.920316696166992
2018-04-27,25.421655654907227
2018-04-30,25.538686752319336
2018-05-01,25.5539493560791
2018-05-02,25.33514404296875
2018-05-03,23.961280822753906
2018-05-04,24.744895935058594
2018-05-07,25.136701583862305
2018-05-08,25.716779708862305
2018-05-09,26.072967529296875
2018-05-10,26.296987533569336
2018-05-11,25.864221572875977
2018-05-14,26.317354202270508
2018-05-15,26.602466583251953
2018-05-16,27.264354705810547
2018-05-17,27.46291732788086
2018-05-18,26.80103302001953
2018-05-21,27.33053970336914
2018-05-22,26.75521469116211
2018-05-23,26.571922302246094
2018-05-24,25.879497528076172
2018-05-25,25.574012756347656
2018-05-29,25.18706512451172
2018-05-30,26.083147048950195
2018-05-31,26.240983963012695
2018-06-01,26.42936134338379
2018-06-04,25.726755142211914
2018-06-05,25.828580856323242
2018-06-06,26.317354202270508
2018-06-07,27.060691833496094
2018-06-08,27.045419692993164
2018-06-11,27.605472564697266
2018-06-12,28.257173538208008
2018-06-13,28.913957595825195
2018-06-14,28.59320068359375
2018-06-15,28.236804962158203
2018-06-18,28.4608211517334
2018-06-19,28.74085235595703
2018-06-20,28.90886688232422
2018-06-21,28.486284255981445
2018-06-22,27.33053970336914
2018-06-25,27.396724700927734
2018-06-26,28.028059005737305
2018-06-27,27.987329483032227
2018-06-28,28.633928298950195
2018-06-29,28.09424591064453
2018-07-02,27.72257423400879
2018-07-03,27.748029708862305
2018-07-05,27.987329483032227
2018-07-06,28.471010208129883
2018-07-09,28.964872360229492
2018-07-10,28.715391159057617
2018-07-11,28.41500473022461
2018-07-12,28.11970329284668
2018-07-13,28.267349243164062
2018-07-16,27.93641471862793
2018-07-17,27.9720516204834
2018-07-18,27.93641471862793
2018-07-19,28.35390281677246
2018-07-20,28.34881591796875
2018-07-23,27.956775665283203
2018-07-24,28.002605438232422
2018-07-25,28.221529006958008
2018-07-26,27.666568756103516
2018-07-27,25.380538940429688
2018-07-30,25.29907989501953
2018-07-31,25.293987274169922
2018-08-01,25.049602508544922
2018-08-02,25.197250366210938
2018-08-03,25.640201568603516
2018-08-06,25.71148109436035
2018-08-07,25.99150276184082
2018-08-08,25.74203109741211
2018-08-09,25.446552276611328
2018-08-10,25.375228881835938
2018-08-13,25.140888214111328
2018-08-14,25.65542221069336
2018-08-15,25.084850311279297
2018-08-16,25.39560890197754
2018-08-17,25.232585906982422
2018-08-20,25.47201919555664
2018-08-21,26.093542098999023
2018-08-22,26.322790145874023
2018-08-23,26.220901489257812
2018-08-24,26.05788230895996
2018-08-27,25.47201919555664
2018-08-28,25.4873104095459
2018-08-29,25.823537826538086
2018-08-30,26.134296417236328
2018-08-31,25.991653442382812
2018-09-04,25.115415573120117
2018-09-05,24.845417022705078
2018-09-06,23.897850036621094
2018-09-07,23.71954917907715
2018-09-10,23.418981552124023
2018-09-11,23.87238311767578
2018-09-12,24.030309677124023
2018-09-13,24.34615707397461
2018-09-14,24.223896026611328
2018-09-17,23.964075088500977
2018-09-18,23.704267501831055
2018-09-19,24.239181518554688
2018-09-20,24.702770233154297
2018-09-21,24.575410842895508
2018-09-24,23.83162498474121
2018-09-25,23.90804100036621
2018-09-26,22.63953399658203
2018-09-27,22.777084350585938
2018-09-28,22.532550811767578
2018-10-01,22.440853118896484
2018-10-02,22.507081985473633
2018-10-03,22.512176513671875
2018-10-04,22.532550811767578
2018-10-05,22.84330940246582
2018-10-08,23.28142738342285
2018-10-09,23.632946014404297
2018-10-10,23.25596046447754
2018-10-11,23.103126525878906
2018-10-12,23.128604888916016
2018-10-15,23.91823387145996
2018-10-16,24.228988647460938
2018-10-17,24.127103805541992
2018-10-18,23.780683517456055
2018-10-19,23.627845764160156
2018-10-22,22.63443946838379
2018-10-23,21.630842208862305
2018-10-24,20.611961364746094
2018-10-25,18.003625869750977
2018-10-26,16.582284927368164
2018-10-29,15.792654037475586
2018-10-30,16.74530601501465
2018-10-31,17.305696487426758
2018-11-01,17.7692813873291
2018-11-02,16.623046875
2018-11-05,18.00872039794922
2018-11-06,17.84060287475586
2018-11-07,17.40758514404297
2018-11-08,17.728530883789062
2018-11-09,18.288911819458008
2018-11-12,17.647024154663086
2018-11-13,17.369226455688477
2018-11-14,16.358516693115234
2018-11-15,16.096485137939453
2018-11-16,15.563056945800781
2018-11-19,16.002906799316406
2018-11-20,15.6654052734375
2018-11-21,16.677894592285156
2018-11-23,16.977886199951172
2018-11-26,17.512256622314453
2018-11-27,17.50288200378418
2018-11-28,17.877878189086914
2018-11-29,17.62474822998047
2018-11-30,17.540376663208008
2018-12-03,17.72787857055664
2018-12-04,17.109134674072266
2018-12-06,16.865392684936523
2018-12-07,17.259130477905273
2018-12-10,18.402868270874023
2018-12-11,19.012237548828125
2018-12-12,18.74036407470703
2018-12-13,18.927858352661133
2018-12-14,18.187240600585938
2018-12-17,17.709123611450195
2018-12-18,17.690378189086914
2018-12-19,17.709123611450195
2018-12-20,17.390380859375
2018-12-21,17.50288200378418
2018-12-24,16.49039077758789
2018-12-26,18.15912437438965
2018-12-27,18.59036636352539
2018-12-28,17.99036979675293
2018-12-31,17.709123611450195
2019-01-02,18.655986785888672
2019-01-03,18.11224365234375
2019-01-04,18.29974365234375
2019-01-07,18.505990982055664
2019-01-08,19.07785987854004
2019-01-09,18.712242126464844
2019-01-10,18.552865982055664
2019-01-11,19.09661102294922
2019-01-14,19.490352630615234
2019-01-15,19.64035415649414
2019-01-16,19.21847915649414
2019-01-17,19.649721145629883
2019-01-18,19.85597038269043
2019-01-22,18.74036407470703
2019-01-23,17.8591251373291
2019-01-24,17.709123611450195
2019-01-25,18.72161293029785
2019-01-28,18.140371322631836
2019-01-29,18.53411293029785
2019-01-30,18.609115600585938
2019-01-31,18.25286865234375
2019-02-01,18.43099021911621
2019-02-04,18.543493270874023
2019-02-05,17.896623611450195
2019-02-06,17.512256622314453
2019-02-07,16.724767684936523
2019-02-08,16.677894592285156
2019-02-11,17.23101043701172
2019-02-12,17.699750900268555
2019-02-13,18.00912094116211
2019-02-14,17.088947296142578
2019-02-15,17.774385452270508
2019-02-19,17.81194305419922
2019-02-20,18.16874885559082
2019-02-21,17.868282318115234
2019-02-22,18.13119125366211
2019-02-25,18.600662231445312
2019-02-26,17.87767219543457
2019-02-27,17.19223976135254
2019-02-28,17.013835906982422
2019-03-01,18.30019760131836
2019-03-04,18.61944580078125
2019-03-05,18.21569061279297
2019-03-06,17.699270248413086
2019-03-07,17.718046188354492
2019-03-08,17.23918342590332
2019-03-11,17.558427810668945
2019-03-12,18.450429916381836
2019-03-13,18.4410400390625
2019-03-14,18.647611618041992
2019-03-15,18.225082397460938
2019-03-18,18.81662940979004
2019-03-19,18.82600975036621
2019-03-20,19.558395385742188
2019-03-21,19.023195266723633
2019-03-22,18.31898307800293
2019-03-25,18.779062271118164
2019-03-26,18.901132583618164
2019-03-27,19.08892059326172
2019-03-28,19.389385223388672
2019-03-29,19.473892211914062
2019-04-01,19.295486450195312
2019-04-02,19.361217498779297
2019-04-03,18.872962951660156
2019-04-04,19.61473274230957
2019-04-05,20.29077911376953
2019-04-08,20.196884155273438
2019-04-09,19.652292251586914
2019-04-10,19.774356842041016
2019-04-11,19.680456161499023
2019-04-12,20.027873992919922
2019-04-15,20.262611389160156
2019-04-16,20.403457641601562
2019-04-17,19.96214485168457
2019-04-18,19.192203521728516
2019-04-22,19.764965057373047
2019-04-23,19.727405548095703
2019-04-24,19.483278274536133
2019-04-25,18.929298400878906
2019-04-26,19.70862579345703
2019-04-29,19.78374671936035
2019-04-30,19.201595306396484
2019-05-01,18.85417938232422
2019-05-02,18.516159057617188
2019-05-03,19.135862350463867
2019-05-06,19.117088317871094
2019-05-07,19.426942825317383
2019-05-08,19.192203521728516
2019-05-09,19.201595306396484
2019-05-10,19.764965057373047
2019-05-13,19.586565017700195
2019-05-14,19.80283546447754
2019-05-15,20.254182815551758
2019-05-16,19.765222549438477
2019-05-17,19.567758560180664
2019-05-20,19.64298439025879
2019-05-21,20.1695556640625
2019-05-22,18.759096145629883
2019-05-23,18.401779174804688
2019-05-24,18.2701358795166
2019-05-28,17.752965927124023
2019-05-29,17.555505752563477
2019-05-30,17.169981002807617
2019-05-31,17.207592010498047
2019-06-03,17.32042694091797
2019-06-04,17.452070236206055
2019-06-05,16.765647888183594
2019-06-06,16.981918334960938
2019-06-07,16.634008407592773
2019-06-10,16.276689529418945
2019-06-11,15.66549015045166
2019-06-12,14.828619003295898
2019-06-13,15.167126655578613
2019-06-14,14.866230964660645
2019-06-17,14.903844833374023
2019-06-18,15.007275581359863
2019-06-19,14.255032539367676
2019-06-20,14.621750831604004
2019-06-21,14.320852279663086
2019-06-24,14.461899757385254
2019-06-25,13.530997276306152
2019-06-26,13.907118797302246
2019-06-27,13.568609237670898
2019-06-28,14.866230964660645
2019-07-01,15.110711097717285
2019-07-02,14.1798095703125
2019-07-03,14.161003112792969
2019-07-05,14.546527862548828
2019-07-08,14.1798095703125
2019-07-09,14.72518539428711
2019-07-10,14.988471031188965
2019-07-11,14.452498435974121
2019-07-12,14.875635147094727
2019-07-15,14.687572479248047
2019-07-16,14.217419624328613
2019-07-17,14.066972732543945
2019-07-18,14.33966064453125
2019-07-19,14.527719497680664
2019-07-22,14.602945327758789
2019-07-23,14.734588623046875
2019-07-24,14.969664573669434
2019-07-25,13.935328483581543
2019-07-26,13.455772399902344
2019-07-29,12.83517074584961
2019-07-30,13.8695068359375
2019-07-31,14.208017349243164
2019-08-01,12.900992393493652
2019-08-02,12.553080558776855
2019-08-05,12.289793014526367
2019-08-06,11.791431427001953
2019-08-07,11.66919231414795
2019-08-08,11.885986328125
2019-08-09,11.395844459533691
2019-08-12,11.471250534057617
2019-08-13,11.59378719329834
2019-08-14,11.131916999816895
2019-08-15,11.094216346740723
2019-08-16,11.65034008026123
2019-08-19,11.87656021118164
2019-08-20,11.584358215332031
2019-08-21,11.179048538208008
2019-08-22,10.698331832885742
2019-08-23,9.755745887756348
2019-08-26,9.670913696289062
2019-08-27,9.256175994873047
2019-08-28,9.604931831359863
2019-08-29,10.132781028747559
2019-08-30,9.586081504821777
2019-09-03,9.444693565368652
2019-09-04,9.972539901733398
2019-09-05,10.27416706085205
2019-09-06,10.066798210144043
2019-09-09,11.075364112854004
2019-09-10,11.131916999816895
2019-09-11,11.622062683105469
2019-09-12,11.584358215332031
2019-09-13,11.461822509765625
2019-09-16,11.461822509765625
2019-09-17,11.72574520111084
2019-09-18,11.546656608581543
2019-09-19,10.849143028259277
2019-09-20,10.802014350891113
2019-09-23,10.830292701721191
2019-09-24,10.632349014282227
2019-09-25,10.528665542602539
2019-09-26,10.27416706085205
2019-09-27,10.585221290588379
2019-09-30,10.029093742370605
2019-10-01,9.614358901977539
2019-10-02,9.4918212890625
2019-10-03,9.124213218688965
2019-10-04,9.331583023071289
2019-10-07,9.2090482711792
2019-10-08,8.7283296585083
2019-10-09,8.794310569763184
2019-10-10,8.879140853881836
2019-10-11,9.105363845825195
2019-10-14,8.945123672485352
2019-10-15,9.086512565612793
2019-10-16,9.01110553741455
2019-10-17,9.37871265411377
2019-10-18,9.152491569519043
2019-10-21,9.001679420471191
2019-10-22,8.916845321655273
2019-10-23,9.067660331726074
2019-10-24,8.7283296585083
2019-10-25,8.945123672485352
2019-10-28,8.879140853881836
2019-10-29,9.71804428100586
2019-10-30,9.331583023071289
2019-10-31,10.123353958129883
2019-11-01,9.953689575195312
2019-11-04,10.472108840942383
2019-11-05,10.245891571044922
2019-11-06,10.151631355285645
2019-11-07,10.454102516174316
2019-11-08,10.95506477355957
2019-11-11,9.962587356567383
2019-11-12,9.877518653869629
2019-11-13,9.820804595947266
2019-11-14,9.74518871307373
2019-11-15,9.782997131347656
2019-11-18,9.13079833984375
2019-11-19,8.45969295501709
2019-11-20,8.34626579284668
2019-11-21,8.195032119750977
2019-11-22,8.563666343688965
2019-11-25,8.592020988464355
2019-11-26,8.327361106872559
2019-11-27,8.563666343688965
2019-11-29,8.251744270324707
2019-12-02,7.97763204574585
2019-12-03,8.015439987182617
2019-12-04,8.270648956298828
2019-12-05,8.138319969177246
2019-12-06,8.299005508422852
2019-12-09,8.384076118469238
2019-12-10,8.592020988464355
2019-12-11,8.365172386169434
2019-12-12,8.941752433776855
2019-12-13,8.790518760681152
2019-12-16,9.196962356567383
2019-12-17,9.282031059265137
2019-12-18,9.584501266479492
2019-12-19,10.085465431213379
2019-12-20,9.962587356567383
2019-12-23,10.283961296081543
2019-12-24,10.217796325683594
2019-12-26,10.1043701171875
2019-12-27,9.877518653869629
2019-12-30,10.057109832763672
2019-12-31,10.302865982055664
2020-01-02,9.792448997497559
2020-01-03,9.773544311523438
2020-01-06,9.886971473693848
2020-01-07,9.726284980773926
2020-01-08,8.629831314086914
2020-01-09,8.516406059265137
2020-01-10,8.355718612670898
2020-01-13,7.911468029022217
2020-01-14,8.138319969177246
2020-01-15,7.996535778045654
2020-01-16,8.081605911254883
2020-01-17,7.788588047027588
2020-01-21,7.259266376495361
2020-01-22,6.994606971740723
2020-01-23,6.729945659637451
2020-01-24,6.285693645477295
2020-01-27,6.228980541229248
2020-01-28,6.314050197601318
2020-01-29,5.756371974945068
2020-01-30,5.850893497467041
2020-01-31,5.718563079833984
2020-02-03,5.576781749725342
2020-02-04,5.406641960144043
2020-02-05,5.671302795410156
2020-02-06,5.1419806480407715
2020-02-07,5.009650230407715
2020-02-10,4.83005952835083
2020-02-11,4.848963737487793
2020-02-12,4.99074649810791
2020-02-13,5.142845153808594
2020-02-14,5.02877140045166
2020-02-18,5.399510860443115
2020-02-19,5.6181535720825195
2020-02-20,5.713216304779053
2020-02-21,5.523092269897461
2020-02-24,5.2379069328308105
2020-02-25,4.905190467834473
2020-02-26,4.715066909790039
2020-02-27,5.114326000213623
2020-02-28,5.580129623413086
2020-03-02,5.779758453369141
2020-03-03,5.846303462982178
2020-03-04,5.808277606964111
2020-03-05,6.036426544189453
2020-03-06,6.074450969696045
2020-03-09,6.711365222930908
2020-03-10,6.711365222930908
2020-03-11,6.54025411605835
2020-03-12,6.597290992736816
2020-03-13,9.059392929077148
2020-03-16,8.260873794555664
2020-03-17,8.945318222045898
2020-03-18,8.260873794555664
2020-03-19,7.680994987487793
2020-03-20,7.08210563659668
2020-03-23,5.760746479034424
2020-03-24,6.891982078552246
2020-03-25,7.34827995300293
2020-03-26,6.616302967071533
2020-03-27,6.559266090393066
2020-03-30,6.635315418243408
2020-03-31,6.720872402191162
2020-04-01,6.939513206481934
2020-04-02,7.500378608703613
2020-04-03,8.336923599243164
2020-04-06,9.278034210205078
2020-04-07,10.219146728515625
2020-04-08,10.304701805114746
2020-04-09,10.285690307617188
2020-04-13,11.816186904907227
2020-04-14,12.22495174407959
2020-04-15,12.405570030212402
2020-04-16,12.177420616149902
2020-04-17,12.709766387939453
2020-04-20,14.79162311553955
2020-04-21,14.801127433776855
2020-04-22,13.546310424804688
2020-04-23,11.882729530334473
2020-04-24,12.728779792785645
2020-04-27,13.109025955200195
2020-04-28,12.728779792785645
2020-04-29,13.394211769104004
2020-04-30,13.869522094726562
2020-05-01,13.660383224487305
2020-05-04,14.069151878356934
2020-05-05,13.622361183166504
2020-05-06,12.956926345825195
2020-05-07,12.94742202758789
2020-05-08,13.299148559570312
2020-05-11,12.519641876220703
2020-05-12,12.034826278686523
2020-05-13,11.825690269470215
2020-05-14,11.920754432678223
2020-05-15,12.110876083374023
2020-05-18,12.243962287902832
2020-05-19,12.167914390563965
2020-05-20,12.671741485595703
2020-05-21,12.519641876220703
2020-05-22,13.061493873596191
2020-05-26,14.02161979675293
2020-05-27,13.47026252746582
2020-05-28,12.709766387939453
2020-05-29,12.68124771118164
2020-06-01,12.234457015991211
2020-06-02,12.728779792785645
2020-06-03,13.185074806213379
2020-06-04,13.593842506408691
2020-06-05,14.287792205810547
2020-06-08,16.055940628051758
2020-06-09,15.428534507751465
2020-06-10,14.420879364013672
2020-06-11,13.94556999206543
2020-06-12,14.078656196594238
2020-06-15,13.679398536682129
2020-06-16,13.384705543518066
2020-06-17,13.327670097351074
2020-06-18,13.004459381103516
2020-06-19,12.281988143920898
2020-06-22,11.740133285522461
2020-06-23,11.645074844360352
2020-06-24,11.397912979125977
2020-06-25,10.818037033081055
2020-06-26,10.12408447265625
2020-06-29,10.513839721679688
2020-06-30,11.312356948852539
2020-07-01,10.87507438659668
2020-07-02,12.044334411621094
2020-07-06,12.928409576416016
2020-07-07,13.375198364257812
2020-07-08,12.652729988098145
2020-07-09,12.519641876220703
2020-07-10,12.37704849243164
2020-07-13,11.873221397399902
2020-07-14,11.987295150756836
2020-07-15,12.120384216308594
2020-07-16,12.034826278686523
2020-07-17,11.863715171813965
2020-07-20,11.759147644042969
2020-07-21,12.700261116027832
2020-07-22,12.386556625366211
2020-07-23,13.527297973632812
2020-07-24,13.47026252746582
2020-07-27,12.747791290283203
2020-07-28,13.137543678283691
2020-07-29,13.774456977844238
2020-07-30,13.53680419921875
2020-07-31,13.802978515625
2020-08-03,14.915202140808105
2020-08-04,15.190879821777344
2020-08-05,15.552115440368652
2020-08-06,15.533102035522461
2020-08-07,16.32211685180664
2020-08-10,16.312610626220703
2020-08-11,15.428534507751465
2020-08-12,15.561619758605957
2020-08-13,15.200386047363281
2020-08-14,16.122486114501953
2020-08-17,16.26507568359375
2020-08-18,15.713719367980957
2020-08-19,15.808780670166016
2020-08-20,15.07680606842041
2020-08-21,15.247917175292969
2020-08-24,15.571128845214844
2020-08-25,15.561619758605957
2020-08-26,14.905694961547852
2020-08-27,15.352486610412598
2020-08-28,15.228904724121094
2020-08-31,15.086312294006348
2020-09-01,14.829647064208984
2020-09-02,14.316313743591309
2020-09-03,14.534953117370605
2020-09-04,14.601494789123535
2020-09-08,13.783964157104492
2020-09-09,14.040634155273438
2020-09-10,13.375198364257812
2020-09-11,13.337173461914062
2020-09-14,13.527297973632812
2020-09-15,13.546310424804688
2020-09-16,14.031126022338867
2020-09-17,13.860013961791992
2020-09-18,14.39236068725586
2020-09-21,14.687052726745605
2020-09-22,13.983595848083496
2020-09-23,13.679398536682129
2020-09-24,13.76495361328125
2020-09-25,13.185074806213379
2020-09-28,13.299148559570312
2020-09-29,12.205939292907715
2020-09-30,12.291495323181152
2020-10-01,12.053841590881348
2020-10-02,12.101369857788086
2020-10-05,13.01396369934082
2020-10-06,12.79532241821289
2020-10-07,13.432235717773438
2020-10-08,13.783964157104492
2020-10-09,13.964581489562988
2020-10-12,14.639521598815918
2020-10-13,14.496929168701172
2020-10-14,14.116680145263672
2020-10-15,14.35433578491211
2020-10-16,13.983595848083496
2020-10-19,13.936063766479492
2020-10-20,14.287792205810547
2020-10-21,14.09766960144043
2020-10-22,15.019768714904785
2020-10-23,15.352486610412598
2020-10-26,14.858163833618164
2020-10-27,15.361989974975586
2020-10-28,15.000757217407227
2020-10-29,14.801127433776855
2020-10-30,14.39236068725586
2020-11-02,14.70606517791748
2020-11-03,14.126187324523926
2020-11-04,13.498780250549316
2020-11-05,13.555816650390625
2020-11-06,13.451248168945312
2020-11-09,12.823840141296387
2020-11-10,13.413223266601562
2020-11-11,13.964581489562988
2020-11-12,13.802978515625
2020-11-13,14.477916717529297
2020-11-16,13.926559448242188
2020-11-17,13.717422485351562
2020-11-18,13.688904762268066
2020-11-19,14.249768257141113
2020-11-20,13.993101119995117
2020-11-23,14.649027824401855
2020-11-24,15.181373596191406
2020-11-25,14.639521598815918
2020-11-27,14.496929168701172
2020-11-30,14.145200729370117
2020-12-01,13.76495361328125
2020-12-02,13.774456977844238
2020-12-03,12.823840141296387
2020-12-04,13.53680419921875
2020-12-07,13.194581985473633
2020-12-08,12.728779792785645
2020-12-09,13.261124610900879
2020-12-10,13.936063766479492
2020-12-11,13.261124610900879
2020-12-14,13.194581985473633
2020-12-15,13.565324783325195
2020-12-16,12.93791389465332
2020-12-17,12.842853546142578
2020-12-18,12.852359771728516
2020-12-21,12.785815238952637
2020-12-22,12.624212265014648
2020-12-23,13.489273071289062
2020-12-24,13.223101615905762
2020-12-28,11.987295150756836
2020-12-29,11.844704627990723
2020-12-30,12.339022636413574
2020-12-31,12.082357406616211
2021-01-04,12.747791290283203
2021-01-05,13.346680641174316
2021-01-06,14.221250534057617
2021-01-07,14.202237129211426
2021-01-08,13.802978515625
2021-01-11,14.46841049194336
2021-01-12,15.66618824005127
2021-01-13,16.341127395629883
2021-01-14,17.016069412231445
2021-01-15,17.586437225341797
2021-01-19,16.18902587890625
2021-01-20,15.38100528717041
2021-01-21,15.200386047363281
2021-01-22,15.580632209777832
2021-01-25,15.6566801071167
2021-01-26,15.181373596191406
2021-01-27,15.742240905761719
2021-01-28,15.628165245056152
2021-01-29,15.504584312438965
2021-02-01,16.17001724243164
2021-02-02,15.751744270324707
2021-02-03,16.407672882080078
2021-02-04,16.151002883911133
2021-02-05,15.922855377197266
2021-02-08,16.236560821533203
2021-02-09,15.637670516967773
2021-02-10,15.941869735717773
2021-02-11,15.998908042907715
2021-02-12,16.78791618347168
2021-02-16,16.978044509887695
2021-02-17,18.223352432250977
2021-02-18,17.39631462097168
2021-02-19,17.47236442565918
2021-02-22,16.816436767578125
2021-02-23,16.778413772583008
2021-02-24,17.691007614135742
2021-02-25,17.253721237182617
2021-02-26,16.9114990234375
2021-03-01,17.52940559387207
2021-03-02,17.52940559387207
2021-03-03,17.51038932800293
2021-03-04,17.40582275390625
2021-03-05,17.092119216918945
2021-03-08,16.512239456176758
2021-03-09,16.844955444335938
2021-03-10,17.84310531616211
2021-03-11,18.480018615722656
2021-03-12,17.824094772338867
2021-03-15,17.757551193237305
2021-03-16,17.719524383544922
2021-03-17,17.919157028198242
2021-03-18,16.730884552001953
2021-03-19,17.557918548583984
2021-03-22,17.557918548583984
2021-03-23,17.054096221923828
2021-03-24,16.673847198486328
2021-03-25,17.6719913482666
2021-03-26,18.736684799194336
2021-03-29,18.31841278076172
2021-03-30,17.32977294921875
2021-03-31,17.662485122680664
2021-04-01,18.023723602294922
2021-04-05,17.206188201904297
2021-04-06,17.538909912109375
2021-04-07,17.168169021606445
2021-04-08,16.844955444335938
2021-04-09,16.341127395629883
2021-04-12,15.970386505126953
2021-04-13,16.03693199157715
2021-04-14,16.749893188476562
2021-04-15,16.797426223754883
2021-04-16,16.683349609375
2021-04-19,16.65483283996582
2021-04-20,16.521747589111328
2021-04-21,16.521747589111328
2021-04-22,16.854463577270508
2021-04-23,16.844955444335938
2021-04-26,17.41533088684082
2021-04-27,17.719524383544922
2021-04-28,18.57508659362793
2021-04-29,18.37544822692871
2021-04-30,18.156810760498047
2021-05-03,18.77471160888672
2021-05-04,18.926809310913086
2021-05-05,19.18347930908203
2021-05-06,17.50088119506836
2021-05-07,19.668296813964844
2021-05-10,19.91545295715332
2021-05-11,19.89644432067871
2021-05-12,19.839405059814453
2021-05-13,19.145448684692383
2021-05-14,20.33372688293457
2021-05-17,21.987802505493164
2021-05-18,21.59804344177246
2021-05-19,21.25582504272461
2021-05-20,20.92310905456543
2021-05-21,21.27483558654785
2021-05-24,20.343231201171875
2021-05-25,19.60175132751465
2021-05-26,20.181625366210938
2021-05-27,19.73483657836914
2021-05-28,19.848905563354492
2021-06-01,20.694963455200195
2021-06-02,20.65693473815918
2021-06-03,20.352739334106445
2021-06-04,20.390764236450195
2021-06-07,20.761507034301758
2021-06-08,21.3889102935791
2021-06-09,21.293851852416992
2021-06-10,21.41743278503418
2021-06-11,21.883230209350586
2021-06-14,21.293851852416992
2021-06-15,20.77100944519043
2021-06-16,20.229156494140625
2021-06-17,19.478168487548828
2021-06-18,18.38495635986328
2021-06-21,19.402118682861328
2021-06-22,19.345083236694336
2021-06-23,19.649282455444336
2021-06-24,20.343231201171875
2021-06-25,20.942121505737305
2021-06-28,20.31471061706543
2021-06-29,20.11508560180664
2021-06-30,21.1607666015625
2021-07-01,21.046688079833984
2021-07-02,20.542861938476562
2021-07-06,19.65878677368164
2021-07-07,19.535202026367188
2021-07-08,20.286191940307617
2021-07-09,20.637924194335938
2021-07-12,20.343231201171875
2021-07-13,20.33372688293457
2021-07-14,19.497180938720703
2021-07-15,18.974342346191406
2021-07-16,18.01421546936035
2021-07-19,17.871625900268555
2021-07-20,18.52754783630371
2021-07-21,19.459152221679688
2021-07-22,19.43063735961914
2021-07-23,19.221500396728516
2021-07-26,19.839405059814453
2021-07-27,19.316564559936523
2021-07-28,19.72532844543457
2021-07-29,17.767059326171875
2021-07-30,17.481870651245117
2021-08-02,16.65483283996582
2021-08-03,17.006561279296875
2021-08-04,17.301254272460938
2021-08-05,17.2156982421875
2021-08-06,17.633968353271484
2021-08-09,18.194833755493164
2021-08-10,18.413476943969727
2021-08-11,18.223352432250977
2021-08-12,17.814586639404297
2021-08-13,17.054096221923828
2021-08-16,16.502735137939453
2021-08-17,16.18902587890625
2021-08-18,15.609151840209961
2021-08-19,15.447548866271973
2021-08-20,15.390509605407715
2021-08-23,15.742240905761719
2021-08-24,15.770761489868164
2021-08-25,16.597793579101562
2021-08-26,16.49323081970215
2021-08-27,17.700511932373047
2021-08-30,17.2156982421875
2021-08-31,17.424833297729492
2021-09-01,17.824094772338867
2021-09-02,18.85076332092285
2021-09-03,19.516199111938477
2021-09-07,19.316564559936523
2021-09-08,19.459152221679688
2021-09-09,18.8887882232666
2021-09-10,18.441993713378906
2021-09-13,18.983844757080078
2021-09-14,18.56557846069336
2021-09-15,19.56372833251953
2021-09-16,18.403968811035156
2021-09-17,17.9001407623291
2021-09-20,17.83359718322754
2021-09-21,17.481870651245117
2021-09-22,17.97618865966797
2021-09-23,18.508535385131836
2021-09-24,19.002857208251953
2021-09-27,21.236812591552734
2021-09-28,20.989654541015625
2021-09-29,19.7158260345459
2021-09-30,19.449649810791016
2021-10-01,19.60175132751465
2021-10-04,20.419281005859375
2021-10-05,20.5523681640625
2021-10-06,19.953474044799805
2021-10-07,20.2481689453125
2021-10-08,19.848905563354492
2021-10-11,18.91730499267578
2021-10-12,18.85076332092285
2021-10-13,18.86977195739746
2021-10-14,19.421131134033203
2021-10-15,18.831748962402344
2021-10-18,19.06940269470215
2021-10-19,19.25002098083496
2021-10-20,20.31471061706543
2021-10-21,19.696809768676758
2021-10-22,20.343231201171875
2021-10-25,21.398414611816406
2021-10-26,21.41743278503418
2021-10-27,20.999155044555664
2021-10-28,19.6397762298584
2021-10-29,18.926809310913086
2021-11-01,19.60175132751465
2021-11-02,19.373598098754883
2021-11-03,19.421131134033203
2021-11-04,19.364093780517578
2021-11-05,19.56372833251953
2021-11-08,19.677797317504883
2021-11-09,19.316564559936523
2021-11-10,18.670143127441406
2021-11-11,20.153108596801758
2021-11-12,20.305206298828125
2021-11-15,20.78050994873047
2021-11-16,20.913604736328125
2021-11-17,20.33372688293457
2021-11-18,20.058048248291016
2021-11-19,19.791872024536133
2021-11-22,19.858415603637695
2021-11-23,20.086563110351562
2021-11-24,20.2481689453125
2021-11-26,19.953474044799805
2021-11-29,19.687305450439453
2021-11-30,18.470516204833984
2021-12-01,17.453351974487305
2021-12-02,17.633968353271484
2021-12-03,18.60359764099121
2021-12-06,18.755693435668945
2021-12-07,19.535202026367188
2021-12-08,19.934465408325195
2021-12-09,19.687305450439453
2021-12-10,19.82989501953125
2021-12-13,19.126441955566406
2021-12-14,20.219654083251953
2021-12-15,19.934465408325195
2021-12-16,20.343231201171875
2021-12-17,20.210147857666016
2021-12-20,20.200637817382812
2021-12-21,20.143604278564453
2021-12-22,21.084714889526367
2021-12-23,21.037187576293945
2021-12-27,21.6931095123291
2021-12-28,21.740644454956055
2021-12-29,21.674095153808594
2021-12-30,20.951627731323242
2021-12-31,20.732982635498047
2022-01-03,20.74249267578125
2022-01-04,21.303356170654297
2022-01-05,20.618911743164062
2022-01-06,20.704465866088867
2022-01-07,21.683603286743164
2022-01-10,21.86422348022461
2022-01-11,22.36804962158203
2022-01-12,23.442245483398438
2022-01-13,22.349035263061523
2022-01-14,22.615211486816406
2022-01-18,21.550514221191406
2022-01-19,21.103723526000977
2022-01-20,20.077058792114258
2022-01-21,19.544710159301758
2022-01-24,19.630268096923828
2022-01-25,19.10742950439453
2022-01-26,18.765201568603516
2022-01-27,19.278539657592773
2022-01-28,20.096071243286133
2022-01-31,20.200637817382812
2022-02-01,20.71397590637207
2022-02-02,21.056190490722656
2022-02-03,20.295700073242188
2022-02-04,20.495332717895508
2022-02-07,20.124588012695312
2022-02-08,20.134096145629883
2022-02-09,20.43829345703125
2022-02-10,20.59990119934082
2022-02-11,21.924142837524414
2022-02-14,21.771163940429688
2022-02-15,22.08668327331543
2022-02-16,22.39264678955078
2022-02-17,22.19186019897461
2022-02-18,21.340904235839844
2022-02-22,20.67160987854004
2022-02-23,20.862838745117188
2022-02-24,21.25484848022461
2022-02-25,21.76160430908203
2022-02-28,22.124929428100586
2022-03-01,23.348785400390625
2022-03-02,23.788602828979492
2022-03-03,23.759920120239258
2022-03-04,25.203683853149414
2022-03-07,25.356660842895508
2022-03-08,24.486583709716797
2022-03-09,24.9837703704834
2022-03-10,25.796483993530273
2022-03-11,25.81560516357422
2022-03-14,24.30491828918457
2022-03-15,24.51526641845703
2022-03-16,24.926403045654297
2022-03-17,25.863414764404297
2022-03-18,25.930347442626953
2022-03-21,27.173316955566406
2022-03-22,26.962968826293945
2022-03-23,27.4410343170166
2022-03-24,29.391544342041016
2022-03-25,32.824066162109375
2022-03-28,33.36906051635742
2022-03-29,32.51810073852539
2022-03-30,32.67108154296875
2022-03-31,32.90055847167969
2022-04-01,34.449493408203125
2022-04-04,34.76502227783203
2022-04-05,34.64072036743164
2022-04-06,35.68290710449219
2022-04-07,34.74589538574219
2022-04-08,36.62948226928711
2022-04-11,37.45175552368164
2022-04-12,38.34095764160156
2022-04-13,39.98550796508789
2022-04-14,40.5018196105957
2022-04-18,43.50407409667969
2022-04-19,42.04119873046875
2022-04-20,42.691368103027344
2022-04-21,40.195858001708984
2022-04-22,37.99675369262695
2022-04-25,37.95850372314453
2022-04-26,37.231842041015625
2022-04-27,37.83420944213867
2022-04-28,38.80945587158203
2022-04-29,38.00631332397461
2022-05-02,37.71946716308594
2022-05-03,40.21498107910156
2022-05-04,41.06593704223633
2022-05-05,40.081111907958984
2022-05-06,39.24928665161133
2022-05-09,34.94668197631836
2022-05-10,35.11458206176758
2022-05-11,36.275474548339844
2022-05-12,36.17953109741211
2022-05-13,36.6496467590332
2022-05-16,38.14632797241211
2022-05-17,40.7463493347168
2022-05-18,38.79873275756836
2022-05-19,38.875484466552734
2022-05-20,39.19209289550781
2022-05-23,42.67477035522461
2022-05-24,43.288795471191406
2022-05-25,44.948585510253906
2022-05-26,45.476261138916016
2022-05-27,46.464454650878906
2022-05-31,45.78327178955078
2022-06-01,47.77885818481445
2022-06-02,46.88660430908203
2022-06-03,46.04232406616211
2022-06-06,47.030517578125
2022-06-07,47.75967025756836
2022-06-08,46.9825439453125
2022-06-09,46.11907196044922
2022-06-10,46.01354217529297
2022-06-13,43.24082946777344
2022-06-14,39.17290496826172
2022-06-15,39.56627655029297
2022-06-16,37.023807525634766
2022-06-17,34.48136520385742
2022-06-21,35.30646896362305
2022-06-22,33.65626907348633
2022-06-23,31.795005798339844
2022-06-24,33.66586685180664
2022-06-27,35.16255187988281
2022-06-28,36.688018798828125
2022-06-29,35.99724197387695
2022-06-30,33.003868103027344
2022-07-01,32.879150390625
2022-07-05,30.91234588623047
2022-07-06,30.365478515625
2022-07-07,33.1381950378418
2022-07-08,32.81198501586914
2022-07-11,33.15738296508789
2022-07-12,32.99427032470703
2022-07-13,35.172149658203125
2022-07-14,34.65406036376953
2022-07-15,35.133766174316406
2022-07-18,36.323448181152344
2022-07-19,37.55149459838867
2022-07-20,39.5374870300293
2022-07-21,40.717567443847656
2022-07-22,40.516082763671875
2022-07-25,43.154476165771484
2022-07-26,43.72053146362305
2022-07-27,43.59580993652344
2022-07-28,41.01498031616211
2022-07-29,42.243038177490234
2022-08-01,40.59284210205078
2022-08-02,40.18029022216797
2022-08-03,41.05335998535156
2022-08-04,39.575862884521484
2022-08-05,40.56406021118164
2022-08-08,39.80342102050781
2022-08-09,41.315067291259766
2022-08-10,41.892765045166016
2022-08-11,44.097652435302734
2022-08-12,44.473148345947266
2022-08-15,43.56808853149414
2022-08-16,45.435977935791016
2022-08-17,45.35895538330078
2022-08-18,46.44695281982422
2022-08-19,45.92702865600586
2022-08-22,47.29423904418945
2022-08-23,46.06182861328125
2022-08-24,47.843055725097656
2022-08-25,47.640865325927734
2022-08-26,47.82379913330078
2022-08-29,48.15116882324219
2022-08-30,45.12787628173828
2022-08-31,46.0233154296875
2022-09-01,44.58869171142578
2022-09-02,45.52262878417969
2022-09-06,43.74140167236328
2022-09-07,44.29021453857422
2022-09-08,45.34932327270508
2022-09-09,46.55286407470703
2022-09-12,48.430389404296875
2022-09-13,46.12922286987305
2022-09-14,48.71923065185547
2022-09-15,46.302528381347656
2022-09-16,44.347984313964844
2022-09-19,45.580406188964844
2022-09-20,44.82939910888672
2022-09-21,43.70288848876953
2022-09-22,42.971134185791016
2022-09-23,39.72639465332031
2022-09-26,37.91627502441406
2022-09-27,37.82961654663086
2022-09-28,39.293121337890625
2022-09-29,38.060699462890625
2022-09-30,39.2353515625
2022-10-03,40.19818115234375
2022-10-04,43.240726470947266
2022-10-05,43.654747009277344
2022-10-06,42.30677795410156
2022-10-07,41.56539535522461
2022-10-10,41.180267333984375
2022-10-11,41.9312858581543
2022-10-12,41.9312858581543
2022-10-13,42.72079849243164
2022-10-14,39.60123062133789
2022-10-17,40.25595474243164
2022-10-18,40.25595474243164
2022-10-19,40.64108657836914
2022-10-20,39.22572708129883
2022-10-21,36.47202682495117
2022-10-24,36.905296325683594
2022-10-25,38.12809753417969
2022-10-26,37.56002426147461
2022-10-27,37.64668273925781
2022-10-28,37.24229049682617
2022-10-31,40.28484344482422
2022-11-01,39.2353515625
2022-11-02,38.96575927734375
2022-11-03,37.887386322021484
2022-11-04,39.5530891418457
2022-11-07,42.53786087036133
2022-11-08,42.450904846191406
2022-11-09,39.45596694946289
2022-11-10,41.44615936279297
2022-11-11,41.17564010620117
2022-11-14,40.93411636352539
2022-11-15,42.27701187133789
2022-11-16,40.08393859863281
2022-11-17,40.277156829833984
2022-11-18,39.6395263671875
2022-11-21,39.92936706542969
2022-11-22,42.296329498291016
2022-11-23,42.08378982543945
2022-11-25,41.57175064086914
2022-11-28,40.112918853759766
2022-11-29,41.214290618896484
2022-11-30,40.97276306152344
2022-12-01,40.112918853759766
2022-12-02,38.576812744140625
2022-12-05,35.813720703125
2022-12-06,35.65915298461914
2022-12-07,35.48524856567383
2022-12-08,34.480499267578125
2022-12-09,34.461177825927734
2022-12-12,35.65915298461914
2022-12-13,35.85236740112305
2022-12-14,36.528648376464844
2022-12-15,36.934417724609375
2022-12-16,35.97796630859375
2022-12-19,34.886260986328125
2022-12-20,34.915245056152344
2022-12-21,35.3983039855957
2022-12-22,33.813880920410156
2022-12-23,34.98286819458008
2022-12-27,35.10847091674805
2022-12-28,32.364715576171875
2022-12-29,32.72216796875
2022-12-30,32.683528900146484
2023-01-03,30.741647720336914
2023-01-04,32.08454513549805
2023-01-05,30.992835998535156
2023-01-06,32.21013641357422
2023-01-09,33.49506759643555
2023-01-10,32.886409759521484
2023-01-11,32.268104553222656
2023-01-12,33.77523422241211
2023-01-13,33.63032150268555
2023-01-17,33.997440338134766
2023-01-18,32.5096321105957
2023-01-19,32.78014373779297
2023-01-20,32.799461364746094
2023-01-23,34.045745849609375
2023-01-24,33.05065155029297
2023-01-25,32.094200134277344
2023-01-26,31.978267669677734
2023-01-27,31.814027786254883
2023-01-30,31.060470581054688
2023-01-31,31.562835693359375
2023-02-01,30.55808448791504
2023-02-02,30.760971069335938
2023-02-03,30.200624465942383
2023-02-06,28.96400260925293
2023-02-07,29.62095832824707
2023-02-08,28.799762725830078
2023-02-09,29.466381072998047
2023-02-10,30.59673309326172
2023-02-13,29.81418228149414
2023-02-14,30.02672576904297
2023-02-15,29.58231544494629
2023-02-16,30.751306533813477
2023-02-17,30.333911895751953
2023-02-21,29.547658920288086
2023-02-22,31.042512893676758
2023-02-23,31.53756332397461
2023-02-24,33.7119026184082
2023-02-27,32.54707336425781
2023-02-28,32.207340240478516
2023-03-01,32.323814392089844
2023-03-02,32.38206100463867
2023-03-03,33.34303665161133
2023-03-06,31.98407554626465
2023-03-07,31.98407554626465
2023-03-08,31.217239379882812
2023-03-09,30.42127227783203
2023-03-10,29.518539428710938
2023-03-13,29.39234733581543
2023-03-14,29.79033088684082
2023-03-15,27.98485565185547
2023-03-16,29.23703956604004
2023-03-17,28.5090274810791
2023-03-20,29.275869369506836
2023-03-21,30.091243743896484
2023-03-22,28.64492416381836
2023-03-23,28.664335250854492
2023-03-24,29.664140701293945
2023-03-27,29.547658920288086
2023-03-28,29.994173049926758
2023-03-29,30.528051376342773
2023-03-30,30.372743606567383
2023-03-31,30.974567413330078
2023-04-03,30.86779022216797
2023-04-04,31.527856826782227
2023-04-05,31.644336700439453
2023-04-06,31.17841148376465
2023-04-10,32.41118240356445
2023-04-11,32.4402961730957
2023-04-12,31.692874908447266
2023-04-13,31.90642547607422
2023-04-14,32.16850662231445
2023-04-17,31.82876968383789
2023-04-18,32.33352279663086
2023-04-19,32.24616241455078
2023-04-20,31.770523071289062
2023-04-21,31.634634017944336
2023-04-24,31.780231475830078
2023-04-25,30.780427932739258
2023-04-26,30.440690994262695
2023-04-27,32.55678176879883
2023-04-28,33.81867218017578
2023-05-01,33.26538848876953
2023-05-02,31.867597579956055
2023-05-03,30.57658576965332
2023-05-04,30.13007164001465
2023-05-05,31.40166664123535
2023-05-08,31.343425750732422
2023-05-09,31.518966674804688
2023-05-10,31.401941299438477
2023-05-11,31.109375
2023-05-12,32.6209602355957
2023-05-15,34.26906967163086
2023-05-16,33.9472541809082
2023-05-17,33.9472541809082
2023-05-18,35.926937103271484
2023-05-19,35.33205795288086
2023-05-22,35.41007995605469
2023-05-23,34.96147537231445
2023-05-24,35.634376525878906
2023-05-25,35.58561706542969
2023-05-26,35.19552993774414
2023-05-30,34.200809478759766
2023-05-31,33.908241271972656
2023-06-01,34.230064392089844
2023-06-02,35.64413070678711
2023-06-05,35.14677429199219
2023-06-06,36.43404769897461
2023-06-07,37.848114013671875
2023-06-08,38.004150390625
2023-06-09,37.59455490112305
2023-06-12,37.36050796508789
2023-06-13,37.97488784790039
2023-06-14,37.49703598022461
2023-06-15,37.98464584350586
2023-06-16,38.65753936767578
2023-06-20,38.325965881347656
2023-06-21,38.79407501220703
2023-06-22,38.481998443603516
2023-06-23,38.208946228027344
2023-06-26,39.21341323852539
2023-06-27,39.34019088745117
2023-06-28,38.76482391357422
2023-06-29,40.02284240722656
2023-06-30,40.11061477661133
2023-07-03,39.67176055908203
2023-07-05,39.39870834350586
2023-07-06,38.306461334228516
2023-07-07,38.725807189941406
2023-07-10,39.29143524169922
2023-07-11,39.55474090576172
2023-07-12,38.79407501220703
2023-07-13,38.43324661254883
2023-07-14,37.26298141479492
2023-07-17,37.50679016113281
2023-07-18,38.65753936767578
2023-07-19,38.88184356689453
2023-07-20,39.80829620361328
2023-07-21,38.91110610961914
2023-07-24,38.71605682373047
2023-07-25,38.65753936767578
2023-07-26,40.49094772338867
2023-07-27,40.39342498779297
2023-07-28,41.23210906982422
2023-07-31,41.13459396362305
2023-08-01,40.637229919433594
2023-08-02,39.8473014831543
2023-08-03,40.695743560791016
2023-08-04,40.76400375366211
2023-08-07,41.10533905029297
2023-08-08,41.99595260620117
2023-08-09,43.11166000366211
2023-08-10,41.87850570678711
2023-08-11,42.132965087890625
2023-08-14,41.98616409301758
2023-08-15,41.30107498168945
2023-08-16,41.085758209228516
2023-08-17,41.99595260620117
2023-08-18,42.54402542114258
2023-08-21,43.62058639526367
2023-08-22,42.47551345825195
2023-08-23,40.860652923583984
2023-08-24,40.81172561645508
2023-08-25,41.14448165893555
2023-08-28,41.447872161865234
2023-08-29,41.82957077026367
2023-08-30,42.074249267578125
2023-08-31,42.299346923828125
2023-09-01,43.278045654296875
2023-09-05,42.289554595947266
2023-09-06,41.42830276489258
2023-09-07,40.870445251464844
2023-09-08,41.57510757446289
2023-09-11,41.310855865478516
2023-09-12,42.83763122558594
2023-09-13,42.03509521484375
2023-09-14,41.68276596069336
2023-09-15,40.64534378051758
2023-09-18,40.31258773803711
2023-09-19,40.11684799194336
2023-09-20,39.1479377746582
2023-09-21,37.91477584838867
2023-09-22,37.630950927734375
2023-09-25,38.090938568115234
2023-09-26,38.13008499145508
2023-09-27,38.76624298095703
2023-09-28,39.57856369018555
2023-09-29,39.71558380126953
2023-10-02,38.25732421875
2023-10-03,38.776031494140625
2023-10-04,38.80539321899414
2023-10-05,40.2147216796875
2023-10-06,41.87850570678711
2023-10-09,43.405269622802734
2023-10-10,43.150814056396484
2023-10-11,42.622310638427734
2023-10-12,42.485294342041016
2023-10-13,42.44615173339844
2023-10-16,42.57337951660156
2023-10-17,43.31718826293945
2023-10-18,42.74954605102539
2023-10-19,42.172115325927734
2023-10-20,41.447872161865234
2023-10-23,41.36958694458008
2023-10-24,41.62403869628906
2023-10-25,41.124908447265625
2023-10-26,41.8980827331543
2023-10-27,41.056396484375
2023-10-30,40.30280685424805
2023-10-31,41.47724533081055
2023-11-01,41.80999755859375
2023-11-02,43.405269622802734
2023-11-03,43.76739501953125
2023-11-06,41.604469299316406
2023-11-07,40.04056930541992
2023-11-08,39.18592834472656
2023-11-09,38.71439743041992
2023-11-10,38.4393424987793
2023-11-13,39.097511291503906
2023-11-14,39.19575119018555
2023-11-15,40.60050582885742
2023-11-16,39.34309387207031
2023-11-17,39.65745162963867
2023-11-20,39.38239669799805
2023-11-21,39.31362533569336
2023-11-22,39.60833740234375
2023-11-24,40.12897491455078
2023-11-27,39.51992416381836
2023-11-28,39.146629333496094
2023-11-29,39.048397064208984
2023-11-30,39.25468826293945
2023-12-01,39.529747009277344
2023-12-04,38.282161712646484
2023-12-05,37.68292999267578
2023-12-06,36.21923065185547
2023-12-07,36.33710861206055
2023-12-08,36.474639892578125
2023-12-11,36.23887634277344
2023-12-12,35.3744010925293
2023-12-13,36.60234451293945
2023-12-14,38.13481140136719
2023-12-15,37.761512756347656
2023-12-18,38.22322463989258
2023-12-19,38.154457092285156
2023-12-20,37.32928466796875
2023-12-21,38.33128356933594
2023-12-22,38.30181121826172
2023-12-26,38.517921447753906
2023-12-27,38.48845291137695
2023-12-28,38.33128356933594
2023-12-29,37.977630615234375
2024-01-02,38.2330436706543
2024-01-03,38.04640197753906
2024-01-04,37.525753021240234
2024-01-05,38.02675247192383
2024-01-08,37.535579681396484
2024-01-09,37.398048400878906
2024-01-10,37.044403076171875
2024-01-11,36.396053314208984
2024-01-12,37.15245819091797
2024-01-16,35.65928649902344
2024-01-17,35.325286865234375
2024-01-18,34.58852767944336
2024-01-19,34.70641326904297
2024-01-22,34.75552749633789
2024-01-23,34.63764572143555
2024-01-24,35.03058624267578
2024-01-25,35.42353057861328
2024-01-26,35.246707916259766
2024-01-29,35.18775939941406
2024-01-30,35.51193618774414
2024-01-31,34.775177001953125
2024-02-01,34.44117736816406
2024-02-02,34.421531677246094
2024-02-05,33.57670974731445
2024-02-06,33.62582778930664
2024-02-07,33.62582778930664
2024-02-08,34.13665008544922
2024-02-09,33.72406005859375
2024-02-12,34.31346893310547
2024-02-13,33.49811553955078
2024-02-14,32.37824249267578
2024-02-15,33.88124084472656
2024-02-16,34.244407653808594
2024-02-20,33.287139892578125
2024-02-21,36.81026840209961
2024-02-22,36.83000183105469
2024-02-23,36.52407455444336
2024-02-26,36.257625579833984
2024-02-27,36.04051208496094
2024-02-28,36.09972381591797
2024-02-29,36.66223907470703
2024-03-01,36.52407455444336
2024-03-04,37.047119140625
2024-03-05,37.4912109375
2024-03-06,37.09646224975586
2024-03-07,36.770790100097656
2024-03-08,37.027381896972656
2024-03-11,34.15558624267578
2024-03-12,34.066768646240234
2024-03-13,33.56346130371094
2024-03-14,33.336483001708984
2024-03-15,32.99108123779297
2024-03-18,32.96147918701172
2024-03-19,33.1193733215332
2024-03-20,33.37595748901367
2024-03-21,33.908870697021484
2024-03-22,33.908870697021484
2024-03-25,34.36282730102539
2024-03-26,34.49112319946289
2024-03-27,35.59641647338867
2024-03-28,36.583290100097656
2024-04-01,36.62276077270508
2024-04-02,36.38591384887695
2024-04-03,36.70171356201172
2024-04-04,36.27735900878906
2024-04-05,36.001033782958984
2024-04-08,36.35630798339844
2024-04-09,37.45173645019531
2024-04-10,37.21488571166992
2024-04-11,36.997772216796875
2024-04-12,36.76092529296875
2024-04-15,36.04051208496094
2024-04-16,35.72471237182617
2024-04-17,35.566810607910156
2024-04-18,35.744449615478516
2024-04-19,36.16880798339844
2024-04-22,37.47146987915039
2024-04-23,37.48133850097656
2024-04-24,38.91230010986328
2024-04-25,39.87943649291992
2024-04-26,40.07680892944336
2024-04-29,40.51103210449219
2024-04-30,39.563636779785156
2024-05-01,38.15241241455078
2024-05-02,38.96164321899414
2024-05-03,39.74127197265625
2024-05-06,40.501163482666016
2024-05-07,40.132625579833984
2024-05-08,39.5382194519043
2024-05-09,39.647193908691406
2024-05-10,38.56734848022461
2024-05-13,39.41933822631836
2024-05-14,40.33076858520508
2024-05-15,40.5487174987793
2024-05-16,40.132625579833984
2024-05-17,40.78647994995117
2024-05-20,41.52949142456055
2024-05-21,40.80629348754883
2024-05-22,40.826107025146484
2024-05-23,39.5382194519043
2024-05-24,39.77598190307617
2024-05-28,40.855831146240234
2024-05-29,40.31095504760742
2024-05-30,40.81620407104492
2024-05-31,40.70722579956055
2024-06-03,40.59825134277344
2024-06-04,40.24160385131836
2024-06-05,40.558624267578125
2024-06-06,40.28123474121094
2024-06-07,40.162349700927734
2024-06-10,40.746856689453125
2024-06-11,40.78647994995117
2024-06-12,40.39020538330078
2024-06-13,39.92458724975586
2024-06-14,38.97352981567383
2024-06-17,38.21070098876953
2024-06-18,37.84415054321289
2024-06-20,37.40824508666992
2024-06-21,36.625606536865234
2024-06-24,38.16116714477539
2024-06-25,38.190887451171875
2024-06-26,37.40824508666992
2024-06-27,36.932716369628906
2024-06-28,36.63551330566406
2024-07-01,36.34821319580078
2024-07-02,36.615699768066406
2024-07-03,36.6949577331543
2024-07-05,35.98166275024414
2024-07-08,36.04110336303711
2024-07-09,36.19961166381836
2024-07-10,36.29867935180664
2024-07-11,36.84355545043945
2024-07-12,36.86336898803711
2024-07-15,36.48691177368164
2024-07-16,35.5457649230957
2024-07-17,35.268367767333984
2024-07-18,35.020694732666016
2024-07-19,35.5457649230957
2024-07-22,35.33771514892578
2024-07-23,34.72349166870117
2024-07-24,34.77302551269531
2024-07-25,34.05973815917969
2024-07-26,33.990386962890625
2024-07-29,33.75262451171875
2024-07-30,34.4857292175293
2024-07-31,34.18852233886719
2024-08-01,33.27709197998047
2024-08-02,31.275909423828125
2024-08-05,29.928579330444336
2024-08-06,30.52298927307129
2024-08-07,30.09280776977539
2024-08-08,30.829692840576172
2024-08-09,30.969104766845703
2024-08-12,32.12422180175781
2024-08-13,31.01889419555664
2024-08-14,31.347503662109375
2024-08-15,31.646242141723633
2024-08-16,32.014686584472656
2024-08-19,33.57807922363281
2024-08-20,33.10009765625
2024-08-21,32.96068572998047
2024-08-22,32.761531829833984
2024-08-23,33.4984130859375
2024-08-26,33.05030822753906
2024-08-27,32.612159729003906
2024-08-28,32.462791442871094
2024-08-29,33.36895751953125
2024-08-30,33.36895751953125
2024-09-03,32.78144073486328
2024-09-04,32.52253723144531
2024-09-05,32.68186569213867
2024-09-06,32.22380065917969
2024-09-09,31.77569580078125
2024-09-10,31.98480987548828
2024-09-11,32.741615295410156
2024-09-12,32.72169876098633
2024-09-13,33.05030822753906
2024-09-16,33.408790588378906
2024-09-17,33.12997055053711
2024-09-18,33.38887405395508
2024-09-19,34.583824157714844
2024-09-20,34.683406829833984
2024-09-23,35.80864715576172
2024-09-24,35.489994049072266
2024-09-25,35.01201629638672
2024-09-26,35.36054229736328
2024-09-27,36.37624740600586
2024-09-30,36.48578643798828
2024-10-01,36.09742736816406
2024-10-02,36.61524200439453
2024-10-03,37.511451721191406
2024-10-04,36.784523010253906
2024-10-07,37.143009185791016
2024-10-08,36.913978576660156
2024-10-09,36.39616394042969
2024-10-10,36.46586990356445
2024-10-11,37.25254440307617
2024-10-14,36.445953369140625
2024-10-15,36.12730026245117
2024-10-16,36.52561950683594
2024-10-17,36.904022216796875
2024-10-18,36.336421966552734
2024-10-21,36.206966400146484
2024-10-22,35.818607330322266
2024-10-23,36.037681579589844
2024-10-24,36.804439544677734
2024-10-25,37.32225036621094
2024-10-28,37.15296936035156
2024-10-29,37.15296936035156
2024-10-30,38.40766525268555
2024-10-31,36.386207580566406
2024-11-01,35.47007751464844
2024-11-04,36.64511489868164
2024-11-05,37.38199996948242
2024-11-06,40.209999084472656
2024-11-07,40.689998626708984
2024-11-08,41.220001220703125
2024-11-11,43.97999954223633
2024-11-12,43.779998779296875
2024-11-13,43.310001373291016
2024-11-14,42.86000061035156
2024-11-15,42.709999084472656
2024-11-18,44.279998779296875
2024-11-19,44.08000183105469
2024-11-20,46.540000915527344
2024-11-21,46.88999938964844
2024-11-22,45.91999816894531
2024-11-25,45.9900016784668
2024-11-26,45.560001373291016
2024-11-27,45.279998779296875
2024-11-29,45.439998626708984
2024-12-02,44.529998779296875
2024-12-03,44.810001373291016
2024-12-04,44.689998626708984
2024-12-05,44.45000076293945
2024-12-06,43.33000183105469
2024-12-09,43.27000045776367
2024-12-10,43.04999923706055
2024-12-11,45.58000183105469
2024-12-12,45.86000061035156
2024-12-13,45.59000015258789
2024-12-16,44.81999969482422
2024-12-17,44.20000076293945
