,GEN
2014-01-02,8.742426872253418
2014-01-03,8.612000465393066
2014-01-06,8.623178482055664
2014-01-07,8.71634292602539
2014-01-08,8.697708129882812
2014-01-09,8.761058807373047
2014-01-10,8.746155738830566
2014-01-13,8.272886276245117
2014-01-14,8.276609420776367
2014-01-15,8.544922828674316
2014-01-16,8.604543685913086
2014-01-17,8.671624183654785
2014-01-21,8.682801246643066
2014-01-22,8.802051544189453
2014-01-23,8.802051544189453
2014-01-24,8.682801246643066
2014-01-27,8.530016899108887
2014-01-28,8.682801246643066
2014-01-29,8.999558448791504
2014-01-30,8.339962005615234
2014-01-31,7.978491306304932
2014-02-03,7.732537269592285
2014-02-04,7.60956335067749
2014-02-05,7.654285430908203
2014-02-06,7.628195762634277
2014-02-07,7.7884368896484375
2014-02-10,7.784709930419922
2014-02-11,7.911413669586182
2014-02-12,7.907684803009033
2014-02-13,7.959856033325195
2014-02-14,7.9561333656311035
2014-02-18,7.710182189941406
2014-02-19,7.654285430908203
2014-02-20,7.699329376220703
2014-02-21,7.7068376541137695
2014-02-24,7.823206901550293
2014-02-25,7.800686836242676
2014-02-26,7.9808735847473145
2014-02-27,8.070967674255371
2014-02-28,8.063461303710938
2014-03-03,8.029677391052246
2014-03-04,7.883272171020508
2014-03-05,7.868256568908691
2014-03-06,7.80819034576416
2014-03-07,7.7293596267700195
2014-03-10,7.7180986404418945
2014-03-11,7.680556774139404
2014-03-12,7.691821098327637
2014-03-13,7.526646137237549
2014-03-14,7.567939758300781
2014-03-17,7.62049674987793
2014-03-18,7.699329376220703
2014-03-19,7.725606918334961
2014-03-20,7.8494873046875
2014-03-21,6.8321709632873535
2014-03-24,7.1662702560424805
2014-03-25,7.155009746551514
2014-03-26,7.053653240203857
2014-03-27,7.233842849731445
2014-03-28,7.4290452003479
2014-03-31,7.4966139793396
2014-04-01,7.5754475593566895
2014-04-02,7.511633396148682
2014-04-03,7.519143104553223
2014-04-04,7.60172700881958
2014-04-07,7.6617913246154785
2014-04-08,7.748133182525635
2014-04-09,7.748133182525635
2014-04-10,7.658035755157471
2014-04-11,7.511633396148682
2014-04-14,7.73311710357666
2014-04-15,7.793176174163818
2014-04-16,7.763144016265869
2014-04-17,7.774406433105469
2014-04-21,7.811947345733643
2014-04-22,7.73311710357666
2014-04-23,7.748133182525635
2014-04-24,7.7218523025512695
2014-04-25,7.612985610961914
2014-04-28,7.534156799316406
2014-04-29,7.567939758300781
2014-04-30,7.612985610961914
2014-05-01,7.567939758300781
2014-05-02,7.6467742919921875
2014-05-05,7.545418739318848
2014-05-06,7.5416646003723145
2014-05-07,7.590465545654297
2014-05-08,7.5566792488098145
2014-05-09,7.804443836212158
2014-05-12,7.9808735847473145
2014-05-13,7.977118968963623
2014-05-14,8.037184715270996
2014-05-15,8.37503719329834
2014-05-16,8.423842430114746
2014-05-19,8.40882682800293
2014-05-20,8.292448997497559
2014-05-21,8.322484016418457
2014-05-22,8.341253280639648
2014-05-23,8.36002254486084
2014-05-27,8.438855171203613
2014-05-28,8.281192779541016
2014-05-29,8.322484016418457
2014-05-30,8.254910469055176
2014-06-02,8.206114768981934
2014-06-03,8.119771003723145
2014-06-04,8.116016387939453
2014-06-05,8.05970573425293
2014-06-06,8.082389831542969
2014-06-09,8.086170196533203
2014-06-10,8.048364639282227
2014-06-11,8.044588088989258
2014-06-12,8.052145004272461
2014-06-13,8.203362464904785
2014-06-16,8.154216766357422
2014-06-17,8.203362464904785
2014-06-18,8.297871589660645
2014-06-19,8.369696617126465
2014-06-20,8.403719902038574
2014-06-23,8.392378807067871
2014-06-24,8.464205741882324
2014-06-25,8.475543975830078
2014-06-26,8.520913124084473
2014-06-27,8.607858657836914
2014-06-30,8.657003402709961
2014-07-01,8.64944076538086
2014-07-02,8.59273910522461
2014-07-03,8.709929466247559
2014-07-07,8.641885757446289
2014-07-08,8.475543975830078
2014-07-09,8.554931640625
2014-07-10,8.630541801452637
2014-07-11,8.539813041687012
2014-07-14,8.505789756774902
2014-07-15,8.653223991394043
2014-07-16,8.660782814025879
2014-07-17,8.721269607543945
2014-07-18,8.770416259765625
2014-07-21,8.830903053283691
2014-07-22,8.85736083984375
2014-07-23,8.872482299804688
2014-07-24,9.023696899414062
2014-07-25,9.008577346801758
2014-07-28,9.046378135681152
2014-07-29,8.98967456817627
2014-07-30,9.07284164428711
2014-07-31,8.944311141967773
2014-08-01,8.759073257446289
2014-08-04,8.906505584716797
2014-08-05,9.042597770690918
2014-08-06,8.970772743225098
2014-08-07,9.061501502990723
2014-08-08,9.050159454345703
2014-08-11,9.182472229003906
2014-08-12,9.118206024169922
2014-08-13,9.171130180358887
2014-08-14,9.201371192932129
2014-08-15,9.16357135772705
2014-08-18,9.216493606567383
2014-08-19,9.16357135772705
2014-08-20,9.178692817687988
2014-08-21,9.182472229003906
2014-08-22,9.144667625427246
2014-08-25,9.148470878601074
2014-08-26,9.251178741455078
2014-08-27,9.209338188171387
2014-08-28,9.190314292907715
2014-08-29,9.235962867736816
2014-09-02,9.235962867736816
2014-09-03,9.239768028259277
2014-09-04,9.243571281433105
2014-09-05,9.27780532836914
2014-09-08,9.262590408325195
2014-09-09,9.338668823242188
2014-09-10,9.39572811126709
2014-09-11,9.422357559204102
2014-09-12,9.331063270568848
2014-09-15,9.201725006103516
2014-09-16,9.209338188171387
2014-09-17,9.319649696350098
2014-09-18,9.35388469696045
2014-09-19,9.27780532836914
2014-09-22,9.22835636138916
2014-09-23,9.16749095916748
2014-09-24,9.186508178710938
2014-09-25,9.026747703552246
2014-09-26,8.969691276550293
2014-09-29,8.908824920654297
2014-09-30,8.943062782287598
2014-10-01,8.76807689666748
2014-10-02,8.882194519042969
2014-10-03,8.89741325378418
2014-10-06,8.943062782287598
2014-10-07,8.82133674621582
2014-10-08,9.133255004882812
2014-10-09,8.916433334350586
2014-10-10,8.345840454101562
2014-10-13,8.463763236999512
2014-10-14,8.54745101928711
2014-10-15,8.425725936889648
2014-10-16,8.380074501037598
2014-10-17,8.490392684936523
2014-10-20,8.558860778808594
2014-10-21,9.007728576660156
2014-10-22,8.943062782287598
2014-10-23,9.079999923706055
2014-10-24,9.121843338012695
2014-10-27,9.2245512008667
2014-10-28,9.361495971679688
2014-10-29,9.3424711227417
2014-10-30,9.45278549194336
2014-10-31,9.441374778747559
2014-11-03,9.585922241210938
2014-11-04,9.506040573120117
2014-11-05,9.578317642211914
2014-11-06,9.536473274230957
2014-11-07,9.498431205749512
2014-11-10,9.528865814208984
2014-11-11,9.58211898803711
2014-11-12,9.555492401123047
2014-11-13,9.719063758850098
2014-11-14,9.639180183410645
2014-11-17,9.69243335723877
2014-11-18,9.684826850891113
2014-11-19,9.627764701843262
2014-11-20,9.719608306884766
2014-11-21,9.692821502685547
2014-11-24,9.87267017364502
2014-11-25,9.914761543273926
2014-11-26,9.92624568939209
2014-11-28,9.983643531799316
2014-12-01,10.083136558532715
2014-12-02,10.064002990722656
2014-12-03,10.121402740478516
2014-12-04,10.067828178405762
2014-12-05,10.121402740478516
2014-12-08,10.033392906188965
2014-12-09,9.956854820251465
2014-12-10,9.765524864196777
2014-12-11,9.88797664642334
2014-12-12,9.666035652160645
2014-12-15,9.73491382598877
2014-12-16,9.593327522277832
2014-12-17,9.639245986938477
2014-12-18,9.849711418151855
2014-12-19,9.884150505065918
2014-12-22,9.953028678894043
2014-12-23,10.121402740478516
2014-12-24,10.171147346496582
2014-12-26,10.155838966369629
2014-12-29,10.041043281555176
2014-12-30,9.956854820251465
2014-12-31,9.819099426269531
2015-01-02,9.792312622070312
2015-01-05,9.654552459716797
2015-01-06,9.505315780639648
2015-01-07,9.593327522277832
2015-01-08,9.769351959228516
2015-01-09,9.704299926757812
2015-01-12,9.677515983581543
2015-01-13,9.696650505065918
2015-01-14,9.646900177001953
2015-01-15,9.532105445861816
2015-01-16,9.807618141174316
2015-01-20,9.826751708984375
2015-01-21,9.803793907165527
2015-01-22,10.213240623474121
2015-01-23,10.197933197021484
2015-01-26,10.17497444152832
2015-01-27,9.92624568939209
2015-01-28,9.711952209472656
2015-01-29,9.796136856079102
2015-01-30,9.478531837463379
2015-02-02,9.54358196258545
2015-02-03,9.746395111083984
2015-02-04,9.796136856079102
2015-02-05,9.937721252441406
2015-02-06,9.482358932495117
2015-02-09,9.470876693725586
2015-02-10,9.658376693725586
2015-02-11,9.849711418151855
2015-02-12,10.006599426269531
2015-02-13,10.075482368469238
2015-02-17,9.949203491210938
2015-02-18,9.83057689666748
2015-02-19,9.796136856079102
2015-02-20,9.83057689666748
2015-02-23,9.731088638305664
2015-02-24,9.704140663146973
2015-02-25,9.811923027038574
2015-02-26,9.642552375793457
2015-02-27,9.684894561767578
2015-03-02,9.723387718200684
2015-03-03,9.53092098236084
2015-03-04,9.423141479492188
2015-03-05,9.484729766845703
2015-03-06,9.303811073303223
2015-03-09,9.423141479492188
2015-03-10,9.180634498596191
2015-03-11,9.030509948730469
2015-03-12,9.130594253540039
2015-03-13,8.992016792297363
2015-03-16,9.119043350219727
2015-03-17,9.149836540222168
2015-03-18,9.342303276062012
2015-03-19,9.242222785949707
2015-03-20,9.384647369384766
2015-03-23,9.396195411682129
2015-03-24,9.284567832946777
2015-03-25,8.972768783569336
2015-03-26,8.961220741271973
2015-03-27,8.992016792297363
2015-03-30,9.065153121948242
2015-03-31,8.995863914489746
2015-04-01,8.980467796325684
2015-04-02,9.065153121948242
2015-04-06,9.172934532165527
2015-04-07,9.161382675170898
2015-04-08,9.242222785949707
2015-04-09,9.326909065246582
2015-04-10,9.846566200256348
2015-04-13,9.292264938354492
2015-04-14,9.165234565734863
2015-04-15,9.157538414001465
2015-04-16,9.353853225708008
2015-04-17,9.330754280090332
2015-04-20,9.31151008605957
2015-04-21,9.276867866516113
2015-04-22,9.376945495605469
2015-04-23,9.484729766845703
2015-04-24,9.4962739944458
2015-04-27,9.55786418914795
2015-04-28,9.604059219360352
2015-04-29,9.584813117980957
2015-04-30,9.596359252929688
2015-05-01,9.677197456359863
2015-05-04,9.74648380279541
2015-05-05,9.584813117980957
2015-05-06,9.600208282470703
2015-05-07,9.615606307983398
2015-05-08,9.827319145202637
2015-05-11,9.79267692565918
2015-05-12,9.677197456359863
2015-05-13,9.74648380279541
2015-05-14,9.969745635986328
2015-05-15,9.423141479492188
2015-05-18,9.696439743041992
2015-05-19,9.661800384521484
2015-05-20,9.634856224060059
2015-05-21,9.650252342224121
2015-05-22,9.57326602935791
2015-05-26,9.369248390197754
2015-05-27,9.523221969604492
2015-05-28,9.550168991088867
2015-05-29,9.480881690979004
2015-06-01,9.507826805114746
2015-06-02,9.376945495605469
2015-06-03,9.361550331115723
2015-06-04,9.253771781921387
2015-06-05,9.238369941711426
2015-06-08,9.075685501098633
2015-06-09,9.07956314086914
2015-06-10,9.211257934570312
2015-06-11,9.21900463104248
2015-06-12,9.199639320373535
2015-06-15,9.0834321975708
2015-06-16,9.164775848388672
2015-06-17,9.335216522216797
2015-06-18,9.474661827087402
2015-06-19,9.323590278625488
2015-06-22,9.226752281188965
2015-06-23,9.393312454223633
2015-06-24,9.389437675476074
2015-06-25,9.358452796936035
2015-06-26,9.199639320373535
2015-06-29,9.009836196899414
2015-06-30,9.005961418151855
2015-07-01,8.990467071533203
2015-07-02,8.920745849609375
2015-07-06,8.785171508789062
2015-07-07,8.827780723571777
2015-07-08,8.839399337768555
2015-07-09,8.905247688293457
2015-07-10,9.033077239990234
2015-07-13,9.071812629699707
2015-07-14,9.07956314086914
2015-07-15,9.029199600219727
2015-07-16,9.067940711975098
2015-07-17,9.091177940368652
2015-07-20,9.033077239990234
2015-07-21,8.924616813659668
2015-07-22,8.893630027770996
2015-07-23,8.994340896606445
2015-07-24,8.928491592407227
2015-07-27,8.800665855407715
2015-07-28,8.820033073425293
2015-07-29,8.847147941589355
2015-07-30,8.827780723571777
2015-07-31,8.808412551879883
2015-08-03,8.7076997756958
2015-08-04,8.684455871582031
2015-08-05,8.87038803100586
2015-08-06,8.657342910766602
2015-08-07,8.79679012298584
2015-08-10,8.874259948730469
2015-08-11,8.26611614227295
2015-08-12,8.38232135772705
2015-08-13,8.22737979888916
2015-08-14,8.366827964782715
2015-08-17,8.467538833618164
2015-08-18,8.386197090148926
2015-08-19,8.467538833618164
2015-08-20,8.269991874694824
2015-08-21,8.122796058654785
2015-08-24,7.806783199310303
2015-08-25,7.759961128234863
2015-08-26,8.048670768737793
2015-08-27,8.161812782287598
2015-08-28,8.130597114562988
2015-08-31,7.994047164916992
2015-09-01,7.77556848526001
2015-09-02,7.7794694900512695
2015-09-03,7.783372402191162
2015-09-04,7.6663289070129395
2015-09-08,7.837991714477539
2015-09-09,7.662424564361572
2015-09-10,7.806783199310303
2015-09-11,7.79897403717041
2015-09-14,7.728750705718994
2015-09-15,7.767765522003174
2015-09-16,7.783372402191162
2015-09-17,7.834090709686279
2015-09-18,7.869204998016357
2015-09-21,7.904314994812012
2015-09-22,7.744357585906982
2015-09-23,7.783372402191162
2015-09-24,7.744357585906982
2015-09-25,7.7794694900512695
2015-09-28,7.802879810333252
2015-09-29,7.549284934997559
2015-09-30,7.5961012840271
2015-10-01,7.541481971740723
2015-10-02,7.6663289070129395
2015-10-05,7.970640659332275
2015-10-06,8.193020820617676
2015-10-07,8.134499549865723
2015-10-08,8.208629608154297
2015-10-09,8.193020820617676
2015-10-12,8.146203994750977
2015-10-13,8.048670768737793
2015-10-14,8.036965370178223
2015-10-15,8.052570343017578
2015-10-16,8.079878807067871
2015-10-19,8.099388122558594
2015-10-20,8.079878807067871
2015-10-21,7.970640659332275
2015-10-22,8.052570343017578
2015-10-23,8.052570343017578
2015-10-26,8.021361351013184
2015-10-27,7.974542617797852
2015-10-28,8.036965370178223
2015-10-29,7.994047164916992
2015-10-30,8.036965370178223
2015-11-02,8.07597827911377
2015-11-03,8.134499549865723
2015-11-04,8.154008865356445
2015-11-05,8.146203994750977
2015-11-06,8.025262832641602
2015-11-09,7.849695682525635
2015-11-10,7.791172504425049
2015-11-11,7.77556848526001
2015-11-12,7.7404584884643555
2015-11-13,7.689736366271973
2015-11-16,7.787271499633789
2015-11-17,7.7950758934021
2015-11-18,7.810680389404297
2015-11-19,7.861784934997559
2015-11-20,7.838198184967041
2015-11-23,7.818544387817383
2015-11-24,7.787094593048096
2015-11-25,7.8067522048950195
2015-11-27,7.665238380432129
2015-11-30,7.69668436050415
2015-12-01,7.759579658508301
2015-12-02,7.728132247924805
2015-12-03,7.747785568237305
2015-12-04,7.877507209777832
2015-12-07,7.916815757751465
2015-12-08,7.940398216247559
2015-12-09,7.865715980529785
2015-12-10,7.838198184967041
2015-12-11,7.724202632904053
2015-12-14,7.680962562561035
2015-12-15,7.932538032531738
2015-12-16,8.04653549194336
2015-12-17,7.924677848815918
2015-12-18,7.944329738616943
2015-12-21,8.022951126098633
2015-12-22,8.070121765136719
2015-12-23,8.199840545654297
2015-12-24,8.199840545654297
2015-12-28,8.3059720993042
2015-12-29,8.400318145751953
2015-12-30,8.368868827819824
2015-12-31,8.25487232208252
2016-01-04,8.191974639892578
2016-01-05,8.2076997756958
2016-01-06,8.195907592773438
2016-01-07,8.05832576751709
2016-01-08,8.05439567565918
2016-01-11,8.00329303741455
2016-01-12,8.117287635803223
2016-01-13,7.960054874420166
2016-01-14,8.050467491149902
2016-01-15,7.7556471824646
2016-01-19,7.480484485626221
2016-01-20,7.397939682006836
2016-01-21,7.46083402633667
2016-01-22,7.653446674346924
2016-01-25,7.397939682006836
2016-01-26,7.559103488922119
2016-01-27,7.555172920227051
2016-01-28,7.665238380432129
2016-01-29,7.798892498016357
2016-02-01,7.763512134552002
2016-02-02,7.574828147888184
2016-02-03,7.578761100769043
2016-02-04,7.539450168609619
2016-02-05,7.767443656921387
2016-02-08,7.563033580780029
2016-02-09,7.358628749847412
2016-02-10,7.429385185241699
2016-02-11,7.378284454345703
2016-02-12,7.527655601501465
2016-02-16,7.6848955154418945
2016-02-17,7.849987506866455
2016-02-18,7.846028804779053
2016-02-19,7.893559455871582
2016-02-22,7.9727678298950195
2016-02-23,7.74701452255249
2016-02-24,7.640077590942383
2016-02-25,7.7905802726745605
2016-02-26,7.699486255645752
2016-02-29,7.647998332977295
2016-03-01,8.032180786132812
2016-03-02,8.083669662475586
2016-03-03,8.127233505249023
2016-03-04,8.176435470581055
2016-03-07,8.407654762268066
2016-03-08,8.33877944946289
2016-03-09,8.65363883972168
2016-03-10,8.707751274108887
2016-03-11,9.04720401763916
2016-03-14,9.121004104614258
2016-03-15,9.08164119720459
2016-03-16,9.140682220458984
2016-03-17,9.214473724365234
2016-03-18,9.150519371032715
2016-03-21,9.273509979248047
2016-03-22,9.258755683898926
2016-03-23,9.170196533203125
2016-03-24,9.204634666442871
2016-03-28,9.086563110351562
2016-03-29,9.04720401763916
2016-03-30,9.04228687286377
2016-03-31,9.04228687286377
2016-04-01,9.057045936584473
2016-04-04,9.150519371032715
2016-04-05,9.03736686706543
2016-04-06,9.101323127746582
2016-04-07,8.94389533996582
2016-04-08,8.929132461547852
2016-04-11,8.840580940246582
2016-04-12,8.840580940246582
2016-04-13,8.934054374694824
2016-04-14,8.801225662231445
2016-04-15,8.875020027160645
2016-04-18,8.909457206726074
2016-04-19,8.919294357299805
2016-04-20,8.889775276184082
2016-04-21,8.90453815460205
2016-04-22,8.860258102416992
2016-04-25,8.90453815460205
2016-04-26,8.875020027160645
2016-04-27,8.909457206726074
2016-04-28,8.294503211975098
2016-04-29,8.191192626953125
2016-05-02,8.240386962890625
2016-05-03,8.181350708007812
2016-05-04,8.201026916503906
2016-05-05,8.16659164428711
2016-05-06,8.171510696411133
2016-05-09,8.18626880645752
2016-05-10,8.255146980285645
2016-05-11,8.220706939697266
2016-05-12,8.314181327819824
2016-05-13,8.260065078735352
2016-05-16,8.319100379943848
2016-05-17,8.333856582641602
2016-05-18,8.36337661743164
2016-05-19,8.3092622756958
2016-05-20,8.324020385742188
2016-05-23,8.324020385742188
2016-05-24,8.397812843322754
2016-05-25,8.486369132995605
2016-05-26,8.456850051879883
2016-05-27,8.437169075012207
2016-05-31,8.540485382080078
2016-06-01,8.515885353088379
2016-06-02,8.545402526855469
2016-06-03,8.491291046142578
2016-06-06,8.488814353942871
2016-06-07,8.533286094665527
2016-06-08,8.612342834472656
2016-06-09,8.592577934265137
2016-06-10,8.548112869262695
2016-06-13,8.997750282287598
2016-06-14,9.274453163146973
2016-06-15,9.383156776428223
2016-06-16,9.773504257202148
2016-06-17,9.86738395690918
2016-06-20,10.114439010620117
2016-06-21,10.336792945861816
2016-06-22,10.267616271972656
2016-06-23,10.494903564453125
2016-06-24,10.094675064086914
2016-06-27,9.857502937316895
2016-06-28,9.946442604064941
2016-06-29,10.05514907836914
2016-06-30,10.149029731750488
2016-07-01,10.109498023986816
2016-07-05,10.05514907836914
2016-07-06,10.069969177246094
2016-07-07,10.099617004394531
2016-07-08,10.228087425231934
2016-07-11,10.277497291564941
2016-07-12,10.38620376586914
2016-07-13,10.425728797912598
2016-07-14,10.346673011779785
2016-07-15,10.346673011779785
2016-07-18,10.277497291564941
2016-07-19,10.22314453125
2016-07-20,10.228087425231934
2016-07-21,10.02055835723877
2016-07-22,10.124320983886719
2016-07-25,10.05514907836914
2016-07-26,10.065031051635742
2016-07-27,10.02550220489502
2016-07-28,10.104561805725098
2016-07-29,10.094675064086914
2016-08-01,10.153969764709473
2016-08-02,10.218204498291016
2016-08-03,10.32690715789795
2016-08-04,10.391143798828125
2016-08-05,10.81607437133789
2016-08-08,10.761723518371582
2016-08-09,10.702432632446289
2016-08-10,10.737016677856445
2016-08-11,10.92478084564209
2016-08-12,11.137248039245605
2016-08-15,11.305244445800781
2016-08-16,11.354654312133789
2016-08-17,11.32501220703125
2016-08-18,11.456381797790527
2016-08-19,11.758777618408203
2016-08-22,11.768692016601562
2016-08-23,11.833134651184082
2016-08-24,11.778605461120605
2016-08-25,11.76373291015625
2016-08-26,11.758777618408203
2016-08-29,11.962026596069336
2016-08-30,11.887666702270508
2016-08-31,11.962026596069336
2016-09-01,11.971943855285645
2016-09-02,12.036386489868164
2016-09-06,12.299123764038086
2016-09-07,12.353654861450195
2016-09-08,12.3685302734375
2016-09-09,12.140487670898438
2016-09-12,12.31895637512207
2016-09-13,12.239636421203613
2016-09-14,12.185107231140137
2016-09-15,12.32887077331543
2016-09-16,12.497416496276855
2016-09-19,12.313997268676758
2016-09-20,12.249555587768555
2016-09-21,12.432971954345703
2016-09-22,12.432971954345703
2016-09-23,12.413145065307617
2016-09-26,12.37348461151123
2016-09-27,12.472634315490723
2016-09-28,12.527162551879883
2016-09-29,12.398270606994629
2016-09-30,12.442886352539062
2016-10-03,12.447845458984375
2016-10-04,12.51724624633789
2016-10-05,12.586647033691406
2016-10-06,12.542032241821289
2016-10-07,12.497416496276855
2016-10-10,12.51724624633789
2016-10-11,12.423060417175293
2016-10-12,12.363569259643555
2016-10-13,12.036386489868164
2016-10-14,11.942198753356934
2016-10-17,11.99177074432373
2016-10-18,12.00664234161377
2016-10-19,12.011598587036133
2016-10-20,11.996728897094727
2016-10-21,11.937239646911621
2016-10-24,12.343744277954102
2016-10-25,12.388355255126953
2016-10-26,12.40818977355957
2016-10-27,12.358612060546875
2016-10-28,12.33382511138916
2016-10-31,12.40818977355957
2016-11-01,12.502374649047852
2016-11-02,12.507330894470215
2016-11-03,12.616394996643066
2016-11-04,11.644757270812988
2016-11-07,12.095873832702637
2016-11-08,12.249555587768555
2016-11-09,12.313997268676758
2016-11-10,12.418097496032715
2016-11-11,12.393312454223633
2016-11-14,12.209891319274902
2016-11-15,12.00664234161377
2016-11-16,11.84800910949707
2016-11-17,11.850496292114258
2016-11-18,11.810713768005371
2016-11-21,12.193629264831543
2016-11-22,12.487031936645508
2016-11-23,12.357734680175781
2016-11-25,12.342812538146973
2016-11-28,12.133952140808105
2016-11-29,12.094169616699219
2016-11-30,12.12897777557373
2016-12-01,11.815688133239746
2016-12-02,11.691361427307129
2016-12-05,12.109087944030762
2016-12-06,12.034493446350098
2016-12-07,12.153840065002441
2016-12-08,12.213517189025879
2016-12-09,12.342812538146973
2016-12-12,12.2831392288208
2016-12-13,12.3875732421875
2016-12-14,12.352760314941406
2016-12-15,12.332868576049805
2016-12-16,11.974818229675293
2016-12-19,12.044440269470215
2016-12-20,12.009629249572754
2016-12-21,12.059359550476074
2016-12-22,11.989737510681152
2016-12-23,12.004654884338379
2016-12-27,12.11406135559082
2016-12-28,12.009629249572754
2016-12-29,12.04941177368164
2016-12-30,11.880334854125977
2017-01-03,11.940008163452148
2017-01-04,12.044440269470215
2017-01-05,12.258275985717773
2017-01-06,12.437298774719238
2017-01-09,12.427351951599121
2017-01-10,12.496976852416992
2017-01-11,12.666057586669922
2017-01-12,12.780435562133789
2017-01-13,12.999242782592773
2017-01-17,13.029078483581543
2017-01-18,13.13351058959961
2017-01-19,13.20810317993164
2017-01-20,13.252862930297852
2017-01-23,13.307563781738281
2017-01-24,13.600964546203613
2017-01-25,13.55621337890625
2017-01-26,13.53134536743164
2017-01-27,13.600964546203613
2017-01-30,13.561182975769043
2017-01-31,13.700427055358887
2017-02-01,13.551239013671875
2017-02-02,13.80485725402832
2017-02-03,14.128096580505371
2017-02-06,14.053499221801758
2017-02-07,14.143016815185547
2017-02-08,14.227558135986328
2017-02-09,14.416526794433594
2017-02-10,14.431445121765137
2017-02-13,14.451334953308105
2017-02-14,14.26236629486084
2017-02-15,14.219987869262695
2017-02-16,14.19505500793457
2017-02-17,14.359590530395508
2017-02-21,14.364577293395996
2017-02-22,14.259872436523438
2017-02-23,14.249897956848145
2017-02-24,14.379535675048828
2017-02-27,14.299763679504395
2017-02-28,14.244914054870605
2017-03-01,14.504182815551758
2017-03-02,14.559032440185547
2017-03-03,14.569001197814941
2017-03-06,14.519143104553223
2017-03-07,14.603902816772461
2017-03-08,14.773426055908203
2017-03-09,14.75847053527832
2017-03-10,14.972867965698242
2017-03-13,15.331852912902832
2017-03-14,15.281996726989746
2017-03-15,15.31689739227295
2017-03-16,15.321882247924805
2017-03-17,15.306925773620605
2017-03-20,15.346814155578613
2017-03-21,14.95790958404541
2017-03-22,15.286983489990234
2017-03-23,15.306925773620605
2017-03-24,15.192245483398438
2017-03-27,15.192245483398438
2017-03-28,15.137401580810547
2017-03-29,15.371742248535156
2017-03-30,15.281996726989746
2017-03-31,15.296957969665527
2017-04-03,15.077569961547852
2017-04-04,15.147377014160156
2017-04-05,15.097519874572754
2017-04-06,15.237123489379883
2017-04-07,15.361767768859863
2017-04-10,15.286983489990234
2017-04-11,15.157352447509766
2017-04-12,14.982834815979004
2017-04-13,14.977852821350098
2017-04-17,15.082555770874023
2017-04-18,15.157352447509766
2017-04-19,15.162331581115723
2017-04-20,15.207202911376953
2017-04-21,15.306925773620605
2017-04-24,15.441544532775879
2017-04-25,15.581156730651855
2017-04-26,15.581156730651855
2017-04-27,15.695831298828125
2017-04-28,15.770622253417969
2017-05-01,16.014938354492188
2017-05-02,15.91022777557373
2017-05-03,15.91521167755127
2017-05-04,16.064790725708008
2017-05-05,16.10468101501465
2017-05-08,16.179471969604492
2017-05-09,16.13958740234375
2017-05-10,16.52350425720215
2017-05-11,15.685860633850098
2017-05-12,15.461488723754883
2017-05-15,15.955102920532227
2017-05-16,15.616055488586426
2017-05-17,15.017743110656738
2017-05-18,14.828272819519043
2017-05-19,14.46928596496582
2017-05-22,14.748494148254395
2017-05-23,14.853203773498535
2017-05-24,14.893088340759277
2017-05-25,14.932975769042969
2017-05-26,14.763455390930176
2017-05-30,14.987822532653809
2017-05-31,15.11247444152832
2017-06-01,15.127432823181152
2017-06-02,14.997795104980469
2017-06-05,15.030284881591797
2017-06-06,15.130253791809082
2017-06-07,15.130253791809082
2017-06-08,15.05027961730957
2017-06-09,14.850342750549316
2017-06-12,14.760371208190918
2017-06-13,14.65040397644043
2017-06-14,14.540436744689941
2017-06-15,14.200544357299805
2017-06-16,14.220536231994629
2017-06-19,14.43547248840332
2017-06-20,14.27552318572998
2017-06-21,14.470460891723633
2017-06-22,14.400482177734375
2017-06-23,14.260528564453125
2017-06-26,14.425475120544434
2017-06-27,14.050596237182617
2017-06-28,14.440471649169922
2017-06-29,14.025601387023926
2017-06-30,14.120572090148926
2017-07-03,13.730692863464355
2017-07-05,13.890643119812012
2017-07-06,13.85565185546875
2017-07-07,14.200544357299805
2017-07-10,14.495453834533691
2017-07-11,14.500449180603027
2017-07-12,14.955312728881836
2017-07-13,15.175238609313965
2017-07-14,15.035283088684082
2017-07-17,15.255216598510742
2017-07-18,15.280206680297852
2017-07-19,15.505138397216797
2017-07-20,15.580111503601074
2017-07-21,15.585113525390625
2017-07-24,15.53512954711914
2017-07-25,15.755057334899902
2017-07-26,15.630096435546875
2017-07-27,15.46514892578125
2017-07-28,15.510132789611816
2017-07-31,15.490142822265625
2017-08-01,15.590108871459961
2017-08-02,15.450154304504395
2017-08-03,15.130253791809082
2017-08-04,14.580428123474121
2017-08-07,14.430476188659668
2017-08-08,14.240532875061035
2017-08-09,14.295516014099121
2017-08-10,13.91563606262207
2017-08-11,14.140565872192383
2017-08-14,14.280519485473633
2017-08-15,14.200544357299805
2017-08-16,14.145565032958984
2017-08-17,14.052848815917969
2017-08-18,14.258325576782227
2017-08-21,14.102964401245117
2017-08-22,14.413691520690918
2017-08-23,14.639216423034668
2017-08-24,14.72441577911377
2017-08-25,14.769521713256836
2017-08-28,14.995051383972168
2017-08-29,14.879776954650879
2017-08-30,14.980016708374023
2017-08-31,15.025118827819824
2017-09-01,14.964973449707031
2017-09-05,14.939920425415039
2017-09-06,14.834674835205078
2017-09-07,15.335844993591309
2017-09-08,15.852051734924316
2017-09-11,16.41336441040039
2017-09-12,16.90451431274414
2017-09-13,16.578754425048828
2017-09-14,16.513599395751953
2017-09-15,16.658935546875
2017-09-18,16.924560546875
2017-09-19,17.120012283325195
2017-09-20,16.899499893188477
2017-09-21,16.558704376220703
2017-09-22,16.54868507385254
2017-09-25,16.463478088378906
2017-09-26,16.408355712890625
2017-09-27,16.563711166381836
2017-09-28,16.57373809814453
2017-09-29,16.443439483642578
2017-10-02,16.428396224975586
2017-10-03,16.54868507385254
2017-10-04,16.663949966430664
2017-10-05,16.889476776123047
2017-10-06,16.999732971191406
2017-10-09,16.353229522705078
2017-10-10,15.832001686096191
2017-10-11,15.842025756835938
2017-10-12,15.987366676330566
2017-10-13,16.217905044555664
2017-10-16,16.067554473876953
2017-10-17,16.042495727539062
2017-10-18,16.11265754699707
2017-10-19,16.20287322998047
2017-10-20,16.368261337280273
2017-10-23,16.147743225097656
2017-10-24,16.217905044555664
2017-10-25,16.12769889831543
2017-10-26,15.967317581176758
2017-10-27,16.082590103149414
2017-10-30,16.24296760559082
2017-10-31,16.28807258605957
2017-11-01,16.117671966552734
2017-11-02,14.72441577911377
2017-11-03,14.975004196166992
2017-11-06,14.483853340148926
2017-11-07,14.3735990524292
2017-11-08,14.549005508422852
2017-11-09,14.3284912109375
2017-11-10,14.213220596313477
2017-11-13,14.0177640914917
2017-11-14,14.082919120788574
2017-11-15,13.887459754943848
2017-11-16,14.173127174377441
2017-11-17,14.090215682983398
2017-11-20,14.1655912399292
2017-11-21,14.12539291381836
2017-11-22,14.286191940307617
2017-11-24,14.351517677307129
2017-11-27,14.492217063903809
2017-11-28,14.55754566192627
2017-11-29,14.356542587280273
2017-11-30,14.55754566192627
2017-12-01,14.627893447875977
2017-12-04,13.944488525390625
2017-12-05,13.78870964050293
2017-12-06,13.748512268066406
2017-12-07,13.849015235900879
2017-12-08,14.060064315795898
2017-12-11,14.6831693649292
2017-12-12,14.532419204711914
2017-12-13,14.386690139770508
2017-12-14,14.446993827819824
2017-12-15,14.562567710876465
2017-12-18,14.396739959716797
2017-12-19,14.225890159606934
2017-12-20,14.150511741638184
2017-12-21,14.311317443847656
2017-12-22,14.230915069580078
2017-12-26,14.185690879821777
2017-12-27,14.29624080657959
2017-12-28,14.311317443847656
2017-12-29,14.100263595581055
2018-01-02,14.527396202087402
2018-01-03,14.527396202087402
2018-01-04,14.55754566192627
2018-01-05,14.828896522521973
2018-01-08,14.859047889709473
2018-01-09,14.577643394470215
2018-01-10,14.401766777038574
2018-01-11,14.457040786743164
2018-01-12,14.48216724395752
2018-01-16,14.00478744506836
2018-01-17,13.828910827636719
2018-01-18,13.693236351013184
2018-01-19,13.798760414123535
2018-01-22,13.336458206176758
2018-01-23,13.37163257598877
2018-01-24,13.467105865478516
2018-01-25,13.642984390258789
2018-01-26,13.92438793182373
2018-01-29,13.60278606414795
2018-01-30,13.376660346984863
2018-01-31,13.683186531066895
2018-02-01,13.748512268066406
2018-02-02,13.577664375305176
2018-02-05,13.462085723876953
2018-02-06,13.607810974121094
2018-02-07,13.356557846069336
2018-02-08,12.859077453613281
2018-02-09,13.019882202148438
2018-02-12,13.1153564453125
2018-02-13,13.356557846069336
2018-02-14,13.577664375305176
2018-02-15,13.919364929199219
2018-02-16,13.843987464904785
2018-02-20,13.577664375305176
2018-02-21,13.620492935180664
2018-02-22,13.595295906066895
2018-02-23,13.822056770324707
2018-02-26,13.721272468566895
2018-02-27,13.262721061706543
2018-02-28,13.247605323791504
2018-03-01,13.358465194702148
2018-03-02,13.560022354125977
2018-03-05,13.650726318359375
2018-03-06,13.58521842956543
2018-03-07,13.726310729980469
2018-03-08,13.922833442687988
2018-03-09,14.033692359924316
2018-03-12,13.9883394241333
2018-03-13,13.776703834533691
2018-03-14,13.79181957244873
2018-03-15,13.877484321594238
2018-03-16,13.79181957244873
2018-03-19,13.4390869140625
2018-03-20,13.363502502441406
2018-03-21,13.57010269165039
2018-03-22,13.403815269470215
2018-03-23,12.950301170349121
2018-03-26,13.207294464111328
2018-03-27,12.854561805725098
2018-03-28,12.920066833496094
2018-03-29,13.025887489318848
2018-04-02,12.698349952697754
2018-04-03,12.940223693847656
2018-04-04,13.151862144470215
2018-04-05,13.177059173583984
2018-04-06,13.101469993591309
2018-04-09,13.091395378112793
2018-04-10,13.328229904174805
2018-04-11,13.519710540771484
2018-04-12,13.907720565795898
2018-04-13,13.867405891418457
2018-04-16,13.98330307006836
2018-04-17,14.068965911865234
2018-04-18,14.063929557800293
2018-04-19,14.033692359924316
2018-04-20,13.96314525604248
2018-04-23,13.9883394241333
2018-04-24,13.953067779541016
2018-04-25,14.351151466369629
2018-04-26,14.43177604675293
2018-04-27,14.008501052856445
2018-04-30,14.003459930419922
2018-05-01,13.942988395690918
2018-05-02,14.068965911865234
2018-05-03,13.973224639892578
2018-05-04,14.028655052185059
2018-05-07,14.330992698669434
2018-05-08,14.411623001098633
2018-05-09,14.48720645904541
2018-05-10,14.703886032104492
2018-05-11,9.836181640625
2018-05-14,10.783519744873047
2018-05-15,11.252150535583496
2018-05-16,11.262228012084961
2018-05-17,11.24710750579834
2018-05-18,11.181604385375977
2018-05-21,10.879262924194336
2018-05-22,10.768404006958008
2018-05-23,10.743206977844238
2018-05-24,10.576918601989746
2018-05-25,10.612189292907715
2018-05-29,10.592034339904785
2018-05-30,10.607154846191406
2018-05-31,10.47110366821289
2018-06-01,10.592034339904785
2018-06-04,10.657541275024414
2018-06-05,10.75328254699707
2018-06-06,10.854063987731934
2018-06-07,10.770633697509766
2018-06-08,10.780745506286621
2018-06-11,10.72006607055664
2018-06-12,10.836366653442383
2018-06-13,10.760518074035645
2018-06-14,10.800972938537598
2018-06-15,10.750405311584473
2018-06-18,10.699835777282715
2018-06-19,10.613875389099121
2018-06-20,10.623991012573242
2018-06-21,10.517801284790039
2018-06-22,10.477348327636719
2018-06-25,10.350932121276855
2018-06-26,10.285195350646973
2018-06-27,10.179006576538086
2018-06-28,10.259910583496094
2018-06-29,10.441947937011719
2018-07-02,10.563308715820312
2018-07-03,10.522854804992676
2018-07-05,10.694781303405762
2018-07-06,10.760518074035645
2018-07-09,10.907160758972168
2018-07-10,10.826251983642578
2018-07-11,10.760518074035645
2018-07-12,10.932442665100098
2018-07-13,10.957727432250977
2018-07-16,10.89704704284668
2018-07-17,10.907160758972168
2018-07-18,10.902101516723633
2018-07-19,10.765575408935547
2018-07-20,10.72006607055664
2018-07-23,10.573420524597168
2018-07-24,10.391383171081543
2018-07-25,10.462178230285645
2018-07-26,10.416667938232422
2018-07-27,10.482404708862305
2018-07-30,10.270024299621582
2018-07-31,10.224514961242676
2018-08-01,10.330705642700195
2018-08-02,10.558253288269043
2018-08-03,9.734021186828613
2018-08-06,9.900890350341797
2018-08-07,9.830097198486328
2018-08-08,9.830097198486328
2018-08-09,9.723906517028809
2018-08-10,9.698623657226562
2018-08-13,9.511531829833984
2018-08-14,9.435678482055664
2018-08-15,9.38005542755127
2018-08-16,9.814929008483887
2018-08-17,9.87838077545166
2018-08-20,9.827619552612305
2018-08-21,9.924066543579102
2018-08-22,10.000210762023926
2018-08-23,9.959599494934082
2018-08-24,10.030668258666992
2018-08-27,10.182953834533691
2018-08-28,10.284482955932617
2018-08-29,10.44184398651123
2018-08-30,10.254021644592285
2018-08-31,10.233719825744629
2018-09-04,10.17280387878418
2018-09-05,10.091584205627441
2018-09-06,10.056050300598145
2018-09-07,10.066200256347656
2018-09-10,10.096656799316406
2018-09-11,10.157574653625488
2018-09-12,10.203261375427246
2018-09-13,10.17280387878418
2018-09-14,10.167725563049316
2018-09-17,10.050972938537598
2018-09-18,10.482451438903809
2018-09-19,10.492605209350586
2018-09-20,10.50783634185791
2018-09-21,10.609362602233887
2018-09-24,11.010384559631348
2018-09-25,10.761650085449219
2018-09-26,10.675352096557617
2018-09-27,10.792106628417969
2018-09-28,10.802257537841797
2018-10-01,10.553520202636719
2018-10-02,10.436769485473633
2018-10-03,10.502760887145996
2018-10-04,10.365697860717773
2018-10-05,10.17280387878418
2018-10-08,10.325091361999512
2018-10-09,10.106810569763184
2018-10-10,10.101737022399902
2018-10-11,9.87838077545166
2018-10-12,9.944375038146973
2018-10-15,10.04082202911377
2018-10-16,10.487528800964355
2018-10-17,10.44184398651123
2018-10-18,10.137269973754883
2018-10-19,9.984980583190918
2018-10-22,9.990056037902832
2018-10-23,9.888533592224121
2018-10-24,9.431668281555176
2018-10-25,9.63979434967041
2018-10-26,9.467205047607422
2018-10-29,9.137248992919922
2018-10-30,8.974807739257812
2018-10-31,9.21339225769043
2018-11-01,9.507814407348633
2018-11-02,9.89868450164795
2018-11-05,10.162650108337402
2018-11-06,11.441869735717773
2018-11-07,11.578923225402832
2018-11-08,11.36571979522705
2018-11-09,11.294654846191406
2018-11-12,11.081452369689941
2018-11-13,11.09160327911377
2018-11-14,11.350493431091309
2018-11-15,11.837813377380371
2018-11-16,11.75887680053711
2018-11-19,11.336188316345215
2018-11-20,11.005168914794922
2018-11-21,10.959334373474121
2018-11-23,11.051000595092773
2018-11-26,11.249613761901855
2018-11-27,11.12739086151123
2018-11-28,11.458413124084473
2018-11-29,11.499152183532715
2018-11-30,11.259798049926758
2018-12-03,11.387116432189941
2018-12-04,11.183409690856934
2018-12-06,11.361653327941895
2018-12-07,11.091743469238281
2018-12-10,11.244522094726562
2018-12-11,11.34637451171875
2018-12-12,11.58572769165039
2018-12-13,11.44822883605957
2018-12-14,10.984797477722168
2018-12-17,10.516273498535156
2018-12-18,10.551925659179688
2018-12-19,10.404237747192383
2018-12-20,9.96117877960205
2018-12-21,9.3908052444458
2018-12-24,9.14635944366455
2018-12-26,9.426454544067383
2018-12-27,9.47738265991211
2018-12-28,9.451916694641113
2018-12-31,9.625066757202148
2019-01-02,9.645437240600586
2019-01-03,9.4621000289917
2019-01-04,9.859328269958496
2019-01-07,9.844048500061035
2019-01-08,9.971365928649902
2019-01-09,10.149611473083496
2019-01-10,10.220906257629395
2019-01-11,10.124144554138184
2019-01-14,9.83895492553711
2019-01-15,10.037568092346191
2019-01-16,10.052848815917969
2019-01-17,10.190348625183105
2019-01-18,10.24127197265625
2019-01-22,10.083402633666992
2019-01-23,10.073219299316406
2019-01-24,10.200531959533691
2019-01-25,10.378775596618652
2019-01-28,10.618128776550293
2019-01-29,10.39914321899414
2019-01-30,10.602849960327148
2019-01-31,10.70470142364502
2019-02-01,11.667210578918457
2019-02-04,11.723228454589844
2019-02-05,11.611191749572754
2019-02-06,11.662117004394531
2019-02-07,11.48896598815918
2019-02-08,11.539894104003906
2019-02-11,11.417672157287598
2019-02-12,11.92184066772461
2019-02-13,11.723228454589844
2019-02-14,11.743598937988281
2019-02-15,11.827901840209961
2019-02-19,11.746153831481934
2019-02-20,11.480472564697266
2019-02-21,11.414053916931152
2019-02-22,11.582660675048828
2019-02-25,11.567329406738281
2019-02-26,11.643969535827637
2019-02-27,11.572439193725586
2019-02-28,11.490692138671875
2019-03-01,11.511130332946777
2019-03-04,11.286321640014648
2019-03-05,11.311866760253906
2019-03-06,11.225010871887207
2019-03-07,11.184136390686035
2019-03-08,11.214792251586914
2019-03-11,11.434488296508789
2019-03-12,11.475364685058594
2019-03-13,11.725717544555664
2019-03-14,11.715497970581055
2019-03-15,11.761482238769531
2019-03-18,11.787026405334473
2019-03-19,11.858552932739258
2019-03-20,11.822793006896973
2019-03-21,12.05270767211914
2019-03-22,11.67973518371582
2019-03-25,11.689952850341797
2019-03-26,11.8687744140625
2019-03-27,11.669513702392578
2019-03-28,11.72060775756836
2019-03-29,11.746153831481934
2019-04-01,11.848341941833496
2019-04-02,11.827901840209961
2019-04-03,11.919868469238281
2019-04-04,11.771699905395508
2019-04-05,11.746153831481934
2019-04-08,12.384807586669922
2019-04-09,12.200873374938965
2019-04-10,12.12934684753418
2019-04-11,12.21109390258789
2019-04-12,12.241751670837402
2019-04-15,12.471667289733887
2019-04-16,12.415465354919434
2019-04-17,12.502323150634766
2019-04-18,12.466556549072266
2019-04-22,12.395026206970215
2019-04-23,12.410357475280762
2019-04-24,12.389921188354492
2019-04-25,12.328607559204102
2019-04-26,12.384807586669922
2019-04-29,12.430793762207031
2019-04-30,12.369481086730957
2019-05-01,12.185550689697266
2019-05-02,11.930087089538574
2019-05-03,12.032268524169922
2019-05-06,11.848341941833496
2019-05-07,11.429383277893066
2019-05-08,11.37317943572998
2019-05-09,11.327195167541504
2019-05-10,9.906824111938477
2019-05-13,9.779093742370605
2019-05-14,9.947700500488281
2019-05-15,9.957919120788574
2019-05-16,10.070320129394531
2019-05-17,10.136741638183594
2019-05-20,10.244035720825195
2019-05-21,10.489280700683594
2019-05-22,10.366657257080078
2019-05-23,10.203163146972656
2019-05-24,10.141850471496582
2019-05-28,9.942590713500977
2019-05-29,9.712674140930176
2019-05-30,9.646252632141113
2019-05-31,9.569616317749023
2019-06-03,9.186422348022461
2019-06-04,9.641143798828125
2019-06-05,9.74843978881836
2019-06-06,9.682019233703613
2019-06-07,9.823079109191895
2019-06-10,9.853859901428223
2019-06-11,9.669196128845215
2019-06-12,9.843602180480957
2019-06-13,10.04365062713623
2019-06-14,9.930802345275879
2019-06-17,10.135986328125
2019-06-18,10.243705749511719
2019-06-19,10.336037635803223
2019-06-20,10.546346664428711
2019-06-21,10.689972877502441
2019-06-24,10.761789321899414
2019-06-25,10.66945743560791
2019-06-26,10.700235366821289
2019-06-27,10.81821346282959
2019-06-28,11.161895751953125
2019-07-01,11.315781593322754
2019-07-02,11.336297988891602
2019-07-03,12.875164031982422
2019-07-05,12.823866844177246
2019-07-08,13.13676929473877
2019-07-09,13.111119270324707
2019-07-10,13.23422908782959
2019-07-11,13.049565315246582
2019-07-12,13.116251945495605
2019-07-15,11.715882301330566
2019-07-16,12.090341567993164
2019-07-17,11.633810043334961
2019-07-18,11.797957420349121
2019-07-19,11.42349910736084
2019-07-22,11.649200439453125
2019-07-23,11.700495719909668
2019-07-24,11.638943672180176
2019-07-25,11.531221389770508
2019-07-26,11.659457206726074
2019-07-29,11.336297988891602
2019-07-30,11.24909496307373
2019-07-31,11.05930233001709
2019-08-01,11.04904556274414
2019-08-02,10.848990440368652
2019-08-05,10.433497428894043
2019-08-06,10.4950532913208
2019-08-07,10.469407081604004
2019-08-08,11.756918907165527
2019-08-09,11.792828559875488
2019-08-12,11.115726470947266
2019-08-13,11.85951042175293
2019-08-14,11.823602676391602
2019-08-15,11.869770050048828
2019-08-16,12.059564590454102
2019-08-19,12.233969688415527
2019-08-20,12.187804222106934
2019-08-21,12.162155151367188
2019-08-22,12.069822311401367
2019-08-23,11.948894500732422
2019-08-26,12.00035285949707
2019-08-27,11.871705055236816
2019-08-28,11.809951782226562
2019-08-29,11.943747520446777
2019-08-30,11.964329719543457
2019-09-03,11.830533981323242
2019-09-04,11.995206832885742
2019-09-05,12.077544212341309
2019-09-06,12.617868423461914
2019-09-09,12.561259269714355
2019-09-10,12.571554183959961
2019-09-11,12.72592830657959
2019-09-12,12.628158569335938
2019-09-13,12.586991310119629
2019-09-16,12.484071731567383
2019-09-17,12.571554183959961
2019-09-18,12.360570907592773
2019-09-19,12.339986801147461
2019-09-20,12.28852367401123
2019-09-23,12.226778030395508
2019-09-24,12.026083946228027
2019-09-25,12.247357368469238
2019-09-26,12.21648120880127
2019-09-27,12.092981338500977
2019-09-30,12.159878730773926
2019-10-01,12.098125457763672
2019-10-02,11.984915733337402
2019-10-03,12.087834358215332
2019-10-04,12.08268928527832
2019-10-07,12.077544212341309
2019-10-08,11.9540376663208
2019-10-09,12.103271484375
2019-10-10,12.087834358215332
2019-10-11,12.12385368347168
2019-10-14,12.051813125610352
2019-10-15,12.139294624328613
2019-10-16,12.092981338500977
2019-10-17,12.08268928527832
2019-10-18,11.84083080291748
2019-10-21,11.876850128173828
2019-10-22,11.912873268127441
2019-10-23,11.84083080291748
2019-10-24,11.85112190246582
2019-10-25,11.676158905029297
2019-10-28,11.75849437713623
2019-10-29,11.887142181396484
2019-10-30,11.830533981323242
2019-10-31,11.773931503295898
2019-11-01,12.046664237976074
2019-11-04,12.221631050109863
2019-11-05,12.221631050109863
2019-11-06,12.350278854370117
2019-11-07,12.525238990783691
2019-11-08,12.777390480041504
2019-11-11,12.530386924743652
2019-11-12,12.453198432922363
2019-11-13,12.643595695495605
2019-11-14,12.617868423461914
2019-11-15,12.777390480041504
2019-11-18,12.63330364227295
2019-11-19,12.710494041442871
2019-11-20,12.638446807861328
2019-11-21,12.643595695495605
2019-11-22,12.682388305664062
2019-11-25,12.88410758972168
2019-11-26,12.930657386779785
2019-11-27,12.889277458190918
2019-11-29,12.878933906555176
2019-12-02,12.925483703613281
2019-12-03,12.904797554016113
2019-12-04,13.127202987670898
2019-12-05,13.184098243713379
2019-12-06,13.16858196258545
2019-12-09,13.137547492980957
2019-12-10,13.592707633972168
2019-12-11,13.644429206848145
2019-12-12,13.540984153747559
2019-12-13,13.447882652282715
2019-12-16,13.432365417480469
2019-12-17,13.406505584716797
2019-12-18,13.437538146972656
2019-12-19,13.458229064941406
2019-12-20,13.194442749023438
2019-12-23,13.308232307434082
2019-12-24,13.282369613647461
2019-12-26,13.163410186767578
2019-12-27,13.240994453430176
2019-12-30,13.178926467895508
2019-12-31,13.19961166381836
2020-01-02,13.458229064941406
2020-01-03,13.359952926635742
2020-01-06,13.649600982666016
2020-01-07,13.835803031921387
2020-01-08,13.76339340209961
2020-01-09,13.804770469665527
2020-01-10,13.701323509216309
2020-01-13,13.758221626281738
2020-01-14,13.85132122039795
2020-01-15,14.22372055053711
2020-01-16,14.420267105102539
2020-01-17,14.549574851989746
2020-01-21,14.508195877075195
2020-01-22,14.590953826904297
2020-01-23,14.689226150512695
2020-01-24,14.51854133605957
2020-01-27,14.187517166137695
2020-01-28,14.316822052001953
2020-01-29,14.316822052001953
2020-01-30,14.63750171661377
2020-01-31,14.699570655822754
2020-02-03,15.3530855178833
2020-02-04,15.69327163696289
2020-02-05,15.791743278503418
2020-02-06,15.764885902404785
2020-02-07,17.662761688232422
2020-02-10,18.08351707458496
2020-02-11,18.450557708740234
2020-02-12,18.450557708740234
2020-02-13,18.584842681884766
2020-02-14,18.495315551757812
2020-02-18,18.378938674926758
2020-02-19,18.531126022338867
2020-02-20,18.6117000579834
2020-02-21,18.436071395874023
2020-02-24,17.940725326538086
2020-02-25,17.229217529296875
2020-02-26,17.382328033447266
2020-02-27,17.049089431762695
2020-02-28,17.13915252685547
2020-03-02,17.949729919433594
2020-03-03,17.37332534790039
2020-03-04,17.7515869140625
2020-03-05,17.427358627319336
2020-03-06,16.823930740356445
2020-03-09,15.481980323791504
2020-03-10,16.15746307373047
2020-03-11,16.076398849487305
2020-03-12,15.545023918151855
2020-03-13,15.716150283813477
2020-03-16,15.16675853729248
2020-03-17,14.986626625061035
2020-03-18,14.95960807800293
2020-03-19,15.148741722106934
2020-03-20,15.27483081817627
2020-03-23,14.932589530944824
2020-03-24,15.626078605651855
2020-03-25,16.1124210357666
2020-03-26,16.868967056274414
2020-03-27,17.049089431762695
2020-03-30,17.20219612121582
2020-03-31,16.85094451904297
2020-04-01,16.89598274230957
2020-04-02,16.634796142578125
2020-04-03,16.47268295288086
2020-04-06,17.085113525390625
2020-04-07,17.0580997467041
2020-04-08,17.634510040283203
2020-04-09,17.44537353515625
2020-04-13,16.98604393005371
2020-04-14,17.175180435180664
2020-04-15,17.742582321166992
2020-04-16,18.391042709350586
2020-04-17,18.120853424072266
2020-04-20,18.021780014038086
2020-04-21,17.454378128051758
2020-04-22,17.931716918945312
2020-04-23,18.201906204223633
2020-04-24,18.87738800048828
2020-04-27,19.16559410095215
2020-04-28,18.886390686035156
2020-04-29,19.16559410095215
2020-04-30,19.156585693359375
2020-05-01,18.787322998046875
2020-05-04,19.003477096557617
2020-05-05,19.3907527923584
2020-05-06,19.381744384765625
2020-05-07,19.075531005859375
2020-05-08,19.16559410095215
2020-05-11,19.363733291625977
2020-05-12,18.73328399658203
2020-05-13,18.400049209594727
2020-05-14,18.850366592407227
2020-05-15,18.030786514282227
2020-05-18,17.958740234375
2020-05-19,18.219921112060547
2020-05-20,18.913414001464844
2020-05-21,18.219921112060547
2020-05-22,18.228923797607422
2020-05-26,17.895689010620117
2020-05-27,17.886682510375977
2020-05-28,18.859373092651367
2020-05-29,20.51654815673828
2020-06-01,19.55286407470703
2020-06-02,18.967449188232422
2020-06-03,18.6522274017334
2020-06-04,19.003477096557617
2020-06-05,18.958444595336914
2020-06-08,19.787031173706055
2020-06-09,19.148447036743164
2020-06-10,19.39300537109375
2020-06-11,18.09772300720215
2020-06-12,17.979976654052734
2020-06-15,18.351348876953125
2020-06-16,18.41475486755371
2020-06-17,18.31511688232422
2020-06-18,18.17019271850586
2020-06-19,18.84953498840332
2020-06-22,18.75895881652832
2020-06-23,18.550626754760742
2020-06-24,17.88033676147461
2020-06-25,17.690120697021484
2020-06-26,17.318748474121094
2020-06-29,17.599546432495117
2020-06-30,17.96185874938965
2020-07-01,17.90751075744629
2020-07-02,18.124900817871094
2020-07-06,18.052440643310547
2020-07-07,17.9346866607666
2020-07-08,18.215478897094727
2020-07-09,18.188310623168945
2020-07-10,18.387582778930664
2020-07-13,18.260770797729492
2020-07-14,18.269826889038086
2020-07-15,18.333232879638672
2020-07-16,18.269826889038086
2020-07-17,18.396636962890625
2020-07-20,18.50533676147461
2020-07-21,18.06150245666504
2020-07-22,18.749906539916992
2020-07-23,19.130332946777344
2020-07-24,18.469104766845703
2020-07-27,18.858591079711914
2020-07-28,18.63214683532715
2020-07-29,19.184682846069336
2020-07-30,19.139387130737305
2020-07-31,19.429244995117188
2020-08-03,19.89119529724121
2020-08-04,20.01800537109375
2020-08-05,19.836849212646484
2020-08-06,20.072355270385742
2020-08-07,21.159305572509766
2020-08-10,20.833221435546875
2020-08-11,20.271629333496094
2020-08-12,20.398439407348633
2020-08-13,20.806045532226562
2020-08-14,20.760757446289062
2020-08-17,20.652061462402344
2020-08-18,20.697355270385742
2020-08-19,20.552427291870117
2020-08-20,20.516191482543945
2020-08-21,20.575397491455078
2020-08-24,21.36781120300293
2020-08-25,21.39513397216797
2020-08-26,22.050920486450195
2020-08-27,22.014490127563477
2020-08-28,21.90519142150879
2020-08-31,21.422460556030273
2020-09-01,21.695703506469727
2020-09-02,21.959842681884766
2020-09-03,20.866857528686523
2020-09-04,21.30405044555664
2020-09-08,20.575397491455078
2020-09-09,20.99437141418457
2020-09-10,20.466096878051758
2020-09-11,19.24559783935547
2020-09-14,19.3640079498291
2020-09-15,19.33668327331543
2020-09-16,19.227384567260742
2020-09-17,19.01789665222168
2020-09-18,19.008792877197266
2020-09-21,18.753759384155273
2020-09-22,19.136306762695312
2020-09-23,18.51694679260254
2020-09-24,18.635351181030273
2020-09-25,19.036113739013672
2020-09-28,19.190950393676758
2020-09-29,18.99968147277832
2020-09-30,18.981456756591797
2020-10-01,18.86305809020996
2020-10-02,18.72643280029297
2020-10-05,19.600818634033203
2020-10-06,19.309358596801758
2020-10-07,19.090763092041016
2020-10-08,19.04522132873535
2020-10-09,19.118083953857422
2020-10-12,19.373117446899414
2020-10-13,19.40044403076172
2020-10-14,19.6463623046875
2020-10-15,19.218280792236328
2020-10-16,19.218280792236328
2020-10-19,18.853954315185547
2020-10-20,18.84484100341797
2020-10-21,18.954137802124023
2020-10-22,18.80841064453125
2020-10-23,18.981456756591797
2020-10-26,18.781084060668945
2020-10-27,18.945032119750977
2020-10-28,18.598918914794922
2020-10-29,18.771976470947266
2020-10-30,18.735544204711914
2020-11-02,19.07254409790039
2020-11-03,19.6463623046875
2020-11-04,20.019794464111328
2020-11-05,20.056228637695312
2020-11-06,18.57159423828125
2020-11-09,17.724536895751953
2020-11-10,17.624343872070312
2020-11-11,18.298349380493164
2020-11-12,17.806509017944336
2020-11-13,18.03421401977539
2020-11-16,17.43307113647461
2020-11-17,17.205366134643555
2020-11-18,17.159826278686523
2020-11-19,17.004985809326172
2020-11-20,16.752822875976562
2020-11-23,16.771162033081055
2020-11-24,16.70697021484375
2020-11-25,16.67029571533203
2020-11-27,16.606107711791992
2020-11-30,16.716144561767578
2020-12-01,16.716144561767578
2020-12-02,17.046249389648438
2020-12-03,17.513898849487305
2020-12-04,17.669784545898438
2020-12-07,18.073238372802734
2020-12-08,17.68812370300293
2020-12-09,17.87150764465332
2020-12-10,17.899019241333008
2020-12-11,17.963214874267578
2020-12-14,18.219953536987305
2020-12-15,18.302478790283203
2020-12-16,18.687602996826172
2020-12-17,18.852657318115234
2020-12-18,19.476186752319336
2020-12-21,19.237777709960938
2020-12-22,19.56788444519043
2020-12-23,19.219440460205078
2020-12-24,19.29279899597168
2020-12-28,19.274456024169922
2020-12-29,19.10024070739746
2020-12-30,19.026880264282227
2020-12-31,19.054386138916016
2021-01-04,19.045217514038086
2021-01-05,19.228612899780273
2021-01-06,19.18276023864746
2021-01-07,19.36615562438965
2021-01-08,19.29279899597168
2021-01-11,19.28363037109375
2021-01-12,19.56788444519043
2021-01-13,19.13691520690918
2021-01-14,18.650924682617188
2021-01-15,18.75179100036621
2021-01-19,19.054386138916016
2021-01-20,19.173593521118164
2021-01-21,18.907676696777344
2021-01-22,18.953519821166992
2021-01-25,18.944351196289062
2021-01-26,19.210269927978516
2021-01-27,19.08189582824707
2021-01-28,19.531208038330078
2021-01-29,19.3203067779541
2021-02-01,19.659582138061523
2021-02-02,20.04470443725586
2021-02-03,19.833797454833984
2021-02-04,19.659582138061523
2021-02-05,19.3203067779541
2021-02-08,18.852657318115234
2021-02-09,20.20975685119629
2021-02-10,19.85213851928711
2021-02-11,19.52204132080078
2021-02-12,19.68708610534668
2021-02-16,19.613731384277344
2021-02-17,19.393661499023438
2021-02-18,19.10940170288086
2021-02-19,18.87416648864746
2021-02-22,18.92029571533203
2021-02-23,18.292997360229492
2021-02-24,18.957191467285156
2021-02-25,18.661998748779297
2021-02-26,17.997804641723633
2021-03-01,18.136178970336914
2021-03-02,18.39447784423828
2021-03-03,18.440595626831055
2021-03-04,18.542072296142578
2021-03-05,18.625099182128906
2021-03-08,19.34463882446289
2021-03-09,19.861236572265625
2021-03-10,19.381542205810547
2021-03-11,19.741313934326172
2021-03-12,19.81511116027832
2021-03-15,19.898136138916016
2021-03-16,19.630611419677734
2021-03-17,19.741313934326172
2021-03-18,19.538366317749023
2021-03-19,19.483013153076172
2021-03-22,19.65828514099121
2021-03-23,19.722862243652344
2021-03-24,19.427663803100586
2021-03-25,19.418439865112305
2021-03-26,19.93503761291504
2021-03-29,20.0365047454834
2021-03-30,19.46456527709961
2021-03-31,19.612163543701172
2021-04-01,19.75975799560547
2021-04-05,20.38705825805664
2021-04-06,20.24867820739746
2021-04-07,20.06418228149414
2021-04-08,20.377826690673828
2021-04-09,20.230236053466797
2021-04-12,20.479305267333984
2021-04-13,19.870458602905273
2021-04-14,19.492238998413086
2021-04-15,19.796655654907227
2021-04-16,19.944257736206055
2021-04-19,20.110307693481445
2021-04-20,20.128755569458008
2021-04-21,20.304031372070312
2021-04-22,20.294809341430664
2021-04-23,20.525428771972656
2021-04-26,20.857524871826172
2021-04-27,20.73760223388672
2021-04-28,20.423954010009766
2021-04-29,20.294809341430664
2021-04-30,19.93503761291504
2021-05-03,19.944257736206055
2021-05-04,19.796655654907227
2021-05-05,19.593711853027344
2021-05-06,19.206262588500977
2021-05-07,19.46456527709961
2021-05-10,19.446117401123047
2021-05-11,21.54016876220703
2021-05-12,23.089954376220703
2021-05-13,23.40359878540039
2021-05-14,24.067794799804688
2021-05-17,24.086246490478516
2021-05-18,24.436792373657227
2021-05-19,24.3353214263916
2021-05-20,24.612064361572266
2021-05-21,24.64896583557129
2021-05-24,25.36850929260254
2021-05-25,25.119434356689453
2021-05-26,25.488431930541992
2021-05-27,25.506881713867188
2021-05-28,25.516109466552734
2021-06-01,25.7282772064209
2021-06-02,26.28177261352539
2021-06-03,25.885099411010742
2021-06-04,26.244873046875
2021-06-07,26.226425170898438
2021-06-08,26.184730529785156
2021-06-09,26.4997615814209
2021-06-10,26.564617156982422
2021-06-11,26.490493774414062
2021-06-14,26.360774993896484
2021-06-15,25.943819046020508
2021-06-16,25.721445083618164
2021-06-17,25.499069213867188
2021-06-18,24.850475311279297
2021-06-21,25.360084533691406
2021-06-22,25.12844467163086
2021-06-23,25.230365753173828
2021-06-24,25.3508243560791
2021-06-25,24.99872398376465
2021-06-28,25.0543212890625
2021-06-29,25.378618240356445
2021-06-30,25.221099853515625
2021-07-01,25.193302154541016
2021-07-02,25.20256805419922
2021-07-06,25.69365119934082
2021-07-07,25.795570373535156
2021-07-08,25.211833953857422
2021-07-09,25.628793716430664
2021-07-12,25.295223236083984
2021-07-13,25.20256805419922
2021-07-14,24.93386459350586
2021-07-15,23.960973739624023
2021-07-16,24.099956512451172
2021-07-19,24.127758026123047
2021-07-20,23.914644241333008
2021-07-21,23.710798263549805
2021-07-22,23.821985244750977
2021-07-23,23.88684844970703
2021-07-26,23.794193267822266
2021-07-27,23.608875274658203
2021-07-28,23.41429901123047
2021-07-29,22.812034606933594
2021-07-30,22.99734115600586
2021-08-02,22.793500900268555
2021-08-03,22.700843811035156
2021-08-04,22.441402435302734
2021-08-05,22.228296279907227
2021-08-06,22.228296279907227
2021-08-09,22.135639190673828
2021-08-10,22.37654685974121
2021-08-11,24.322330474853516
2021-08-12,24.174081802368164
2021-08-13,24.359397888183594
2021-08-16,23.979503631591797
2021-08-17,24.05362892150879
2021-08-18,23.821985244750977
2021-08-19,23.93317413330078
2021-08-20,23.975078582763672
2021-08-23,24.179906845092773
2021-08-24,24.626827239990234
2021-08-25,24.859590530395508
2021-08-26,24.868900299072266
2021-08-27,24.934078216552734
2021-08-30,24.943389892578125
2021-08-31,24.729238510131836
2021-09-01,24.906143188476562
2021-09-02,25.27857208251953
2021-09-03,25.399614334106445
2021-09-07,25.250640869140625
2021-09-08,25.529964447021484
2021-09-09,25.492719650268555
2021-09-10,25.380992889404297
2021-09-13,24.77579689025879
2021-09-14,24.37543296813965
2021-09-15,24.44060707092285
2021-09-16,24.13335418701172
2021-09-17,23.919208526611328
2021-09-20,23.49091339111328
2021-09-21,23.258150100708008
2021-09-22,23.220909118652344
2021-09-23,23.975078582763672
2021-09-24,24.040252685546875
2021-09-27,24.03093910217285
2021-09-28,23.872657775878906
2021-09-29,23.78885841369629
2021-09-30,23.556089401245117
2021-10-01,23.798168182373047
2021-10-04,23.314014434814453
2021-10-05,23.509536743164062
2021-10-06,23.509536743164062
2021-10-07,23.956453323364258
2021-10-08,23.900590896606445
2021-10-11,23.826101303100586
2021-10-12,23.630578994750977
2021-10-13,23.351259231567383
2021-10-14,23.546783447265625
2021-10-15,23.556089401245117
2021-10-18,23.947141647338867
2021-10-19,24.040252685546875
2021-10-20,24.328882217407227
2021-10-21,24.477853775024414
2021-10-22,24.8316593170166
2021-10-25,24.8316593170166
2021-10-26,24.533716201782227
2021-10-27,24.03093910217285
2021-10-28,24.189220428466797
2021-10-29,23.695755004882812
2021-11-01,23.60264778137207
2021-11-02,23.49091339111328
2021-11-03,23.621265411376953
2021-11-04,23.230220794677734
2021-11-05,23.062625885009766
2021-11-08,24.096111297607422
2021-11-09,23.379194259643555
2021-11-10,23.258150100708008
2021-11-11,23.304704666137695
2021-11-12,23.77023696899414
2021-11-15,23.41642951965332
2021-11-16,23.481603622436523
2021-11-17,23.230220794677734
2021-11-18,23.071935653686523
2021-11-19,23.394784927368164
2021-11-22,23.15147590637207
2021-11-23,23.16083335876465
2021-11-24,23.581939697265625
2021-11-26,23.385427474975586
2021-11-29,23.684879302978516
2021-11-30,23.254413604736328
2021-12-01,22.290552139282227
2021-12-02,22.543210983276367
2021-12-03,22.580644607543945
2021-12-06,22.77716064453125
2021-12-07,23.15147590637207
2021-12-08,22.84266471862793
2021-12-09,22.365413665771484
2021-12-10,22.758445739746094
2021-12-13,22.99239158630371
2021-12-14,22.711654663085938
2021-12-15,23.22633934020996
2021-12-16,23.881393432617188
2021-12-17,24.068553924560547
2021-12-20,24.12470245361328
2021-12-21,23.9468994140625
2021-12-22,23.956260681152344
2021-12-23,24.208921432495117
2021-12-27,24.452228546142578
2021-12-28,24.49901580810547
2021-12-29,24.60195541381836
2021-12-30,24.51773452758789
2021-12-31,24.311857223510742
2022-01-03,24.639385223388672
2022-01-04,24.845258712768555
2022-01-05,24.51773452758789
2022-01-06,25.322511672973633
2022-01-07,24.901411056518555
2022-01-10,25.125999450683594
2022-01-11,25.163429260253906
2022-01-12,24.873334884643555
2022-01-13,24.892051696777344
2022-01-14,25.154067993164062
2022-01-18,25.041778564453125
2022-01-19,24.667457580566406
2022-01-20,24.59259796142578
2022-01-21,24.386722564697266
2022-01-24,24.452228546142578
2022-01-25,23.86268424987793
2022-01-26,23.712953567504883
2022-01-27,23.684879302978516
2022-01-28,23.993690490722656
2022-01-31,24.33993148803711
2022-02-01,24.3305721282959
2022-02-02,24.396080017089844
2022-02-03,23.750383377075195
2022-02-04,25.818483352661133
2022-02-07,26.482894897460938
2022-02-08,28.139245986938477
2022-02-09,28.784944534301758
2022-02-10,28.410625457763672
2022-02-11,27.942731857299805
2022-02-14,27.587127685546875
2022-02-15,27.278318405151367
2022-02-16,26.988222122192383
2022-02-17,26.379959106445312
2022-02-18,26.290660858154297
2022-02-22,25.548095703125
2022-02-23,24.946516036987305
2022-02-24,25.623291015625
2022-02-25,26.741844177246094
2022-02-28,27.240020751953125
2022-03-01,27.127225875854492
2022-03-02,27.832195281982422
2022-03-03,27.973190307617188
2022-03-04,27.437410354614258
2022-03-07,26.647844314575195
2022-03-08,25.736083984375
2022-03-09,26.06507110595703
2022-03-10,26.243663787841797
2022-03-11,25.96167755126953
2022-03-14,27.324613571166992
2022-03-15,28.30217742919922
2022-03-16,24.54233741760254
2022-03-17,24.373146057128906
2022-03-18,25.801883697509766
2022-03-21,25.56689453125
2022-03-22,25.745485305786133
2022-03-23,25.792482376098633
2022-03-24,26.375255584716797
2022-03-25,26.59145164489746
2022-03-28,26.488056182861328
2022-03-29,25.4540958404541
2022-03-30,25.5574951171875
2022-03-31,24.927722930908203
2022-04-01,25.32250213623047
2022-04-04,25.350698471069336
2022-04-05,25.41649627685547
2022-04-06,25.16271209716797
2022-04-07,25.529294967651367
2022-04-08,25.18151092529297
2022-04-11,25.012319564819336
2022-04-12,24.84312629699707
2022-04-13,25.256710052490234
2022-04-14,25.04051399230957
2022-04-18,24.95591926574707
2022-04-19,25.256710052490234
2022-04-20,25.350698471069336
2022-04-21,24.673931121826172
2022-04-22,23.987762451171875
2022-04-25,24.31674575805664
2022-04-26,23.92196273803711
2022-04-27,23.997163772583008
2022-04-28,24.19455337524414
2022-04-29,23.536579132080078
2022-05-02,23.865564346313477
2022-05-03,23.527183532714844
2022-05-04,23.536579132080078
2022-05-05,22.66242218017578
2022-05-06,23.216995239257812
2022-05-09,23.094799041748047
2022-05-10,23.03840446472168
2022-05-11,22.888011932373047
2022-05-12,22.248836517333984
2022-05-13,22.512025833129883
2022-05-16,22.49322509765625
2022-05-17,22.82221221923828
2022-05-18,22.371028900146484
2022-05-19,22.33343505859375
2022-05-20,22.850412368774414
2022-05-23,23.169994354248047
2022-05-24,23.141799926757812
2022-05-25,23.094799041748047
2022-05-26,23.404985427856445
2022-05-27,23.57417869567871
2022-05-31,22.87860870361328
2022-06-01,22.89740753173828
2022-06-02,23.179397583007812
2022-06-03,23.198196411132812
2022-06-06,23.169994354248047
2022-06-07,23.420358657836914
2022-06-08,23.19361686706543
2022-06-09,22.929086685180664
2022-06-10,21.68201446533203
2022-06-13,21.00179672241211
2022-06-14,20.775054931640625
2022-06-15,20.784502029418945
2022-06-16,20.60500144958496
2022-06-17,20.6238956451416
2022-06-21,20.860082626342773
2022-06-22,20.92621612548828
2022-06-23,20.860082626342773
2022-06-24,21.219087600708008
2022-06-27,21.436378479003906
2022-06-28,21.03958511352539
2022-06-29,21.06792640686035
2022-06-30,20.74671173095703
2022-07-01,21.049030303955078
2022-07-05,20.907316207885742
2022-07-06,21.29467010498047
2022-07-07,21.69146156311035
2022-07-08,21.795387268066406
2022-07-11,21.615880966186523
2022-07-12,21.78593635559082
2022-07-13,21.672569274902344
2022-07-14,22.078807830810547
2022-07-15,22.22052001953125
2022-07-18,22.466156005859375
2022-07-19,23.325881958007812
2022-07-20,23.363670349121094
2022-07-21,23.628202438354492
2022-07-22,24.024995803833008
2022-07-25,23.401460647583008
2022-07-26,22.957427978515625
2022-07-27,23.325881958007812
2022-07-28,23.212509155273438
2022-07-29,23.17472267150879
2022-08-01,23.401460647583008
2022-08-02,23.410907745361328
2022-08-03,25.262617111206055
2022-08-04,25.130352020263672
2022-08-05,22.872400283813477
2022-08-08,22.834609985351562
2022-08-09,23.08024787902832
2022-08-10,22.995216369628906
2022-08-11,22.721237182617188
2022-08-12,22.85350799560547
2022-08-15,22.7117919921875
2022-08-16,22.872400283813477
2022-08-17,22.485050201416016
2022-08-18,22.456708908081055
2022-08-19,22.35698890686035
2022-08-22,22.072063446044922
2022-08-23,22.05306625366211
2022-08-24,21.958097457885742
2022-08-25,22.20502471923828
2022-08-26,21.559200286865234
2022-08-29,21.654178619384766
2022-08-30,21.530710220336914
2022-08-31,21.454727172851562
2022-09-01,21.445232391357422
2022-09-02,21.69216537475586
2022-09-06,20.998851776123047
2022-09-07,21.711162567138672
2022-09-08,22.214523315429688
2022-09-09,21.58769416809082
2022-09-12,21.606687545776367
2022-09-13,20.62845230102539
2022-09-14,20.447999954223633
2022-09-15,20.495487213134766
2022-09-16,20.191570281982422
2022-09-19,20.248554229736328
2022-09-20,19.859155654907227
2022-09-21,20.125089645385742
2022-09-22,20.201066970825195
2022-09-23,19.63121795654297
2022-09-26,19.47926139831543
2022-09-27,19.488758087158203
2022-09-28,19.89715003967285
2022-09-29,19.346298217773438
2022-09-30,19.127853393554688
2022-10-03,19.488758087158203
2022-10-04,19.859155654907227
2022-10-05,20.020614624023438
2022-10-06,19.97313117980957
2022-10-07,19.640716552734375
2022-10-10,19.735694885253906
2022-10-11,19.868654251098633
2022-10-12,19.792675018310547
2022-10-13,20.144081115722656
2022-10-14,19.735694885253906
2022-10-17,20.134586334228516
2022-10-18,20.39101791381836
2022-10-19,20.429004669189453
2022-10-20,20.514484405517578
2022-10-21,20.704431533813477
2022-10-24,20.894380569458008
2022-10-25,21.13181495666504
2022-10-26,21.06533432006836
2022-10-27,20.732921600341797
2022-10-28,21.426240921020508
2022-10-31,21.39774513244629
2022-11-01,21.806133270263672
2022-11-02,21.141313552856445
2022-11-03,20.59996223449707
2022-11-04,21.046340942382812
2022-11-07,20.57146453857422
2022-11-08,20.533475875854492
2022-11-09,21.768144607543945
2022-11-10,21.492717742919922
2022-11-11,21.787141799926758
2022-11-14,21.559200286865234
2022-11-15,21.122323989868164
2022-11-16,21.473724365234375
2022-11-17,21.321765899658203
2022-11-18,21.603511810302734
2022-11-21,22.014183044433594
2022-11-22,22.07149314880371
2022-11-23,21.995086669921875
2022-11-25,22.07149314880371
2022-11-28,21.995086669921875
2022-11-29,21.603511810302734
2022-11-30,21.9282283782959
2022-12-01,22.69228172302246
2022-12-02,22.730478286743164
2022-12-05,22.539472579956055
2022-12-06,22.090587615966797
2022-12-07,21.632160186767578
2022-12-08,21.765867233276367
2022-12-09,21.651262283325195
2022-12-12,22.090587615966797
2022-12-13,21.975982666015625
2022-12-14,21.95688247680664
2022-12-15,20.944517135620117
2022-12-16,20.638898849487305
2022-12-19,20.610246658325195
2022-12-20,20.524288177490234
2022-12-21,20.54339027404785
2022-12-22,20.352375030517578
2022-12-23,20.342824935913086
2022-12-27,20.466983795166016
2022-12-28,19.941699981689453
2022-12-29,20.295074462890625
2022-12-30,20.466983795166016
2023-01-03,20.648447036743164
2023-01-04,20.887210845947266
2023-01-05,20.151811599731445
2023-01-06,20.533842086791992
2023-01-09,20.524288177490234
2023-01-10,20.62934684753418
2023-01-11,21.001819610595703
2023-01-12,20.97316551208496
2023-01-13,21.364744186401367
2023-01-17,21.57485580444336
2023-01-18,21.326539993286133
2023-01-19,20.954065322875977
2023-01-20,21.422046661376953
2023-01-23,21.784969329833984
2023-01-24,21.64171028137207
2023-01-25,21.584407806396484
2023-01-26,21.689462661743164
2023-01-27,21.81361961364746
2023-01-30,21.670364379882812
2023-01-31,21.975982666015625
2023-02-01,22.310256958007812
2023-02-02,22.51081657409668
2023-02-03,20.342824935913086
2023-02-06,20.352375030517578
2023-02-07,20.85856056213379
2023-02-08,20.524288177490234
2023-02-09,20.342824935913086
2023-02-10,20.447885513305664
2023-02-13,20.486085891723633
2023-02-14,20.247323989868164
2023-02-15,20.5624942779541
2023-02-16,20.50965690612793
2023-02-17,20.21186065673828
2023-02-21,19.923662185668945
2023-02-22,19.769960403442383
2023-02-23,19.779569625854492
2023-02-24,19.376100540161133
2023-02-27,19.20318603515625
2023-02-28,18.74207878112793
2023-03-01,18.434673309326172
2023-03-02,18.540342330932617
2023-03-03,18.50191879272461
2023-03-06,18.511526107788086
2023-03-07,17.95435333251953
2023-03-08,17.627737045288086
2023-03-09,17.041744232177734
2023-03-10,15.95622444152832
2023-03-13,15.773703575134277
2023-03-14,15.274168968200684
2023-03-15,15.331808090209961
2023-03-16,15.533543586730957
2023-03-17,15.677638053894043
2023-03-20,15.985044479370117
2023-03-21,16.388511657714844
2023-03-22,15.792914390563965
2023-03-23,15.70645809173584
2023-03-24,15.754488945007324
2023-03-27,16.129140853881836
2023-03-28,16.042680740356445
2023-03-29,15.985044479370117
2023-03-30,16.119531631469727
2023-03-31,16.484575271606445
2023-04-03,16.484575271606445
2023-04-04,16.388511657714844
2023-04-05,16.532608032226562
2023-04-06,16.59024429321289
2023-04-10,16.628673553466797
2023-04-11,17.070566177368164
2023-04-12,16.91686248779297
2023-04-13,17.012928009033203
2023-04-14,16.878437042236328
2023-04-17,17.253084182739258
2023-04-18,17.166629791259766
2023-04-19,17.166629791259766
2023-04-20,16.93607521057129
2023-04-21,16.95528793334961
2023-04-24,16.849620819091797
2023-04-25,16.67670440673828
2023-04-26,16.532608032226562
2023-04-27,17.05135154724121
2023-04-28,16.974502563476562
2023-05-01,16.964895248413086
2023-05-02,16.263626098632812
2023-05-03,16.090713500976562
2023-05-04,15.802520751953125
2023-05-05,16.4749698638916
2023-05-08,16.37890625
2023-05-09,16.330873489379883
2023-05-10,16.561426162719727
2023-05-11,16.484575271606445
2023-05-12,15.581572532653809
2023-05-15,15.764094352722168
2023-05-16,14.85148811340332
2023-05-17,15.408660888671875
2023-05-18,15.48551082611084
2023-05-19,15.683980941772461
2023-05-22,16.516586303710938
2023-05-23,16.41977310180664
2023-05-24,16.303592681884766
2023-05-25,16.303592681884766
2023-05-26,16.56499481201172
2023-05-30,16.671491622924805
2023-05-31,16.981298446655273
2023-06-01,16.990978240966797
2023-06-02,17.416961669921875
2023-06-05,17.397598266601562
2023-06-06,17.552501678466797
2023-06-07,17.203969955444336
2023-06-08,17.213655471801758
2023-06-09,17.252376556396484
2023-06-12,17.726770401000977
2023-06-13,17.842947006225586
2023-06-14,17.765493392944336
2023-06-15,18.249570846557617
2023-06-16,18.036575317382812
2023-06-20,17.988170623779297
2023-06-21,17.649316787719727
2023-06-22,17.513778686523438
2023-06-23,17.14588165283203
2023-06-26,17.48473358154297
2023-06-27,17.871992111206055
2023-06-28,17.68804168701172
2023-06-29,17.842947006225586
2023-06-30,17.959125518798828
2023-07-03,17.862308502197266
2023-07-05,17.465370178222656
2023-07-06,17.349193572998047
2023-07-07,17.50409698486328
2023-07-10,17.78485870361328
2023-07-11,18.152753829956055
2023-07-12,18.230205535888672
2023-07-13,18.598102569580078
2023-07-14,18.40447425842285
2023-07-17,18.268932342529297
2023-07-18,18.6077823638916
2023-07-19,18.7045955657959
2023-07-20,18.481924057006836
2023-07-21,18.64651107788086
2023-07-24,18.694917678833008
2023-07-25,18.975679397583008
2023-07-26,19.11121940612793
2023-07-27,18.878864288330078
2023-07-28,18.859500885009766
2023-07-31,18.83045768737793
2023-08-01,18.694917678833008
2023-08-02,18.152753829956055
2023-08-03,18.02689552307129
2023-08-04,19.459753036499023
2023-08-07,20.447263717651367
2023-08-08,19.63401985168457
2023-08-09,20.185863494873047
2023-08-10,20.089046478271484
2023-08-11,20.195545196533203
2023-08-14,20.389175415039062
2023-08-15,20.127777099609375
2023-08-16,19.81796646118164
2023-08-17,19.51784324645996
2023-08-18,19.844194412231445
2023-08-21,20.253355026245117
2023-08-22,20.000062942504883
2023-08-23,20.165678024291992
2023-08-24,19.639616012573242
2023-08-25,19.67858123779297
2023-08-28,19.883163452148438
2023-08-29,20.009809494018555
2023-08-30,19.737031936645508
2023-08-31,19.727291107177734
2023-09-01,19.941612243652344
2023-09-05,20.077999114990234
2023-09-06,19.717552185058594
2023-09-07,19.483745574951172
2023-09-08,19.4740047454834
2023-09-11,18.811555862426758
2023-09-12,18.986909866333008
2023-09-13,18.529041290283203
2023-09-14,18.723876953125
2023-09-15,18.548526763916016
2023-09-18,18.51930046081543
2023-09-19,18.50955581665039
2023-09-20,18.655683517456055
2023-09-21,18.490076065063477
2023-09-22,18.373170852661133
2023-09-25,18.217302322387695
2023-09-26,17.642532348632812
2023-09-27,17.437950134277344
2023-09-28,17.340530395507812
2023-09-29,17.2236328125
2023-10-02,17.07750129699707
2023-10-03,16.91189193725586
2023-10-04,16.69757080078125
2023-10-05,16.551443099975586
2023-10-06,16.90214729309082
2023-10-09,16.872922897338867
2023-10-10,17.233373641967773
2023-10-11,17.272340774536133
2023-10-12,16.853437423706055
2023-10-13,16.678083419799805
2023-10-16,17.048276901245117
2023-10-17,17.24311637878418
2023-10-18,17.14569664001465
2023-10-19,16.941116333007812
2023-10-20,16.717052459716797
2023-10-23,16.44428062438965
2023-10-24,16.629375457763672
2023-10-25,16.0740909576416
2023-10-26,16.22995948791504
2023-10-27,16.083831787109375
2023-10-30,16.220216751098633
2023-10-31,16.22995948791504
2023-11-01,16.200733184814453
2023-11-02,16.726791381835938
2023-11-03,17.17491912841797
2023-11-06,16.999568939208984
2023-11-07,18.44136619567871
2023-11-08,18.8212947845459
2023-11-09,18.50955581665039
2023-11-10,18.782331466674805
2023-11-13,18.412139892578125
2023-11-14,19.133037567138672
2023-11-15,19.249940872192383
2023-11-16,19.87342071533203
2023-11-17,20.250797271728516
2023-11-20,20.37822151184082
2023-11-21,20.652671813964844
2023-11-22,20.77029800415039
2023-11-24,20.848712921142578
2023-11-27,20.90752410888672
2023-11-28,20.90752410888672
2023-11-29,21.338809967041016
2023-11-30,21.642667770385742
2023-12-01,21.89752197265625
2023-12-04,22.034748077392578
2023-12-05,21.809303283691406
2023-12-06,21.69167709350586
2023-12-07,21.828907012939453
2023-12-08,21.71128273010254
2023-12-11,21.779895782470703
2023-12-12,21.917125701904297
2023-12-13,22.07395362854004
2023-12-14,22.495437622070312
2023-12-15,22.720882415771484
2023-12-18,22.720882415771484
2023-12-19,22.828702926635742
2023-12-20,22.338605880737305
2023-12-21,22.720882415771484
2023-12-22,22.681673049926758
2023-12-26,22.760089874267578
2023-12-27,22.54444694519043
2023-12-28,22.524843215942383
2023-12-29,22.36801528930664
2024-01-02,22.338605880737305
2024-01-03,22.0151424407959
2024-01-04,21.88771629333496
2024-01-05,21.956331253051758
2024-01-08,22.338605880737305
2024-01-09,22.113161087036133
2024-01-10,22.36801528930664
2024-01-11,22.5738525390625
2024-01-12,22.632665634155273
2024-01-16,22.691476821899414
2024-01-17,22.36801528930664
2024-01-18,22.51504135131836
2024-01-19,23.014938354492188
2024-01-22,23.093355178833008
2024-01-23,23.10315704345703
2024-01-24,23.034543991088867
2024-01-25,23.36781120300293
2024-01-26,23.299196243286133
2024-01-29,23.70107650756836
2024-01-30,23.495235443115234
2024-01-31,23.014938354492188
2024-02-01,23.446226119995117
2024-02-02,20.809505462646484
2024-02-05,20.672277450561523
2024-02-06,20.18218231201172
2024-02-07,20.4958438873291
2024-02-08,20.456634521484375
2024-02-09,20.927127838134766
2024-02-12,21.46623420715332
2024-02-13,20.936927795410156
2024-02-14,20.897722244262695
2024-02-15,21.08998680114746
2024-02-16,21.060407638549805
2024-02-20,21.395639419555664
2024-02-21,21.24774169921875
2024-02-22,21.444936752319336
2024-02-23,21.829465866088867
2024-02-26,21.198444366455078
2024-02-27,21.119564056396484
2024-02-28,21.09984588623047
2024-02-29,21.18858528137207
2024-03-01,21.523815155029297
2024-03-04,21.395639419555664
2024-03-05,20.882930755615234
2024-03-06,21.168865203857422
2024-03-07,21.58297348022461
2024-03-08,21.760448455810547
2024-03-11,21.57311248779297
2024-03-12,21.84918785095215
2024-03-13,21.799888610839844
2024-03-14,21.277320861816406
2024-03-15,20.961811065673828
2024-03-18,20.91250991821289
2024-03-19,21.109704971313477
2024-03-20,21.287181854248047
2024-03-21,21.829465866088867
2024-03-22,21.790029525756836
2024-03-25,21.444936752319336
2024-03-26,21.592832565307617
2024-03-27,21.790029525756836
2024-03-28,22.0858211517334
2024-04-01,21.997081756591797
2024-04-02,21.75058937072754
2024-04-03,21.75058937072754
2024-04-04,21.721010208129883
2024-04-05,21.83932876586914
2024-04-08,21.957643508911133
2024-04-09,22.342172622680664
2024-04-10,22.026662826538086
2024-04-11,20.69559669494629
2024-04-12,20.636438369750977
2024-04-15,20.311067581176758
2024-04-16,20.15331268310547
2024-04-17,20.08429527282715
2024-04-18,20.094152450561523
2024-04-19,20.21246910095215
2024-04-22,20.202608108520508
2024-04-23,20.38994598388672
2024-04-24,20.537841796875
2024-04-25,20.26176643371582
2024-04-26,20.340646743774414
2024-04-29,20.468822479248047
2024-04-30,19.857519149780273
2024-05-01,19.670185089111328
2024-05-02,19.40397071838379
2024-05-03,19.749061584472656
2024-05-06,19.423690795898438
2024-05-07,19.680042266845703
2024-05-08,19.73920249938965
2024-05-09,20.05471420288086
2024-05-10,23.130952835083008
2024-05-13,23.66337776184082
2024-05-14,24.19580841064453
2024-05-15,24.698650360107422
2024-05-16,25.053604125976562
2024-05-17,24.80093765258789
2024-05-20,24.246061325073242
2024-05-21,24.82075309753418
2024-05-22,24.771211624145508
2024-05-23,24.444231033325195
2024-05-24,24.66221809387207
2024-05-28,24.582950592041016
2024-05-29,24.275787353515625
2024-05-30,24.35505485534668
2024-05-31,24.602767944335938
2024-06-03,24.582950592041016
2024-06-04,24.592859268188477
2024-06-05,25.227001190185547
2024-06-06,25.207185745239258
2024-06-07,24.493772506713867
2024-06-10,24.255970001220703
2024-06-11,24.137069702148438
2024-06-12,24.66221809387207
2024-06-13,24.265878677368164
2024-06-14,24.166791915893555
2024-06-17,23.47319984436035
2024-06-18,23.344388961791992
2024-06-20,23.542558670043945
2024-06-21,23.998348236083984
2024-06-24,23.859630584716797
2024-06-25,23.948808670043945
2024-06-26,23.968626022338867
2024-06-27,24.394689559936523
2024-06-28,24.751394271850586
2024-07-01,24.66221809387207
2024-07-02,24.731576919555664
2024-07-03,24.454139709472656
2024-07-05,24.414506912231445
2024-07-08,24.325328826904297
2024-07-09,23.90917205810547
2024-07-10,24.3748722076416
2024-07-11,24.771211624145508
2024-07-12,25.27654457092285
2024-07-15,25.12791633605957
2024-07-16,25.345903396606445
2024-07-17,25.54407501220703
2024-07-18,25.345903396606445
2024-07-19,25.246816635131836
2024-07-22,25.296361923217773
2024-07-23,25.058557510375977
2024-07-24,24.969383239746094
2024-07-25,24.979290008544922
2024-07-26,25.85123634338379
2024-07-29,25.821510314941406
2024-07-30,25.53416633605957
2024-07-31,25.752151489257812
2024-08-01,25.009014129638672
2024-08-02,24.929746627807617
2024-08-05,24.404598236083984
2024-08-06,24.19651985168457
2024-08-07,24.037982940673828
2024-08-08,24.51358985900879
2024-08-09,24.6721248626709
2024-08-12,24.394689559936523
2024-08-13,24.65230941772461
2024-08-14,24.711761474609375
2024-08-15,24.65230941772461
2024-08-16,25.038742065429688
2024-08-19,25.372323989868164
2024-08-20,25.20304298400879
2024-08-21,25.641183853149414
2024-08-22,25.183128356933594
2024-08-23,25.611310958862305
2024-08-26,26.0295352935791
2024-08-27,26.238649368286133
2024-08-28,26.10919761657715
2024-08-29,26.308353424072266
2024-08-30,26.348182678222656
2024-09-03,25.969789505004883
2024-09-04,26.039493560791016
2024-09-05,25.830381393432617
2024-09-06,25.272747039794922
2024-09-09,25.611310958862305
2024-09-10,25.790550231933594
2024-09-11,25.910043716430664
2024-09-12,26.139070510864258
2024-09-13,26.3780574798584
2024-09-16,26.507509231567383
2024-09-17,26.348182678222656
2024-09-18,26.467676162719727
2024-09-19,26.756452560424805
2024-09-20,26.368099212646484
2024-09-23,26.696704864501953
2024-09-24,27.085058212280273
2024-09-25,26.62700080871582
2024-09-26,27.05518341064453
2024-09-27,27.353914260864258
2024-09-30,27.314085006713867
2024-10-01,27.07509994506836
2024-10-02,26.885902404785156
2024-10-03,26.856027603149414
2024-10-04,27.373830795288086
2024-10-07,27.1746768951416
2024-10-08,27.29416847229004
2024-10-09,27.47340965270996
2024-10-10,27.582944869995117
2024-10-11,27.632732391357422
2024-10-14,27.891633987426758
2024-10-15,27.991212844848633
2024-10-16,28.05095863342285
2024-10-17,27.941421508789062
2024-10-18,27.085058212280273
2024-10-21,26.68674659729004
2024-10-22,26.995437622070312
2024-10-23,26.68674659729004
2024-10-24,26.905818939208984
2024-10-25,26.856027603149414
2024-10-28,26.915775299072266
2024-10-29,26.995437622070312
2024-10-30,26.796281814575195
2024-10-31,28.98698616027832
2024-11-01,28.150535583496094
2024-11-04,28.120662689208984
2024-11-05,28.40943717956543
2024-11-06,28.996944427490234
2024-11-07,29.425125122070312
2024-11-08,29.405210494995117
2024-11-11,30.241661071777344
2024-11-12,30.400985717773438
2024-11-13,30.38106918334961
2024-11-14,29.913057327270508
2024-11-15,29.454999923706055
2024-11-18,29.280000686645508
2024-11-19,29.239999771118164
2024-11-20,29.440000534057617
2024-11-21,29.809999465942383
2024-11-22,30.190000534057617
2024-11-25,30.6200008392334
2024-11-26,30.899999618530273
2024-11-27,30.84000015258789
2024-11-29,30.850000381469727
2024-12-02,30.93000030517578
2024-12-03,30.84000015258789
2024-12-04,31.700000762939453
2024-12-05,31.25
2024-12-06,31.149999618530273
2024-12-09,30.479999542236328
2024-12-10,29.81999969482422
2024-12-11,29.920000076293945
2024-12-12,30.020000457763672
2024-12-13,29.860000610351562
2024-12-16,29.729999542236328
2024-12-17,29.3799991607666
