,GLW
2014-01-02,13.361438751220703
2014-01-03,13.451664924621582
2014-01-06,13.33135986328125
2014-01-07,13.41407299041748
2014-01-08,13.51933765411377
2014-01-09,13.534379005432129
2014-01-10,13.752429008483887
2014-01-13,13.549415588378906
2014-01-14,13.902815818786621
2014-01-15,13.842660903930664
2014-01-16,13.917854309082031
2014-01-17,14.113349914550781
2014-01-21,14.105826377868652
2014-01-22,14.286280632019043
2014-01-23,14.271246910095215
2014-01-24,13.69227409362793
2014-01-27,13.699792861938477
2014-01-28,12.857659339904785
2014-01-29,12.902774810791016
2014-01-30,13.068191528320312
2014-01-31,12.94036865234375
2014-02-03,12.820062637329102
2014-02-04,12.925326347351074
2014-02-05,13.196013450622559
2014-02-06,13.59453010559082
2014-02-07,13.80506420135498
2014-02-10,13.857696533203125
2014-02-11,14.135906219482422
2014-02-12,14.293806076049805
2014-02-13,14.35395336151123
2014-02-14,14.368997573852539
2014-02-18,14.346439361572266
2014-02-19,14.226130485534668
2014-02-20,14.286280632019043
2014-02-21,14.338920593261719
2014-02-24,14.519377708435059
2014-02-25,14.496824264526367
2014-02-26,14.564844131469727
2014-02-27,14.617754936218262
2014-02-28,14.564844131469727
2014-03-03,14.391009330749512
2014-03-04,14.738690376281738
2014-03-05,14.859623908996582
2014-03-06,14.768919944763184
2014-03-07,14.844498634338379
2014-03-10,14.655546188354492
2014-03-11,14.557289123535156
2014-03-12,14.587520599365234
2014-03-13,14.489261627197266
2014-03-14,14.262511253356934
2014-03-17,14.459029197692871
2014-03-18,14.595077514648438
2014-03-19,14.391009330749512
2014-03-20,14.678221702575684
2014-03-21,14.753804206848145
2014-03-24,14.821825981140137
2014-03-25,15.161948204040527
2014-03-26,15.441614151000977
2014-03-27,15.464279174804688
2014-03-28,15.577655792236328
2014-03-31,15.736382484436035
2014-04-01,15.849754333496094
2014-04-02,16.144533157348633
2014-04-03,16.318363189697266
2014-04-04,16.136974334716797
2014-04-07,15.948009490966797
2014-04-08,15.879992485046387
2014-04-09,15.993363380432129
2014-04-10,15.698593139648438
2014-04-11,15.403816223144531
2014-04-14,15.517193794250488
2014-04-15,15.532302856445312
2014-04-16,15.668351173400879
2014-04-17,15.902660369873047
2014-04-21,15.887544631958008
2014-04-22,16.046268463134766
2014-04-23,15.985808372497559
2014-04-24,16.016040802001953
2014-04-25,15.675917625427246
2014-04-28,15.849754333496094
2014-04-29,15.766620635986328
2014-04-30,15.80440902709961
2014-05-01,15.917781829833984
2014-05-02,15.864871978759766
2014-05-05,15.834646224975586
2014-05-06,15.615448951721191
2014-05-07,15.781731605529785
2014-05-08,15.736382484436035
2014-05-09,15.675917625427246
2014-05-12,16.189882278442383
2014-05-13,16.099184036254883
2014-05-14,16.016040802001953
2014-05-15,15.84220027923584
2014-05-16,15.834646224975586
2014-05-19,15.963134765625
2014-05-20,15.925344467163086
2014-05-21,15.985808372497559
2014-05-22,16.038711547851562
2014-05-23,16.121856689453125
2014-05-27,16.204998016357422
2014-05-28,16.144250869750977
2014-05-29,16.250558853149414
2014-05-30,16.17462158203125
2014-06-02,16.17462158203125
2014-06-03,16.258150100708008
2014-06-04,16.220182418823242
2014-06-05,16.387245178222656
2014-06-06,16.37965202331543
2014-06-09,16.29612159729004
2014-06-10,16.387245178222656
2014-06-11,16.288530349731445
2014-06-12,15.94681167602539
2014-06-13,16.09868621826172
2014-06-16,16.030338287353516
2014-06-17,16.159435272216797
2014-06-18,16.288530349731445
2014-06-19,16.455591201782227
2014-06-20,16.592281341552734
2014-06-23,16.523937225341797
2014-06-24,16.554304122924805
2014-06-25,16.70618438720703
2014-06-26,16.516342163085938
2014-06-27,16.70618438720703
2014-06-30,16.668216705322266
2014-07-01,16.76692771911621
2014-07-02,16.690998077392578
2014-07-03,16.956771850585938
2014-07-07,16.91121482849121
2014-07-08,16.660619735717773
2014-07-09,16.721372604370117
2014-07-10,16.42521858215332
2014-07-11,16.470779418945312
2014-07-14,16.637834548950195
2014-07-15,16.675811767578125
2014-07-16,16.56949806213379
2014-07-17,16.31890106201172
2014-07-18,16.577085494995117
2014-07-21,16.645429611206055
2014-07-22,16.835275650024414
2014-07-23,16.84286880493164
2014-07-24,16.774526596069336
2014-07-25,16.721372604370117
2014-07-28,16.7441463470459
2014-07-29,15.187437057495117
2014-07-30,15.088719367980957
2014-07-31,14.921658515930176
2014-08-01,15.096315383911133
2014-08-04,15.225410461425781
2014-08-05,15.096315383911133
2014-08-06,15.027974128723145
2014-08-07,14.944437980651855
2014-08-08,15.141879081726074
2014-08-11,15.278563499450684
2014-08-12,15.331719398498535
2014-08-13,15.43044376373291
2014-08-14,15.384878158569336
2014-08-15,15.308940887451172
2014-08-18,15.468405723571777
2014-08-19,15.445625305175781
2014-08-20,15.71899700164795
2014-08-21,15.681037902832031
2014-08-22,15.597497940063477
2014-08-25,15.66584587097168
2014-08-26,15.749370574951172
2014-08-27,15.634918212890625
2014-08-28,15.695960998535156
2014-08-29,15.917247772216797
2014-09-02,16.00118064880371
2014-09-03,16.024072647094727
2014-09-04,16.11564064025879
2014-09-05,16.245357513427734
2014-09-08,16.10800552368164
2014-09-09,16.016437530517578
2014-09-10,16.039331436157227
2014-09-11,15.978291511535645
2014-09-12,15.818047523498535
2014-09-15,15.718853950500488
2014-09-16,15.749370574951172
2014-09-17,15.802788734436035
2014-09-18,15.833308219909668
2014-09-19,15.566241264343262
2014-09-22,15.436524391174316
2014-09-23,15.215237617492676
2014-09-24,15.406001091003418
2014-09-25,15.116040229797363
2014-09-26,15.161826133728027
2014-09-29,14.917651176452637
2014-09-30,14.757404327392578
2014-10-01,14.345357894897461
2014-10-02,14.269057273864746
2014-10-03,14.44455337524414
2014-10-06,14.62768840789795
2014-10-07,14.26142692565918
2014-10-08,14.467447280883789
2014-10-09,14.177489280700684
2014-10-10,13.864639282226562
2014-10-13,13.460217475891113
2014-10-14,13.406808853149414
2014-10-15,13.399179458618164
2014-10-16,13.3533935546875
2014-10-17,13.544154167175293
2014-10-20,13.795963287353516
2014-10-21,14.139337539672852
2014-10-22,14.047771453857422
2014-10-23,14.253795623779297
2014-10-24,14.345357894897461
2014-10-27,14.383511543273926
2014-10-28,14.955801963806152
2014-10-29,15.177085876464844
2014-10-30,15.314437866210938
2014-10-31,15.58913803100586
2014-11-03,15.680697441101074
2014-11-04,15.779898643493652
2014-11-05,15.840938568115234
2014-11-06,15.779898643493652
2014-11-07,15.680697441101074
2014-11-10,15.8714599609375
2014-11-11,15.879093170166016
2014-11-12,15.879091262817383
2014-11-13,15.603065490722656
2014-11-14,15.64907455444336
2014-11-17,15.610733032226562
2014-11-18,15.65673542022705
2014-11-19,15.695080757141113
2014-11-20,15.802419662475586
2014-11-21,16.04010772705078
2014-11-24,16.086109161376953
2014-11-25,16.116779327392578
2014-11-26,16.155118942260742
2014-11-28,16.116779327392578
2014-12-01,16.032440185546875
2014-12-02,16.109113693237305
2014-12-03,16.515483856201172
2014-12-04,16.277793884277344
2014-12-05,16.362140655517578
2014-12-08,16.109113693237305
2014-12-09,16.4694766998291
2014-12-10,16.216459274291992
2014-12-11,16.24712371826172
2014-12-12,15.81775188446045
2014-12-15,15.802419662475586
2014-12-16,15.909762382507324
2014-12-17,16.32379913330078
2014-12-18,17.006189346313477
2014-12-19,17.374225616455078
2014-12-22,17.404895782470703
2014-12-23,17.742259979248047
2014-12-24,17.80359649658203
2014-12-26,17.88027000427246
2014-12-29,17.780597686767578
2014-12-30,17.780597686767578
2014-12-31,17.581249237060547
2015-01-02,17.6425838470459
2015-01-05,17.397232055664062
2015-01-06,17.098201751708984
2015-01-07,17.343555450439453
2015-01-08,17.903270721435547
2015-01-09,17.872604370117188
2015-01-12,17.849599838256836
2015-01-13,17.749921798706055
2015-01-14,17.826601028442383
2015-01-15,17.65025520324707
2015-01-16,17.765256881713867
2015-01-20,17.749921798706055
2015-01-21,17.857275009155273
2015-01-22,18.18696403503418
2015-01-23,18.28664207458496
2015-01-26,18.332653045654297
2015-01-27,18.96137237548828
2015-01-28,18.57033348083496
2015-01-29,18.240642547607422
2015-01-30,18.22530746459961
2015-02-02,18.51666831970215
2015-02-03,18.67000961303711
2015-02-04,18.608671188354492
2015-02-05,18.769683837890625
2015-02-06,18.562665939331055
2015-02-09,18.58567237854004
2015-02-10,19.05337905883789
2015-02-11,18.823354721069336
2015-02-12,19.061046600341797
2015-02-13,19.168384552001953
2015-02-17,18.861696243286133
2015-02-18,18.88469696044922
2015-02-19,18.900026321411133
2015-02-20,19.137720108032227
2015-02-23,18.999706268310547
2015-02-24,18.999706268310547
2015-02-25,18.953481674194336
2015-02-26,18.853315353393555
2015-02-27,18.799386978149414
2015-03-02,18.976591110229492
2015-03-03,18.953481674194336
2015-03-04,19.06905174255371
2015-03-05,18.96888542175293
2015-03-06,18.514320373535156
2015-03-09,18.306289672851562
2015-03-10,17.759258270263672
2015-03-11,17.489595413208008
2015-03-12,17.820894241333008
2015-03-13,17.720731735229492
2015-03-16,18.267763137817383
2015-03-17,18.00580406188965
2015-03-18,18.306289672851562
2015-03-19,17.820894241333008
2015-03-20,18.021215438842773
2015-03-23,18.08285140991211
2015-03-24,18.036624908447266
2015-03-25,17.49730110168457
2015-03-26,17.3123836517334
2015-03-27,17.520408630371094
2015-03-30,17.905641555786133
2015-03-31,17.474184036254883
2015-04-01,17.142887115478516
2015-04-02,17.196815490722656
2015-04-06,17.23533821105957
2015-04-07,16.950267791748047
2015-04-08,16.996492385864258
2015-04-09,17.135175704956055
2015-04-10,17.27386474609375
2015-04-13,17.227632522583008
2015-04-14,17.21222686767578
2015-04-15,17.20452308654785
2015-04-16,17.443359375
2015-04-17,17.304677963256836
2015-04-20,17.474184036254883
2015-04-21,17.42024803161621
2015-04-22,17.28926658630371
2015-04-23,17.558937072753906
2015-04-24,17.350910186767578
2015-04-27,17.243043899536133
2015-04-28,17.004201889038086
2015-04-29,16.457168579101562
2015-04-30,16.12586784362793
2015-05-01,16.5188045501709
2015-05-04,16.5188045501709
2015-05-05,16.025707244873047
2015-05-06,16.226024627685547
2015-05-07,16.210617065429688
2015-05-08,16.29537010192871
2015-05-11,16.418642044067383
2015-05-12,16.172090530395508
2015-05-13,16.24144172668457
2015-05-14,16.464874267578125
2015-05-15,16.403236389160156
2015-05-18,16.4494686126709
2015-05-19,16.55732536315918
2015-05-20,16.634376525878906
2015-05-21,16.811582565307617
2015-05-22,16.565031051635742
2015-05-26,16.341596603393555
2015-05-27,16.37259292602539
2015-05-28,16.31060028076172
2015-05-29,16.20987892150879
2015-06-01,16.178884506225586
2015-06-02,16.155628204345703
2015-06-03,16.11688995361328
2015-06-04,16.000659942626953
2015-06-05,16.047157287597656
2015-06-08,16.085899353027344
2015-06-09,15.985166549682617
2015-06-10,16.287357330322266
2015-06-11,16.11688995361328
2015-06-12,16.07814598083496
2015-06-15,15.791455268859863
2015-06-16,16.194374084472656
2015-06-17,16.202131271362305
2015-06-18,16.442325592041016
2015-06-19,16.225366592407227
2015-06-22,16.31834602355957
2015-06-23,16.248619079589844
2015-06-24,16.093645095825195
2015-06-25,15.923177719116211
2015-06-26,15.752713203430176
2015-06-29,15.264555931091309
2015-06-30,15.287797927856445
2015-07-01,15.342042922973633
2015-07-02,15.264555931091309
2015-07-06,15.202566146850586
2015-07-07,15.163825988769531
2015-07-08,14.830636978149414
2015-07-09,14.846138954162598
2015-07-10,14.939115524291992
2015-07-13,14.838391304016113
2015-07-14,14.915871620178223
2015-07-15,14.768653869628906
2015-07-16,15.140581130981445
2015-07-17,14.78414535522461
2015-07-20,14.652419090270996
2015-07-21,14.528450012207031
2015-07-22,14.551692008972168
2015-07-23,14.551692008972168
2015-07-24,14.396724700927734
2015-07-27,14.295991897583008
2015-07-28,14.234006881713867
2015-07-29,14.365727424621582
2015-07-30,14.435460090637207
2015-07-31,14.474206924438477
2015-08-03,14.094526290893555
2015-08-04,14.164267539978027
2015-08-05,14.234006881713867
2015-08-06,14.148770332336426
2015-08-07,14.0480375289917
2015-08-10,14.303739547729492
2015-08-11,13.86207389831543
2015-08-12,13.90081787109375
2015-08-13,13.80008602142334
2015-08-14,13.916314125061035
2015-08-17,14.071287155151367
2015-08-18,13.885320663452148
2015-08-19,13.745850563049316
2015-08-20,13.350671768188477
2015-08-21,13.009740829467773
2015-08-24,12.622316360473633
2015-08-25,12.374363899230957
2015-08-26,12.800530433654785
2015-08-27,13.23762035369873
2015-08-28,13.409335136413574
2015-08-31,13.432747840881348
2015-09-01,13.034689903259277
2015-09-02,13.261035919189453
2015-09-03,13.471778869628906
2015-09-04,13.456168174743652
2015-09-08,13.885456085205078
2015-09-09,13.7059326171875
2015-09-10,13.744959831237793
2015-09-11,13.791789054870605
2015-09-14,13.752766609191895
2015-09-15,14.072779655456543
2015-09-16,14.291324615478516
2015-09-17,14.182049751281738
2015-09-18,13.752766609191895
2015-09-21,13.674712181091309
2015-09-22,13.253229141235352
2015-09-23,13.089322090148926
2015-09-24,13.01907730102539
2015-09-25,12.933221817016602
2015-09-28,12.761503219604492
2015-09-29,13.034689903259277
2015-09-30,13.362506866455078
2015-10-01,13.136154174804688
2015-10-02,13.307868957519531
2015-10-05,13.76837158203125
2015-10-06,13.901061058044434
2015-10-07,13.92447566986084
2015-10-08,14.025945663452148
2015-10-09,13.674712181091309
2015-10-12,13.471778869628906
2015-10-13,13.175177574157715
2015-10-14,13.268845558166504
2015-10-15,13.15176773071289
2015-10-16,13.18298625946045
2015-10-19,13.128347396850586
2015-10-20,13.15176773071289
2015-10-21,13.042490005493164
2015-10-22,13.737154960632324
2015-10-23,13.737154960632324
2015-10-26,13.518610954284668
2015-10-27,14.252296447753906
2015-10-28,14.689391136169434
2015-10-29,14.71280288696289
2015-10-30,14.517678260803223
2015-11-02,14.689391136169434
2015-11-03,14.697195053100586
2015-11-04,14.728411674499512
2015-11-05,14.876716613769531
2015-11-06,14.767439842224121
2015-11-09,14.650365829467773
2015-11-10,14.752484321594238
2015-11-11,14.54038143157959
2015-11-12,14.249738693237305
2015-11-13,14.084771156311035
2015-11-16,14.406846046447754
2015-11-17,14.493252754211426
2015-11-18,14.791760444641113
2015-11-19,14.91744613647461
2015-11-20,14.909590721130371
2015-11-23,14.972439765930176
2015-11-24,14.893881797790527
2015-11-25,14.901737213134766
2015-11-27,14.736775398254395
2015-11-30,14.71320629119873
2015-12-01,14.783904075622559
2015-12-02,14.72105884552002
2015-12-03,14.006217002868652
2015-12-04,14.163329124450684
2015-12-07,14.171181678771973
2015-12-08,14.006217002868652
2015-12-09,13.943374633789062
2015-12-10,13.89624309539795
2015-12-11,14.673927307128906
2015-12-14,14.194745063781738
2015-12-15,14.037640571594238
2015-12-16,14.54824161529541
2015-12-17,14.210455894470215
2015-12-18,14.139765739440918
2015-12-21,14.163329124450684
2015-12-22,14.265451431274414
2015-12-23,14.571809768676758
2015-12-24,14.579660415649414
2015-12-28,14.304726600646973
2015-12-29,14.524678230285645
2015-12-30,14.524678230285645
2015-12-31,14.35971450805664
2016-01-04,14.069062232971191
2016-01-05,14.06120777130127
2016-01-06,13.746987342834473
2016-01-07,13.432775497436523
2016-01-08,13.4720458984375
2016-01-11,13.597737312316895
2016-01-12,13.621299743652344
2016-01-13,13.401349067687988
2016-01-14,13.589882850646973
2016-01-15,13.252099990844727
2016-01-19,13.165688514709473
2016-01-20,13.110703468322754
2016-01-21,13.29923152923584
2016-01-22,13.432775497436523
2016-01-25,13.165688514709473
2016-01-26,13.91195297241211
2016-01-27,14.069062232971191
2016-01-28,14.131902694702148
2016-01-29,14.618942260742188
2016-02-01,14.587523460388184
2016-02-02,14.210455894470215
2016-02-03,14.438265800476074
2016-02-04,14.815328598022461
2016-02-05,14.406846046447754
2016-02-08,14.10833740234375
2016-02-09,14.50896167755127
2016-02-10,14.249738693237305
2016-02-11,13.99050521850586
2016-02-12,14.446120262145996
2016-02-16,14.642505645751953
2016-02-17,14.886029243469238
2016-02-18,14.71320629119873
2016-02-19,14.571809768676758
2016-02-22,14.681784629821777
2016-02-23,14.40880012512207
2016-02-24,14.234724044799805
2016-02-25,14.337589263916016
2016-02-26,14.487926483154297
2016-02-29,14.480015754699707
2016-03-01,14.741128921508789
2016-03-02,14.875641822814941
2016-03-03,14.946853637695312
2016-03-04,15.00224781036377
2016-03-07,15.484910011291504
2016-03-08,15.057631492614746
2016-03-09,15.176321983337402
2016-03-10,15.033894538879395
2016-03-11,15.38996410369873
2016-03-14,15.358308792114258
2016-03-15,15.382050514221191
2016-03-16,15.38996410369873
2016-03-17,15.856805801391602
2016-03-18,15.840978622436523
2016-03-21,15.95966625213623
2016-03-22,16.0704402923584
2016-03-23,15.928018569946289
2016-03-24,16.022958755493164
2016-03-28,16.12582778930664
2016-03-29,16.339473724365234
2016-03-30,16.48981475830078
2016-03-31,16.52937126159668
2016-04-01,16.48189353942871
2016-04-04,16.442331314086914
2016-04-05,16.307817459106445
2016-04-06,16.4660701751709
2016-04-07,16.34737777709961
2016-04-08,16.244522094726562
2016-04-11,16.315736770629883
2016-04-12,16.48189353942871
2016-04-13,16.679712295532227
2016-04-14,16.43442153930664
2016-04-15,16.55310821533203
2016-04-18,16.55310821533203
2016-04-19,16.561019897460938
2016-04-20,16.600584030151367
2016-04-21,16.458162307739258
2016-04-22,16.60849380493164
2016-04-25,16.59267234802246
2016-04-26,15.20797348022461
2016-04-27,15.271268844604492
2016-04-28,14.946853637695312
2016-04-29,14.772782325744629
2016-05-02,14.883556365966797
2016-05-03,14.733216285705566
2016-05-04,14.535409927368164
2016-05-05,14.495840072631836
2016-05-06,14.590794563293457
2016-05-09,14.511665344238281
2016-05-10,14.923117637634277
2016-05-11,14.931035995483398
2016-05-12,14.938942909240723
2016-05-13,14.788601875305176
2016-05-16,15.200057029724121
2016-05-17,15.120935440063477
2016-05-18,15.01806926727295
2016-05-19,14.986421585083008
2016-05-20,15.437437057495117
2016-05-23,15.603595733642578
2016-05-24,15.896364212036133
2016-05-25,15.825151443481445
2016-05-26,16.03626251220703
2016-05-27,16.338979721069336
2016-05-31,16.64170265197754
2016-06-01,16.546104431152344
2016-06-02,16.856788635253906
2016-06-03,16.793066024780273
2016-06-06,16.777122497558594
2016-06-07,16.801029205322266
2016-06-08,16.71339988708496
2016-06-09,16.753231048583984
2016-06-10,16.34694480895996
2016-06-13,16.123884201049805
2016-06-14,16.14779281616211
2016-06-15,16.09202766418457
2016-06-16,16.020334243774414
2016-06-17,16.163724899291992
2016-06-20,16.27524757385254
2016-06-21,16.227453231811523
2016-06-22,16.370845794677734
2016-06-23,16.562042236328125
2016-06-24,15.685745239257812
2016-06-27,15.183858871459961
2016-06-28,15.4387845993042
2016-06-29,15.78133773803711
2016-06-30,16.315088272094727
2016-07-01,16.163724899291992
2016-07-05,15.876932144165039
2016-07-06,16.020334243774414
2016-07-07,16.267284393310547
2016-07-08,16.657634735107422
2016-07-11,16.72136688232422
2016-07-12,17.087820053100586
2016-07-13,17.024085998535156
2016-07-14,17.06391716003418
2016-07-15,17.00815773010254
2016-07-18,17.032052993774414
2016-07-19,16.984254837036133
2016-07-20,17.215282440185547
2016-07-21,17.127649307250977
2016-07-22,17.24713897705078
2016-07-25,17.24713897705078
2016-07-26,17.294940948486328
2016-07-27,17.119686126708984
2016-07-28,17.756996154785156
2016-07-29,17.70122528076172
2016-08-01,17.756996154785156
2016-08-02,17.613601684570312
2016-08-03,17.6852970123291
2016-08-04,17.828683853149414
2016-08-05,18.03581428527832
2016-08-08,18.16327667236328
2016-08-09,18.250904083251953
2016-08-10,18.187177658081055
2016-08-11,18.25887680053711
2016-08-12,18.219038009643555
2016-08-15,18.378360748291016
2016-08-16,18.115478515625
2016-08-17,17.995986938476562
2016-08-18,18.059715270996094
2016-08-19,18.13937759399414
2016-08-22,18.107513427734375
2016-08-23,18.187177658081055
2016-08-24,18.051746368408203
2016-08-25,18.06768035888672
2016-08-26,18.059715270996094
2016-08-29,18.183931350708008
2016-08-30,18.248044967651367
2016-08-31,18.183931350708008
2016-09-01,18.19995880126953
2016-09-02,18.248044967651367
2016-09-06,18.336198806762695
2016-09-07,18.28811264038086
2016-09-08,18.240026473999023
2016-09-09,17.93549156188965
2016-09-12,18.0156307220459
2016-09-13,17.911453247070312
2016-09-14,17.92748260498047
2016-09-15,18.103792190551758
2016-09-16,18.12783432006836
2016-09-19,18.191944122314453
2016-09-20,18.191944122314453
2016-09-21,18.400304794311523
2016-09-22,18.52052116394043
2016-09-23,18.544567108154297
2016-09-26,18.432369232177734
2016-09-27,18.69683265686035
2016-09-28,18.9372501373291
2016-09-29,18.84910011291504
2016-09-30,18.953277587890625
2016-10-03,18.96129608154297
2016-10-04,18.760948181152344
2016-10-05,19.07349395751953
2016-10-06,19.129587173461914
2016-10-07,19.057462692260742
2016-10-10,19.081510543823242
2016-10-11,18.945266723632812
2016-10-12,18.760948181152344
2016-10-13,18.5926513671875
2016-10-14,18.744918823242188
2016-10-17,18.7769718170166
2016-10-18,18.921226501464844
2016-10-19,19.041439056396484
2016-10-20,19.07349395751953
2016-10-21,19.089519500732422
2016-10-24,19.145620346069336
2016-10-25,18.408323287963867
2016-10-26,18.448394775390625
2016-10-27,18.36825942993164
2016-10-28,18.175918579101562
2016-10-31,18.19995880126953
2016-11-01,18.095779418945312
2016-11-02,17.999601364135742
2016-11-03,17.895427703857422
2016-11-04,17.95152473449707
2016-11-07,18.416337966918945
2016-11-08,18.560592651367188
2016-11-09,18.600664138793945
2016-11-10,18.584638595581055
2016-11-11,18.752925872802734
2016-11-14,18.825057983398438
2016-11-15,19.062835693359375
2016-11-16,19.07896614074707
2016-11-17,19.199867248535156
2016-11-18,19.207923889160156
2016-11-21,19.240169525146484
2016-11-22,19.344953536987305
2016-11-23,19.498098373413086
2016-11-25,19.578710556030273
2016-11-28,19.506168365478516
2016-11-29,19.481983184814453
2016-11-30,19.369138717651367
2016-12-01,18.96611785888672
2016-12-02,18.98223114013672
2016-12-05,19.04671859741211
2016-12-06,19.33688735961914
2016-12-07,19.812458038330078
2016-12-08,20.054264068603516
2016-12-09,19.79633140563965
2016-12-12,19.60288429260254
2016-12-13,19.71573257446289
2016-12-14,19.619009017944336
2016-12-15,19.538402557373047
2016-12-16,19.58676528930664
2016-12-19,19.6351261138916
2016-12-20,19.820520401000977
2016-12-21,20.013965606689453
2016-12-22,19.949480056762695
2016-12-23,19.965600967407227
2016-12-27,20.102632522583008
2016-12-28,19.707670211791992
2016-12-29,19.699613571166992
2016-12-30,19.562578201293945
2017-01-03,19.58676528930664
2017-01-04,19.71573257446289
2017-01-05,19.594823837280273
2017-01-06,19.76409149169922
2017-01-09,19.723791122436523
2017-01-10,19.739906311035156
2017-01-11,19.885005950927734
2017-01-12,19.77215576171875
2017-01-13,20.02202796936035
2017-01-17,19.498098373413086
2017-01-18,19.79633140563965
2017-01-19,19.683490753173828
2017-01-20,19.981721878051758
2017-01-23,19.965600967407227
2017-01-24,21.10211944580078
2017-01-25,21.505144119262695
2017-01-26,21.40035629272461
2017-01-27,21.505144119262695
2017-01-30,21.480958938598633
2017-01-31,21.351991653442383
2017-02-01,21.126300811767578
2017-02-02,21.263328552246094
2017-02-03,21.545434951782227
2017-02-06,21.529321670532227
2017-02-07,21.43259048461914
2017-02-08,21.34392738342285
2017-02-09,21.60186195373535
2017-02-10,21.521263122558594
2017-02-13,21.545434951782227
2017-02-14,21.95651626586914
2017-02-15,22.053247451782227
2017-02-16,22.335357666015625
2017-02-17,22.28700065612793
2017-02-21,22.35148048400879
2017-02-22,22.359540939331055
2017-02-23,22.21445655822754
2017-02-24,22.47789764404297
2017-02-27,22.41305160522461
2017-02-28,22.380624771118164
2017-03-01,22.858882904052734
2017-03-02,22.599485397338867
2017-03-03,22.599485397338867
2017-03-06,22.469791412353516
2017-03-07,22.469791412353516
2017-03-08,22.38873291015625
2017-03-09,22.348203659057617
2017-03-10,22.340097427368164
2017-03-13,22.46168327331543
2017-03-14,21.764570236206055
2017-03-15,22.072595596313477
2017-03-16,22.113130569458008
2017-03-17,22.08070182800293
2017-03-20,22.129335403442383
2017-03-21,21.780778884887695
2017-03-22,22.16986846923828
2017-03-23,22.161766052246094
2017-03-24,22.21851348876953
2017-03-27,22.21851348876953
2017-03-28,22.331993103027344
2017-03-29,22.275253295898438
2017-03-30,22.340097427368164
2017-03-31,21.88616371154785
2017-04-03,21.7564640045166
2017-04-04,21.715938568115234
2017-04-05,21.64298439025879
2017-04-06,21.707828521728516
2017-04-07,21.732149124145508
2017-04-10,21.715938568115234
2017-04-11,21.764570236206055
2017-04-12,21.46464729309082
2017-04-13,21.334959030151367
2017-04-17,21.51328468322754
2017-04-18,21.7969970703125
2017-04-19,21.772676467895508
2017-04-20,21.975322723388672
2017-04-21,21.90237808227539
2017-04-24,22.307676315307617
2017-04-25,23.134485244750977
2017-04-26,23.012889862060547
2017-04-27,23.523569107055664
2017-04-28,23.38576889038086
2017-05-01,23.596525192260742
2017-05-02,23.523569107055664
2017-05-03,23.312814712524414
2017-05-04,23.37766456604004
2017-05-05,23.434404373168945
2017-05-08,23.604633331298828
2017-05-09,23.57220458984375
2017-05-10,23.596525192260742
2017-05-11,23.345237731933594
2017-05-12,23.55599594116211
2017-05-15,23.774858474731445
2017-05-16,23.993722915649414
2017-05-17,23.215543746948242
2017-05-18,23.320919036865234
2017-05-19,23.547883987426758
2017-05-22,23.758642196655273
2017-05-23,23.653268814086914
2017-05-24,23.645158767700195
2017-05-25,23.969402313232422
2017-05-26,23.875690460205078
2017-05-30,23.891984939575195
2017-05-31,23.71272087097168
2017-06-01,24.17719268798828
2017-06-02,24.193485260009766
2017-06-05,24.071260452270508
2017-06-06,24.095705032348633
2017-06-07,24.030515670776367
2017-06-08,23.875690460205078
2017-06-09,23.590486526489258
2017-06-12,23.680124282836914
2017-06-13,23.957181930541992
2017-06-14,23.834941864013672
2017-06-15,23.949026107788086
2017-06-16,23.96532440185547
2017-06-19,24.348310470581055
2017-06-20,24.17719268798828
2017-06-21,24.25052833557129
2017-06-22,24.209787368774414
2017-06-23,24.437952041625977
2017-06-26,24.633522033691406
2017-06-27,24.437952041625977
2017-06-28,24.85353660583496
2017-06-29,24.747602462768555
2017-06-30,24.486841201782227
2017-07-03,24.55203628540039
2017-07-05,24.84539031982422
2017-07-06,24.29127311706543
2017-07-07,24.67426300048828
2017-07-10,24.886123657226562
2017-07-11,24.715011596679688
2017-07-12,25.138742446899414
2017-07-13,25.11429214477539
2017-07-14,25.318004608154297
2017-07-17,25.521728515625
2017-07-18,25.59506607055664
2017-07-19,25.85582160949707
2017-07-20,25.83952522277832
2017-07-21,25.9536075592041
2017-07-24,25.9536075592041
2017-07-25,26.181772232055664
2017-07-26,24.788341522216797
2017-07-27,24.030515670776367
2017-07-28,23.834941864013672
2017-07-31,23.74530792236328
2017-08-01,24.054962158203125
2017-08-02,24.25868034362793
2017-08-03,23.859390258789062
2017-08-04,23.834941864013672
2017-08-07,23.826801300048828
2017-08-08,23.875690460205078
2017-08-09,23.92458724975586
2017-08-10,23.280838012695312
2017-08-11,23.614931106567383
2017-08-14,23.96532440185547
2017-08-15,23.215648651123047
2017-08-16,23.18305015563965
2017-08-17,22.710426330566406
2017-08-18,22.71857261657715
2017-08-21,22.97118377685547
2017-08-22,23.223796844482422
2017-08-23,23.207494735717773
2017-08-24,23.272687911987305
2017-08-25,23.354167938232422
2017-08-28,23.435659408569336
2017-08-29,23.4069881439209
2017-08-30,23.464336395263672
2017-08-31,23.562650680541992
2017-09-01,23.685543060302734
2017-09-05,23.447948455810547
2017-09-06,23.415176391601562
2017-09-07,23.538066864013672
2017-09-08,23.38241195678711
2017-09-11,23.693737030029297
2017-09-12,23.882169723510742
2017-09-13,23.923137664794922
2017-09-14,23.964096069335938
2017-09-15,24.04602813720703
2017-09-18,24.201696395874023
2017-09-19,24.50482749938965
2017-09-20,24.60314178466797
2017-09-21,24.66049575805664
2017-09-22,24.619524002075195
2017-09-25,24.586761474609375
2017-09-26,24.42289924621582
2017-09-27,24.611331939697266
2017-09-28,24.537601470947266
2017-09-29,24.513019561767578
2017-10-02,24.70964813232422
2017-10-03,24.832542419433594
2017-10-04,24.963626861572266
2017-10-05,24.947246551513672
2017-10-06,24.652299880981445
2017-10-09,24.6768798828125
2017-10-10,24.60314178466797
2017-10-11,24.488445281982422
2017-10-12,24.529407501220703
2017-10-13,24.365549087524414
2017-10-16,24.488445281982422
2017-10-17,24.30820083618164
2017-10-18,24.513019561767578
2017-10-19,24.627723693847656
2017-10-20,24.627723693847656
2017-10-23,24.586761474609375
2017-10-24,26.167980194091797
2017-10-25,25.840267181396484
2017-10-26,25.971345901489258
2017-10-27,25.815689086914062
2017-10-30,25.610862731933594
2017-10-31,25.651824951171875
2017-11-01,25.913997650146484
2017-11-02,25.873035430908203
2017-11-03,25.946775436401367
2017-11-06,26.086048126220703
2017-11-07,26.421953201293945
2017-11-08,26.397377014160156
2017-11-09,26.04508399963379
2017-11-10,25.995925903320312
2017-11-13,25.938575744628906
2017-11-14,25.971345901489258
2017-11-15,25.786108016967773
2017-11-16,26.057798385620117
2017-11-17,26.04132843017578
2017-11-20,26.123661041259766
2017-11-21,26.288320541381836
2017-11-22,26.181293487548828
2017-11-24,26.222457885742188
2017-11-27,26.387126922607422
2017-11-28,26.708215713500977
2017-11-29,26.741146087646484
2017-11-30,26.667041778564453
2017-12-01,26.222457885742188
2017-12-04,26.51885414123535
2017-12-05,26.54355239868164
2017-12-06,26.07426643371582
2017-12-07,26.123661041259766
2017-12-08,26.634117126464844
2017-12-11,26.81524658203125
2017-12-12,26.872875213623047
2017-12-13,26.584720611572266
2017-12-14,26.189529418945312
2017-12-15,26.387126922607422
2017-12-18,26.609416961669922
2017-12-19,26.560016632080078
2017-12-20,26.69174575805664
2017-12-21,26.59294891357422
2017-12-22,26.658817291259766
2017-12-26,26.658817291259766
2017-12-27,26.634117126464844
2017-12-28,26.59294891357422
2017-12-29,26.337726593017578
2018-01-02,26.856409072875977
2018-01-03,27.515056610107422
2018-01-04,27.79498863220215
2018-01-05,27.696184158325195
2018-01-08,27.803218841552734
2018-01-09,27.704421997070312
2018-01-10,27.440961837768555
2018-01-11,27.79498863220215
2018-01-12,28.535964965820312
2018-01-16,28.330137252807617
2018-01-17,28.675928115844727
2018-01-18,28.692386627197266
2018-01-19,28.535964965820312
2018-01-22,28.577129364013672
2018-01-23,28.453638076782227
2018-01-24,28.09137725830078
2018-01-25,27.836149215698242
2018-01-26,28.305431365966797
2018-01-29,28.19841194152832
2018-01-30,26.617652893066406
2018-01-31,25.703773498535156
2018-02-01,26.090734481811523
2018-02-02,25.753170013427734
2018-02-05,24.518207550048828
2018-02-06,24.5346736907959
2018-02-07,24.551137924194336
2018-02-08,23.423198699951172
2018-02-09,23.686664581298828
2018-02-12,24.246517181396484
2018-02-13,24.073619842529297
2018-02-14,24.304141998291016
2018-02-15,24.320613861083984
2018-02-16,24.262977600097656
2018-02-20,24.411174774169922
2018-02-21,24.090087890625
2018-02-22,24.048919677734375
2018-02-23,24.12301254272461
2018-02-26,24.559370040893555
2018-02-27,24.294313430786133
2018-02-28,24.08723258972168
2018-03-01,23.52398681640625
2018-03-02,23.85530662536621
2018-03-05,23.921571731567383
2018-03-06,24.186630249023438
2018-03-07,24.30259895324707
2018-03-08,24.294313430786133
2018-03-09,24.791301727294922
2018-03-12,24.71674919128418
2018-03-13,24.71674919128418
2018-03-14,24.46826171875
2018-03-15,24.45997428894043
2018-03-16,24.43512535095215
2018-03-19,23.929855346679688
2018-03-20,24.236330032348633
2018-03-21,24.32744789123535
2018-03-22,23.656513214111328
2018-03-23,23.010433197021484
2018-03-26,23.449432373046875
2018-03-27,22.9773006439209
2018-03-28,22.65426254272461
2018-03-29,23.09326171875
2018-04-02,22.389205932617188
2018-04-03,22.662548065185547
2018-04-04,22.687395095825195
2018-04-05,22.745370864868164
2018-04-06,21.99161720275879
2018-04-09,22.12413787841797
2018-04-10,22.64597511291504
2018-04-11,22.703960418701172
2018-04-12,22.83648681640625
2018-04-13,22.712242126464844
2018-04-16,22.770225524902344
2018-04-17,22.985586166381836
2018-04-18,23.08498191833496
2018-04-19,22.877904891967773
2018-04-20,22.819921493530273
2018-04-23,22.778507232666016
2018-04-24,22.140703201293945
2018-04-25,22.414047241210938
2018-04-26,22.281518936157227
2018-04-27,22.554861068725586
2018-04-30,22.380922317504883
2018-05-01,22.215255737304688
2018-05-02,22.115861892700195
2018-05-03,22.0081787109375
2018-05-04,22.430618286132812
2018-05-07,22.331218719482422
2018-05-08,22.198686599731445
2018-05-09,22.430618286132812
2018-05-10,22.662548065185547
2018-05-11,23.192655563354492
2018-05-14,23.250638961791992
2018-05-15,22.960737228393555
2018-05-16,23.292057037353516
2018-05-17,23.051851272583008
2018-05-18,22.935884475708008
2018-05-21,22.993867874145508
2018-05-22,22.894466400146484
2018-05-23,23.00215721130371
2018-05-24,22.637691497802734
2018-05-25,22.414047241210938
2018-05-29,22.14899444580078
2018-05-30,21.9738712310791
2018-05-31,22.657686233520508
2018-06-01,23.308147430419922
2018-06-04,23.449913024902344
2018-06-05,23.82518196105957
2018-06-06,24.10871124267578
2018-06-07,24.025320053100586
2018-06-08,23.975284576416016
2018-06-11,24.05033302307129
2018-06-12,23.850196838378906
2018-06-13,23.850196838378906
2018-06-14,24.092031478881836
2018-06-15,24.25881576538086
2018-06-18,24.07535743713379
2018-06-19,23.666730880737305
2018-06-20,23.675065994262695
2018-06-21,23.591676712036133
2018-06-22,23.758466720581055
2018-06-25,23.124683380126953
2018-06-26,23.099660873413086
2018-06-27,22.932880401611328
2018-06-28,22.50757598876953
2018-06-29,22.94121742248535
2018-07-02,23.107999801635742
2018-07-03,22.80779266357422
2018-07-05,23.31648826599121
2018-07-06,23.458250045776367
2018-07-09,24.18376350402832
2018-07-10,24.142072677612305
2018-07-11,23.56665802001953
2018-07-12,23.908567428588867
2018-07-13,24.01697540283203
2018-07-16,23.850196838378906
2018-07-17,24.342214584350586
2018-07-18,24.55902862548828
2018-07-19,24.467300415039062
2018-07-20,24.283838272094727
2018-07-23,24.483976364135742
2018-07-24,24.875917434692383
2018-07-25,27.694583892822266
2018-07-26,28.044828414916992
2018-07-27,27.969776153564453
2018-07-30,27.46941566467285
2018-07-31,27.669567108154297
2018-08-01,27.436065673828125
2018-08-02,27.344331741333008
2018-08-03,27.386032104492188
2018-08-06,27.46941566467285
2018-08-07,27.569490432739258
2018-08-08,27.761295318603516
2018-08-09,27.59450912475586
2018-08-10,27.302637100219727
2018-08-13,27.11083221435547
2018-08-14,27.277620315551758
2018-08-15,26.994083404541016
2018-08-16,27.28595542907715
2018-08-17,27.536136627197266
2018-08-20,27.511117935180664
2018-08-21,27.419382095336914
2018-08-22,27.427722930908203
2018-08-23,27.369342803955078
2018-08-24,27.519454956054688
2018-08-27,28.03648567199707
2018-08-28,28.07818031311035
2018-08-29,28.194936752319336
2018-08-30,28.060789108276367
2018-08-31,28.094331741333008
2018-09-04,28.01887321472168
2018-09-05,27.93503189086914
2018-09-06,28.111093521118164
2018-09-07,28.15300750732422
2018-09-10,28.4799861907959
2018-09-11,28.127857208251953
2018-09-12,28.513519287109375
2018-09-13,29.393829345703125
2018-09-14,29.56989097595215
2018-09-17,29.494436264038086
2018-09-18,29.56989097595215
2018-09-19,29.55312156677246
2018-09-20,30.29090690612793
2018-09-21,30.114837646484375
2018-09-24,29.92201042175293
2018-09-25,29.771100997924805
2018-09-26,29.678878784179688
2018-09-27,29.670490264892578
2018-09-28,29.59503936767578
2018-10-01,29.578269958496094
2018-10-02,29.737571716308594
2018-10-03,29.96392822265625
2018-10-04,29.930395126342773
2018-10-05,29.11716079711914
2018-10-08,28.89917755126953
2018-10-09,28.714736938476562
2018-10-10,27.096647262573242
2018-10-11,26.2750301361084
2018-10-12,26.937355041503906
2018-10-15,26.65230369567871
2018-10-16,27.364933013916016
2018-10-17,27.155332565307617
2018-10-18,26.13250160217285
2018-10-19,25.805538177490234
2018-10-22,25.847454071044922
2018-10-23,26.333717346191406
2018-10-24,25.403108596801758
2018-10-25,26.367252349853516
2018-10-26,25.730073928833008
2018-10-29,25.646236419677734
2018-10-30,26.182804107666016
2018-10-31,26.786449432373047
2018-11-01,27.750585556030273
2018-11-02,27.59129524230957
2018-11-05,27.717056274414062
2018-11-06,27.98533821105957
2018-11-07,28.513519287109375
2018-11-08,28.588979721069336
2018-11-09,28.136245727539062
2018-11-12,26.585237503051758
2018-11-13,26.853515625
2018-11-14,26.484622955322266
2018-11-15,27.02427101135254
2018-11-16,27.007402420043945
2018-11-19,26.273826599121094
2018-11-20,26.012441635131836
2018-11-21,25.894390106201172
2018-11-23,26.282257080078125
2018-11-26,26.59424591064453
2018-11-27,26.62796401977539
2018-11-28,27.19290542602539
2018-11-29,26.864063262939453
2018-11-30,27.1676082611084
2018-12-03,28.15414810180664
2018-12-04,27.10858726501465
2018-12-06,27.209766387939453
2018-12-07,26.50148582458496
2018-12-10,26.779741287231445
2018-12-11,26.63640022277832
2018-12-12,26.965246200561523
2018-12-13,26.95680809020996
2018-12-14,26.50148582458496
2018-12-17,26.054597854614258
2018-12-18,25.84380340576172
2018-12-19,25.346317291259766
2018-12-20,24.916292190551758
2018-12-21,24.267038345336914
2018-12-24,23.584049224853516
2018-12-26,24.604310989379883
2018-12-27,25.04277229309082
2018-12-28,25.084930419921875
2018-12-31,25.472797393798828
2019-01-02,25.194547653198242
2019-01-03,23.6346435546875
2019-01-04,24.62960433959961
2019-01-07,24.621173858642578
2019-01-08,24.857263565063477
2019-01-09,25.025907516479492
2019-01-10,25.590845108032227
2019-01-11,25.337888717651367
2019-01-14,25.169252395629883
2019-01-15,25.38004493713379
2019-01-16,25.354751586914062
2019-01-17,25.523387908935547
2019-01-18,25.826940536499023
2019-01-22,24.80667495727539
2019-01-23,24.71392059326172
2019-01-24,25.17768096923828
2019-01-25,25.599275588989258
2019-01-28,25.599275588989258
2019-01-29,28.432397842407227
2019-01-30,28.263761520385742
2019-01-31,28.044530868530273
2019-02-01,27.90118408203125
2019-02-04,28.28904914855957
2019-02-05,28.28904914855957
2019-02-06,28.474552154541016
2019-02-07,28.002370834350586
2019-02-08,28.15414810180664
2019-02-11,28.12884521484375
2019-02-12,28.685352325439453
2019-02-13,28.702213287353516
2019-02-14,28.440834045410156
2019-02-15,29.09851837158203
2019-02-19,28.83713150024414
2019-02-20,29.224998474121094
2019-02-21,29.090085983276367
2019-02-22,29.385194778442383
2019-02-25,29.579133987426758
2019-02-26,29.4357967376709
2019-02-27,29.418827056884766
2019-02-28,29.520605087280273
2019-03-01,29.62236785888672
2019-03-04,29.579967498779297
2019-03-05,29.418827056884766
2019-03-06,29.26618766784668
2019-03-07,28.80824089050293
2019-03-08,28.664072036743164
2019-03-11,29.003286361694336
2019-03-12,29.003286361694336
2019-03-13,29.09657859802246
2019-03-14,29.020252227783203
2019-03-15,29.274658203125
2019-03-18,29.130489349365234
2019-03-19,29.350990295410156
2019-03-20,29.020252227783203
2019-03-21,29.503644943237305
2019-03-22,28.68950843811035
2019-03-25,28.613189697265625
2019-03-26,28.5029354095459
2019-03-27,28.189165115356445
2019-03-28,27.900827407836914
2019-03-29,28.070436477661133
2019-04-01,28.765832901000977
2019-04-02,28.85064125061035
2019-04-03,29.15593719482422
2019-04-04,29.350990295410156
2019-04-05,29.418827056884766
2019-04-08,29.410356521606445
2019-04-09,29.079608917236328
2019-04-10,29.172897338867188
2019-04-11,29.34250259399414
2019-04-12,29.690202713012695
2019-04-15,29.647804260253906
2019-04-16,29.579967498779297
2019-04-17,29.605398178100586
2019-04-18,29.554521560668945
2019-04-22,29.130489349365234
2019-04-23,29.554521560668945
2019-04-24,29.21530532836914
2019-04-25,28.46053695678711
2019-04-26,28.5368595123291
2019-04-29,28.60470199584961
2019-04-30,27.010374069213867
2019-05-01,27.40047836303711
2019-05-02,26.78139877319336
2019-05-03,27.129098892211914
2019-05-06,26.713550567626953
2019-05-07,26.425216674804688
2019-05-08,26.196245193481445
2019-05-09,25.975753784179688
2019-05-10,26.1114444732666
2019-05-13,25.102266311645508
2019-05-14,25.492366790771484
2019-05-15,25.670454025268555
2019-05-16,25.86549949645996
2019-05-17,25.365158081054688
2019-05-20,25.102266311645508
2019-05-21,25.72134017944336
2019-05-22,25.746780395507812
2019-05-23,25.127702713012695
2019-05-24,25.187070846557617
2019-05-28,25.13618278503418
2019-05-29,24.754562377929688
2019-05-30,24.91680335998535
2019-05-31,24.62647819519043
2019-06-03,24.63502311706543
2019-06-04,25.50599479675293
2019-06-05,25.924406051635742
2019-06-06,26.03541374206543
2019-06-07,26.112258911132812
2019-06-10,26.41967010498047
2019-06-11,26.43674087524414
2019-06-12,26.65021514892578
2019-06-13,26.718530654907227
2019-06-14,26.39405059814453
2019-06-17,26.786848068237305
2019-06-18,27.768827438354492
2019-06-19,27.92253303527832
2019-06-20,28.28116798400879
2019-06-21,28.392173767089844
2019-06-24,28.212862014770508
2019-06-25,28.016460418701172
2019-06-26,28.22994041442871
2019-06-27,28.375099182128906
2019-06-28,28.375099182128906
2019-07-01,29.135068893432617
2019-07-02,28.784971237182617
2019-07-03,28.819128036499023
2019-07-05,28.69957733154297
2019-07-08,28.187236785888672
2019-07-09,28.204315185546875
2019-07-10,27.956687927246094
2019-07-11,27.79444122314453
2019-07-12,28.187236785888672
2019-07-15,28.494646072387695
2019-07-16,28.434871673583984
2019-07-17,28.136005401611328
2019-07-18,28.31532096862793
2019-07-19,28.272628784179688
2019-07-22,28.486103057861328
2019-07-23,28.673967361450195
2019-07-24,28.87889862060547
2019-07-25,28.178701400756836
2019-07-26,28.853282928466797
2019-07-29,29.11798667907715
2019-07-30,26.812463760375977
2019-07-31,26.257431030273438
2019-08-01,25.394987106323242
2019-08-02,25.01073455810547
2019-08-05,24.062898635864258
2019-08-06,24.353229522705078
2019-08-07,24.34469223022461
2019-08-08,24.891189575195312
2019-08-09,24.148290634155273
2019-08-12,23.695728302001953
2019-08-13,24.097057342529297
2019-08-14,23.328548431396484
2019-08-15,23.16630744934082
2019-08-16,23.59325408935547
2019-08-19,23.815269470214844
2019-08-20,23.47370719909668
2019-08-21,23.815269470214844
2019-08-22,24.062898635864258
2019-08-23,23.43955421447754
2019-08-26,23.25169563293457
2019-08-27,23.115074157714844
2019-08-28,23.379785537719727
2019-08-29,23.84427833557129
2019-08-30,23.956106185913086
2019-09-03,23.28516387939453
2019-09-04,23.569021224975586
2019-09-05,24.58403778076172
2019-09-06,24.36899185180664
2019-09-09,24.678659439086914
2019-09-10,25.108755111694336
2019-09-11,25.788301467895508
2019-09-12,26.02054214477539
2019-09-13,25.943132400512695
2019-09-16,25.848506927490234
2019-09-17,24.282976150512695
2019-09-18,23.999109268188477
2019-09-19,23.741060256958008
2019-09-20,23.878686904907227
2019-09-23,23.801271438598633
2019-09-24,23.784069061279297
2019-09-25,24.308780670166016
2019-09-26,24.282976150512695
2019-09-27,24.41200065612793
2019-09-30,24.532424926757812
2019-10-01,23.89589500427246
2019-10-02,23.500205993652344
2019-10-03,23.741060256958008
2019-10-04,24.102336883544922
2019-10-07,24.016315460205078
2019-10-08,23.45720100402832
2019-10-09,23.930301666259766
2019-10-10,24.25716781616211
2019-10-11,24.99692726135254
2019-10-14,24.95391845703125
2019-10-15,25.401216506958008
2019-10-16,25.39261245727539
2019-10-17,25.246379852294922
2019-10-18,25.229177474975586
2019-10-21,25.72808074951172
2019-10-22,25.814102172851562
2019-10-23,25.874317169189453
2019-10-24,25.624862670898438
2019-10-25,26.244190216064453
2019-10-28,26.330209732055664
2019-10-29,26.02914810180664
2019-10-30,26.14097023010254
2019-10-31,25.48723030090332
2019-11-01,25.444223403930664
2019-11-04,25.85711097717285
2019-11-05,25.848506927490234
2019-11-06,25.667869567871094
2019-11-07,25.96893310546875
2019-11-08,26.123767852783203
2019-11-11,25.753890991210938
2019-11-12,25.47863006591797
2019-11-13,25.21197509765625
2019-11-14,25.07339859008789
2019-11-15,25.419837951660156
2019-11-18,25.134023666381836
2019-11-19,25.07339859008789
2019-11-20,24.78758430480957
2019-11-21,24.726957321166992
2019-11-22,25.134023666381836
2019-11-25,25.324565887451172
2019-11-26,25.237953186035156
2019-11-27,25.419837951660156
2019-11-29,25.151344299316406
2019-12-02,24.900178909301758
2019-12-03,24.276592254638672
2019-12-04,24.267932891845703
2019-12-05,23.98211669921875
2019-12-06,24.155338287353516
2019-12-09,24.69231605529785
2019-12-10,24.250608444213867
2019-12-11,24.267932891845703
2019-12-12,25.333223342895508
2019-12-13,24.89151954650879
2019-12-16,24.78758430480957
2019-12-17,24.69231605529785
2019-12-18,24.51909637451172
2019-12-19,25.047412872314453
2019-12-20,25.125364303588867
2019-12-23,25.22063446044922
2019-12-24,24.960800170898438
2019-12-26,25.14268684387207
2019-12-27,24.93482208251953
2019-12-30,25.125364303588867
2019-12-31,25.211973190307617
2020-01-02,25.974136352539062
2020-01-03,25.6363582611084
2020-01-06,25.70564842224121
2020-01-07,25.89618492126465
2020-01-08,26.01744270324707
2020-01-09,26.173336029052734
2020-01-10,26.078065872192383
2020-01-13,26.32923698425293
2020-01-14,26.078065872192383
2020-01-15,25.696985244750977
2020-01-16,25.991458892822266
2020-01-17,26.034759521484375
2020-01-21,25.73162841796875
2020-01-22,25.67966079711914
2020-01-23,25.593055725097656
2020-01-24,25.428497314453125
2020-01-27,24.735624313354492
2020-01-28,24.250608444213867
2020-01-29,24.553743362426758
2020-01-30,23.98211669921875
2020-01-31,23.116029739379883
2020-02-03,23.306568145751953
2020-02-04,23.88684844970703
2020-02-05,24.501773834228516
2020-02-06,24.397846221923828
2020-02-07,23.97345542907715
2020-02-10,23.878189086914062
2020-02-11,24.28525161743164
2020-02-12,24.97812843322754
2020-02-13,24.86553955078125
2020-02-14,24.761600494384766
2020-02-18,24.224620819091797
2020-02-19,24.215967178344727
2020-02-20,24.501773834228516
2020-02-21,24.215967178344727
2020-02-24,23.384519577026367
2020-02-25,22.27591323852539
2020-02-26,21.86885643005371
2020-02-27,20.995145797729492
2020-02-28,20.84661865234375
2020-03-02,21.554317474365234
2020-03-03,20.872825622558594
2020-03-04,21.921276092529297
2020-03-05,21.493160247802734
2020-03-06,21.73779296875
2020-03-09,19.955440521240234
2020-03-10,21.126205444335938
2020-03-11,20.226285934448242
2020-03-12,17.884754180908203
2020-03-13,19.920486450195312
2020-03-16,16.65283203125
2020-03-17,18.837093353271484
2020-03-18,18.78467559814453
2020-03-19,18.583721160888672
2020-03-20,16.47808837890625
2020-03-23,15.508275985717773
2020-03-24,17.491586685180664
2020-03-25,17.692535400390625
2020-03-26,19.055522918701172
2020-03-27,18.120656967163086
2020-03-30,18.592458724975586
2020-03-31,17.94591522216797
2020-04-01,16.696517944335938
2020-04-02,16.338298797607422
2020-04-03,15.648069381713867
2020-04-06,17.22073745727539
2020-04-07,17.19452667236328
2020-04-08,17.972126007080078
2020-04-09,18.505084991455078
2020-04-13,17.832332611083984
2020-04-14,18.085712432861328
2020-04-15,17.465375900268555
2020-04-16,17.334321975708008
2020-04-17,18.103178024291992
2020-04-20,17.858543395996094
2020-04-21,16.984834671020508
2020-04-22,17.456636428833008
2020-04-23,17.500322341918945
2020-04-24,18.155607223510742
2020-04-27,18.898256301879883
2020-04-28,19.343841552734375
2020-04-29,19.64090347290039
2020-04-30,19.230262756347656
2020-05-01,18.050758361816406
2020-05-04,17.81485939025879
2020-05-05,18.059499740600586
2020-05-06,18.094446182250977
2020-05-07,18.304134368896484
2020-05-08,18.88951873779297
2020-05-11,18.60993194580078
2020-05-12,17.832332611083984
2020-05-13,17.150846481323242
2020-05-14,17.42169189453125
2020-05-15,17.168315887451172
2020-05-18,18.32160758972168
2020-05-19,18.208026885986328
2020-05-20,18.85456657409668
2020-05-21,18.62740135192871
2020-05-22,18.679826736450195
2020-05-26,19.64090347290039
2020-05-27,20.38355827331543
2020-05-28,20.33063316345215
2020-05-29,20.101306915283203
2020-06-01,20.057205200195312
2020-06-02,21.062713623046875
2020-06-03,22.182880401611328
2020-06-04,21.830074310302734
2020-06-05,23.532377243041992
2020-06-08,24.052770614624023
2020-06-09,24.370298385620117
2020-06-10,24.56434440612793
2020-06-11,23.064903259277344
2020-06-12,23.752885818481445
2020-06-15,23.92046356201172
2020-06-16,24.39675521850586
2020-06-17,24.035127639770508
2020-06-18,24.123334884643555
2020-06-19,23.550016403198242
2020-06-22,23.408893585205078
2020-06-23,23.708776473999023
2020-06-24,22.765016555786133
2020-06-25,22.765016555786133
2020-06-26,22.412206649780273
2020-06-29,22.65035629272461
2020-06-30,22.844396591186523
2020-07-01,22.63271141052246
2020-07-02,22.93260383605957
2020-07-06,23.655858993530273
2020-07-07,23.36479377746582
2020-07-08,23.355972290039062
2020-07-09,23.382431030273438
2020-07-10,23.5235595703125
2020-07-13,23.56766128540039
2020-07-14,24.132152557373047
2020-07-15,24.74956703186035
2020-07-16,25.366985321044922
2020-07-17,25.613950729370117
2020-07-20,25.613950729370117
2020-07-21,25.852094650268555
2020-07-22,26.10788345336914
2020-07-23,26.28428840637207
2020-07-24,25.834457397460938
2020-07-27,27.016368865966797
2020-07-28,26.672382354736328
2020-07-29,27.880746841430664
2020-07-30,27.448562622070312
2020-07-31,27.34271812438965
2020-08-03,27.254512786865234
2020-08-04,27.510299682617188
2020-08-05,28.118896484375
2020-08-06,28.083620071411133
2020-08-07,28.092437744140625
2020-08-10,28.357044219970703
2020-08-11,28.489343643188477
2020-08-12,28.868621826171875
2020-08-13,28.683391571044922
2020-08-14,28.506988525390625
2020-08-17,28.515806198120117
2020-08-18,28.321762084960938
2020-08-19,28.42760467529297
2020-08-20,28.11008071899414
2020-08-21,28.639291763305664
2020-08-24,29.433115005493164
2020-08-25,29.009735107421875
2020-08-26,28.912717819213867
2020-08-27,28.530887603759766
2020-08-28,29.00152015686035
2020-08-31,28.82392692565918
2020-09-01,29.17023277282715
2020-09-02,29.925020217895508
2020-09-03,28.326650619506836
2020-09-04,28.459848403930664
2020-09-08,28.202333450317383
2020-09-09,29.365589141845703
2020-09-10,28.30889320373535
2020-09-11,28.362171173095703
2020-09-14,29.07255744934082
2020-09-15,29.143596649169922
2020-09-16,28.98375701904297
2020-09-17,29.143596649169922
2020-09-18,28.80615997314453
2020-09-21,27.900415420532227
2020-09-22,28.069135665893555
2020-09-23,27.16339111328125
2020-09-24,27.2521915435791
2020-09-25,27.705062866210938
2020-09-28,28.442087173461914
2020-09-29,28.388805389404297
2020-09-30,28.779518127441406
2020-10-01,28.886077880859375
2020-10-02,29.134719848632812
2020-10-05,29.77406120300293
2020-10-06,29.85397720336914
2020-10-07,31.132673263549805
2020-10-08,31.283634185791016
2020-10-09,30.884035110473633
2020-10-12,30.750837326049805
2020-10-13,30.963958740234375
2020-10-14,30.63541030883789
2020-10-15,31.04387664794922
2020-10-16,31.23923683166504
2020-10-19,30.724199295043945
2020-10-20,30.93731689453125
2020-10-21,31.079395294189453
2020-10-22,31.49675178527832
2020-10-23,31.576671600341797
2020-10-26,30.413406372070312
2020-10-27,29.17023277282715
2020-10-28,28.175697326660156
2020-10-29,28.504247665405273
2020-10-30,28.388805389404297
2020-11-02,28.83279800415039
2020-11-03,29.89837646484375
2020-11-04,29.800703048706055
2020-11-05,30.626527786254883
2020-11-06,30.82187271118164
2020-11-09,31.6832275390625
2020-11-10,31.985139846801758
2020-11-11,31.949623107910156
2020-11-12,31.190185546875
2020-11-13,32.01216506958008
2020-11-16,33.03961944580078
2020-11-17,32.592899322509766
2020-11-18,32.24445724487305
2020-11-19,32.45887756347656
2020-11-20,32.43208694458008
2020-11-23,32.72691345214844
2020-11-24,33.504215240478516
2020-11-25,33.325523376464844
2020-11-27,33.137908935546875
2020-11-30,33.432743072509766
2020-12-01,33.39699935913086
2020-12-02,33.77225112915039
2020-12-03,33.164703369140625
2020-12-04,33.90626525878906
2020-12-07,33.5756950378418
2020-12-08,33.88839340209961
2020-12-09,33.64716720581055
2020-12-10,33.209373474121094
2020-12-11,31.8424015045166
2020-12-14,32.887733459472656
2020-12-15,33.07535171508789
2020-12-16,32.37847137451172
2020-12-17,32.6911735534668
2020-12-18,32.37847137451172
2020-12-21,32.11936569213867
2020-12-22,32.226585388183594
2020-12-23,32.476749420166016
2020-12-24,32.405277252197266
2020-12-28,32.333797454833984
2020-12-29,31.8424015045166
2020-12-30,32.137245178222656
2020-12-31,32.1640510559082
2021-01-04,31.199127197265625
2021-01-05,31.86920738220215
2021-01-06,32.96814727783203
2021-01-07,33.03961944580078
2021-01-08,33.0128288269043
2021-01-11,33.53995132446289
2021-01-12,33.46847152709961
2021-01-13,33.209373474121094
2021-01-14,33.97773742675781
2021-01-15,33.77225112915039
2021-01-19,34.424461364746094
2021-01-20,34.352989196777344
2021-01-21,33.8973274230957
2021-01-22,33.593563079833984
2021-01-25,34.3619270324707
2021-01-26,33.209373474121094
2021-01-27,31.476091384887695
2021-01-28,32.55715560913086
2021-01-29,32.04790496826172
2021-02-01,32.07469177246094
2021-02-02,32.45887756347656
2021-02-03,32.46782302856445
2021-02-04,33.30765151977539
2021-02-05,33.432743072509766
2021-02-08,33.665035247802734
2021-02-09,32.45887756347656
2021-02-10,33.003883361816406
2021-02-11,32.84305953979492
2021-02-12,32.95028305053711
2021-02-16,34.486995697021484
2021-02-17,33.852657318115234
2021-02-18,33.557823181152344
2021-02-19,34.00454330444336
2021-02-22,33.90626525878906
2021-02-23,33.63823699951172
2021-02-24,34.51380920410156
2021-02-25,33.88447952270508
2021-02-26,34.37895202636719
2021-03-01,35.484764099121094
2021-03-02,34.82846450805664
2021-03-03,34.6936149597168
2021-03-04,33.22819137573242
2021-03-05,33.67770767211914
2021-03-08,33.81255340576172
2021-03-09,34.54077911376953
2021-03-10,35.03524398803711
2021-03-11,35.96125793457031
2021-03-12,36.635520935058594
2021-03-15,37.39070510864258
2021-03-16,36.851287841796875
2021-03-17,37.13897705078125
2021-03-18,37.21989440917969
2021-03-19,37.112003326416016
2021-03-22,36.833309173583984
2021-03-23,35.84437561035156
2021-03-24,36.186004638671875
2021-03-25,37.05806350708008
2021-03-26,39.02694320678711
2021-03-29,39.0179557800293
2021-03-30,39.197750091552734
2021-03-31,39.116844177246094
2021-04-01,39.54838562011719
2021-04-05,40.887935638427734
2021-04-06,40.16872024536133
2021-04-07,39.81808853149414
2021-04-08,40.069820404052734
2021-04-09,40.23164367675781
2021-04-12,40.5013542175293
2021-04-13,40.447410583496094
2021-04-14,40.67217254638672
2021-04-15,41.26552963256836
2021-04-16,41.17563247680664
2021-04-19,41.40937423706055
2021-04-20,40.95986557006836
2021-04-21,41.58019256591797
2021-04-22,40.98683547973633
2021-04-23,41.58019256591797
2021-04-26,41.418365478515625
2021-04-27,40.01587677001953
2021-04-28,39.88102340698242
2021-04-29,40.59126281738281
2021-04-30,39.74616622924805
2021-05-03,40.276588439941406
2021-05-04,40.438419342041016
2021-05-05,40.82501220703125
2021-05-06,41.058753967285156
2021-05-07,41.35543441772461
2021-05-10,40.67217254638672
2021-05-11,40.582271575927734
2021-05-12,38.52347946166992
2021-05-13,39.13482666015625
2021-05-14,39.8090934753418
2021-05-17,39.728187561035156
2021-05-18,38.999969482421875
2021-05-19,38.82915496826172
2021-05-20,39.287662506103516
2021-05-21,39.13482666015625
2021-05-24,39.566368103027344
2021-05-25,39.386558532714844
2021-05-26,39.36857986450195
2021-05-27,39.16066360473633
2021-05-28,39.440895080566406
2021-06-01,38.979854583740234
2021-06-02,38.76290512084961
2021-06-03,39.03410339355469
2021-06-04,39.24201965332031
2021-06-07,38.50978469848633
2021-06-08,38.88041687011719
2021-06-09,38.6544303894043
2021-06-10,38.90753936767578
2021-06-11,39.01601791381836
2021-06-14,37.479244232177734
2021-06-15,37.081485748291016
2021-06-16,36.4758186340332
2021-06-17,35.544715881347656
2021-06-18,34.98424530029297
2021-06-21,35.607994079589844
2021-06-22,36.295021057128906
2021-06-23,36.936859130859375
2021-06-24,37.06340408325195
2021-06-25,36.97301483154297
2021-06-28,37.05437088012695
2021-06-29,36.92781448364258
2021-06-30,36.97301483154297
2021-07-01,37.13573455810547
2021-07-02,37.24420928955078
2021-07-06,36.53909683227539
2021-07-07,36.74701690673828
2021-07-08,36.249820709228516
2021-07-09,37.090538024902344
2021-07-12,36.9910888671875
2021-07-13,36.6746940612793
2021-07-14,36.8464469909668
2021-07-15,36.6746940612793
2021-07-16,35.9967041015625
2021-07-19,35.55376052856445
2021-07-20,36.25886535644531
2021-07-21,36.936859130859375
2021-07-22,36.54814147949219
2021-07-23,37.26228713989258
2021-07-26,37.11764907836914
2021-07-27,36.629493713378906
2021-07-28,36.91877746582031
2021-07-29,37.80467987060547
2021-07-30,37.84083557128906
2021-08-02,37.15380859375
2021-08-03,37.696205139160156
2021-08-04,37.596763610839844
2021-08-05,36.96397018432617
2021-08-06,36.9910888671875
2021-08-09,36.8374137878418
2021-08-10,36.9910888671875
2021-08-11,37.00917434692383
2021-08-12,36.48485565185547
2021-08-13,36.439659118652344
2021-08-16,36.5119743347168
2021-08-17,36.493892669677734
2021-08-18,36.692771911621094
2021-08-19,36.96397018432617
2021-08-20,36.31310272216797
2021-08-23,36.53006362915039
2021-08-24,36.602386474609375
2021-08-25,36.900699615478516
2021-08-26,36.33118438720703
2021-08-27,36.8374137878418
2021-08-30,36.42821502685547
2021-08-31,36.36456298828125
2021-09-01,35.609806060791016
2021-09-02,36.00990676879883
2021-09-03,35.90989303588867
2021-09-07,35.96444320678711
2021-09-08,35.44612503051758
2021-09-09,35.10966110229492
2021-09-10,35.309722900390625
2021-09-13,35.41884231567383
2021-09-14,34.79140090942383
2021-09-15,35.13694763183594
2021-09-16,35.31882095336914
2021-09-17,34.909610748291016
2021-09-20,34.545875549316406
2021-09-21,33.92752456665039
2021-09-22,33.936622619628906
2021-09-23,34.364013671875
2021-09-24,34.909610748291016
2021-09-27,34.991451263427734
2021-09-28,34.20032501220703
2021-09-29,33.76383972167969
2021-09-30,33.18186950683594
2021-10-01,33.627437591552734
2021-10-04,33.24552536010742
2021-10-05,33.55469512939453
2021-10-06,33.07274627685547
2021-10-07,33.591064453125
2021-10-08,33.79112243652344
2021-10-11,33.5728759765625
2021-10-12,33.118202209472656
2021-10-13,33.50922775268555
2021-10-14,34.273067474365234
2021-10-15,34.50950622558594
2021-10-18,34.39127731323242
2021-10-19,34.47312545776367
2021-10-20,34.85505676269531
2021-10-21,34.9732666015625
2021-10-22,34.76411437988281
2021-10-25,35.10966110229492
2021-10-26,33.26370620727539
2021-10-27,32.18158721923828
2021-10-28,32.40892028808594
2021-10-29,32.345279693603516
2021-11-01,33.13639450073242
2021-11-02,33.609256744384766
2021-11-03,33.70018768310547
2021-11-04,33.34554672241211
2021-11-05,34.8641471862793
2021-11-08,34.982357025146484
2021-11-09,34.755027770996094
2021-11-10,34.654361724853516
2021-11-11,35.01124954223633
2021-11-12,35.79822540283203
2021-11-15,35.41388702392578
2021-11-16,35.368133544921875
2021-11-17,34.95634078979492
2021-11-18,35.07530975341797
2021-11-19,34.45305252075195
2021-11-22,35.423038482666016
2021-11-23,36.08189392089844
2021-11-24,35.72501754760742
2021-11-26,34.736724853515625
2021-11-29,35.19426727294922
2021-11-30,33.94059753417969
2021-12-01,33.72097396850586
2021-12-02,34.343231201171875
2021-12-03,33.977195739746094
2021-12-06,34.46220016479492
2021-12-07,34.98379135131836
2021-12-08,35.06614685058594
2021-12-09,34.361541748046875
2021-12-10,34.416439056396484
2021-12-13,33.794185638427734
2021-12-14,33.656917572021484
2021-12-15,34.041255950927734
2021-12-16,33.949745178222656
2021-12-17,33.574562072753906
2021-12-20,33.0346565246582
2021-12-21,33.18107604980469
2021-12-22,33.2908821105957
2021-12-23,33.62946319580078
2021-12-27,34.19681930541992
2021-12-28,34.17851638793945
2021-12-29,34.32493209838867
2021-12-30,34.05040740966797
2021-12-31,34.06870651245117
2022-01-03,34.0321044921875
2022-01-04,34.782474517822266
2022-01-05,34.93803787231445
2022-01-06,35.07530975341797
2022-01-07,34.745872497558594
2022-01-10,34.407291412353516
2022-01-11,34.80992889404297
2022-01-12,34.928890228271484
2022-01-13,34.855682373046875
2022-01-14,33.94059753417969
2022-01-18,33.5379638671875
2022-01-19,32.906551361083984
2022-01-20,32.14702606201172
2022-01-21,32.082969665527344
2022-01-24,32.33004379272461
2022-01-25,32.302589416503906
2022-01-26,35.90803909301758
2022-01-27,37.11595916748047
2022-01-28,38.54348373413086
2022-01-31,38.470279693603516
2022-02-01,38.58924102783203
2022-02-02,39.110843658447266
2022-02-03,38.991878509521484
2022-02-04,38.607540130615234
2022-02-07,38.616695404052734
2022-02-08,39.110843658447266
2022-02-09,39.303009033203125
2022-02-10,38.8820686340332
2022-02-11,38.31471252441406
2022-02-14,37.78396224975586
2022-02-15,38.51603317260742
2022-02-16,38.790557861328125
2022-02-17,37.8480224609375
2022-02-18,38.159149169921875
2022-02-22,37.62839889526367
2022-02-23,36.813968658447266
2022-02-24,37.0701904296875
2022-02-25,37.86245346069336
2022-02-28,37.21759796142578
2022-03-01,35.53174591064453
2022-03-02,36.6924934387207
2022-03-03,36.517459869384766
2022-03-04,35.78969192504883
2022-03-07,34.352577209472656
2022-03-08,34.05778884887695
2022-03-09,34.66579818725586
2022-03-10,34.09463119506836
2022-03-11,33.56953048706055
2022-03-14,33.35764694213867
2022-03-15,33.70771026611328
2022-03-16,34.37099838256836
2022-03-17,34.73027801513672
2022-03-18,35.02507400512695
2022-03-21,34.8223991394043
2022-03-22,35.31986618041992
2022-03-23,34.592098236083984
2022-03-24,35.329078674316406
2022-03-25,35.34749984741211
2022-03-28,34.96058654785156
2022-03-29,35.30143356323242
2022-03-30,34.6197395324707
2022-03-31,34.002506256103516
2022-04-01,33.49583435058594
2022-04-04,33.70771026611328
2022-04-05,32.86018371582031
2022-04-06,32.16926574707031
2022-04-07,31.699438095092773
2022-04-08,31.404647827148438
2022-04-11,31.017728805541992
2022-04-12,30.907180786132812
2022-04-13,31.201980590820312
2022-04-14,31.036157608032227
2022-04-18,31.201980590820312
2022-04-19,31.975807189941406
2022-04-20,31.93895721435547
2022-04-21,31.911327362060547
2022-04-22,31.13749122619629
2022-04-25,31.708648681640625
2022-04-26,32.703582763671875
2022-04-27,33.228675842285156
2022-04-28,33.53268051147461
2022-04-29,32.417999267578125
2022-05-02,33.12734603881836
2022-05-03,33.28395462036133
2022-05-04,34.33415222167969
2022-05-05,33.65243911743164
2022-05-06,33.956451416015625
2022-05-09,32.94309616088867
2022-05-10,33.16419982910156
2022-05-11,32.132423400878906
2022-05-12,32.43641662597656
2022-05-13,32.74042510986328
2022-05-16,32.42721176147461
2022-05-17,33.43134689331055
2022-05-18,31.377010345458984
2022-05-19,30.879549026489258
2022-05-20,30.5202693939209
2022-05-23,31.100637435913086
2022-05-24,30.64924430847168
2022-05-25,31.045364379882812
2022-05-26,32.44563674926758
2022-05-27,33.09547805786133
2022-05-31,33.25328826904297
2022-06-01,32.9005241394043
2022-06-02,33.893856048583984
2022-06-03,33.27185821533203
2022-06-06,33.31827926635742
2022-06-07,33.27185821533203
2022-06-08,33.25328826904297
2022-06-09,31.805072784423828
2022-06-10,30.895305633544922
2022-06-13,29.651317596435547
2022-06-14,29.799850463867188
2022-06-15,30.393997192382812
2022-06-16,29.122163772583008
2022-06-17,29.595619201660156
2022-06-21,29.818418502807617
2022-06-22,29.289260864257812
2022-06-23,29.344966888427734
2022-06-24,30.412555694580078
2022-06-27,30.90458106994629
2022-06-28,30.17119026184082
2022-06-29,30.059791564941406
2022-06-30,29.25213050842285
2022-07-01,29.623470306396484
2022-07-05,29.382099151611328
2022-07-06,29.623470306396484
2022-07-07,30.31972885131836
2022-07-08,30.2733097076416
2022-07-11,30.124774932861328
2022-07-12,30.04122543334961
2022-07-13,29.929819107055664
2022-07-14,29.697734832763672
2022-07-15,30.82103729248047
2022-07-18,30.421842575073242
2022-07-19,31.740087509155273
2022-07-20,31.953609466552734
2022-07-21,32.35279846191406
2022-07-22,31.907190322875977
2022-07-25,32.01860046386719
2022-07-26,32.43635177612305
2022-07-27,33.37397384643555
2022-07-28,33.689613342285156
2022-07-29,34.12593460083008
2022-08-01,33.78245544433594
2022-08-02,33.52251434326172
2022-08-03,33.88456726074219
2022-08-04,33.87528991699219
2022-08-05,33.23472595214844
2022-08-08,33.32755661010742
2022-08-09,32.844818115234375
2022-08-10,34.1630744934082
2022-08-11,34.47871017456055
2022-08-12,34.850040435791016
2022-08-15,34.515846252441406
2022-08-16,34.70151138305664
2022-08-17,33.773162841796875
2022-08-18,34.21877670288086
2022-08-19,33.596778869628906
2022-08-22,32.62201690673828
2022-08-23,32.5291862487793
2022-08-24,32.47348403930664
2022-08-25,33.28114318847656
2022-08-26,32.15785217285156
2022-08-29,31.897916793823242
2022-08-30,32.300262451171875
2022-08-31,32.113121032714844
2022-09-01,31.692060470581055
2022-09-02,31.018356323242188
2022-09-06,30.68150520324707
2022-09-07,30.86864471435547
2022-09-08,30.980928421020508
2022-09-09,31.476850509643555
2022-09-12,32.113121032714844
2022-09-13,30.803144454956055
2022-09-14,30.803144454956055
2022-09-15,30.513080596923828
2022-09-16,29.99844741821289
2022-09-19,30.28851318359375
2022-09-20,29.66159439086914
2022-09-21,29.062747955322266
2022-09-22,28.744611740112305
2022-09-23,28.360977172851562
2022-09-26,27.96798324584961
2022-09-27,27.603059768676758
2022-09-28,28.00541114807129
2022-09-29,27.715347290039062
2022-09-30,27.1539306640625
2022-10-03,27.94927215576172
2022-10-04,29.50252914428711
2022-10-05,29.3060302734375
2022-10-06,29.465099334716797
2022-10-07,28.501331329345703
2022-10-10,28.192550659179688
2022-10-11,27.977340698242188
2022-10-12,28.145767211914062
2022-10-13,28.61361312866211
2022-10-14,28.25804901123047
2022-10-17,29.24989128112793
2022-10-18,29.474454879760742
2022-10-19,29.399599075317383
2022-10-20,28.913040161132812
2022-10-21,30.120086669921875
2022-10-24,30.251083374023438
2022-10-25,29.689666748046875
2022-10-26,30.307226181030273
2022-10-27,30.04523277282715
2022-10-28,30.40079689025879
2022-10-31,30.10137176513672
2022-11-01,30.46629524230957
2022-11-02,29.708377838134766
2022-11-03,29.830020904541016
2022-11-04,30.77507209777832
2022-11-07,30.952857971191406
2022-11-08,30.859285354614258
2022-11-09,29.99844741821289
2022-11-10,31.72013282775879
2022-11-11,32.244117736816406
2022-11-14,31.804340362548828
2022-11-15,32.15055465698242
2022-11-16,31.327138900756836
2022-11-17,31.40260124206543
2022-11-18,31.968584060668945
2022-11-21,31.751625061035156
2022-11-22,32.05347442626953
2022-11-23,31.99687957763672
2022-11-25,32.18553924560547
2022-11-28,31.23280906677246
2022-11-29,31.515796661376953
2022-11-30,32.194976806640625
2022-12-01,32.29874038696289
2022-12-02,32.07234573364258
2022-12-05,31.600696563720703
2022-12-06,31.393165588378906
2022-12-07,31.24223518371582
2022-12-08,31.430898666381836
2022-12-09,31.147907257080078
2022-12-12,31.591264724731445
2022-12-13,32.06291580200195
2022-12-14,31.81765365600586
2022-12-15,30.930950164794922
2022-12-16,30.46872901916504
2022-12-19,29.949913024902344
2022-12-20,29.761249542236328
2022-12-21,30.21403694152832
2022-12-22,29.780118942260742
2022-12-23,29.949913024902344
2022-12-27,30.09140396118164
2022-12-28,29.638620376586914
2022-12-29,30.1668701171875
2022-12-30,30.129140853881836
2023-01-03,30.695125579833984
2023-01-04,32.176109313964844
2023-01-05,32.44023513793945
2023-01-06,33.37411117553711
2023-01-09,33.41183853149414
2023-01-10,33.80802536010742
2023-01-11,34.34571075439453
2023-01-12,34.468345642089844
2023-01-13,34.024986267089844
2023-01-17,33.91178894042969
2023-01-18,33.90235900878906
2023-01-19,33.72312927246094
2023-01-20,33.80802536010742
2023-01-23,34.06271743774414
2023-01-24,33.77973175048828
2023-01-25,33.54389572143555
2023-01-26,34.36457443237305
2023-01-27,34.713600158691406
2023-01-30,34.326847076416016
2023-01-31,32.647762298583984
2023-02-01,33.2797737121582
2023-02-02,34.23250961303711
2023-02-03,33.71369552612305
2023-02-06,33.03451919555664
2023-02-07,33.19487762451172
2023-02-08,33.14771270751953
2023-02-09,33.015647888183594
2023-02-10,33.2514762878418
2023-02-13,33.647666931152344
2023-02-14,33.383541107177734
2023-02-15,33.60993194580078
2023-02-16,33.34580612182617
2023-02-17,33.56276321411133
2023-02-21,32.647762298583984
2023-02-22,32.46853256225586
2023-02-23,32.73265838623047
2023-02-24,32.36477279663086
2023-02-27,32.63106918334961
2023-02-28,32.2886848449707
2023-03-01,32.65009307861328
2023-03-02,32.8212776184082
2023-03-03,33.54409408569336
2023-03-06,33.734310150146484
2023-03-07,32.75470733642578
2023-03-08,32.6976432800293
2023-03-09,32.2886848449707
2023-03-10,31.6324462890625
2023-03-13,31.451745986938477
2023-03-14,31.917768478393555
2023-03-15,31.204469680786133
2023-03-16,31.699026107788086
2023-03-17,31.21398162841797
2023-03-20,31.603919982910156
2023-03-21,32.02238464355469
2023-03-22,31.16642951965332
2023-03-23,31.061811447143555
2023-03-24,31.24251365661621
2023-03-27,31.718048095703125
2023-03-28,31.90825653076172
2023-03-29,32.678619384765625
2023-03-30,33.11611557006836
2023-03-31,33.55360412597656
2023-04-03,33.239749908447266
2023-04-04,32.74519348144531
2023-04-05,32.58351516723633
2023-04-06,32.43134307861328
2023-04-10,33.17317581176758
2023-04-11,33.26828384399414
2023-04-12,33.0400276184082
2023-04-13,33.22072982788086
2023-04-14,33.078067779541016
2023-04-17,33.0400276184082
2023-04-18,32.81177520751953
2023-04-19,32.336238861083984
2023-04-20,32.31721496582031
2023-04-21,31.955814361572266
2023-04-24,32.012874603271484
2023-04-25,31.280553817749023
2023-04-26,30.662364959716797
2023-04-27,31.147403717041016
2023-04-28,31.594406127929688
2023-05-01,31.48979377746582
2023-05-02,30.900131225585938
2023-05-03,30.12025260925293
2023-05-04,29.834936141967773
2023-05-05,29.93955421447754
2023-05-08,29.93004035949707
2023-05-09,29.635211944580078
2023-05-10,29.758852005004883
2023-05-11,29.464017868041992
2023-05-12,29.47353172302246
2023-05-15,29.673255920410156
2023-05-16,29.131147384643555
2023-05-17,29.31184959411621
2023-05-18,29.758852005004883
2023-05-19,29.787382125854492
2023-05-22,29.958574295043945
2023-05-23,29.264297485351562
2023-05-24,29.987106323242188
2023-05-25,29.521085739135742
2023-05-26,29.987106323242188
2023-05-30,29.900741577148438
2023-05-31,29.56488800048828
2023-06-01,29.622465133666992
2023-06-02,30.23659896850586
2023-06-05,29.795188903808594
2023-06-06,30.015897750854492
2023-06-07,30.601242065429688
2023-06-08,30.399728775024414
2023-06-09,31.455272674560547
2023-06-12,31.503257751464844
2023-06-13,31.65679168701172
2023-06-14,31.89668846130371
2023-06-15,32.47243881225586
2023-06-16,34.401206970214844
2023-06-20,33.489601135253906
2023-06-21,33.02899932861328
2023-06-22,33.05778884887695
2023-06-23,32.49162673950195
2023-06-26,32.76031494140625
2023-06-27,33.288082122802734
2023-06-28,33.374446868896484
2023-06-29,33.30727767944336
2023-06-30,33.62394332885742
2023-07-03,33.73908996582031
2023-07-05,33.566368103027344
2023-07-06,33.24970626831055
2023-07-07,33.29768371582031
2023-07-10,33.60475158691406
2023-07-11,33.96939468383789
2023-07-12,34.122928619384766
2023-07-13,34.37241744995117
2023-07-14,32.20375061035156
2023-07-17,32.24213790893555
2023-07-18,32.27092742919922
2023-07-19,32.24213790893555
2023-07-20,31.84870719909668
2023-07-21,31.87749481201172
2023-07-24,31.84870719909668
2023-07-25,32.625972747802734
2023-07-26,33.00980758666992
2023-07-27,32.44364929199219
2023-07-28,32.39567184448242
2023-07-31,32.56839370727539
2023-08-01,32.37648391723633
2023-08-02,32.44364929199219
2023-08-03,32.21335220336914
2023-08-04,31.76234245300293
2023-08-07,31.77193832397461
2023-08-08,31.503257751464844
2023-08-09,31.24416732788086
2023-08-10,31.340126037597656
2023-08-11,31.11941909790039
2023-08-14,31.05224609375
2023-08-15,30.601242065429688
2023-08-16,30.466899871826172
2023-08-17,30.735584259033203
2023-08-18,30.850736618041992
2023-08-21,30.706796646118164
2023-08-22,30.668411254882812
2023-08-23,30.89871597290039
2023-08-24,30.6588191986084
2023-08-25,31.11941909790039
2023-08-28,31.330528259277344
2023-08-29,31.570430755615234
2023-08-30,31.705921173095703
2023-08-31,31.76399040222168
2023-09-01,31.802703857421875
2023-09-05,31.1639404296875
2023-09-06,30.83487892150879
2023-09-07,30.505821228027344
2023-09-08,30.360647201538086
2023-09-11,30.031585693359375
2023-09-12,30.380002975463867
2023-09-13,30.25418472290039
2023-09-14,30.467105865478516
2023-09-15,30.22515106201172
2023-09-18,30.554210662841797
2023-09-19,30.85423469543457
2023-09-20,30.60260009765625
2023-09-21,30.176759719848633
2023-09-22,30.215471267700195
2023-09-25,29.9735164642334
2023-09-26,29.15086555480957
2023-09-27,29.092796325683594
2023-09-28,29.34442901611328
2023-09-29,29.489601135253906
2023-10-02,29.23796844482422
2023-10-03,29.0540828704834
2023-10-04,29.102474212646484
2023-10-05,28.725021362304688
2023-10-06,28.62824249267578
2023-10-09,28.492746353149414
2023-10-10,28.30885887145996
2023-10-11,28.163686752319336
2023-10-12,27.224895477294922
2023-10-13,27.03133201599121
2023-10-16,27.486207962036133
2023-10-17,27.2829647064209
2023-10-18,26.71194839477539
2023-10-19,26.54741859436035
2023-10-20,26.29578399658203
2023-10-23,26.063507080078125
2023-10-24,25.995758056640625
2023-10-25,25.918333053588867
2023-10-26,26.063507080078125
2023-10-27,25.734445571899414
2023-10-30,25.802194595336914
2023-10-31,25.898975372314453
2023-11-01,25.802194595336914
2023-11-02,26.499025344848633
2023-11-03,27.03133201599121
2023-11-06,26.828086853027344
2023-11-07,26.586130142211914
2023-11-08,26.431278228759766
2023-11-09,26.198999404907227
2023-11-10,26.78937530517578
2023-11-13,26.828086853027344
2023-11-14,27.544275283813477
2023-11-15,28.018512725830078
2023-11-16,27.73509979248047
2023-11-17,27.832826614379883
2023-11-20,27.64714813232422
2023-11-21,27.471237182617188
2023-11-22,27.520099639892578
2023-11-24,27.559192657470703
2023-11-27,27.236690521240234
2023-11-28,27.12919044494629
2023-11-29,27.5787353515625
2023-11-30,27.842601776123047
2023-12-01,28.184648513793945
2023-12-04,28.204195022583008
2023-12-05,27.813282012939453
2023-12-06,28.135786056518555
2023-12-07,28.350784301757812
2023-12-08,28.448514938354492
2023-12-11,28.82965087890625
2023-12-12,28.741695404052734
2023-12-13,29.00555992126465
2023-12-14,29.875337600708008
2023-12-15,29.76783561706543
2023-12-18,29.416017532348633
2023-12-19,29.689653396606445
2023-12-20,29.073970794677734
2023-12-21,29.494197845458984
2023-12-22,29.543062210083008
2023-12-26,29.7580623626709
2023-12-27,29.865564346313477
2023-12-28,29.933971405029297
2023-12-29,29.7580623626709
2024-01-02,29.79715347290039
2024-01-03,29.44533348083496
2024-01-04,29.59192657470703
2024-01-05,29.875337600708008
2024-01-08,30.608293533325195
2024-01-09,29.89488410949707
2024-01-10,29.99260902404785
2024-01-11,30.041473388671875
2024-01-12,29.90465545654297
2024-01-16,29.53329086303711
2024-01-17,29.17169761657715
2024-01-18,29.474651336669922
2024-01-19,29.748292922973633
2024-01-22,29.9242000579834
2024-01-23,29.61147117614746
2024-01-24,29.679882049560547
2024-01-25,30.119653701782227
2024-01-26,30.158748626708984
2024-01-29,30.442155838012695
2024-01-30,32.543304443359375
2024-01-31,31.751708984375
2024-02-01,31.360795974731445
2024-02-02,31.517160415649414
2024-02-05,31.28261375427246
2024-02-06,31.311933517456055
2024-02-07,31.06761360168457
2024-02-08,31.00897789001465
2024-02-09,31.311933517456055
2024-02-12,31.448753356933594
2024-02-13,30.569204330444336
2024-02-14,31.028522491455078
2024-02-15,31.302160263061523
2024-02-16,31.184886932373047
2024-02-20,31.55625343322754
2024-02-21,31.517160415649414
2024-02-22,31.947162628173828
2024-02-23,31.947162628173828
2024-02-26,31.771249771118164
2024-02-27,31.693071365356445
2024-02-28,31.633922576904297
2024-02-29,31.78179359436035
2024-03-01,31.98880958557129
2024-03-04,32.90559005737305
2024-03-05,32.0380973815918
2024-03-06,32.343692779541016
2024-03-07,32.13667297363281
2024-03-08,32.24510955810547
2024-03-11,32.43241500854492
2024-03-12,32.422550201416016
2024-03-13,32.264827728271484
2024-03-14,32.067665100097656
2024-03-15,32.047950744628906
2024-03-18,31.870513916015625
2024-03-19,32.08738327026367
2024-03-20,32.2056770324707
2024-03-21,32.65914535522461
2024-03-22,32.10710144042969
2024-03-25,32.00852584838867
2024-03-26,31.850797653198242
2024-03-27,32.55070495605469
2024-03-28,32.49155807495117
2024-04-01,32.2056770324707
2024-04-02,32.047950744628906
2024-04-03,32.10710144042969
2024-04-04,31.909942626953125
2024-04-05,32.07752990722656
2024-04-08,31.732500076293945
2024-04-09,32.08738327026367
2024-04-10,31.495912551879883
2024-04-11,31.811365127563477
2024-04-12,31.042449951171875
2024-04-15,30.845293045043945
2024-04-16,30.480552673339844
2024-04-17,30.539697647094727
2024-04-18,30.470693588256836
2024-04-19,30.825576782226562
2024-04-22,31.10159683227539
2024-04-23,31.08188247680664
2024-04-24,31.072025299072266
2024-04-25,30.90443992614746
2024-04-26,30.884723663330078
2024-04-29,31.32832908630371
2024-04-30,32.90559005737305
2024-05-01,33.00416564941406
2024-05-02,33.09288787841797
2024-05-03,33.24075698852539
2024-05-06,32.9647331237793
2024-05-07,32.94501876831055
2024-05-08,33.44777297973633
2024-05-09,33.71393585205078
2024-05-10,33.684356689453125
2024-05-13,33.79279708862305
2024-05-14,34.453277587890625
2024-05-15,34.61100387573242
2024-05-16,34.71944046020508
2024-05-17,34.847591400146484
2024-05-20,35.015174865722656
2024-05-21,35.96152877807617
2024-05-22,36.06011199951172
2024-05-23,35.60664749145508
2024-05-24,35.76436996459961
2024-05-28,35.34048080444336
2024-05-29,35.04474639892578
2024-05-30,36.43470764160156
2024-05-31,37.010826110839844
2024-06-03,37.11016082763672
2024-06-04,36.76250076293945
2024-06-05,37.23929214477539
2024-06-06,37.14989471435547
2024-06-07,36.68303680419922
2024-06-10,36.61350631713867
2024-06-11,37.10022735595703
2024-06-12,37.7657470703125
2024-06-13,37.825347900390625
2024-06-14,37.00089645385742
2024-06-17,38.49086380004883
2024-06-18,39.94110107421875
2024-06-20,39.5835075378418
2024-06-21,39.782169342041016
2024-06-24,39.633174896240234
2024-06-25,39.50404357910156
2024-06-26,38.02400588989258
2024-06-27,38.33193588256836
2024-06-28,38.59019470214844
2024-07-01,38.401466369628906
2024-07-02,38.13327407836914
2024-07-03,38.16307067871094
2024-07-05,38.18293762207031
2024-07-08,42.762107849121094
2024-07-09,44.371273040771484
2024-07-10,45.17585754394531
2024-07-11,44.74873352050781
2024-07-12,45.31492233276367
2024-07-15,45.45398712158203
2024-07-16,45.89104461669922
2024-07-17,45.533451080322266
2024-07-18,44.68913650512695
2024-07-19,44.0136833190918
2024-07-22,44.0136833190918
2024-07-23,43.765357971191406
2024-07-24,43.65609359741211
2024-07-25,42.52371597290039
2024-07-26,42.563446044921875
2024-07-29,42.39458465576172
2024-07-30,39.474246978759766
2024-07-31,39.74243927001953
2024-08-01,39.772239685058594
2024-08-02,38.67959213256836
2024-08-05,37.507484436035156
2024-08-06,38.07367706298828
2024-08-07,37.59688186645508
2024-08-08,38.351802825927734
2024-08-09,38.19287109375
2024-08-12,39.047122955322266
2024-08-13,39.50404357910156
2024-08-14,39.32524871826172
2024-08-15,39.99076461791992
2024-08-16,39.93117141723633
2024-08-19,40.33842849731445
2024-08-20,40.45762252807617
2024-08-21,41.79859924316406
2024-08-22,40.994014739990234
2024-08-23,41.65953063964844
2024-08-26,41.937660217285156
2024-08-27,42.235652923583984
2024-08-28,42.036991119384766
2024-08-29,41.59000015258789
2024-08-30,41.849998474121094
2024-09-03,40.66999816894531
2024-09-04,41.2400016784668
2024-09-05,41.369998931884766
2024-09-06,40.63999938964844
2024-09-09,40.970001220703125
2024-09-10,41.15999984741211
2024-09-11,41.849998474121094
2024-09-12,41.86000061035156
2024-09-13,42.5
2024-09-16,42.90999984741211
2024-09-17,43.29999923706055
2024-09-18,43.41999816894531
2024-09-19,44.43000030517578
2024-09-20,44.5
2024-09-23,44.650001525878906
2024-09-24,45.290000915527344
2024-09-25,44.66999816894531
2024-09-26,45.279998779296875
2024-09-27,44.869998931884766
2024-09-30,45.150001525878906
2024-10-01,44.540000915527344
2024-10-02,44.90999984741211
2024-10-03,44.59000015258789
2024-10-04,44.880001068115234
2024-10-07,44.11000061035156
2024-10-08,44.59000015258789
2024-10-09,46.72999954223633
2024-10-10,46.02000045776367
2024-10-11,46.459999084472656
2024-10-14,46.83000183105469
2024-10-15,45.7599983215332
2024-10-16,46.0099983215332
2024-10-17,46.52000045776367
2024-10-18,46.65999984741211
2024-10-21,47.029998779296875
2024-10-22,47.310001373291016
2024-10-23,46.88999938964844
2024-10-24,46.810001373291016
2024-10-25,46.25
2024-10-28,46.84000015258789
2024-10-29,49.029998779296875
2024-10-30,48.040000915527344
2024-10-31,47.59000015258789
2024-11-01,48.36000061035156
2024-11-04,47.02000045776367
2024-11-05,47.279998779296875
2024-11-06,48.2400016784668
2024-11-07,48.220001220703125
2024-11-08,48.720001220703125
2024-11-11,48.91999816894531
2024-11-12,48.31999969482422
2024-11-13,47.209999084472656
2024-11-14,47.04999923706055
2024-11-15,46.4900016784668
2024-11-18,46.439998626708984
2024-11-19,47.290000915527344
2024-11-20,47.349998474121094
2024-11-21,47.84000015258789
2024-11-22,48.52000045776367
2024-11-25,48.2599983215332
2024-11-26,48.0
2024-11-27,48.220001220703125
2024-11-29,48.66999816894531
2024-12-02,49.2400016784668
2024-12-03,49.16999816894531
2024-12-04,49.150001525878906
2024-12-05,49.7599983215332
2024-12-06,49.560001373291016
2024-12-09,48.5099983215332
2024-12-10,48.369998931884766
2024-12-11,47.630001068115234
2024-12-12,48.61000061035156
2024-12-13,48.150001525878906
2024-12-16,48.18000030517578
2024-12-17,47.7599983215332
