,GOOGL
2014-01-02,27.75524139404297
2014-01-03,27.552770614624023
2014-01-06,27.859966278076172
2014-01-07,28.397058486938477
2014-01-08,28.456153869628906
2014-01-09,28.1821231842041
2014-01-10,28.180627822875977
2014-01-13,28.0010986328125
2014-01-14,28.659868240356445
2014-01-15,28.64042091369629
2014-01-16,28.829923629760742
2014-01-17,28.688045501708984
2014-01-21,29.016435623168945
2014-01-22,29.049348831176758
2014-01-23,28.926671981811523
2014-01-24,28.02229118347168
2014-01-27,27.458768844604492
2014-01-28,28.00184440612793
2014-01-29,27.600645065307617
2014-01-30,28.31053352355957
2014-01-31,29.447057723999023
2014-02-03,28.26166343688965
2014-02-04,28.37960433959961
2014-02-05,28.505273818969727
2014-02-06,28.923179626464844
2014-02-07,29.359037399291992
2014-02-10,29.24658203125
2014-02-11,29.67670440673828
2014-02-12,29.58968162536621
2014-02-13,29.919069290161133
2014-02-14,29.991378784179688
2014-02-18,30.19285011291504
2014-02-19,29.979909896850586
2014-02-20,30.024044036865234
2014-02-21,30.016063690185547
2014-02-24,30.23349380493164
2014-02-25,30.420255661010742
2014-02-26,30.42449378967285
2014-02-27,30.400556564331055
2014-02-28,30.311790466308594
2014-03-03,29.988636016845703
2014-03-04,30.293336868286133
2014-03-05,30.376867294311523
2014-03-06,30.41053009033203
2014-03-07,30.29034423828125
2014-03-10,30.210058212280273
2014-03-11,29.921314239501953
2014-03-12,30.103586196899414
2014-03-13,29.64877700805664
2014-03-14,29.243337631225586
2014-03-17,29.724578857421875
2014-03-18,30.20232582092285
2014-03-19,29.902860641479492
2014-03-20,29.85074806213379
2014-03-21,29.49867057800293
2014-03-24,28.872560501098633
2014-03-25,28.892261505126953
2014-03-26,28.22525978088379
2014-03-27,27.784164428710938
2014-03-28,27.930532455444336
2014-03-31,27.789897918701172
2014-04-01,28.29806900024414
2014-04-02,28.30330467224121
2014-04-03,28.47178840637207
2014-04-04,27.16402816772461
2014-04-07,26.933862686157227
2014-04-08,27.774812698364258
2014-04-09,28.249591827392578
2014-04-10,27.235767364501953
2014-04-11,26.79088020324707
2014-04-14,27.16153907775879
2014-04-15,27.335905075073242
2014-04-16,28.093158721923828
2014-04-17,27.068872451782227
2014-04-21,26.871091842651367
2014-04-22,27.176483154296875
2014-04-23,26.778425216674805
2014-04-24,26.6254825592041
2014-04-25,26.060529708862305
2014-04-28,26.05455207824707
2014-04-29,26.71963882446289
2014-04-30,26.64739990234375
2014-05-01,26.829242706298828
2014-05-02,26.597084045410156
2014-05-05,26.66982078552246
2014-05-06,26.03412437438965
2014-05-07,25.806447982788086
2014-05-08,25.9145565032959
2014-05-09,26.235891342163086
2014-05-12,26.82425880432129
2014-05-13,26.979198455810547
2014-05-14,26.62398910522461
2014-05-15,26.36043930053711
2014-05-16,26.319589614868164
2014-05-19,26.844186782836914
2014-05-20,26.921905517578125
2014-05-21,27.385726928710938
2014-05-22,27.672183990478516
2014-05-23,28.088178634643555
2014-05-27,28.639678955078125
2014-05-28,28.419475555419922
2014-05-29,28.424957275390625
2014-05-30,28.47926139831543
2014-06-02,28.115079879760742
2014-06-03,27.625356674194336
2014-06-04,27.58799171447754
2014-06-05,28.144474029541016
2014-06-06,28.199275970458984
2014-06-09,28.433427810668945
2014-06-10,28.312366485595703
2014-06-11,28.272510528564453
2014-06-12,27.87395477294922
2014-06-13,27.916301727294922
2014-06-16,27.515256881713867
2014-06-17,27.43155860900879
2014-06-18,27.931747436523438
2014-06-19,28.147464752197266
2014-06-20,28.22368812561035
2014-06-23,28.610782623291016
2014-06-24,28.52359962463379
2014-06-25,29.19068145751953
2014-06-26,29.132890701293945
2014-06-27,29.17872428894043
2014-06-30,29.12790870666504
2014-07-01,29.467676162719727
2014-07-02,29.43230438232422
2014-07-03,29.54688835144043
2014-07-07,29.431310653686523
2014-07-08,28.815542221069336
2014-07-09,29.062644958496094
2014-07-10,28.897245407104492
2014-07-11,29.226551055908203
2014-07-14,29.605676651000977
2014-07-15,29.545894622802734
2014-07-16,29.424333572387695
2014-07-17,28.93610382080078
2014-07-18,30.146217346191406
2014-07-21,29.813922882080078
2014-07-22,30.069496154785156
2014-07-23,30.150203704833984
2014-07-24,30.041595458984375
2014-07-25,29.79598617553711
2014-07-28,29.842817306518555
2014-07-29,29.590232849121094
2014-07-30,29.66446304321289
2014-07-31,28.872835159301758
2014-08-01,28.57640838623047
2014-08-04,29.008342742919922
2014-08-05,28.553489685058594
2014-08-06,28.620746612548828
2014-08-07,28.48723030090332
2014-08-08,28.79262351989746
2014-08-11,28.758249282836914
2014-08-12,28.50267791748047
2014-08-13,29.12242889404297
2014-08-14,29.126911163330078
2014-08-15,29.080081939697266
2014-08-18,29.527957916259766
2014-08-19,29.74765968322754
2014-08-20,29.662967681884766
2014-08-21,29.514009475708008
2014-08-22,29.519989013671875
2014-08-25,29.421842575073242
2014-08-26,29.299785614013672
2014-08-27,29.04471206665039
2014-08-28,28.91119384765625
2014-08-29,29.012826919555664
2014-09-02,29.325193405151367
2014-09-03,29.36953353881836
2014-09-04,29.54987907409668
2014-09-05,29.78104019165039
2014-09-08,29.97284507751465
2014-09-09,29.49159049987793
2014-09-10,29.563827514648438
2014-09-11,29.448745727539062
2014-09-12,29.13936996459961
2014-09-15,28.976957321166992
2014-09-16,29.332664489746094
2014-09-17,29.55735206604004
2014-09-18,29.755634307861328
2014-09-19,30.16066551208496
2014-09-22,29.755634307861328
2014-09-23,29.452232360839844
2014-09-24,29.812925338745117
2014-09-25,29.15680503845215
2014-09-26,29.28882598876953
2014-09-29,29.28434181213379
2014-09-30,29.314233779907227
2014-10-01,28.876819610595703
2014-10-02,28.93909454345703
2014-10-03,29.206623077392578
2014-10-06,29.282848358154297
2014-10-07,28.601318359375
2014-10-08,29.08157730102539
2014-10-09,28.43741226196289
2014-10-10,27.65923309326172
2014-10-13,27.139116287231445
2014-10-14,27.335407257080078
2014-10-15,26.938846588134766
2014-10-16,26.749032974243164
2014-10-17,26.054052352905273
2014-10-20,26.522851943969727
2014-10-21,26.804332733154297
2014-10-22,27.03649139404297
2014-10-23,27.58251190185547
2014-10-24,27.345869064331055
2014-10-27,27.394689559936523
2014-10-28,27.84605598449707
2014-10-29,27.821643829345703
2014-10-30,27.912315368652344
2014-10-31,28.290943145751953
2014-11-03,28.08668327331543
2014-11-04,28.107606887817383
2014-11-05,27.69709587097168
2014-11-06,27.484865188598633
2014-11-07,27.49134063720703
2014-11-10,27.810686111450195
2014-11-11,27.963132858276367
2014-11-12,27.81167984008789
2014-11-13,27.721508026123047
2014-11-14,27.65923309326172
2014-11-17,27.233278274536133
2014-11-18,27.12716293334961
2014-11-19,27.26117706298828
2014-11-20,27.089797973632812
2014-11-21,27.195913314819336
2014-11-24,27.27512550354004
2014-11-25,27.3623104095459
2014-11-26,27.287580490112305
2014-11-28,27.354835510253906
2014-12-01,26.885038375854492
2014-12-02,26.832231521606445
2014-12-03,26.751523971557617
2014-12-04,27.031009674072266
2014-12-05,26.308629989624023
2014-12-08,26.440650939941406
2014-12-09,26.70867919921875
2014-12-10,26.306636810302734
2014-12-11,26.509401321411133
2014-12-12,25.9813175201416
2014-12-15,25.69883918762207
2014-12-16,24.818035125732422
2014-12-17,25.231037139892578
2014-12-18,25.638063430786133
2014-12-19,25.908082962036133
2014-12-22,26.51886749267578
2014-12-23,26.841197967529297
2014-12-24,26.749530792236328
2014-12-26,26.978200912475586
2014-12-29,26.768461227416992
2014-12-30,26.667327880859375
2014-12-31,26.437164306640625
2015-01-02,26.381864547729492
2015-01-05,25.87918472290039
2015-01-06,25.240501403808594
2015-01-07,25.166271209716797
2015-01-08,25.25395393371582
2015-01-09,24.94556999206543
2015-01-12,24.763233184814453
2015-01-13,24.999374389648438
2015-01-14,25.205127716064453
2015-01-15,25.10947608947754
2015-01-16,25.430810928344727
2015-01-20,25.404905319213867
2015-01-21,25.925518035888672
2015-01-22,26.767963409423828
2015-01-23,26.999622344970703
2015-01-26,26.73906898498535
2015-01-27,25.96537208557129
2015-01-28,25.528953552246094
2015-01-29,25.568811416625977
2015-01-30,26.780418395996094
2015-02-02,26.513885498046875
2015-02-03,26.568687438964844
2015-02-04,26.20998764038086
2015-02-05,26.39581298828125
2015-02-06,26.59758186340332
2015-02-09,26.3684139251709
2015-02-10,26.910446166992188
2015-02-11,26.802837371826172
2015-02-12,27.201892852783203
2015-02-13,27.45846176147461
2015-02-17,27.152070999145508
2015-02-18,27.034496307373047
2015-02-19,27.22381019592285
2015-02-20,26.992151260375977
2015-02-23,26.653379440307617
2015-02-24,26.835220336914062
2015-02-25,27.267654418945312
2015-02-26,27.863492965698242
2015-02-27,28.029890060424805
2015-03-02,28.647151947021484
2015-03-03,28.834970474243164
2015-03-04,28.812053680419922
2015-03-05,28.966495513916016
2015-03-06,28.541536331176758
2015-03-09,28.601318359375
2015-03-10,27.89139175415039
2015-03-11,27.68414306640625
2015-03-12,27.9571533203125
2015-03-13,27.550128936767578
2015-03-16,27.98056983947754
2015-03-17,27.779796600341797
2015-03-18,28.205751419067383
2015-03-19,28.081701278686523
2015-03-20,28.145469665527344
2015-03-23,28.16639518737793
2015-03-24,28.77269744873047
2015-03-25,28.247600555419922
2015-03-26,28.08020782470703
2015-03-27,27.77680778503418
2015-03-30,27.955657958984375
2015-03-31,27.63482093811035
2015-04-01,27.375263214111328
2015-04-02,26.96773910522461
2015-04-06,27.099262237548828
2015-04-07,27.14459800720215
2015-04-08,27.342878341674805
2015-04-09,27.302026748657227
2015-04-10,27.32793426513672
2015-04-13,27.332914352416992
2015-04-14,26.891515731811523
2015-04-15,26.95429039001465
2015-04-16,27.07784080505371
2015-04-17,26.540786743164062
2015-04-20,27.128158569335938
2015-04-21,27.047948837280273
2015-04-22,27.359817504882812
2015-04-23,27.772323608398438
2015-04-24,28.579397201538086
2015-04-27,28.203760147094727
2015-04-28,28.116575241088867
2015-04-29,27.96811294555664
2015-04-30,27.339391708374023
2015-05-01,27.45846176147461
2015-05-04,27.542158126831055
2015-05-05,27.053926467895508
2015-05-06,26.657363891601562
2015-05-07,27.004106521606445
2015-05-08,27.348360061645508
2015-05-11,27.190431594848633
2015-05-12,26.83920669555664
2015-05-13,26.8770694732666
2015-05-14,27.360815048217773
2015-05-15,27.22580337524414
2015-05-18,27.234773635864258
2015-05-19,27.36479949951172
2015-05-20,27.52571678161621
2015-05-21,27.739938735961914
2015-05-22,27.6258544921875
2015-05-26,27.260679244995117
2015-05-27,27.612401962280273
2015-05-28,27.60891342163086
2015-05-29,27.16751480102539
2015-06-01,27.36131477355957
2015-06-02,27.597455978393555
2015-06-03,27.664215087890625
2015-06-04,27.484865188598633
2015-06-05,27.377256393432617
2015-06-08,27.075847625732422
2015-06-09,27.010086059570312
2015-06-10,27.530200958251953
2015-06-11,27.402664184570312
2015-06-12,27.274629592895508
2015-06-15,27.05193519592285
2015-06-16,27.145097732543945
2015-06-17,27.231285095214844
2015-06-18,27.708553314208984
2015-06-19,27.775312423706055
2015-06-22,27.88292121887207
2015-06-23,28.067752838134766
2015-06-24,27.827621459960938
2015-06-25,27.796733856201172
2015-06-26,27.553117752075195
2015-06-29,26.964750289916992
2015-06-30,26.904470443725586
2015-07-01,27.06688117980957
2015-07-02,27.268150329589844
2015-07-06,27.18246078491211
2015-07-07,27.402164459228516
2015-07-08,26.98716926574707
2015-07-09,27.134136199951172
2015-07-10,27.70506477355957
2015-07-13,28.483245849609375
2015-07-14,29.103498458862305
2015-07-15,29.09253692626953
2015-07-16,29.98031997680664
2015-07-17,34.85464859008789
2015-07-20,34.516868591308594
2015-07-21,34.64192199707031
2015-07-22,34.62946701049805
2015-07-23,33.61464309692383
2015-07-24,32.62024688720703
2015-07-27,32.79461669921875
2015-07-28,32.86386489868164
2015-07-29,32.95204544067383
2015-07-30,33.10797882080078
2015-07-31,32.756256103515625
2015-08-03,33.11595153808594
2015-08-04,32.94457244873047
2015-08-05,33.542903900146484
2015-08-06,33.386470794677734
2015-08-07,33.099510192871094
2015-08-10,33.03723907470703
2015-08-11,34.39033126831055
2015-08-12,34.44862365722656
2015-08-13,34.201515197753906
2015-08-14,34.343997955322266
2015-08-17,34.580142974853516
2015-08-18,34.31211471557617
2015-08-19,34.57665252685547
2015-08-20,33.851287841796875
2015-08-21,32.08518981933594
2015-08-24,30.79387092590332
2015-08-25,30.512887954711914
2015-08-26,32.86785125732422
2015-08-27,33.27736282348633
2015-08-28,32.86536407470703
2015-08-31,32.27400207519531
2015-09-01,31.364301681518555
2015-09-02,32.1290283203125
2015-09-03,31.737451553344727
2015-09-04,31.334409713745117
2015-09-08,32.07771682739258
2015-09-09,32.05430221557617
2015-09-10,32.43641662597656
2015-09-11,32.64665222167969
2015-09-14,32.50566482543945
2015-09-15,33.13338851928711
2015-09-16,33.15580749511719
2015-09-17,33.462196350097656
2015-09-18,32.926639556884766
2015-09-21,33.22854232788086
2015-09-22,32.542030334472656
2015-09-23,32.5465202331543
2015-09-24,32.62722396850586
2015-09-25,31.891889572143555
2015-09-28,31.099761962890625
2015-09-29,31.01805877685547
2015-09-30,31.803211212158203
2015-10-01,31.984052658081055
2015-10-02,32.73085021972656
2015-10-05,33.46269607543945
2015-10-06,33.4607048034668
2015-10-07,33.378997802734375
2015-10-08,33.22953796386719
2015-10-09,33.44077682495117
2015-10-12,33.699337005615234
2015-10-13,34.03512191772461
2015-10-14,33.897621154785156
2015-10-15,34.525840759277344
2015-10-16,34.64042282104492
2015-10-19,34.871089935302734
2015-10-20,33.877193450927734
2015-10-21,33.46867370605469
2015-10-22,33.93398666381836
2015-10-23,35.83658981323242
2015-10-26,36.4239616394043
2015-10-27,36.50864791870117
2015-10-28,36.712913513183594
2015-10-29,37.10798263549805
2015-10-30,36.736328125
2015-11-02,37.251956939697266
2015-11-03,37.305763244628906
2015-11-04,37.629093170166016
2015-11-05,37.896121978759766
2015-11-06,37.94245529174805
2015-11-09,37.60218811035156
2015-11-10,37.77606201171875
2015-11-11,38.124298095703125
2015-11-12,37.689876556396484
2015-11-13,36.86984634399414
2015-11-16,37.38547134399414
2015-11-17,37.164276123046875
2015-11-18,37.86323928833008
2015-11-19,37.8597526550293
2015-11-20,38.70967102050781
2015-11-23,38.69472885131836
2015-11-24,38.34250259399414
2015-11-25,38.32406997680664
2015-11-27,38.459083557128906
2015-11-30,38.00473403930664
2015-12-01,39.047943115234375
2015-12-02,38.75202560424805
2015-12-03,38.27125930786133
2015-12-04,38.81977081298828
2015-12-07,38.50990295410156
2015-12-08,38.617008209228516
2015-12-09,37.98978042602539
2015-12-10,37.86473846435547
2015-12-11,37.38547134399414
2015-12-14,37.989280700683594
2015-12-15,37.86722946166992
2015-12-16,38.689247131347656
2015-12-17,38.35247039794922
2015-12-18,37.705814361572266
2015-12-21,37.9025993347168
2015-12-22,38.217952728271484
2015-12-23,38.28670883178711
2015-12-24,38.153690338134766
2015-12-28,38.97072982788086
2015-12-29,39.55461502075195
2015-12-30,39.37227249145508
2015-12-31,38.75999069213867
2016-01-04,37.83484649658203
2016-01-05,37.938968658447266
2016-01-06,37.82936477661133
2016-01-07,36.91617965698242
2016-01-08,36.41350173950195
2016-01-11,36.52111053466797
2016-01-12,37.132389068603516
2016-01-13,35.84854507446289
2016-01-14,36.43741226196289
2016-01-15,35.39618682861328
2016-01-19,35.824134826660156
2016-01-20,35.7982292175293
2016-01-21,36.202266693115234
2016-01-22,37.138370513916016
2016-01-25,36.54850769042969
2016-01-26,36.55698013305664
2016-01-27,35.74940872192383
2016-01-28,37.27985763549805
2016-01-29,37.93000030517578
2016-02-01,38.3993034362793
2016-02-02,38.90447235107422
2016-02-03,37.33366394042969
2016-02-04,36.36965560913086
2016-02-05,35.0609016418457
2016-02-08,35.08082962036133
2016-02-09,34.92439270019531
2016-02-10,35.214839935302734
2016-02-11,35.190433502197266
2016-02-12,35.21683883666992
2016-02-16,35.75239181518555
2016-02-17,36.466304779052734
2016-02-18,35.74591827392578
2016-02-19,35.9750862121582
2016-02-22,36.32083511352539
2016-02-23,35.734954833984375
2016-02-24,35.91480255126953
2016-02-25,36.32432556152344
2016-02-26,36.112091064453125
2016-02-29,35.73147201538086
2016-03-01,36.974464416503906
2016-03-02,36.84044647216797
2016-03-03,36.4473762512207
2016-03-04,36.379119873046875
2016-03-07,35.511268615722656
2016-03-08,35.547637939453125
2016-03-09,36.13949203491211
2016-03-10,36.47627258300781
2016-03-11,37.108978271484375
2016-03-14,37.37651062011719
2016-03-15,37.392948150634766
2016-03-16,37.73122024536133
2016-03-17,37.787017822265625
2016-03-18,37.634071350097656
2016-03-21,37.97035598754883
2016-03-22,37.865238189697266
2016-03-23,37.74118423461914
2016-03-24,37.60567855834961
2016-03-28,37.527957916259766
2016-03-29,38.15617752075195
2016-03-30,38.278236389160156
2016-03-31,38.00722122192383
2016-04-01,38.34449768066406
2016-04-04,38.11782455444336
2016-04-05,37.79150390625
2016-04-06,38.26478576660156
2016-04-07,37.86872482299805
2016-04-08,37.83633804321289
2016-04-11,37.74018478393555
2016-04-12,38.07796859741211
2016-04-13,38.45609664916992
2016-04-14,38.62946701049805
2016-04-15,38.859130859375
2016-04-18,39.24174499511719
2016-04-19,38.67231369018555
2016-04-20,38.60605239868164
2016-04-21,38.859130859375
2016-04-22,36.7552604675293
2016-04-25,36.97645568847656
2016-04-26,36.13750076293945
2016-04-27,35.94270706176758
2016-04-28,35.12566375732422
2016-04-29,35.26615905761719
2016-05-02,35.59148025512695
2016-05-03,35.2940559387207
2016-05-04,35.440025329589844
2016-05-05,35.606422424316406
2016-05-06,36.12803268432617
2016-05-09,36.32482147216797
2016-05-10,36.835472106933594
2016-05-11,36.39556121826172
2016-05-12,36.27201461791992
2016-05-13,36.110595703125
2016-05-16,36.38310623168945
2016-05-17,35.879432678222656
2016-05-18,35.958648681640625
2016-05-19,35.636314392089844
2016-05-20,35.95515823364258
2016-05-23,35.73296356201172
2016-05-24,36.51911544799805
2016-05-25,36.771697998046875
2016-05-26,36.71341323852539
2016-05-27,37.2449836730957
2016-05-31,37.3072624206543
2016-06-01,37.2878303527832
2016-06-02,37.07908630371094
2016-06-03,36.66010665893555
2016-06-06,36.371150970458984
2016-06-07,36.422462463378906
2016-06-08,37.0123291015625
2016-06-09,36.99190139770508
2016-06-10,36.5270881652832
2016-06-13,36.46182632446289
2016-06-14,36.53007507324219
2016-06-15,36.47726821899414
2016-06-16,36.081703186035156
2016-06-17,35.0853157043457
2016-06-20,35.17897415161133
2016-06-21,35.315975189208984
2016-06-22,35.39519119262695
2016-06-23,35.61439514160156
2016-06-24,34.136253356933594
2016-06-27,33.93398666381836
2016-06-28,34.43815994262695
2016-06-29,34.633949279785156
2016-06-30,35.049442291259766
2016-07-01,35.38423156738281
2016-07-05,35.11719512939453
2016-07-06,35.32046127319336
2016-07-07,35.235267639160156
2016-07-08,35.759368896484375
2016-07-11,36.22867202758789
2016-07-12,36.49320983886719
2016-07-13,36.342254638671875
2016-07-14,36.65711975097656
2016-07-15,36.64864730834961
2016-07-18,37.52397155761719
2016-07-19,37.5344352722168
2016-07-20,37.71726989746094
2016-07-21,37.584251403808594
2016-07-22,37.826873779296875
2016-07-25,37.739192962646484
2016-07-26,37.745670318603516
2016-07-27,37.96088790893555
2016-07-28,38.153690338134766
2016-07-29,39.4240837097168
2016-08-01,39.90235137939453
2016-08-02,39.86149597167969
2016-08-03,39.80171203613281
2016-08-04,39.7185173034668
2016-08-05,40.200767517089844
2016-08-08,40.11608123779297
2016-08-09,40.228172302246094
2016-08-10,40.27848815917969
2016-08-11,40.2640380859375
2016-08-12,40.20674514770508
2016-08-15,40.15244674682617
2016-08-16,39.9148063659668
2016-08-17,40.12554168701172
2016-08-18,39.99252700805664
2016-08-19,39.83808135986328
2016-08-22,39.70357131958008
2016-08-23,39.685630798339844
2016-08-24,39.53667449951172
2016-08-25,39.42209243774414
2016-08-26,39.51774597167969
2016-08-29,39.64727783203125
2016-08-30,39.45297622680664
2016-08-31,39.349853515625
2016-09-01,39.42707061767578
2016-09-02,39.699581146240234
2016-09-06,40.25507354736328
2016-09-07,40.253578186035156
2016-09-08,39.99700927734375
2016-09-09,39.28160095214844
2016-09-12,39.79673767089844
2016-09-13,39.29356002807617
2016-09-14,39.38024139404297
2016-09-15,39.91680145263672
2016-09-16,39.75438690185547
2016-09-19,39.625850677490234
2016-09-20,39.84455871582031
2016-09-21,40.10611343383789
2016-09-22,40.650142669677734
2016-09-23,40.60082244873047
2016-09-26,39.9875373840332
2016-09-27,40.390079498291016
2016-09-28,40.3567008972168
2016-09-29,39.98704528808594
2016-09-30,40.05778503417969
2016-10-03,39.874454498291016
2016-10-04,39.99451446533203
2016-10-05,39.91680145263672
2016-10-06,40.00896453857422
2016-10-07,39.890892028808594
2016-10-10,40.56146240234375
2016-10-11,40.33229446411133
2016-10-12,40.44189453125
2016-10-13,40.058780670166016
2016-10-14,40.084686279296875
2016-10-17,40.196285247802734
2016-10-18,40.926143646240234
2016-10-19,41.19267272949219
2016-10-20,40.93311309814453
2016-10-21,41.05417251586914
2016-10-24,41.63606643676758
2016-10-25,41.27786636352539
2016-10-26,40.95652770996094
2016-10-27,40.71989059448242
2016-10-28,40.82999038696289
2016-10-31,40.34873580932617
2016-11-01,40.1285285949707
2016-11-02,39.27861404418945
2016-11-03,38.96823501586914
2016-11-04,38.913936614990234
2016-11-07,39.95665740966797
2016-11-08,40.452354431152344
2016-11-09,40.13400650024414
2016-11-10,38.87358093261719
2016-11-11,38.448123931884766
2016-11-14,37.524967193603516
2016-11-15,38.61800765991211
2016-11-16,38.85813903808594
2016-11-17,39.166019439697266
2016-11-18,38.658363342285156
2016-11-21,39.0982666015625
2016-11-22,39.10822677612305
2016-11-23,38.80931091308594
2016-11-25,38.8705940246582
2016-11-28,39.1475830078125
2016-11-29,39.329429626464844
2016-11-30,38.653873443603516
2016-12-01,38.07845687866211
2016-12-02,38.08494186401367
2016-12-05,38.77045440673828
2016-12-06,38.6688232421875
2016-12-07,39.43056106567383
2016-12-08,39.61489486694336
2016-12-09,40.32630920410156
2016-12-12,40.24909591674805
2016-12-13,40.619747161865234
2016-12-14,40.74679183959961
2016-12-15,40.63519287109375
2016-12-16,40.34574508666992
2016-12-19,40.478267669677734
2016-12-20,40.61277389526367
2016-12-21,40.46331787109375
2016-12-22,40.337772369384766
2016-12-23,40.244110107421875
2016-12-27,40.350223541259766
2016-12-28,40.08319854736328
2016-12-29,39.999000549316406
2016-12-30,39.47938537597656
2017-01-03,40.254573822021484
2017-01-04,40.24262237548828
2017-01-05,40.504173278808594
2017-01-06,41.11146926879883
2017-01-09,41.20960998535156
2017-01-10,41.15132141113281
2017-01-11,41.3431282043457
2017-01-12,41.32668685913086
2017-01-13,41.396934509277344
2017-01-17,41.22356033325195
2017-01-18,41.3012809753418
2017-01-19,41.069618225097656
2017-01-20,41.258934020996094
2017-01-23,42.06899642944336
2017-01-24,42.32307815551758
2017-01-25,42.76746368408203
2017-01-26,42.69422912597656
2017-01-27,42.0988883972168
2017-01-30,41.04271697998047
2017-01-31,40.86137008666992
2017-02-01,40.614768981933594
2017-02-02,40.765220642089844
2017-02-03,40.85838317871094
2017-02-06,40.932621002197266
2017-02-07,41.31174087524414
2017-02-08,41.34412384033203
2017-02-09,41.35308837890625
2017-02-10,41.59172439575195
2017-02-13,41.796485900878906
2017-02-14,41.849788665771484
2017-02-15,41.714778900146484
2017-02-16,41.95640563964844
2017-02-17,42.17461013793945
2017-02-21,42.310123443603516
2017-02-22,42.41424560546875
2017-02-23,42.39630889892578
2017-02-24,42.237388610839844
2017-02-27,42.33005142211914
2017-02-28,42.09390640258789
2017-03-01,42.68277359008789
2017-03-02,42.33901596069336
2017-03-03,42.3006591796875
2017-03-06,42.21048355102539
2017-03-07,42.40378189086914
2017-03-08,42.52783203125
2017-03-09,42.7370719909668
2017-03-10,42.9149284362793
2017-03-13,43.07285690307617
2017-03-14,43.13911819458008
2017-03-15,43.26266860961914
2017-03-16,43.34288024902344
2017-03-17,43.4609489440918
2017-03-20,43.23875427246094
2017-03-21,42.35346603393555
2017-03-22,42.33652877807617
2017-03-23,41.83085632324219
2017-03-24,41.60617446899414
2017-03-27,41.77406311035156
2017-03-28,41.87968444824219
2017-03-29,42.34001541137695
2017-03-30,42.320587158203125
2017-03-31,42.23688888549805
2017-04-03,42.68277359008789
2017-04-04,42.474525451660156
2017-04-05,42.29218673706055
2017-04-06,42.102378845214844
2017-04-07,41.952919006347656
2017-04-10,41.93299102783203
2017-04-11,41.84231948852539
2017-04-12,41.92103576660156
2017-04-13,41.857261657714844
2017-04-17,42.60206604003906
2017-04-18,42.54527282714844
2017-04-19,42.670814514160156
2017-04-20,42.848670959472656
2017-04-21,42.79237365722656
2017-04-24,43.78776550292969
2017-04-25,44.28147888183594
2017-04-26,44.29642105102539
2017-04-27,44.411006927490234
2017-04-28,46.05903244018555
2017-05-01,46.472530364990234
2017-05-02,46.68526077270508
2017-05-03,47.25121307373047
2017-05-04,47.56357955932617
2017-05-05,47.34238052368164
2017-05-08,47.76136016845703
2017-05-09,47.662715911865234
2017-05-10,47.569557189941406
2017-05-11,47.621864318847656
2017-05-12,47.584503173828125
2017-05-15,47.78776168823242
2017-05-16,48.05629348754883
2017-05-17,46.9383430480957
2017-05-18,47.35334014892578
2017-05-19,47.560089111328125
2017-05-22,48.029388427734375
2017-05-23,48.35221862792969
2017-05-24,48.703941345214844
2017-05-25,49.41386795043945
2017-05-26,49.48411560058594
2017-05-30,49.62859344482422
2017-05-31,49.176231384277344
2017-06-01,49.23601531982422
2017-06-02,49.626102447509766
2017-06-05,50.012699127197266
2017-06-06,49.65399932861328
2017-06-07,49.89413070678711
2017-06-08,50.03262710571289
2017-06-09,48.3307991027832
2017-06-12,47.91679763793945
2017-06-13,48.349727630615234
2017-06-14,48.22169494628906
2017-06-15,47.83559036254883
2017-06-16,47.757869720458984
2017-06-19,48.584877014160156
2017-06-20,48.274505615234375
2017-06-21,48.752769470214844
2017-06-22,48.65462112426758
2017-06-23,49.12641143798828
2017-06-26,48.42893981933594
2017-06-27,47.2332763671875
2017-06-28,47.8769416809082
2017-06-29,46.72163009643555
2017-06-30,46.31610107421875
2017-07-03,45.80694580078125
2017-07-05,46.44463348388672
2017-07-06,46.216957092285156
2017-07-07,46.87059020996094
2017-07-10,47.37825012207031
2017-07-11,47.504295349121094
2017-07-12,48.20824432373047
2017-07-13,48.26752853393555
2017-07-14,48.669071197509766
2017-07-17,48.621742248535156
2017-07-18,49.169254302978516
2017-07-19,49.45920944213867
2017-07-20,49.43031311035156
2017-07-21,49.512516021728516
2017-07-24,49.73521041870117
2017-07-25,48.276493072509766
2017-07-26,48.091163635253906
2017-07-27,47.45347595214844
2017-07-28,47.74342727661133
2017-07-31,47.104244232177734
2017-08-01,47.157047271728516
2017-08-02,47.21085739135742
2017-08-03,46.84518051147461
2017-08-04,47.11869430541992
2017-08-07,47.116695404052734
2017-08-08,47.038978576660156
2017-08-09,46.834224700927734
2017-08-10,46.012699127197266
2017-08-11,46.33652877807617
2017-08-14,46.77693176269531
2017-08-15,46.734580993652344
2017-08-16,47.04296875
2017-08-17,46.2154655456543
2017-08-18,46.14173126220703
2017-08-21,45.877193450927734
2017-08-22,46.85016632080078
2017-08-23,46.958770751953125
2017-08-24,46.67530059814453
2017-08-25,46.356956481933594
2017-08-28,46.23888397216797
2017-08-29,46.61850357055664
2017-08-30,47.011077880859375
2017-08-31,47.58948516845703
2017-09-01,47.42757034301758
2017-09-05,46.903968811035156
2017-09-06,46.93087387084961
2017-09-07,47.32295227050781
2017-09-08,46.900482177734375
2017-09-11,46.994144439697266
2017-09-12,47.161537170410156
2017-09-13,47.35034942626953
2017-09-14,46.83671569824219
2017-09-15,46.59558868408203
2017-09-18,46.31958770751953
2017-09-19,46.67380142211914
2017-09-20,47.20587158203125
2017-09-21,47.20637130737305
2017-09-22,46.99264907836914
2017-09-25,46.54526901245117
2017-09-26,46.70220184326172
2017-09-27,47.82164001464844
2017-09-28,48.06625747680664
2017-09-29,48.51015090942383
2017-10-02,48.19877624511719
2017-10-03,48.42844009399414
2017-10-04,48.16440200805664
2017-10-05,49.08157730102539
2017-10-06,49.50254821777344
2017-10-09,49.43629455566406
2017-10-10,49.211605072021484
2017-10-11,50.10088348388672
2017-10-12,50.10088348388672
2017-10-13,50.21147918701172
2017-10-16,50.28520965576172
2017-10-17,50.36741256713867
2017-10-18,50.454097747802734
2017-10-19,49.911067962646484
2017-10-20,50.071983337402344
2017-10-23,49.0990104675293
2017-10-24,49.24597930908203
2017-10-25,49.393943786621094
2017-10-26,49.39194869995117
2017-10-27,51.49681854248047
2017-10-30,51.46991729736328
2017-10-31,51.46543884277344
2017-11-01,51.941707611083984
2017-11-02,51.96014404296875
2017-11-03,52.309871673583984
2017-11-06,51.94569396972656
2017-11-07,52.42943572998047
2017-11-08,52.7233772277832
2017-11-09,52.196781158447266
2017-11-10,52.01892852783203
2017-11-13,51.8719596862793
2017-11-14,51.893882751464844
2017-11-15,51.633323669433594
2017-11-16,52.23414611816406
2017-11-17,51.607418060302734
2017-11-20,51.546142578125
2017-11-21,52.3253173828125
2017-11-22,52.40602111816406
2017-11-24,52.63519287109375
2017-11-27,53.40689468383789
2017-11-28,52.97247314453125
2017-11-29,51.681644439697266
2017-11-30,51.621368408203125
2017-12-01,51.06837463378906
2017-12-04,50.4107551574707
2017-12-05,50.795860290527344
2017-12-06,51.44948959350586
2017-12-07,52.039852142333984
2017-12-08,52.27947998046875
2017-12-11,52.40851593017578
2017-12-12,52.24909210205078
2017-12-13,52.37961959838867
2017-12-14,52.68252182006836
2017-12-15,53.406394958496094
2017-12-18,54.058536529541016
2017-12-19,53.79399108886719
2017-12-20,53.48411560058594
2017-12-21,53.34910202026367
2017-12-22,53.24996566772461
2017-12-26,53.100006103515625
2017-12-27,52.81852722167969
2017-12-28,52.6068000793457
2017-12-29,52.47975540161133
2018-01-02,53.46668243408203
2018-01-03,54.37887191772461
2018-01-04,54.59010314941406
2018-01-05,55.31398010253906
2018-01-08,55.509273529052734
2018-01-09,55.438533782958984
2018-01-10,55.30651092529297
2018-01-11,55.40166473388672
2018-01-12,56.32830810546875
2018-01-16,56.33079528808594
2018-01-17,56.74928283691406
2018-01-18,56.593345642089844
2018-01-19,56.968482971191406
2018-01-22,57.99775314331055
2018-01-23,58.5960807800293
2018-01-24,58.35296630859375
2018-01-25,58.89350509643555
2018-01-26,59.16352462768555
2018-01-29,59.10972595214844
2018-01-30,58.65586471557617
2018-01-31,58.897491455078125
2018-02-01,58.86610412597656
2018-02-02,55.75787353515625
2018-02-05,52.92763137817383
2018-02-06,54.02565002441406
2018-02-07,52.57989501953125
2018-02-08,50.203514099121094
2018-02-09,52.124542236328125
2018-02-12,52.53755187988281
2018-02-13,52.516624450683594
2018-02-14,53.44126510620117
2018-02-15,54.37089920043945
2018-02-16,54.577152252197266
2018-02-20,54.980194091796875
2018-02-21,55.486358642578125
2018-02-22,55.294551849365234
2018-02-23,56.20076370239258
2018-02-26,56.978450775146484
2018-02-27,55.67367935180664
2018-02-28,54.99663162231445
2018-03-01,53.37700653076172
2018-03-02,54.011207580566406
2018-03-05,54.540283203125
2018-03-06,54.84617614746094
2018-03-07,55.55062484741211
2018-03-08,56.265037536621094
2018-03-09,57.83235168457031
2018-03-12,58.0859375
2018-03-13,56.789634704589844
2018-03-14,57.23701095581055
2018-03-15,57.322696685791016
2018-03-16,56.5161247253418
2018-03-19,54.804832458496094
2018-03-20,54.59210205078125
2018-03-21,54.50242614746094
2018-03-22,52.46730422973633
2018-03-23,51.14210510253906
2018-03-26,52.51413345336914
2018-03-27,50.16514587402344
2018-03-28,50.07746505737305
2018-03-29,51.66969299316406
2018-04-02,50.4486198425293
2018-04-03,50.75002670288086
2018-04-04,51.299537658691406
2018-04-05,51.44551086425781
2018-04-06,50.31510543823242
2018-04-09,50.820274353027344
2018-04-10,51.637813568115234
2018-04-11,51.06787109375
2018-04-12,51.67716598510742
2018-04-13,51.61489486694336
2018-04-16,52.1160774230957
2018-04-17,53.773067474365234
2018-04-18,53.575286865234375
2018-04-19,54.2757453918457
2018-04-20,53.67143630981445
2018-04-23,53.4965705871582
2018-04-24,50.94731521606445
2018-04-25,50.96474838256836
2018-04-26,51.97707748413086
2018-04-27,51.38621520996094
2018-04-30,50.74504852294922
2018-05-01,51.84954071044922
2018-05-02,51.11719512939453
2018-05-03,51.1296501159668
2018-05-04,52.36018753051758
2018-05-07,52.78166198730469
2018-05-08,52.738319396972656
2018-05-09,54.25083541870117
2018-05-10,55.073848724365234
2018-05-11,54.969730377197266
2018-05-14,55.13015365600586
2018-05-15,54.04757308959961
2018-05-16,54.00871276855469
2018-05-17,53.86772537231445
2018-05-18,53.288818359375
2018-05-21,54.004730224609375
2018-05-22,53.57129669189453
2018-05-23,54.10187911987305
2018-05-24,54.07646560668945
2018-05-25,54.00821304321289
2018-05-29,53.210609436035156
2018-05-30,53.67891311645508
2018-05-31,54.80134201049805
2018-06-01,56.545021057128906
2018-06-04,57.443763732910156
2018-06-05,57.34312438964844
2018-06-06,57.14036178588867
2018-06-07,56.5161247253418
2018-06-08,56.43093490600586
2018-06-11,56.838951110839844
2018-06-12,57.2021369934082
2018-06-13,57.004852294921875
2018-06-14,57.79598617553711
2018-06-15,57.7541389465332
2018-06-18,58.965248107910156
2018-06-19,58.72163391113281
2018-06-20,58.989654541015625
2018-06-21,58.260799407958984
2018-06-22,58.253326416015625
2018-06-25,56.75824737548828
2018-06-26,56.426448822021484
2018-06-27,55.64528274536133
2018-06-28,56.13550567626953
2018-06-29,56.25556564331055
2018-07-02,56.89923858642578
2018-07-03,55.61240005493164
2018-07-05,56.85838317871094
2018-07-06,57.54539489746094
2018-07-09,58.1531867980957
2018-07-10,58.14621353149414
2018-07-11,58.3614387512207
2018-07-12,59.84605026245117
2018-07-13,60.003482818603516
2018-07-16,59.609413146972656
2018-07-17,60.43491744995117
2018-07-18,60.42645263671875
2018-07-19,59.73844528198242
2018-07-20,59.67766571044922
2018-07-23,60.331295013427734
2018-07-24,62.68028259277344
2018-07-25,63.566566467285156
2018-07-26,64.04283905029297
2018-07-27,62.41823196411133
2018-07-30,61.27985763549805
2018-07-31,61.139366149902344
2018-08-01,61.42682647705078
2018-08-02,61.83235168457031
2018-08-03,61.684391021728516
2018-08-06,61.65997314453125
2018-08-07,62.56520080566406
2018-08-08,62.83870315551758
2018-08-09,62.99463653564453
2018-08-10,62.399295806884766
2018-08-13,62.20649719238281
2018-08-14,62.67978286743164
2018-08-15,61.38846206665039
2018-08-16,60.98193359375
2018-08-17,60.57292175292969
2018-08-20,60.87681579589844
2018-08-21,60.650634765625
2018-08-22,60.866851806640625
2018-08-23,60.837459564208984
2018-08-24,61.61414337158203
2018-08-27,62.58661651611328
2018-08-28,62.067996978759766
2018-08-29,63.00410079956055
2018-08-30,62.495452880859375
2018-08-31,61.36753463745117
2018-09-04,60.346736907958984
2018-09-05,59.73844528198242
2018-09-06,58.98567581176758
2018-09-07,58.666831970214844
2018-09-10,58.5407829284668
2018-09-11,59.28459167480469
2018-09-12,58.368412017822266
2018-09-13,58.89350509643555
2018-09-14,58.686256408691406
2018-09-17,57.78203582763672
2018-09-18,58.144718170166016
2018-09-19,58.501426696777344
2018-09-20,59.36330032348633
2018-09-21,58.39431381225586
2018-09-24,58.76497268676758
2018-09-25,59.4788818359375
2018-09-26,59.48735427856445
2018-09-27,60.14995193481445
2018-09-28,60.13600158691406
2018-10-01,60.20823669433594
2018-10-02,60.163902282714844
2018-10-03,60.357696533203125
2018-10-04,58.64092254638672
2018-10-05,58.18059158325195
2018-10-08,57.587242126464844
2018-10-09,57.05168151855469
2018-10-10,54.4107551574707
2018-10-11,54.34001541137695
2018-10-12,55.82463073730469
2018-10-15,54.92290115356445
2018-10-16,56.449363708496094
2018-10-17,56.17585754394531
2018-10-18,54.69721603393555
2018-10-19,55.05940246582031
2018-10-22,55.3677864074707
2018-10-23,55.54414749145508
2018-10-24,52.66508102416992
2018-10-25,54.980194091796875
2018-10-26,53.99177551269531
2018-10-29,51.549625396728516
2018-10-30,52.285953521728516
2018-10-31,54.3320426940918
2018-11-01,54.10287094116211
2018-11-02,53.38098907470703
2018-11-05,52.59583282470703
2018-11-06,53.285335540771484
2018-11-07,55.211849212646484
2018-11-08,54.53380584716797
2018-11-09,53.656494140625
2018-11-12,52.27848815917969
2018-11-13,52.20923614501953
2018-11-14,52.53853988647461
2018-11-15,53.35906982421875
2018-11-16,53.22057342529297
2018-11-19,51.185447692871094
2018-11-20,51.33639907836914
2018-11-21,51.983062744140625
2018-11-23,51.3189697265625
2018-11-26,52.606300354003906
2018-11-27,52.42395782470703
2018-11-28,54.39232635498047
2018-11-29,54.53131866455078
2018-11-30,55.28209686279297
2018-12-03,55.61638641357422
2018-12-04,52.93162155151367
2018-12-06,53.70930099487305
2018-12-07,52.139984130859375
2018-12-10,52.46879577636719
2018-12-11,52.89076614379883
2018-12-12,53.49258804321289
2018-12-13,53.48311996459961
2018-12-14,52.39555740356445
2018-12-17,51.097267150878906
2018-12-18,51.98206329345703
2018-12-19,51.585994720458984
2018-12-20,50.99414825439453
2018-12-21,49.38348388671875
2018-12-24,49.05567169189453
2018-12-26,52.2032585144043
2018-12-27,52.4548454284668
2018-12-28,52.14496994018555
2018-12-31,52.05928421020508
2019-01-02,52.54352951049805
2019-01-03,51.08829879760742
2019-01-04,53.70880126953125
2019-01-07,53.60169219970703
2019-01-08,54.07248306274414
2019-01-09,53.88715362548828
2019-01-10,53.74666213989258
2019-01-11,53.03125762939453
2019-01-14,52.385597229003906
2019-01-15,54.129276275634766
2019-01-16,54.27873229980469
2019-01-17,54.757503509521484
2019-01-18,55.16502380371094
2019-01-22,53.736698150634766
2019-01-23,54.024658203125
2019-01-24,54.004234313964844
2019-01-25,54.87656784057617
2019-01-28,53.797977447509766
2019-01-29,53.30974578857422
2019-01-30,54.70120620727539
2019-01-31,56.091163635253906
2019-02-01,55.72897720336914
2019-02-04,56.8648567199707
2019-02-05,57.38547134399414
2019-02-06,55.941707611083984
2019-02-07,55.09577560424805
2019-02-08,54.9199104309082
2019-02-11,54.906959533691406
2019-02-12,56.17536163330078
2019-02-13,56.22766876220703
2019-02-14,56.256065368652344
2019-02-15,55.779293060302734
2019-02-19,56.12205505371094
2019-02-20,55.82712173461914
2019-02-21,55.011077880859375
2019-02-22,55.626346588134766
2019-02-25,55.664710998535156
2019-02-26,55.897865295410156
2019-02-27,55.941707611083984
2019-02-28,56.12404251098633
2019-03-01,57.21857452392578
2019-03-04,57.46269607543945
2019-03-05,58.24834442138672
2019-03-06,58.03661346435547
2019-03-07,57.33465576171875
2019-03-08,57.29081726074219
2019-03-11,58.750030517578125
2019-03-12,59.646278381347656
2019-03-13,59.7364501953125
2019-03-14,59.411128997802734
2019-03-15,59.30002975463867
2019-03-18,59.212852478027344
2019-03-19,59.90583801269531
2019-03-20,61.100006103515625
2019-03-21,61.583251953125
2019-03-22,60.16440200805664
2019-03-25,59.65275573730469
2019-03-26,59.27711486816406
2019-03-27,58.68775177001953
2019-03-28,58.40178680419922
2019-03-29,58.6319580078125
2019-04-01,59.73246765136719
2019-04-02,60.05928039550781
2019-04-03,60.32182693481445
2019-04-04,60.75226974487305
2019-04-05,60.35371398925781
2019-04-08,60.19578552246094
2019-04-09,59.917293548583984
2019-04-10,60.104618072509766
2019-04-11,60.26104736328125
2019-04-12,60.91567611694336
2019-04-15,61.1049919128418
2019-04-16,61.37302017211914
2019-04-17,61.78303146362305
2019-04-18,61.84929275512695
2019-04-22,62.46157455444336
2019-04-23,63.30002975463867
2019-04-24,62.774932861328125
2019-04-25,63.138118743896484
2019-04-26,63.64030075073242
2019-04-29,64.5759048461914
2019-04-30,59.731468200683594
2019-05-01,58.4541015625
2019-05-02,58.114830017089844
2019-05-03,59.26266860961914
2019-05-06,59.45746612548828
2019-05-07,58.7301025390625
2019-05-08,58.32756042480469
2019-05-09,58.18756103515625
2019-05-10,58.17112350463867
2019-05-13,56.624229431152344
2019-05-14,56.03984832763672
2019-05-15,58.328556060791016
2019-05-16,59.011077880859375
2019-05-17,58.2279167175293
2019-05-20,57.026275634765625
2019-05-21,57.51350784301758
2019-05-22,57.5837516784668
2019-05-23,57.06015396118164
2019-05-24,56.72486877441406
2019-05-28,56.77219772338867
2019-05-29,55.794742584228516
2019-05-30,55.86797332763672
2019-05-31,55.12516784667969
2019-06-03,51.74940490722656
2019-06-04,52.534061431884766
2019-06-05,52.043338775634766
2019-06-06,52.19878005981445
2019-06-07,53.225547790527344
2019-06-10,53.94245529174805
2019-06-11,53.85676193237305
2019-06-12,53.76011276245117
2019-06-13,54.35346221923828
2019-06-14,54.118812561035156
2019-06-17,54.496944427490234
2019-06-18,55.06239318847656
2019-06-19,55.026023864746094
2019-06-20,55.45895767211914
2019-06-21,56.06526184082031
2019-06-24,55.633323669433594
2019-06-25,54.182586669921875
2019-06-26,53.820892333984375
2019-06-27,53.637062072753906
2019-06-28,53.9444465637207
2019-07-01,54.80134201049805
2019-07-02,55.4290657043457
2019-07-03,55.946693420410156
2019-07-05,56.42893981933594
2019-07-08,55.63780975341797
2019-07-09,56.011451721191406
2019-07-10,56.839454650878906
2019-07-11,56.99737548828125
2019-07-12,57.06015396118164
2019-07-15,57.317718505859375
2019-07-16,57.46468734741211
2019-07-17,57.12990188598633
2019-07-18,57.15481185913086
2019-07-19,56.37314224243164
2019-07-22,56.7547607421875
2019-07-23,57.19516372680664
2019-07-24,56.78066635131836
2019-07-25,56.59185028076172
2019-07-26,62.03611755371094
2019-07-29,61.86772537231445
2019-07-30,61.17822265625
2019-07-31,60.68999481201172
2019-08-01,60.370155334472656
2019-08-02,59.59994888305664
2019-08-05,57.52894973754883
2019-08-06,58.34250259399414
2019-08-07,58.583133697509766
2019-08-08,60.0916633605957
2019-08-09,59.23028564453125
2019-08-12,58.512882232666016
2019-08-13,59.62036895751953
2019-08-14,58.00223922729492
2019-08-15,58.25482177734375
2019-08-16,58.747535705566406
2019-08-19,59.80520248413086
2019-08-20,58.9627571105957
2019-08-21,59.363800048828125
2019-08-22,59.36081314086914
2019-08-23,57.470664978027344
2019-08-26,58.34748458862305
2019-08-27,58.329551696777344
2019-08-28,58.475521087646484
2019-08-29,59.49632263183594
2019-08-30,59.31148910522461
2019-09-03,58.26628112792969
2019-09-04,58.89998245239258
2019-09-05,60.39057922363281
2019-09-06,60.09814453125
2019-09-09,60.04582977294922
2019-09-10,60.06725311279297
2019-09-11,60.77967071533203
2019-09-12,61.52546691894531
2019-09-13,61.77755355834961
2019-09-16,61.35906982421875
2019-09-17,61.271881103515625
2019-09-18,61.409881591796875
2019-09-19,61.713783264160156
2019-09-20,61.269893646240234
2019-09-23,61.51151657104492
2019-09-24,60.69647216796875
2019-09-25,62.071983337402344
2019-09-26,61.890140533447266
2019-09-27,61.07609558105469
2019-09-30,60.83646011352539
2019-10-01,60.08219528198242
2019-10-02,58.68326950073242
2019-10-03,59.25668716430664
2019-10-04,60.32929992675781
2019-10-07,60.19429016113281
2019-10-08,59.291561126708984
2019-10-09,59.90284729003906
2019-10-10,60.255069732666016
2019-10-11,60.56594467163086
2019-10-14,60.66857147216797
2019-10-15,61.88765335083008
2019-10-16,61.925514221191406
2019-10-17,62.41374206542969
2019-10-18,61.99576187133789
2019-10-21,61.98928451538086
2019-10-22,61.835838317871094
2019-10-23,62.65437698364258
2019-10-24,62.72810745239258
2019-10-25,62.986671447753906
2019-10-28,64.2162094116211
2019-10-29,62.80532455444336
2019-10-30,62.80731964111328
2019-10-31,62.7126579284668
2019-11-01,63.382728576660156
2019-11-04,64.24759674072266
2019-11-05,64.3387680053711
2019-11-06,64.31734466552734
2019-11-07,65.11096954345703
2019-11-08,65.21359252929688
2019-11-11,64.67953491210938
2019-11-12,64.626220703125
2019-11-13,64.57491302490234
2019-11-14,65.22106170654297
2019-11-15,66.43616485595703
2019-11-18,65.7536392211914
2019-11-19,65.39244842529297
2019-11-20,64.8578872680664
2019-11-21,64.7721939086914
2019-11-22,64.44986724853516
2019-11-25,65.04620361328125
2019-11-26,65.41287231445312
2019-11-27,65.3695297241211
2019-11-29,64.96897888183594
2019-12-02,64.21023559570312
2019-12-03,64.50316619873047
2019-12-04,65.70880126953125
2019-12-05,66.10835266113281
2019-12-06,66.72760009765625
2019-12-09,66.90695190429688
2019-12-10,66.9019775390625
2019-12-11,66.9697265625
2019-12-12,67.18096160888672
2019-12-13,67.10025787353516
2019-12-16,67.78926849365234
2019-12-17,67.49980926513672
2019-12-18,67.35134887695312
2019-12-19,67.57703399658203
2019-12-20,67.31697082519531
2019-12-23,67.2875747680664
2019-12-24,66.97869873046875
2019-12-26,67.87743377685547
2019-12-27,67.48735046386719
2019-12-30,66.74354553222656
2019-12-31,66.72760009765625
2020-01-02,68.18682098388672
2020-01-03,67.83010864257812
2020-01-06,69.63805389404297
2020-01-07,69.50354766845703
2020-01-08,69.99824523925781
2020-01-09,70.73308563232422
2020-01-10,71.18992614746094
2020-01-13,71.7414321899414
2020-01-14,71.27113342285156
2020-01-15,71.70008850097656
2020-01-16,72.24610900878906
2020-01-17,73.70879364013672
2020-01-21,73.84481048583984
2020-01-22,73.92550659179688
2020-01-23,73.96635437011719
2020-01-24,73.04370880126953
2020-01-27,71.32793426513672
2020-01-28,72.26304626464844
2020-01-29,72.5719223022461
2020-01-30,72.44986724853516
2020-01-31,71.38024139404297
2020-02-03,73.86223602294922
2020-02-04,72.00946044921875
2020-02-05,72.04133605957031
2020-02-06,73.53194427490234
2020-02-07,73.68836975097656
2020-02-10,75.1605453491211
2020-02-11,75.23028564453125
2020-02-12,75.65724182128906
2020-02-13,75.39618682861328
2020-02-14,75.66221618652344
2020-02-18,75.69759368896484
2020-02-19,75.96810913085938
2020-02-20,75.57553100585938
2020-02-21,73.90509033203125
2020-02-24,70.736572265625
2020-02-25,69.06563568115234
2020-02-26,69.27238464355469
2020-02-27,65.51001739501953
2020-02-28,66.72063446044922
2020-03-02,69.06563568115234
2020-03-03,66.6444091796875
2020-03-04,68.83049011230469
2020-03-05,65.50055694580078
2020-03-06,64.55299377441406
2020-03-09,60.56993103027344
2020-03-10,63.52820587158203
2020-03-11,60.32630920410156
2020-03-12,55.37675476074219
2020-03-13,60.494205474853516
2020-03-16,53.45621871948242
2020-03-17,55.701080322265625
2020-03-18,54.36243438720703
2020-03-19,55.38273239135742
2020-03-20,53.21758270263672
2020-03-23,52.5161247253418
2020-03-24,56.29642105102539
2020-03-25,54.882049560546875
2020-03-26,57.935977935791016
2020-03-27,55.3124885559082
2020-03-30,57.10847854614258
2020-03-31,57.88765335083008
2020-04-01,54.90596008300781
2020-04-02,55.64976501464844
2020-04-03,54.43765640258789
2020-04-06,58.94581985473633
2020-04-07,58.9144287109375
2020-04-08,60.132015228271484
2020-04-09,60.110591888427734
2020-04-13,60.30189895629883
2020-04-14,63.03300476074219
2020-04-15,62.637935638427734
2020-04-16,62.6444091796875
2020-04-17,63.71901321411133
2020-04-20,62.82973861694336
2020-04-21,60.38908767700195
2020-04-22,62.693233489990234
2020-04-23,63.32892608642578
2020-04-24,63.599449157714844
2020-04-27,63.313480377197266
2020-04-28,61.406898498535156
2020-04-29,66.86660766601562
2020-04-30,67.09178924560547
2020-05-01,65.62808990478516
2020-05-04,65.90608215332031
2020-05-05,67.20736694335938
2020-05-06,67.02851867675781
2020-05-07,68.21670532226562
2020-05-08,68.96699523925781
2020-05-11,69.92601013183594
2020-05-12,68.5106430053711
2020-05-13,67.17298889160156
2020-05-14,67.59795379638672
2020-05-15,68.405029296875
2020-05-18,69.00884246826172
2020-05-19,68.47178649902344
2020-05-20,70.20350646972656
2020-05-21,70.08344268798828
2020-05-22,70.40676879882812
2020-05-26,70.81179809570312
2020-05-27,70.75749969482422
2020-05-28,70.65586853027344
2020-05-29,71.41710662841797
2020-06-01,71.48435974121094
2020-06-02,71.85501861572266
2020-06-03,71.70256805419922
2020-06-04,70.4595718383789
2020-06-05,71.74092864990234
2020-06-08,72.1404800415039
2020-06-09,72.34175109863281
2020-06-10,72.97047424316406
2020-06-11,69.8418197631836
2020-06-12,70.39083099365234
2020-06-15,70.78041076660156
2020-06-16,72.06227111816406
2020-06-17,72.36467742919922
2020-06-18,71.44700622558594
2020-06-19,70.97471618652344
2020-06-22,72.27101135253906
2020-06-23,72.93460845947266
2020-06-24,71.37625885009766
2020-06-25,71.79473876953125
2020-06-26,67.88092803955078
2020-06-29,69.60617065429688
2020-06-30,70.64640045166016
2020-07-01,71.8395767211914
2020-07-02,73.23102569580078
2020-07-06,74.71166229248047
2020-07-07,74.22692108154297
2020-07-08,74.908447265625
2020-07-09,75.65872955322266
2020-07-10,76.67256164550781
2020-07-13,75.3384017944336
2020-07-14,75.7683334350586
2020-07-15,75.57005310058594
2020-07-16,75.472412109375
2020-07-17,75.56855773925781
2020-07-20,77.90957641601562
2020-07-21,77.51499938964844
2020-07-22,77.95989227294922
2020-07-23,75.56358337402344
2020-07-24,75.13812255859375
2020-07-27,76.1952896118164
2020-07-28,74.91094207763672
2020-07-29,75.90035247802734
2020-07-30,76.64067840576172
2020-07-31,74.12877655029297
2020-08-03,73.8702163696289
2020-08-04,73.39892578125
2020-08-05,73.68737030029297
2020-08-06,74.97570037841797
2020-08-07,74.64790344238281
2020-08-10,74.57067108154297
2020-08-11,73.75961303710938
2020-08-12,75.08979034423828
2020-08-13,75.55859375
2020-08-14,74.95977020263672
2020-08-17,75.53816986083984
2020-08-18,77.50802612304688
2020-08-19,76.95154571533203
2020-08-20,78.52782440185547
2020-08-21,78.49395751953125
2020-08-24,78.97122955322266
2020-08-25,80.00248718261719
2020-08-26,81.9095687866211
2020-08-27,81.13188934326172
2020-08-28,81.6754150390625
2020-08-31,81.18221282958984
2020-09-01,82.45509338378906
2020-09-02,85.55934143066406
2020-09-03,81.18121337890625
2020-09-04,78.77493286132812
2020-09-08,75.90483093261719
2020-09-09,77.08206939697266
2020-09-10,76.02689361572266
2020-09-11,75.51425170898438
2020-09-14,75.16899871826172
2020-09-15,76.47875213623047
2020-09-16,75.3314208984375
2020-09-17,74.08344268798828
2020-09-18,72.29242706298828
2020-09-21,71.24872589111328
2020-09-22,72.72735595703125
2020-09-23,70.2149658203125
2020-09-24,70.88602447509766
2020-09-25,71.693115234375
2020-09-28,72.66957092285156
2020-09-29,73.03623962402344
2020-09-30,73.01531982421875
2020-10-01,74.12628173828125
2020-10-02,72.51712036132812
2020-10-05,73.87369537353516
2020-10-06,72.28894805908203
2020-10-07,72.6934814453125
2020-10-08,73.90359497070312
2020-10-09,75.24971008300781
2020-10-12,77.94693756103516
2020-10-13,78.07048797607422
2020-10-14,77.88964080810547
2020-10-15,77.4925765991211
2020-10-16,78.10188293457031
2020-10-19,76.22119140625
2020-10-20,77.27387237548828
2020-10-21,79.01306915283203
2020-10-22,80.04283142089844
2020-10-23,81.35408782958984
2020-10-26,78.92837524414062
2020-10-27,79.6552505493164
2020-10-28,75.26715087890625
2020-10-29,77.56283569335938
2020-10-30,80.51362609863281
2020-11-02,80.92265319824219
2020-11-03,81.98579406738281
2020-11-04,86.97720336914062
2020-11-05,87.80669403076172
2020-11-06,87.66869354248047
2020-11-09,87.75289154052734
2020-11-10,86.57217407226562
2020-11-11,87.04595184326172
2020-11-12,86.82624816894531
2020-11-13,88.29293060302734
2020-11-16,88.38111114501953
2020-11-17,87.76483917236328
2020-11-18,86.71764373779297
2020-11-19,87.61090087890625
2020-11-20,86.50540924072266
2020-11-23,86.06600189208984
2020-11-24,87.8764419555664
2020-11-25,87.88789367675781
2020-11-27,89.02826690673828
2020-11-30,87.40315246582031
2020-12-01,89.44375610351562
2020-12-02,90.91890716552734
2020-12-03,90.76297760009766
2020-12-04,90.85863494873047
2020-12-07,90.52334594726562
2020-12-08,90.23937225341797
2020-12-09,88.57191467285156
2020-12-10,88.06326293945312
2020-12-11,88.41947174072266
2020-12-14,87.29654693603516
2020-12-15,87.73594665527344
2020-12-16,87.54215240478516
2020-12-17,86.71116638183594
2020-12-18,85.9992446899414
2020-12-21,86.41473388671875
2020-12-22,85.70033264160156
2020-12-23,86.09938049316406
2020-12-24,86.39481353759766
2020-12-28,88.37762451171875
2020-12-29,87.57054901123047
2020-12-30,86.49893951416016
2020-12-31,87.31548309326172
2021-01-04,85.99476623535156
2021-01-05,86.6882553100586
2021-01-06,85.83283996582031
2021-01-07,88.39656066894531
2021-01-08,89.56681823730469
2021-01-11,87.497314453125
2021-01-12,86.5577163696289
2021-01-13,87.04695129394531
2021-01-14,86.2333984375
2021-01-15,86.06898498535156
2021-01-19,88.90122985839844
2021-01-20,93.66395568847656
2021-01-21,93.86721801757812
2021-01-22,94.28620147705078
2021-01-25,94.37188720703125
2021-01-26,95.05292510986328
2021-01-27,90.61849975585938
2021-01-28,92.3253173828125
2021-01-29,91.03797912597656
2021-02-01,94.3116226196289
2021-02-02,95.60940551757812
2021-02-03,102.57217407226562
2021-02-04,102.31062316894531
2021-02-05,104.06426239013672
2021-02-08,103.84953308105469
2021-02-09,103.39469146728516
2021-02-10,103.94718170166016
2021-02-11,104.06026458740234
2021-02-12,104.37313842773438
2021-02-16,105.15381622314453
2021-02-17,105.54837036132812
2021-02-18,104.9101791381836
2021-02-19,104.06326293945312
2021-02-22,102.34199523925781
2021-02-23,102.6339340209961
2021-02-24,103.81416320800781
2021-02-25,100.43342590332031
2021-02-26,100.73033905029297
2021-03-01,103.1092300415039
2021-03-02,102.85116577148438
2021-03-03,100.20724487304688
2021-03-04,101.32917785644531
2021-03-05,104.47476959228516
2021-03-08,100.01244354248047
2021-03-09,101.64952087402344
2021-03-10,101.4417724609375
2021-03-11,104.64764404296875
2021-03-12,102.12976837158203
2021-03-15,102.3509750366211
2021-03-16,103.81815338134766
2021-03-17,103.73494720458984
2021-03-18,100.70194244384766
2021-03-19,100.98193359375
2021-03-22,101.16775512695312
2021-03-23,101.69783020019531
2021-03-24,101.2594223022461
2021-03-25,101.25594329833984
2021-03-26,100.87084197998047
2021-03-29,101.92002868652344
2021-03-30,101.95391845703125
2021-03-31,102.75350952148438
2021-04-01,106.1043701171875
2021-04-05,110.54725646972656
2021-04-06,110.06400299072266
2021-04-07,111.54713439941406
2021-04-08,112.11507415771484
2021-04-09,113.12342071533203
2021-04-12,111.82563018798828
2021-04-13,112.31434631347656
2021-04-14,111.69060516357422
2021-04-15,113.84978485107422
2021-04-16,113.72523498535156
2021-04-19,114.07447052001953
2021-04-20,113.5389175415039
2021-04-21,113.50603485107422
2021-04-22,112.21919250488281
2021-04-23,114.58113098144531
2021-04-26,115.07933044433594
2021-04-27,114.13525390625
2021-04-28,117.52596282958984
2021-04-29,119.20587158203125
2021-04-30,117.24996185302734
2021-05-03,116.7308349609375
2021-05-04,114.92488861083984
2021-05-05,115.3204574584961
2021-05-06,116.44537353515625
2021-05-07,117.17173767089844
2021-05-10,114.17361450195312
2021-05-11,113.09302520751953
2021-05-12,109.6151351928711
2021-05-13,111.04944610595703
2021-05-14,113.50752258300781
2021-05-17,114.03262329101562
2021-05-18,112.71489715576172
2021-05-19,113.16476440429688
2021-05-20,114.93087005615234
2021-05-21,114.29218292236328
2021-05-24,117.62560272216797
2021-05-25,117.71676635742188
2021-05-26,118.58561706542969
2021-05-27,117.70730590820312
2021-05-28,117.41685485839844
2021-06-01,118.62895965576172
2021-06-02,118.10137176513672
2021-06-03,116.95503234863281
2021-06-04,119.24622344970703
2021-06-07,119.68113708496094
2021-06-08,119.48883819580078
2021-06-09,119.96212768554688
2021-06-10,121.31671905517578
2021-06-11,121.07111358642578
2021-06-14,122.00322723388672
2021-06-15,120.9809341430664
2021-06-16,120.33626556396484
2021-06-17,121.30376434326172
2021-06-18,119.67716217041016
2021-06-21,121.37251281738281
2021-06-22,121.88864135742188
2021-06-23,121.68587493896484
2021-06-24,122.05752563476562
2021-06-25,122.06600189208984
2021-06-28,122.0934066772461
2021-06-29,121.83084869384766
2021-06-30,121.64851379394531
2021-07-01,122.00224304199219
2021-07-02,124.8050765991211
2021-07-06,125.73421478271484
2021-07-07,126.01717376708984
2021-07-08,124.59234619140625
2021-07-09,125.06512451171875
2021-07-12,126.5168685913086
2021-07-13,126.88154602050781
2021-07-14,127.7738037109375
2021-07-15,126.54624938964844
2021-07-16,126.51139068603516
2021-07-19,124.1280288696289
2021-07-20,125.7536392211914
2021-07-21,127.08830261230469
2021-07-22,127.95763397216797
2021-07-23,132.5345458984375
2021-07-26,133.55087280273438
2021-07-27,131.42356872558594
2021-07-28,135.60243225097656
2021-07-29,135.28707885742188
2021-07-30,134.2398681640625
2021-08-02,134.36741638183594
2021-08-03,135.14012145996094
2021-08-04,134.63743591308594
2021-08-05,135.7593536376953
2021-08-06,135.24819946289062
2021-08-09,136.41847229003906
2021-08-10,136.3128662109375
2021-08-11,135.78677368164062
2021-08-12,136.69845581054688
2021-08-13,137.2300262451172
2021-08-16,137.8099365234375
2021-08-17,136.16787719726562
2021-08-18,134.95977783203125
2021-08-19,135.18991088867188
2021-08-20,136.93312072753906
2021-08-23,139.5356903076172
2021-08-24,140.7512664794922
2021-08-25,141.56581115722656
2021-08-26,140.92962646484375
2021-08-27,143.48385620117188
2021-08-30,144.0682373046875
2021-08-31,144.17483520507812
2021-09-01,144.69097900390625
2021-09-02,142.76943969726562
2021-09-03,143.22030639648438
2021-09-07,143.75936889648438
2021-09-08,143.17198181152344
2021-09-09,143.02252197265625
2021-09-10,140.36715698242188
2021-09-13,141.8184051513672
2021-09-14,142.02963256835938
2021-09-15,143.90782165527344
2021-09-16,143.09127807617188
2021-09-17,140.29144287109375
2021-09-20,138.21844482421875
2021-09-21,138.53082275390625
2021-09-22,139.77679443359375
2021-09-23,140.7059326171875
2021-09-24,141.70132446289062
2021-09-27,140.5624542236328
2021-09-28,135.33938598632812
2021-09-29,133.8682098388672
2021-09-30,133.1931610107422
2021-10-01,136.0498046875
2021-10-04,133.17672729492188
2021-10-05,135.53167724609375
2021-10-06,137.068115234375
2021-10-07,138.7221221923828
2021-10-08,139.28060913085938
2021-10-11,138.4122314453125
2021-10-12,135.95614624023438
2021-10-13,137.08505249023438
2021-10-14,140.6411590576172
2021-10-15,140.8573760986328
2021-10-18,142.2622833251953
2021-10-19,142.71963500976562
2021-10-20,141.25692749023438
2021-10-21,141.37350463867188
2021-10-22,137.06961059570312
2021-10-25,136.95054626464844
2021-10-26,138.80532836914062
2021-10-27,145.68934631347656
2021-10-28,145.3221893310547
2021-10-29,147.51126098632812
2021-11-01,142.9786834716797
2021-11-02,144.9071807861328
2021-11-03,146.06849670410156
2021-11-04,147.73196411132812
2021-11-05,148.31436157226562
2021-11-08,148.49270629882812
2021-11-09,148.380615234375
2021-11-10,145.36654663085938
2021-11-11,145.239990234375
2021-11-12,148.14097595214844
2021-11-15,147.91580200195312
2021-11-16,147.34188842773438
2021-11-17,147.5122528076172
2021-11-18,149.29730224609375
2021-11-19,148.38858032226562
2021-11-22,145.7735595703125
2021-11-23,145.25543212890625
2021-11-24,145.59222412109375
2021-11-26,141.66943359375
2021-11-29,145.00485229492188
2021-11-30,141.38497924804688
2021-12-01,140.54202270507812
2021-12-02,142.44960021972656
2021-12-03,141.4886016845703
2021-12-06,142.63792419433594
2021-12-07,146.737548828125
2021-12-08,147.65126037597656
2021-12-09,147.10523986816406
2021-12-10,147.4669189453125
2021-12-13,145.29978942871094
2021-12-14,143.38722229003906
2021-12-15,145.91204833984375
2021-12-16,143.9232635498047
2021-12-17,141.21310424804688
2021-12-20,141.0955047607422
2021-12-21,142.9542694091797
2021-12-22,145.88613891601562
2021-12-23,146.38584899902344
2021-12-27,147.3722686767578
2021-12-28,146.15716552734375
2021-12-29,146.1252899169922
2021-12-30,145.6724395751953
2021-12-31,144.3288116455078
2022-01-03,144.46778869628906
2022-01-04,143.87794494628906
2022-01-05,137.27735900878906
2022-01-06,137.2499542236328
2022-01-07,136.52210998535156
2022-01-10,138.1686248779297
2022-01-11,139.2312774658203
2022-01-12,140.91964721679688
2022-01-13,138.08644104003906
2022-01-14,138.97669982910156
2022-01-18,135.50677490234375
2022-01-19,134.62844848632812
2022-01-20,132.82598876953125
2022-01-21,129.88067626953125
2022-01-24,130.33154296875
2022-01-25,126.47650909423828
2022-01-26,128.76620483398438
2022-01-27,128.53904724121094
2022-01-28,132.8693389892578
2022-01-31,134.8147735595703
2022-02-01,137.14682006835938
2022-02-02,147.46543884277344
2022-02-03,142.57315063476562
2022-02-04,142.7754364013672
2022-02-07,138.69821166992188
2022-02-08,138.89549255371094
2022-02-09,141.08056640625
2022-02-10,138.1193084716797
2022-02-11,133.7974853515625
2022-02-14,135.03648376464844
2022-02-15,136.11508178710938
2022-02-16,137.24049377441406
2022-02-17,132.06027221679688
2022-02-18,129.93199157714844
2022-02-22,129.34461975097656
2022-02-23,127.12715148925781
2022-02-24,132.21170043945312
2022-02-25,133.9738311767578
2022-02-28,134.56918334960938
2022-03-01,133.5772705078125
2022-03-02,134.08543395996094
2022-03-03,133.41586303710938
2022-03-04,131.43003845214844
2022-03-07,125.9220199584961
2022-03-08,126.64539337158203
2022-03-09,132.93807983398438
2022-03-10,131.951171875
2022-03-11,129.4014129638672
2022-03-14,125.49606323242188
2022-03-15,128.73133850097656
2022-03-16,132.79908752441406
2022-03-17,133.35557556152344
2022-03-18,135.63381958007812
2022-03-21,135.6099090576172
2022-03-22,139.36280822753906
2022-03-23,137.7760467529297
2022-03-24,141.06065368652344
2022-03-25,141.16127014160156
2022-03-28,140.944580078125
2022-03-29,141.9907684326172
2022-03-30,141.4258270263672
2022-03-31,138.56520080566406
2022-04-01,139.64427185058594
2022-04-04,142.45509338378906
2022-04-05,140.08319091796875
2022-04-06,136.05479431152344
2022-04-07,135.39767456054688
2022-04-08,132.8060760498047
2022-04-11,128.3582000732422
2022-04-12,127.2531967163086
2022-04-13,129.42481994628906
2022-04-14,126.27226257324219
2022-04-18,127.21533966064453
2022-04-19,129.53941345214844
2022-04-20,127.5775146484375
2022-04-21,124.3636703491211
2022-04-22,119.203369140625
2022-04-25,122.62945556640625
2022-04-26,118.221435546875
2022-04-27,113.88166809082031
2022-04-28,118.09439086914062
2022-04-29,113.69733428955078
2022-05-02,116.16190338134766
2022-05-03,116.91018676757812
2022-05-04,121.81938934326172
2022-05-05,116.08468627929688
2022-05-06,115.32842254638672
2022-05-09,112.1046142578125
2022-05-10,113.98180389404297
2022-05-11,113.19216918945312
2022-05-12,112.43640899658203
2022-05-13,115.6313247680664
2022-05-16,114.03162384033203
2022-05-17,116.05230712890625
2022-05-18,111.49531555175781
2022-05-19,109.98529815673828
2022-05-20,108.5146255493164
2022-05-23,111.0853042602539
2022-05-24,105.58724212646484
2022-05-25,105.4228286743164
2022-05-26,107.40316009521484
2022-05-27,111.91081237792969
2022-05-31,113.35108947753906
2022-06-01,113.48062133789062
2022-06-02,117.19764709472656
2022-06-03,114.12727355957031
2022-06-06,116.39854431152344
2022-06-07,116.72635650634766
2022-06-08,116.77069854736328
2022-06-09,114.42071533203125
2022-06-10,110.7599868774414
2022-06-13,106.00820922851562
2022-06-14,106.33004760742188
2022-06-15,109.36803436279297
2022-06-16,105.6505126953125
2022-06-17,106.7564926147461
2022-06-21,111.14110565185547
2022-06-22,111.08480834960938
2022-06-23,111.83657836914062
2022-06-24,117.54887390136719
2022-06-27,115.41511535644531
2022-06-28,111.6029281616211
2022-06-29,111.29803466796875
2022-06-30,108.56941986083984
2022-07-01,108.34474182128906
2022-07-05,112.85389709472656
2022-07-06,114.15816497802734
2022-07-07,118.35395050048828
2022-07-08,118.92239379882812
2022-07-11,115.25868225097656
2022-07-12,113.6086654663086
2022-07-13,110.9512939453125
2022-07-14,109.96885681152344
2022-07-15,111.3737564086914
2022-07-18,108.63617706298828
2022-07-19,113.39891815185547
2022-07-20,113.48859405517578
2022-07-21,113.927001953125
2022-07-22,107.51026916503906
2022-07-25,107.12167358398438
2022-07-26,104.64066314697266
2022-07-27,112.65162658691406
2022-07-28,113.80744171142578
2022-07-29,115.89985656738281
2022-08-01,114.44512939453125
2022-08-02,114.71414947509766
2022-08-03,117.65349578857422
2022-08-04,117.76309967041016
2022-08-05,117.04570007324219
2022-08-08,116.8763198852539
2022-08-09,116.20872497558594
2022-08-10,119.26763916015625
2022-08-11,118.4107437133789
2022-08-12,121.24049377441406
2022-08-15,121.63905334472656
2022-08-16,121.26042175292969
2022-08-17,119.1181869506836
2022-08-18,119.73594665527344
2022-08-19,116.78663635253906
2022-08-22,113.82736206054688
2022-08-23,113.44873809814453
2022-08-24,113.27935791015625
2022-08-25,116.2286605834961
2022-08-26,109.94145202636719
2022-08-29,109.0247802734375
2022-08-30,108.54651641845703
2022-08-31,107.82911682128906
2022-09-01,109.34362030029297
2022-09-02,107.46044158935547
2022-09-06,106.4241943359375
2022-09-07,109.0546646118164
2022-09-08,107.98853302001953
2022-09-09,110.25033569335938
2022-09-12,110.4595718383789
2022-09-13,103.94319915771484
2022-09-14,104.62074279785156
2022-09-15,102.53829956054688
2022-09-16,102.4286880493164
2022-09-19,102.69771575927734
2022-09-20,100.7746810913086
2022-09-21,98.92139434814453
2022-09-22,99.77828979492188
2022-09-23,98.38335418701172
2022-09-26,97.8154067993164
2022-09-27,97.1478271484375
2022-09-28,99.68862915039062
2022-09-29,97.068115234375
2022-09-30,95.30451202392578
2022-10-03,98.2837142944336
2022-10-04,101.27287292480469
2022-10-05,101.06363677978516
2022-10-06,101.05366516113281
2022-10-07,98.32357025146484
2022-10-10,97.50653076171875
2022-10-11,96.82898712158203
2022-10-12,97.20761108398438
2022-10-13,98.70219421386719
2022-10-14,96.21121978759766
2022-10-17,99.6089096069336
2022-10-18,100.40602111816406
2022-10-19,99.27013397216797
2022-10-20,99.6089096069336
2022-10-21,100.76471710205078
2022-10-24,102.14969635009766
2022-10-25,104.10262298583984
2022-10-26,94.58711242675781
2022-10-27,91.88690185546875
2022-10-28,95.94219970703125
2022-10-31,94.16863250732422
2022-11-01,90.14322662353516
2022-11-02,86.6558609008789
2022-11-03,83.12865447998047
2022-11-04,86.26728057861328
2022-11-07,88.17037200927734
2022-11-08,88.57889556884766
2022-11-09,87.00460815429688
2022-11-10,93.60069274902344
2022-11-11,96.061767578125
2022-11-14,95.35433197021484
2022-11-15,98.08444213867188
2022-11-16,98.49295806884766
2022-11-17,98.00472259521484
2022-11-18,97.07808685302734
2022-11-21,95.25469970703125
2022-11-22,96.69945526123047
2022-11-23,98.10436248779297
2022-11-25,97.10797119140625
2022-11-28,95.70307159423828
2022-11-29,94.84617614746094
2022-11-30,100.62522888183594
2022-12-01,100.62522888183594
2022-12-02,100.07720947265625
2022-12-05,99.12067413330078
2022-12-06,96.62971496582031
2022-12-07,94.59708404541016
2022-12-08,93.37151336669922
2022-12-09,92.49470520019531
2022-12-12,92.97296142578125
2022-12-13,95.28458404541016
2022-12-14,94.72660827636719
2022-12-15,90.53181457519531
2022-12-16,89.9339828491211
2022-12-19,88.12055969238281
2022-12-20,88.69845581054688
2022-12-21,89.25643920898438
2022-12-22,87.44300842285156
2022-12-23,88.90770721435547
2022-12-27,87.07434844970703
2022-12-28,85.70929718017578
2022-12-29,88.1305160522461
2022-12-30,87.91131591796875
2023-01-03,88.79810333251953
2023-01-04,87.76185607910156
2023-01-05,85.8886489868164
2023-01-06,87.02452850341797
2023-01-09,87.70206451416016
2023-01-10,88.10062408447266
2023-01-11,91.1894302368164
2023-01-12,90.80083465576172
2023-01-13,91.78726959228516
2023-01-17,90.96026611328125
2023-01-18,90.79087829589844
2023-01-19,92.71391296386719
2023-01-20,97.66594696044922
2023-01-23,99.4295654296875
2023-01-24,97.34710693359375
2023-01-25,94.8760757446289
2023-01-26,97.16775512695312
2023-01-27,99.01107788085938
2023-01-30,96.58985900878906
2023-01-31,98.48298645019531
2023-02-01,100.06725311279297
2023-02-02,107.35084533691406
2023-02-03,104.40153503417969
2023-02-06,102.52832794189453
2023-02-07,107.25120544433594
2023-02-08,99.01107788085938
2023-02-09,94.66682434082031
2023-02-10,94.22840881347656
2023-02-13,94.26826477050781
2023-02-14,94.33802032470703
2023-02-15,96.58985900878906
2023-02-16,95.1650161743164
2023-02-17,94.00920104980469
2023-02-21,91.45845794677734
2023-02-22,91.31896209716797
2023-02-23,90.56170654296875
2023-02-24,88.80805969238281
2023-02-27,89.54539489746094
2023-02-28,89.73470306396484
2023-03-01,90.03362274169922
2023-03-02,91.6677017211914
2023-03-03,93.31173706054688
2023-03-06,94.78638458251953
2023-03-07,93.52098083496094
2023-03-08,93.9095687866211
2023-03-09,91.98654174804688
2023-03-10,90.30264282226562
2023-03-13,90.78091430664062
2023-03-14,93.63057708740234
2023-03-15,95.76284790039062
2023-03-16,99.9576416015625
2023-03-17,101.2529525756836
2023-03-20,100.8543930053711
2023-03-21,104.54103088378906
2023-03-22,102.99663543701172
2023-03-23,105.21857452392578
2023-03-24,105.05915832519531
2023-03-27,102.08991241455078
2023-03-28,100.66508483886719
2023-03-29,101.0237808227539
2023-03-30,100.52558898925781
2023-03-31,103.35533905029297
2023-04-03,103.9830551147461
2023-04-04,104.34175109863281
2023-04-05,104.09266662597656
2023-04-06,108.02838897705078
2023-04-10,106.0555419921875
2023-04-11,104.96947479248047
2023-04-12,104.26203918457031
2023-04-13,107.04196166992188
2023-04-14,108.47676086425781
2023-04-17,105.58724212646484
2023-04-18,104.12254333496094
2023-04-19,103.80370330810547
2023-04-20,104.9096908569336
2023-04-21,105.02926635742188
2023-04-24,105.58724212646484
2023-04-25,103.47489929199219
2023-04-26,103.33540344238281
2023-04-27,107.20137786865234
2023-04-28,106.95228576660156
2023-05-01,106.81278991699219
2023-05-02,104.93958282470703
2023-05-03,105.02926635742188
2023-05-04,104.3118667602539
2023-05-05,105.18868255615234
2023-05-08,107.38072967529297
2023-05-09,106.96224975585938
2023-05-10,111.34635925292969
2023-05-11,116.1489486694336
2023-05-12,117.08555603027344
2023-05-15,116.08917236328125
2023-05-16,119.07833099365234
2023-05-17,120.40352630615234
2023-05-18,122.38634490966797
2023-05-19,122.31658935546875
2023-05-22,124.59832763671875
2023-05-23,122.1173095703125
2023-05-24,120.46331024169922
2023-05-25,123.03398895263672
2023-05-26,124.159912109375
2023-05-30,123.22330474853516
2023-05-31,122.42620086669922
2023-06-01,123.27312469482422
2023-06-02,124.21969604492188
2023-06-05,125.55486297607422
2023-06-06,126.85015869140625
2023-06-07,122.05752563476562
2023-06-08,121.6988296508789
2023-06-09,121.78851318359375
2023-06-12,123.19340515136719
2023-06-13,123.38273620605469
2023-06-14,123.22330474853516
2023-06-15,124.63817596435547
2023-06-16,123.08381652832031
2023-06-20,122.65535736083984
2023-06-21,120.11457824707031
2023-06-22,122.70518493652344
2023-06-23,121.89810943603516
2023-06-26,117.91255187988281
2023-06-27,117.90259552001953
2023-06-28,119.74591064453125
2023-06-29,118.66980743408203
2023-06-30,119.26763916015625
2023-07-03,119.46692657470703
2023-07-05,121.31024169921875
2023-07-06,119.67616271972656
2023-07-07,119.0484390258789
2023-07-10,116.02938079833984
2023-07-11,116.7168960571289
2023-07-12,118.50042724609375
2023-07-13,124.09016418457031
2023-07-14,124.96697998046875
2023-07-17,124.19976806640625
2023-07-18,123.31298065185547
2023-07-19,121.58922576904297
2023-07-20,118.76944732666016
2023-07-21,119.58648681640625
2023-07-24,121.09103393554688
2023-07-25,121.7685775756836
2023-07-26,128.80308532714844
2023-07-27,128.93260192871094
2023-07-28,132.1011199951172
2023-07-31,132.24061584472656
2023-08-01,131.07484436035156
2023-08-02,127.91629028320312
2023-08-03,127.98603820800781
2023-08-04,127.64727020263672
2023-08-07,131.05491638183594
2023-08-08,130.9253692626953
2023-08-09,129.19166564941406
2023-08-10,129.22157287597656
2023-08-11,129.09202575683594
2023-08-14,130.8556365966797
2023-08-15,129.3112335205078
2023-08-16,128.23512268066406
2023-08-17,129.4507293701172
2023-08-18,126.9996109008789
2023-08-21,127.90632629394531
2023-08-22,128.61375427246094
2023-08-23,131.89187622070312
2023-08-24,129.3112335205078
2023-08-25,129.41087341308594
2023-08-28,130.5367889404297
2023-08-29,134.0839385986328
2023-08-30,135.3892059326172
2023-08-31,135.6781463623047
2023-09-01,135.1699981689453
2023-09-05,135.27960205078125
2023-09-06,133.97433471679688
2023-09-07,134.7714385986328
2023-09-08,135.8874053955078
2023-09-11,136.42544555664062
2023-09-12,134.8511505126953
2023-09-13,136.21621704101562
2023-09-14,137.6011962890625
2023-09-15,136.90370178222656
2023-09-18,137.71078491210938
2023-09-19,137.54139709472656
2023-09-20,133.25694274902344
2023-09-21,129.96885681152344
2023-09-22,129.779541015625
2023-09-25,130.6364288330078
2023-09-26,128.10562133789062
2023-09-27,130.0684814453125
2023-09-28,131.83209228515625
2023-09-29,130.3873291015625
2023-10-02,133.68536376953125
2023-10-03,131.95166015625
2023-10-04,134.75152587890625
2023-10-05,134.58213806152344
2023-10-06,137.08306884765625
2023-10-09,137.92002868652344
2023-10-10,137.5613250732422
2023-10-11,140.04234313964844
2023-10-12,138.46803283691406
2023-10-13,136.86386108398438
2023-10-16,138.5975799560547
2023-10-17,139.21533203125
2023-10-18,137.46170043945312
2023-10-19,137.25245666503906
2023-10-20,135.11021423339844
2023-10-23,136.0069580078125
2023-10-24,138.30860900878906
2023-10-25,125.15630340576172
2023-10-26,121.83832550048828
2023-10-27,121.72872161865234
2023-10-30,124.01044464111328
2023-10-31,123.63182067871094
2023-11-01,125.99327087402344
2023-11-02,127.02951049804688
2023-11-03,128.63369750976562
2023-11-06,129.779541015625
2023-11-07,130.4969482421875
2023-11-08,131.36378479003906
2023-11-09,129.7695770263672
2023-11-10,132.111083984375
2023-11-13,131.61289978027344
2023-11-14,133.13735961914062
2023-11-15,134.1337432861328
2023-11-16,136.43539428710938
2023-11-17,134.82127380371094
2023-11-20,135.7578582763672
2023-11-21,136.4752655029297
2023-11-22,137.98977661132812
2023-11-24,136.19627380371094
2023-11-27,135.9172821044922
2023-11-28,136.70443725585938
2023-11-29,134.50242614746094
2023-11-30,132.05130004882812
2023-12-01,131.3837127685547
2023-12-04,128.80308532714844
2023-12-05,130.51687622070312
2023-12-06,129.5503692626953
2023-12-07,136.43539428710938
2023-12-08,134.50242614746094
2023-12-11,132.80856323242188
2023-12-12,132.0413360595703
2023-12-13,132.09117126464844
2023-12-14,131.46343994140625
2023-12-15,132.1210479736328
2023-12-18,135.3094940185547
2023-12-19,136.15640258789062
2023-12-20,137.84031677246094
2023-12-21,139.9127960205078
2023-12-22,140.97894287109375
2023-12-26,141.0088348388672
2023-12-27,139.86297607421875
2023-12-28,139.72348022460938
2023-12-29,139.18544006347656
2024-01-02,137.67092895507812
2024-01-03,138.41822814941406
2024-01-04,135.89736938476562
2024-01-05,135.23973083496094
2024-01-08,138.33851623535156
2024-01-09,140.44088745117188
2024-01-10,141.76609802246094
2024-01-11,141.5668182373047
2024-01-12,142.13475036621094
2024-01-16,141.97532653808594
2024-01-17,140.95901489257812
2024-01-18,142.96176147460938
2024-01-19,145.8512725830078
2024-01-22,145.46267700195312
2024-01-23,146.50889587402344
2024-01-24,148.1628875732422
2024-01-25,151.32144165039062
2024-01-26,151.64028930664062
2024-01-29,152.9555206298828
2024-01-30,150.91293334960938
2024-01-31,139.59396362304688
2024-02-01,140.650146484375
2024-02-02,141.86572265625
2024-02-05,143.16102600097656
2024-02-06,143.5795135498047
2024-02-07,145.01429748535156
2024-02-08,145.38296508789062
2024-02-09,148.46182250976562
2024-02-12,146.99713134765625
2024-02-13,144.61575317382812
2024-02-14,145.41285705566406
2024-02-15,142.2543182373047
2024-02-16,140.012451171875
2024-02-20,140.6102752685547
2024-02-21,142.0351104736328
2024-02-22,143.56954956054688
2024-02-23,143.44003295898438
2024-02-26,137.07310485839844
2024-02-27,138.3783721923828
2024-02-28,135.8874053955078
2024-02-29,137.95989990234375
2024-03-01,136.6446533203125
2024-03-04,132.86834716796875
2024-03-05,132.1907958984375
2024-03-06,130.9253692626953
2024-03-07,133.89462280273438
2024-03-08,134.9208984375
2024-03-11,137.17274475097656
2024-03-12,137.99974060058594
2024-03-13,139.28506469726562
2024-03-14,142.5831298828125
2024-03-15,140.6700439453125
2024-03-18,147.14659118652344
2024-03-19,146.49891662597656
2024-03-20,148.2027587890625
2024-03-21,147.06689453125
2024-03-22,150.22543334960938
2024-03-25,149.5279541015625
2024-03-26,150.1257781982422
2024-03-27,150.32504272460938
2024-03-28,150.3848419189453
2024-04-01,154.9283905029297
2024-04-02,154.00172424316406
2024-04-03,154.36041259765625
2024-04-04,149.98629760742188
2024-04-05,151.9491729736328
2024-04-08,154.2906951904297
2024-04-09,156.03436279296875
2024-04-10,155.57603454589844
2024-04-11,158.83421325683594
2024-04-12,157.1602783203125
2024-04-15,154.3006591796875
2024-04-16,153.84228515625
2024-04-17,154.908447265625
2024-04-18,155.44650268554688
2024-04-19,153.53343200683594
2024-04-22,155.71551513671875
2024-04-23,157.68836975097656
2024-04-24,158.55523681640625
2024-04-25,155.4365234375
2024-04-26,171.32891845703125
2024-04-29,165.54986572265625
2024-04-30,162.19204711914062
2024-05-01,163.2681427001953
2024-05-02,166.01817321777344
2024-05-03,166.6359405517578
2024-05-06,167.49282836914062
2024-05-07,170.63143920898438
2024-05-08,168.76820373535156
2024-05-09,169.3461151123047
2024-05-10,168.04083251953125
2024-05-13,168.52906799316406
2024-05-14,169.7247314453125
2024-05-15,171.8868865966797
2024-05-16,173.5508575439453
2024-05-17,175.424072265625
2024-05-20,176.2809600830078
2024-05-21,177.20762634277344
2024-05-22,175.742919921875
2024-05-23,172.9231414794922
2024-05-24,174.35794067382812
2024-05-28,175.76283264160156
2024-05-29,175.26463317871094
2024-05-30,171.48834228515625
2024-05-31,171.87692260742188
2024-06-03,172.5445098876953
2024-06-04,173.16226196289062
2024-06-05,174.77642822265625
2024-06-06,176.09165954589844
2024-06-07,173.82984924316406
2024-06-10,174.57798767089844
2024-06-11,176.18402099609375
2024-06-12,177.35113525390625
2024-06-13,174.72763061523438
2024-06-14,176.35360717773438
2024-06-17,176.80250549316406
2024-06-18,174.6577911376953
2024-06-20,175.86480712890625
2024-06-21,179.1865997314453
2024-06-24,178.77760314941406
2024-06-25,183.5757293701172
2024-06-26,183.42611694335938
2024-06-27,184.95233154296875
2024-06-28,181.7003631591797
2024-07-01,182.53829956054688
2024-07-02,184.7827606201172
2024-07-03,185.36131286621094
2024-07-05,190.12953186035156
2024-07-08,188.56338500976562
2024-07-09,188.5135040283203
2024-07-10,190.70806884765625
2024-07-11,185.1119384765625
2024-07-12,184.61317443847656
2024-07-15,186.06956481933594
2024-07-16,183.46600341796875
2024-07-17,180.5731658935547
2024-07-18,177.2513885498047
2024-07-19,177.22145080566406
2024-07-22,181.22154235839844
2024-07-23,181.34124755859375
2024-07-24,172.20388793945312
2024-07-25,166.86708068847656
2024-07-26,166.5877685546875
2024-07-29,169.1115264892578
2024-07-30,169.86964416503906
2024-07-31,171.11654663085938
2024-08-01,170.33848571777344
2024-08-02,166.24862670898438
2024-08-05,158.85690307617188
2024-08-06,157.89927673339844
2024-08-07,158.54766845703125
2024-08-08,161.63003540039062
2024-08-09,163.2659912109375
2024-08-12,161.88938903808594
2024-08-13,163.75477600097656
2024-08-14,159.97412109375
2024-08-15,160.90185546875
2024-08-16,162.55775451660156
2024-08-19,166.2585906982422
2024-08-20,166.76731872558594
2024-08-21,165.44061279296875
2024-08-22,163.3956756591797
2024-08-23,165.211181640625
2024-08-26,165.74984741210938
2024-08-27,164.2734832763672
2024-08-28,162.44801330566406
2024-08-29,161.3806610107422
2024-08-30,162.97671508789062
2024-09-03,156.9715576171875
2024-09-04,156.06381225585938
2024-09-05,156.85186767578125
2024-09-06,150.54745483398438
2024-09-09,148.53976440429688
2024-09-10,148.4898223876953
2024-09-11,150.98695373535156
2024-09-12,154.51292419433594
2024-09-13,157.27975463867188
2024-09-16,157.87905883789062
2024-09-17,159.1376190185547
2024-09-18,159.62705993652344
2024-09-19,161.9543914794922
2024-09-20,163.40272521972656
2024-09-23,161.6647186279297
2024-09-24,162.1042022705078
2024-09-25,161.3051300048828
2024-09-26,162.543701171875
2024-09-27,163.76231384277344
2024-09-30,165.66014099121094
2024-10-01,166.79884338378906
2024-10-02,165.67013549804688
2024-10-03,165.67013549804688
2024-10-04,166.86875915527344
2024-10-07,162.79342651367188
2024-10-08,164.19183349609375
2024-10-09,161.67471313476562
2024-10-10,161.8944549560547
2024-10-11,163.05313110351562
2024-10-14,164.7711639404297
2024-10-15,165.27059936523438
2024-10-16,164.97093200683594
2024-10-17,162.74346923828125
2024-10-18,163.23292541503906
2024-10-21,163.88218688964844
2024-10-22,164.95095825195312
2024-10-23,162.59365844726562
2024-10-24,162.53372192382812
2024-10-25,165.080810546875
2024-10-28,166.52914428710938
2024-10-29,169.48574829101562
2024-10-30,174.26028442382812
2024-10-31,170.91412353515625
2024-11-01,171.09390258789062
2024-11-04,169.0462646484375
2024-11-05,169.5457000732422
2024-11-06,176.3079376220703
2024-11-07,180.5430908203125
2024-11-08,178.14584350585938
2024-11-11,180.1435546875
2024-11-12,181.41207885742188
2024-11-13,178.67523193359375
2024-11-14,175.37899780273438
2024-11-15,172.29254150390625
2024-11-18,175.0993194580078
2024-11-19,177.9160919189453
2024-11-20,175.77853393554688
2024-11-21,167.4381103515625
2024-11-22,164.57138061523438
2024-11-25,167.45806884765625
2024-11-26,168.9263916015625
2024-11-27,169.03627014160156
2024-11-29,168.756591796875
2024-12-02,171.29368591308594
2024-12-03,171.1438446044922
2024-12-04,174.17037963867188
2024-12-05,172.44236755371094
2024-12-06,174.510009765625
2024-12-09,175.3699951171875
2024-12-10,185.1699981689453
2024-12-11,195.39999389648438
2024-12-12,191.9600067138672
2024-12-13,189.82000732421875
2024-12-16,196.66000366210938
2024-12-17,195.4199981689453
