,GWW
2014-01-02,209.84849548339844
2014-01-03,209.66607666015625
2014-01-06,208.11541748046875
2014-01-07,209.73239135742188
2014-01-08,210.1636199951172
2014-01-09,211.04263305664062
2014-01-10,218.679931640625
2014-01-13,216.97996520996094
2014-01-14,219.1360321044922
2014-01-15,218.7379913330078
2014-01-16,220.5291748046875
2014-01-17,219.0033416748047
2014-01-21,218.97018432617188
2014-01-22,217.28680419921875
2014-01-23,212.833740234375
2014-01-24,200.55270385742188
2014-01-27,198.13128662109375
2014-01-28,197.2439727783203
2014-01-29,197.4927520751953
2014-01-30,196.67181396484375
2014-01-31,194.441162109375
2014-02-03,190.13739013671875
2014-02-04,191.79586791992188
2014-02-05,191.4475555419922
2014-02-06,194.78628540039062
2014-02-07,194.8279266357422
2014-02-10,195.0693359375
2014-02-11,198.041748046875
2014-02-12,198.199951171875
2014-02-13,199.5237579345703
2014-02-14,204.54429626464844
2014-02-18,206.28445434570312
2014-02-19,206.4842987060547
2014-02-20,206.51759338378906
2014-02-21,207.51670837402344
2014-02-24,209.4899444580078
2014-02-25,208.26605224609375
2014-02-26,209.37342834472656
2014-02-27,210.5723419189453
2014-02-28,212.32913208007812
2014-03-03,210.88877868652344
2014-03-04,212.22923278808594
2014-03-05,213.9526824951172
2014-03-06,214.37730407714844
2014-03-07,213.93606567382812
2014-03-10,212.95359802246094
2014-03-11,211.34658813476562
2014-03-12,209.67315673828125
2014-03-13,204.68589782714844
2014-03-14,205.67665100097656
2014-03-17,209.5482635498047
2014-03-18,210.74720764160156
2014-03-19,208.11618041992188
2014-03-20,209.0153350830078
2014-03-21,209.78973388671875
2014-03-24,209.36508178710938
2014-03-25,211.98779296875
2014-03-26,208.74896240234375
2014-03-27,208.34927368164062
2014-03-28,207.69154357910156
2014-03-31,210.36422729492188
2014-04-01,210.68896484375
2014-04-02,212.29579162597656
2014-04-03,213.76119995117188
2014-04-04,211.97109985351562
2014-04-07,205.3353271484375
2014-04-08,210.99696350097656
2014-04-09,215.29315185546875
2014-04-10,210.00616455078125
2014-04-11,208.34097290039062
2014-04-14,207.25857543945312
2014-04-15,208.79054260253906
2014-04-16,208.31600952148438
2014-04-17,209.93954467773438
2014-04-21,209.9895477294922
2014-04-22,212.35409545898438
2014-04-23,212.28749084472656
2014-04-24,210.25595092773438
2014-04-25,207.5916748046875
2014-04-28,208.1744384765625
2014-04-29,206.66746520996094
2014-04-30,211.8129425048828
2014-05-01,210.43914794921875
2014-05-02,210.0227813720703
2014-05-05,209.56492614746094
2014-05-06,208.87384033203125
2014-05-07,210.06448364257812
2014-05-08,210.95916748046875
2014-05-09,209.7884521484375
2014-05-12,212.90744018554688
2014-05-13,212.36392211914062
2014-05-14,212.029541015625
2014-05-15,210.90899658203125
2014-05-16,212.53955078125
2014-05-19,214.15335083007812
2014-05-20,208.90216064453125
2014-05-21,211.0177764892578
2014-05-22,210.8420867919922
2014-05-23,211.74520874023438
2014-05-27,211.39401245117188
2014-05-28,212.81546020507812
2014-05-29,214.5966033935547
2014-05-30,216.04307556152344
2014-06-02,217.45626831054688
2014-06-03,220.00656127929688
2014-06-04,218.6352996826172
2014-06-05,221.59532165527344
2014-06-06,223.90318298339844
2014-06-09,223.58551025390625
2014-06-10,225.0236358642578
2014-06-11,225.1156005859375
2014-06-12,217.58168029785156
2014-06-13,217.24717712402344
2014-06-16,217.49810791015625
2014-06-17,215.96791076660156
2014-06-18,216.89602661132812
2014-06-19,218.32594299316406
2014-06-20,218.61021423339844
2014-06-23,217.34754943847656
2014-06-24,214.14505004882812
2014-06-25,213.75201416015625
2014-06-26,213.1248779296875
2014-06-27,212.72354125976562
2014-06-30,212.6148223876953
2014-07-01,210.5243682861328
2014-07-02,210.33204650878906
2014-07-03,213.710205078125
2014-07-07,209.48748779296875
2014-07-08,209.72164916992188
2014-07-09,209.0945281982422
2014-07-10,207.07933044433594
2014-07-11,204.68783569335938
2014-07-14,204.7631072998047
2014-07-15,205.56581115722656
2014-07-16,204.7631072998047
2014-07-17,201.84487915039062
2014-07-18,203.06564331054688
2014-07-21,200.8999786376953
2014-07-22,202.2127685546875
2014-07-23,201.5438232421875
2014-07-24,201.09228515625
2014-07-25,201.65255737304688
2014-07-28,200.64907836914062
2014-07-29,199.6289825439453
2014-07-30,200.7075958251953
2014-07-31,196.62710571289062
2014-08-01,196.6772003173828
2014-08-04,196.5100555419922
2014-08-05,196.3928985595703
2014-08-06,197.02847290039062
2014-08-07,195.7852325439453
2014-08-08,198.74217224121094
2014-08-11,199.59896850585938
2014-08-12,200.56497192382812
2014-08-13,201.25381469726562
2014-08-14,200.3045654296875
2014-08-15,199.2797393798828
2014-08-18,203.98394775390625
2014-08-19,206.36953735351562
2014-08-20,205.98318481445312
2014-08-21,208.209228515625
2014-08-22,207.50363159179688
2014-08-25,209.64569091796875
2014-08-26,208.99046325683594
2014-08-27,206.6468048095703
2014-08-28,206.2771759033203
2014-08-29,206.8147735595703
2014-09-02,207.84803771972656
2014-09-03,209.88092041015625
2014-09-04,211.38453674316406
2014-09-05,209.570068359375
2014-09-08,209.03245544433594
2014-09-09,207.3860626220703
2014-09-10,207.13401794433594
2014-09-11,207.1004180908203
2014-09-12,208.70480346679688
2014-09-15,208.6796875
2014-09-16,208.8896484375
2014-09-17,210.2589111328125
2014-09-18,212.5941925048828
2014-09-19,212.87977600097656
2014-09-22,211.11575317382812
2014-09-23,211.3677215576172
2014-09-24,212.23294067382812
2014-09-25,210.11610412597656
2014-09-26,211.7037353515625
2014-09-29,211.7037353515625
2014-09-30,211.39297485351562
2014-10-01,210.5360565185547
2014-10-02,212.3590087890625
2014-10-03,214.43382263183594
2014-10-06,214.66062927246094
2014-10-07,209.79689025878906
2014-10-08,211.84654235839844
2014-10-09,206.7727508544922
2014-10-10,202.1862335205078
2014-10-13,196.73435974121094
2014-10-14,200.5061798095703
2014-10-15,200.90103149414062
2014-10-16,192.97109985351562
2014-10-17,194.80238342285156
2014-10-20,193.5591583251953
2014-10-21,196.98646545410156
2014-10-22,194.49990844726562
2014-10-23,197.72569274902344
2014-10-24,199.74172973632812
2014-10-27,200.27935791015625
2014-10-28,203.81590270996094
2014-10-29,203.4462432861328
2014-10-30,204.84912109375
2014-10-31,207.31881713867188
2014-11-03,207.99085998535156
2014-11-04,209.52809143066406
2014-11-05,212.66140747070312
2014-11-06,214.9307403564453
2014-11-07,214.9644775390625
2014-11-10,209.8689727783203
2014-11-11,207.793701171875
2014-11-12,208.18173217773438
2014-11-13,206.15701293945312
2014-11-14,207.75987243652344
2014-11-17,206.21609497070312
2014-11-18,205.27964782714844
2014-11-19,206.13174438476562
2014-11-20,206.57882690429688
2014-11-21,209.39651489257812
2014-11-24,211.62374877929688
2014-11-25,210.2655029296875
2014-11-26,208.5107421875
2014-11-28,207.2621612548828
2014-12-01,204.5457305908203
2014-12-02,205.98828125
2014-12-03,209.7002716064453
2014-12-04,211.3874969482422
2014-12-05,213.2941131591797
2014-12-08,211.00784301757812
2014-12-09,210.4510498046875
2014-12-10,204.7059783935547
2014-12-11,207.66712951660156
2014-12-12,207.50677490234375
2014-12-15,205.98828125
2014-12-16,206.0388641357422
2014-12-17,205.86175537109375
2014-12-18,212.78794860839844
2014-12-19,217.49537658691406
2014-12-22,217.84124755859375
2014-12-23,217.48692321777344
2014-12-24,216.795166015625
2014-12-26,216.88796997070312
2014-12-29,218.38116455078125
2014-12-30,217.2253875732422
2014-12-31,215.031982421875
2015-01-02,215.31031799316406
2015-01-05,210.04608154296875
2015-01-06,207.0681610107422
2015-01-07,207.2537078857422
2015-01-08,211.8683624267578
2015-01-09,209.4134063720703
2015-01-12,206.81503295898438
2015-01-13,205.37242126464844
2015-01-14,204.07325744628906
2015-01-15,200.71563720703125
2015-01-16,203.55862426757812
2015-01-20,204.67222595214844
2015-01-21,206.00511169433594
2015-01-22,206.82345581054688
2015-01-23,207.52366638183594
2015-01-26,198.09194946289062
2015-01-27,195.4513702392578
2015-01-28,194.91143798828125
2015-01-29,199.02833557128906
2015-01-30,198.96090698242188
2015-02-02,202.900634765625
2015-02-03,206.32571411132812
2015-02-04,201.76170349121094
2015-02-05,203.40582275390625
2015-02-06,203.6430206298828
2015-02-09,202.2278594970703
2015-02-10,202.43963623046875
2015-02-11,201.35498046875
2015-02-12,198.56683349609375
2015-02-13,199.0413818359375
2015-02-17,198.16851806640625
2015-02-18,199.7024383544922
2015-02-19,199.61767578125
2015-02-20,201.81259155273438
2015-02-23,200.14309692382812
2015-02-24,201.27867126464844
2015-02-25,203.04136657714844
2015-02-26,203.71087646484375
2015-02-27,200.77023315429688
2015-03-02,202.71087646484375
2015-03-03,204.48202514648438
2015-03-04,199.9990692138672
2015-03-05,201.72779846191406
2015-03-06,199.38037109375
2015-03-09,199.85494995117188
2015-03-10,195.1431427001953
2015-03-11,196.75328063964844
2015-03-12,196.36346435546875
2015-03-13,195.5244598388672
2015-03-16,198.3125762939453
2015-03-17,198.7108917236328
2015-03-18,202.04141235351562
2015-03-19,200.89730834960938
2015-03-20,200.1261444091797
2015-03-23,197.93972778320312
2015-03-24,198.48202514648438
2015-03-25,199.0075225830078
2015-03-26,198.58372497558594
2015-03-27,198.8126220703125
2015-03-30,201.2617645263672
2015-03-31,199.83798217773438
2015-04-01,196.50755310058594
2015-04-02,195.27024841308594
2015-04-06,199.27865600585938
2015-04-07,197.33804321289062
2015-04-08,198.56683349609375
2015-04-09,199.0244598388672
2015-04-10,198.90579223632812
2015-04-13,199.11769104003906
2015-04-14,201.82106018066406
2015-04-15,204.93968200683594
2015-04-16,204.9735870361328
2015-04-17,202.82102966308594
2015-04-20,202.4989776611328
2015-04-21,205.93968200683594
2015-04-22,206.31256103515625
2015-04-23,207.01588439941406
2015-04-24,209.40574645996094
2015-04-27,211.3887939453125
2015-04-28,211.17694091796875
2015-04-29,211.9735565185547
2015-04-30,210.53286743164062
2015-05-01,210.96505737304688
2015-05-04,210.89727783203125
2015-05-05,208.46505737304688
2015-05-06,208.5583038330078
2015-05-07,209.30763244628906
2015-05-08,212.16015625
2015-05-11,211.86212158203125
2015-05-12,213.93124389648438
2015-05-13,209.40980529785156
2015-05-14,210.3549346923828
2015-05-15,209.511962890625
2015-05-18,209.81854248046875
2015-05-19,209.6056365966797
2015-05-20,209.4694061279297
2015-05-21,209.98033142089844
2015-05-22,209.42686462402344
2015-05-26,208.54977416992188
2015-05-27,209.07769775390625
2015-05-28,208.32839965820312
2015-05-29,204.6414031982422
2015-06-01,205.21192932128906
2015-06-02,206.0293731689453
2015-06-03,206.8383026123047
2015-06-04,203.72178649902344
2015-06-05,205.2970733642578
2015-06-08,203.9261474609375
2015-06-09,205.64622497558594
2015-06-10,206.31031799316406
2015-06-11,207.20443725585938
2015-06-12,202.78514099121094
2015-06-15,201.73779296875
2015-06-16,202.54669189453125
2015-06-17,204.34336853027344
2015-06-18,207.23846435546875
2015-06-19,206.2252197265625
2015-06-22,207.86854553222656
2015-06-23,208.96702575683594
2015-06-24,207.45135498046875
2015-06-25,203.960205078125
2015-06-26,204.6414031982422
2015-06-29,201.55894470214844
2015-06-30,201.50790405273438
2015-07-01,201.5504608154297
2015-07-02,200.52865600585938
2015-07-06,199.1407012939453
2015-07-07,201.7888946533203
2015-07-08,199.58349609375
2015-07-09,200.69895935058594
2015-07-10,201.38018798828125
2015-07-13,202.6573486328125
2015-07-14,198.62977600097656
2015-07-15,196.50953674316406
2015-07-16,197.85494995117188
2015-07-17,198.7064666748047
2015-07-20,200.1880645751953
2015-07-21,195.79432678222656
2015-07-22,191.3323516845703
2015-07-23,192.59266662597656
2015-07-24,192.24354553222656
2015-07-27,192.32872009277344
2015-07-28,192.39675903320312
2015-07-29,193.2567901611328
2015-07-30,191.59640502929688
2015-07-31,194.7469940185547
2015-08-03,191.46017456054688
2015-08-04,192.55010986328125
2015-08-05,193.33348083496094
2015-08-06,193.49612426757812
2015-08-07,193.40196228027344
2015-08-10,197.63015747070312
2015-08-11,195.19081115722656
2015-08-12,197.21075439453125
2015-08-13,193.31637573242188
2015-08-14,192.3920135498047
2015-08-17,193.8299102783203
2015-08-18,194.06101989746094
2015-08-19,193.09378051757812
2015-08-20,191.758544921875
2015-08-21,188.1723175048828
2015-08-24,182.44627380371094
2015-08-25,182.5832061767578
2015-08-26,186.306396484375
2015-08-27,191.50181579589844
2015-08-28,191.0653076171875
2015-08-31,191.24502563476562
2015-09-01,187.2222442626953
2015-09-02,190.8940887451172
2015-09-03,188.8912811279297
2015-09-04,186.9311981201172
2015-09-08,192.81137084960938
2015-09-09,190.75718688964844
2015-09-10,190.53463745117188
2015-09-11,189.9525604248047
2015-09-14,186.7086944580078
2015-09-15,190.03823852539062
2015-09-16,190.38055419921875
2015-09-17,187.16229248046875
2015-09-18,183.3792266845703
2015-09-21,183.3792266845703
2015-09-22,182.01832580566406
2015-09-23,180.49484252929688
2015-09-24,182.6259765625
2015-09-25,182.9683837890625
2015-09-28,181.256591796875
2015-09-29,181.3934783935547
2015-09-30,184.0296630859375
2015-10-01,179.2794189453125
2015-10-02,184.1495361328125
2015-10-05,188.14663696289062
2015-10-06,191.4932403564453
2015-10-07,195.01104736328125
2015-10-08,198.09230041503906
2015-10-09,196.17507934570312
2015-10-12,192.65731811523438
2015-10-13,190.59454345703125
2015-10-14,189.54176330566406
2015-10-15,189.69580078125
2015-10-16,177.7301788330078
2015-10-19,172.86004638671875
2015-10-20,172.6802978515625
2015-10-21,172.61180114746094
2015-10-22,179.24514770507812
2015-10-23,177.90139770507812
2015-10-26,176.55758666992188
2015-10-27,173.28799438476562
2015-10-28,177.42201232910156
2015-10-29,178.26939392089844
2015-10-30,179.7415771484375
2015-11-02,180.70872497558594
2015-11-03,180.64031982421875
2015-11-04,180.2978973388672
2015-11-05,180.5561065673828
2015-11-06,182.63037109375
2015-11-09,179.6696014404297
2015-11-10,181.5545196533203
2015-11-11,181.7611083984375
2015-11-12,171.9922332763672
2015-11-13,169.56509399414062
2015-11-16,170.65817260742188
2015-11-17,166.3374786376953
2015-11-18,170.63233947753906
2015-11-19,170.6840057373047
2015-11-20,171.44143676757812
2015-11-23,170.4688262939453
2015-11-24,170.8130645751953
2015-11-25,171.00242614746094
2015-11-27,171.8373565673828
2015-11-30,172.6033477783203
2015-12-01,173.5500946044922
2015-12-02,171.7598114013672
2015-12-03,171.10574340820312
2015-12-04,172.87872314453125
2015-12-07,170.78721618652344
2015-12-08,167.88671875
2015-12-09,166.21702575683594
2015-12-10,167.37887573242188
2015-12-11,164.24598693847656
2015-12-14,167.0863037109375
2015-12-15,167.4736328125
2015-12-16,169.37570190429688
2015-12-17,167.70599365234375
2015-12-18,166.91416931152344
2015-12-21,169.0142059326172
2015-12-22,173.81689453125
2015-12-23,176.9584197998047
2015-12-24,176.8292999267578
2015-12-28,175.89981079101562
2015-12-29,176.90675354003906
2015-12-30,176.18385314941406
2015-12-31,174.3677520751953
2016-01-04,173.9632110595703
2016-01-05,171.8631134033203
2016-01-06,171.32089233398438
2016-01-07,169.66836547851562
2016-01-08,167.6543731689453
2016-01-11,162.77418518066406
2016-01-12,161.50901794433594
2016-01-13,159.74459838867188
2016-01-14,162.6365203857422
2016-01-15,163.03245544433594
2016-01-19,160.5880584716797
2016-01-20,157.3174591064453
2016-01-21,159.68435668945312
2016-01-22,161.14747619628906
2016-01-25,159.68435668945312
2016-01-26,160.08880615234375
2016-01-27,159.33143615722656
2016-01-28,165.40789794921875
2016-01-29,169.28964233398438
2016-02-01,170.158935546875
2016-02-02,166.05345153808594
2016-02-03,170.11593627929688
2016-02-04,180.5057373046875
2016-02-05,180.35853576660156
2016-02-08,182.09884643554688
2016-02-09,181.63992309570312
2016-02-10,176.6961669921875
2016-02-11,176.94725036621094
2016-02-12,182.76553344726562
2016-02-16,185.25909423828125
2016-02-17,187.3284149169922
2016-02-18,186.8868408203125
2016-02-19,188.11627197265625
2016-02-22,190.93887329101562
2016-02-23,188.66172790527344
2016-02-24,186.99072265625
2016-02-25,188.3154296875
2016-02-26,188.70506286621094
2016-02-29,187.79591369628906
2016-03-01,193.66615295410156
2016-03-02,191.00811767578125
2016-03-03,191.9605255126953
2016-03-04,192.17694091796875
2016-03-07,194.1942596435547
2016-03-08,194.62722778320312
2016-03-09,189.5621795654297
2016-03-10,188.69638061523438
2016-03-11,188.11627197265625
2016-03-14,188.25482177734375
2016-03-15,188.67904663085938
2016-03-16,191.0340576171875
2016-03-17,196.1943817138672
2016-03-18,195.3199005126953
2016-03-21,196.93026733398438
2016-03-22,197.81344604492188
2016-03-23,198.36749267578125
2016-03-24,198.4021759033203
2016-03-28,197.57968139648438
2016-03-29,199.66632080078125
2016-03-30,202.16847229003906
2016-03-31,202.10787963867188
2016-04-01,202.93045043945312
2016-04-04,200.2290802001953
2016-04-05,202.2984161376953
2016-04-06,201.59706115722656
2016-04-07,199.11215209960938
2016-04-08,199.69232177734375
2016-04-11,201.2247772216797
2016-04-12,198.82643127441406
2016-04-13,202.4109344482422
2016-04-14,203.00839233398438
2016-04-15,203.51048278808594
2016-04-18,200.86109924316406
2016-04-19,199.36326599121094
2016-04-20,197.89132690429688
2016-04-21,197.31129455566406
2016-04-22,198.3848876953125
2016-04-25,198.43682861328125
2016-04-26,202.87852478027344
2016-04-27,206.69679260253906
2016-04-28,204.29835510253906
2016-04-29,203.05160522460938
2016-05-02,202.99105834960938
2016-05-03,201.57977294921875
2016-05-04,198.35025024414062
2016-05-05,202.1715545654297
2016-05-06,202.363037109375
2016-05-09,200.70919799804688
2016-05-10,202.07577514648438
2016-05-11,201.1444091796875
2016-05-12,198.2545166015625
2016-05-13,197.07066345214844
2016-05-16,199.20330810546875
2016-05-17,196.60939025878906
2016-05-18,195.86944580078125
2016-05-19,193.02305603027344
2016-05-20,193.7542724609375
2016-05-23,194.17213439941406
2016-05-24,196.9488525390625
2016-05-25,197.0184783935547
2016-05-26,198.0455780029297
2016-05-27,196.61807250976562
2016-05-31,198.7681121826172
2016-06-01,198.61141967773438
2016-06-02,199.96926879882812
2016-06-03,198.2806396484375
2016-06-06,198.98568725585938
2016-06-07,199.1510467529297
2016-06-08,200.73524475097656
2016-06-09,197.74095153808594
2016-06-10,193.64981079101562
2016-06-13,189.28013610839844
2016-06-14,191.46498107910156
2016-06-15,191.32574462890625
2016-06-16,192.71841430664062
2016-06-17,192.83160400390625
2016-06-20,193.9632110595703
2016-06-21,194.01539611816406
2016-06-22,194.99034118652344
2016-06-23,196.6964111328125
2016-06-24,189.21044921875
2016-06-27,188.20083618164062
2016-06-28,189.21044921875
2016-06-29,190.7163848876953
2016-06-30,197.81063842773438
2016-07-01,199.96926879882812
2016-07-05,196.531005859375
2016-07-06,194.54637145996094
2016-07-07,196.235107421875
2016-07-08,200.6134796142578
2016-07-11,201.56227111816406
2016-07-12,200.5873260498047
2016-07-13,200.7005157470703
2016-07-14,201.59706115722656
2016-07-15,201.3446044921875
2016-07-18,199.20330810546875
2016-07-19,189.56739807128906
2016-07-20,188.93197631835938
2016-07-21,187.38250732421875
2016-07-22,189.61964416503906
2016-07-25,190.02001953125
2016-07-26,191.03848266601562
2016-07-27,190.89915466308594
2016-07-28,191.69126892089844
2016-07-29,190.49880981445312
2016-08-01,189.92425537109375
2016-08-02,188.4618682861328
2016-08-03,189.193115234375
2016-08-04,191.1451416015625
2016-08-05,193.46485900878906
2016-08-08,193.17601013183594
2016-08-09,192.20437622070312
2016-08-10,192.40574645996094
2016-08-11,200.79168701171875
2016-08-12,200.43284606933594
2016-08-15,202.20106506347656
2016-08-16,202.2097625732422
2016-08-17,202.10479736328125
2016-08-18,202.48989868164062
2016-08-19,202.5424346923828
2016-08-22,201.99969482421875
2016-08-23,202.0347442626953
2016-08-24,202.244873046875
2016-08-25,202.14852905273438
2016-08-26,203.66293334960938
2016-08-29,205.47488403320312
2016-08-30,205.26486206054688
2016-08-31,201.91221618652344
2016-09-01,200.1263885498047
2016-09-02,201.5182647705078
2016-09-06,201.6933135986328
2016-09-07,199.2772979736328
2016-09-08,200.87921142578125
2016-09-09,194.7253875732422
2016-09-12,196.3010711669922
2016-09-13,194.40151977539062
2016-09-14,196.07350158691406
2016-09-15,199.53118896484375
2016-09-16,191.0313262939453
2016-09-19,193.07972717285156
2016-09-20,189.59576416015625
2016-09-21,191.1977081298828
2016-09-22,193.0183868408203
2016-09-23,189.57827758789062
2016-09-26,189.5344696044922
2016-09-27,190.86502075195312
2016-09-28,191.94174194335938
2016-09-29,192.8609161376953
2016-09-30,196.8175048828125
2016-10-03,198.09555053710938
2016-10-04,194.60284423828125
2016-10-05,197.0539093017578
2016-10-06,199.66246032714844
2016-10-07,196.44113159179688
2016-10-10,195.55702209472656
2016-10-11,189.57827758789062
2016-10-12,190.882568359375
2016-10-13,187.0834503173828
2016-10-14,187.51239013671875
2016-10-17,187.83627319335938
2016-10-18,180.20301818847656
2016-10-19,179.45022583007812
2016-10-20,179.85293579101562
2016-10-21,178.36480712890625
2016-10-24,179.26644897460938
2016-10-25,177.7695770263672
2016-10-26,181.69993591308594
2016-10-27,180.68455505371094
2016-10-28,182.3477325439453
2016-10-31,182.18138122558594
2016-11-01,179.283935546875
2016-11-02,178.18093872070312
2016-11-03,178.62738037109375
2016-11-04,179.6691131591797
2016-11-07,183.73959350585938
2016-11-08,185.18392944335938
2016-11-09,193.92674255371094
2016-11-10,200.0811004638672
2016-11-11,199.4911651611328
2016-11-14,196.6649169921875
2016-11-15,197.1227264404297
2016-11-16,197.83592224121094
2016-11-17,193.8386688232422
2016-11-18,191.60238647460938
2016-11-21,195.5907745361328
2016-11-22,198.15281677246094
2016-11-23,197.7654571533203
2016-11-25,198.77801513671875
2016-11-28,196.85855102539062
2016-11-29,199.28866577148438
2016-11-30,203.004150390625
2016-12-01,209.52816772460938
2016-12-02,208.2603759765625
2016-12-05,207.16860961914062
2016-12-06,208.057861328125
2016-12-07,208.75340270996094
2016-12-08,210.4174346923828
2016-12-09,210.97215270996094
2016-12-12,208.58612060546875
2016-12-13,209.22886657714844
2016-12-14,206.939697265625
2016-12-15,206.45550537109375
2016-12-16,206.57870483398438
2016-12-19,208.6037139892578
2016-12-20,210.34706115722656
2016-12-21,209.80111694335938
2016-12-22,209.71310424804688
2016-12-23,208.71820068359375
2016-12-27,209.57225036621094
2016-12-28,205.95358276367188
2016-12-29,205.61904907226562
2016-12-30,204.48321533203125
2017-01-03,206.42022705078125
2017-01-04,208.07546997070312
2017-01-05,204.4920654296875
2017-01-06,203.82293701171875
2017-01-09,202.8103790283203
2017-01-10,203.1361846923828
2017-01-11,207.7408447265625
2017-01-12,207.9521942138672
2017-01-13,208.68295288085938
2017-01-17,211.9053955078125
2017-01-18,215.3655548095703
2017-01-19,214.9781951904297
2017-01-20,217.00315856933594
2017-01-23,216.43971252441406
2017-01-24,219.30992126464844
2017-01-25,222.84934997558594
2017-01-26,225.69320678710938
2017-01-27,225.73721313476562
2017-01-30,224.21401977539062
2017-01-31,222.37388610839844
2017-02-01,223.35116577148438
2017-02-02,221.93362426757812
2017-02-03,221.51986694335938
2017-02-06,223.1487274169922
2017-02-07,223.09585571289062
2017-02-08,224.0027313232422
2017-02-09,223.82577514648438
2017-02-10,225.64825439453125
2017-02-13,225.01123046875
2017-02-14,224.48927307128906
2017-02-15,223.97613525390625
2017-02-16,225.41824340820312
2017-02-17,225.55975341796875
2017-02-21,228.39077758789062
2017-02-22,227.74496459960938
2017-02-23,221.11865234375
2017-02-24,221.38404846191406
2017-02-27,221.58753967285156
2017-02-28,219.36697387695312
2017-03-01,223.03839111328125
2017-03-02,219.58810424804688
2017-03-03,221.0567169189453
2017-03-06,223.21534729003906
2017-03-07,221.69363403320312
2017-03-08,221.3043975830078
2017-03-09,215.88131713867188
2017-03-10,216.88978576660156
2017-03-13,217.94259643554688
2017-03-14,216.33245849609375
2017-03-15,218.90695190429688
2017-03-16,216.81906127929688
2017-03-17,215.83700561523438
2017-03-20,214.11187744140625
2017-03-21,212.37789916992188
2017-03-22,212.32485961914062
2017-03-23,212.8822021484375
2017-03-24,211.90902709960938
2017-03-27,209.99813842773438
2017-03-28,211.6083221435547
2017-03-29,210.3343048095703
2017-03-30,206.89285278320312
2017-03-31,205.91969299316406
2017-04-03,204.53958129882812
2017-04-04,204.18572998046875
2017-04-05,205.0084686279297
2017-04-06,203.3098602294922
2017-04-07,202.8321533203125
2017-04-10,202.92062377929688
2017-04-11,203.03562927246094
2017-04-12,197.91329956054688
2017-04-13,195.9581298828125
2017-04-17,197.25860595703125
2017-04-18,174.78759765625
2017-04-19,172.82357788085938
2017-04-20,173.36325073242188
2017-04-21,172.64663696289062
2017-04-24,169.77142333984375
2017-04-25,171.06304931640625
2017-04-26,171.77964782714844
2017-04-27,170.8949737548828
2017-04-28,170.47915649414062
2017-05-01,167.50657653808594
2017-05-02,168.6478729248047
2017-05-03,169.87757873535156
2017-05-04,167.02755737304688
2017-05-05,168.53277587890625
2017-05-08,168.31002807617188
2017-05-09,167.23240661621094
2017-05-10,167.31256103515625
2017-05-11,167.16114807128906
2017-05-12,164.42691040039062
2017-05-15,161.54135131835938
2017-05-16,159.5106964111328
2017-05-17,155.65428161621094
2017-05-18,154.34507751464844
2017-05-19,155.7255859375
2017-05-22,158.7982177734375
2017-05-23,157.3019561767578
2017-05-24,157.9164276123047
2017-05-25,157.07928466796875
2017-05-26,154.59449768066406
2017-05-30,153.16055297851562
2017-05-31,153.4366455078125
2017-06-01,154.46090698242188
2017-06-02,153.8285369873047
2017-06-05,154.93292236328125
2017-06-06,151.29916381835938
2017-06-07,150.96963500976562
2017-06-08,151.94041442871094
2017-06-09,157.04367065429688
2017-06-12,159.89364624023438
2017-06-13,158.6022491455078
2017-06-14,157.658203125
2017-06-15,157.42665100097656
2017-06-16,160.59727478027344
2017-06-19,159.866943359375
2017-06-20,155.55628967285156
2017-06-21,154.68348693847656
2017-06-22,153.88194274902344
2017-06-23,157.0882110595703
2017-06-26,158.37069702148438
2017-06-27,155.93038940429688
2017-06-28,157.60476684570312
2017-06-29,159.38600158691406
2017-06-30,160.78428649902344
2017-07-03,164.8989715576172
2017-07-05,164.03506469726562
2017-07-06,161.3097381591797
2017-07-07,159.65322875976562
2017-07-10,158.59336853027344
2017-07-11,157.22183227539062
2017-07-12,150.34617614746094
2017-07-13,151.406005859375
2017-07-14,153.0893096923828
2017-07-17,153.3743133544922
2017-07-18,155.39602661132812
2017-07-19,144.45022583007812
2017-07-20,147.8079071044922
2017-07-21,146.89947509765625
2017-07-24,148.6273193359375
2017-07-25,150.56883239746094
2017-07-26,148.00384521484375
2017-07-27,149.1527557373047
2017-07-28,147.15773010253906
2017-07-31,148.5026397705078
2017-08-01,151.15663146972656
2017-08-02,151.42385864257812
2017-08-03,150.93402099609375
2017-08-04,151.71775817871094
2017-08-07,149.08151245117188
2017-08-08,146.5877685546875
2017-08-09,147.9325714111328
2017-08-10,146.76576232910156
2017-08-11,147.03501892089844
2017-08-14,149.88026428222656
2017-08-15,148.1659698486328
2017-08-16,148.1659698486328
2017-08-17,147.7351837158203
2017-08-18,144.8540802001953
2017-08-21,142.1793670654297
2017-08-22,147.57362365722656
2017-08-23,144.98866271972656
2017-08-24,142.1075439453125
2017-08-25,143.41796875
2017-08-28,140.2406768798828
2017-08-29,141.05738830566406
2017-08-30,143.2833709716797
2017-08-31,145.91314697265625
2017-09-01,147.00814819335938
2017-09-05,144.82716369628906
2017-09-06,147.14273071289062
2017-09-07,145.922119140625
2017-09-08,148.0672607421875
2017-09-11,147.72618103027344
2017-09-12,149.2519989013672
2017-09-13,151.24452209472656
2017-09-14,151.9446258544922
2017-09-15,151.63941955566406
2017-09-18,153.4973602294922
2017-09-19,153.14730834960938
2017-09-20,157.23109436035156
2017-09-21,157.59913635253906
2017-09-22,158.51458740234375
2017-09-25,160.47120666503906
2017-09-26,162.44586181640625
2017-09-27,162.32908630371094
2017-09-28,161.6290283203125
2017-09-29,161.3328857421875
2017-10-02,163.5498046875
2017-10-03,163.67547607421875
2017-10-04,162.36505126953125
2017-10-05,163.57675170898438
2017-10-06,161.62013244628906
2017-10-09,159.40313720703125
2017-10-10,156.09124755859375
2017-10-11,154.8257293701172
2017-10-12,159.3582763671875
2017-10-13,162.4996795654297
2017-10-16,163.67547607421875
2017-10-17,184.37277221679688
2017-10-18,187.41534423828125
2017-10-19,183.68167114257812
2017-10-20,186.51788330078125
2017-10-23,188.03468322753906
2017-10-24,178.0271759033203
2017-10-25,176.93212890625
2017-10-26,180.56715393066406
2017-10-27,179.29261779785156
2017-10-30,178.96055603027344
2017-10-31,177.44369506835938
2017-11-01,175.54095458984375
2017-11-02,178.637451171875
2017-11-03,179.5170440673828
2017-11-06,182.7212371826172
2017-11-07,184.1573028564453
2017-11-08,186.8050994873047
2017-11-09,184.95611572265625
2017-11-10,183.77297973632812
2017-11-13,176.82777404785156
2017-11-14,176.63812255859375
2017-11-15,176.77357482910156
2017-11-16,179.27532958984375
2017-11-17,178.66119384765625
2017-11-20,180.28683471679688
2017-11-21,180.29586791992188
2017-11-22,180.99127197265625
2017-11-24,180.76553344726562
2017-11-27,183.4298095703125
2017-11-28,191.0795440673828
2017-11-29,195.77586364746094
2017-11-30,199.8761444091797
2017-12-01,197.09445190429688
2017-12-04,205.46664428710938
2017-12-05,204.75318908691406
2017-12-06,199.9845428466797
2017-12-07,200.74319458007812
2017-12-08,202.22434997558594
2017-12-11,201.89019775390625
2017-12-12,200.85159301757812
2017-12-13,202.5765838623047
2017-12-14,201.10450744628906
2017-12-15,207.6974639892578
2017-12-18,207.6522979736328
2017-12-19,206.4510955810547
2017-12-20,208.5735321044922
2017-12-21,212.25833129882812
2017-12-22,212.09580993652344
2017-12-26,213.15245056152344
2017-12-27,214.0465850830078
2017-12-28,214.91368103027344
2017-12-29,213.36929321289062
2018-01-02,212.88153076171875
2018-01-03,211.5448760986328
2018-01-04,213.19764709472656
2018-01-05,215.17559814453125
2018-01-08,215.17559814453125
2018-01-09,214.3085479736328
2018-01-10,209.30506896972656
2018-01-11,214.69688415527344
2018-01-12,212.84539794921875
2018-01-16,209.3592529296875
2018-01-17,203.41650390625
2018-01-18,205.49378967285156
2018-01-19,207.76968383789062
2018-01-22,207.59811401367188
2018-01-23,207.22781372070312
2018-01-24,245.6297607421875
2018-01-25,258.6983337402344
2018-01-26,257.6327209472656
2018-01-29,247.89663696289062
2018-01-30,248.77272033691406
2018-01-31,243.5435028076172
2018-02-01,240.35543823242188
2018-02-02,234.5391082763672
2018-02-05,229.49951171875
2018-02-06,233.9249725341797
2018-02-07,234.7197265625
2018-02-08,233.55470275878906
2018-02-09,242.64920043945312
2018-02-12,244.5462646484375
2018-02-13,246.30694580078125
2018-02-14,240.2893524169922
2018-02-15,244.66421508789062
2018-02-16,242.0502166748047
2018-02-20,239.26376342773438
2018-02-21,237.61183166503906
2018-02-22,239.2547149658203
2018-02-23,241.60546875
2018-02-26,245.80784606933594
2018-02-27,240.32566833496094
2018-02-28,237.3939971923828
2018-03-01,232.09335327148438
2018-03-02,231.72119140625
2018-03-05,235.83285522460938
2018-03-06,243.03048706054688
2018-03-07,246.2071990966797
2018-03-08,249.32952880859375
2018-03-09,254.53025817871094
2018-03-12,253.90403747558594
2018-03-13,251.09933471679688
2018-03-14,254.33056640625
2018-03-15,255.30174255371094
2018-03-16,262.0818786621094
2018-03-19,259.9306945800781
2018-03-20,259.32269287109375
2018-03-21,259.1048889160156
2018-03-22,254.29425048828125
2018-03-23,245.10891723632812
2018-03-26,251.08116149902344
2018-03-27,247.81370544433594
2018-03-28,251.85272216796875
2018-03-29,256.2003479003906
2018-04-02,251.0903778076172
2018-04-03,257.6524963378906
2018-04-04,261.8096618652344
2018-04-05,266.63818359375
2018-04-06,260.19403076171875
2018-04-09,260.15765380859375
2018-04-10,265.03179931640625
2018-04-11,253.38668823242188
2018-04-12,257.6798095703125
2018-04-13,252.8783416748047
2018-04-16,257.87945556640625
2018-04-17,257.3621520996094
2018-04-18,258.3968200683594
2018-04-19,272.1839294433594
2018-04-20,261.76416015625
2018-04-23,259.65838623046875
2018-04-24,253.7406005859375
2018-04-25,251.6531524658203
2018-04-26,251.31732177734375
2018-04-27,257.6524963378906
2018-04-30,255.36526489257812
2018-05-01,255.90084838867188
2018-05-02,254.95689392089844
2018-05-03,253.99476623535156
2018-05-04,260.28472900390625
2018-05-07,262.6446228027344
2018-05-08,263.27996826171875
2018-05-09,268.5079345703125
2018-05-10,272.4471435546875
2018-05-11,269.93060302734375
2018-05-14,269.6206359863281
2018-05-15,274.3071594238281
2018-05-16,279.3401794433594
2018-05-17,279.7322082519531
2018-05-18,280.47076416015625
2018-05-21,286.20587158203125
2018-05-22,278.9025573730469
2018-05-23,278.2917175292969
2018-05-24,283.49786376953125
2018-05-25,282.4858703613281
2018-05-29,276.1945495605469
2018-05-30,280.3340148925781
2018-05-31,281.72900390625
2018-06-01,282.3763732910156
2018-06-04,284.5008850097656
2018-06-05,286.8167724609375
2018-06-06,283.3246765136719
2018-06-07,284.8016662597656
2018-06-08,286.8349609375
2018-06-11,288.27557373046875
2018-06-12,290.64617919921875
2018-06-13,287.8470764160156
2018-06-14,289.387939453125
2018-06-15,291.421142578125
2018-06-18,288.2208557128906
2018-06-19,284.57373046875
2018-06-20,288.9685363769531
2018-06-21,285.54931640625
2018-06-22,284.56463623046875
2018-06-25,278.64727783203125
2018-06-26,279.4404296875
2018-06-27,278.4374694824219
2018-06-28,280.4251708984375
2018-06-29,281.1910400390625
2018-07-02,279.2763671875
2018-07-03,271.4898986816406
2018-07-05,271.6082458496094
2018-07-06,272.55657958984375
2018-07-09,278.6380920410156
2018-07-10,278.34637451171875
2018-07-11,283.04193115234375
2018-07-12,281.9295654296875
2018-07-13,283.08758544921875
2018-07-16,276.1945495605469
2018-07-17,278.05462646484375
2018-07-18,309.08221435546875
2018-07-19,311.3252258300781
2018-07-20,310.23101806640625
2018-07-23,312.4010925292969
2018-07-24,307.404541015625
2018-07-25,312.9117431640625
2018-07-26,310.4954528808594
2018-07-27,309.3922424316406
2018-07-30,306.7845458984375
2018-07-31,315.984375
2018-08-01,311.7993469238281
2018-08-02,310.9240417480469
2018-08-03,309.0914001464844
2018-08-06,314.379638671875
2018-08-07,318.45513916015625
2018-08-08,321.4367980957031
2018-08-09,320.6343994140625
2018-08-10,321.54974365234375
2018-08-13,323.2522277832031
2018-08-14,330.7944641113281
2018-08-15,327.5816650390625
2018-08-16,329.4671630859375
2018-08-17,327.4352111816406
2018-08-20,335.4990539550781
2018-08-21,337.8880615234375
2018-08-22,336.4693908691406
2018-08-23,336.38702392578125
2018-08-24,334.2268371582031
2018-08-27,333.073486328125
2018-08-28,330.1994323730469
2018-08-29,331.6090087890625
2018-08-30,324.39630126953125
2018-08-31,324.0851745605469
2018-09-04,325.7327575683594
2018-09-05,325.50384521484375
2018-09-06,323.23394775390625
2018-09-07,319.7099914550781
2018-09-10,322.3643493652344
2018-09-11,328.9454040527344
2018-09-12,324.07598876953125
2018-09-13,324.0577392578125
2018-09-14,325.49468994140625
2018-09-17,321.85174560546875
2018-09-18,323.718994140625
2018-09-19,321.54974365234375
2018-09-20,324.95465087890625
2018-09-21,325.93408203125
2018-09-24,322.71221923828125
2018-09-25,324.9089660644531
2018-09-26,326.2178039550781
2018-09-27,325.18353271484375
2018-09-28,327.142333984375
2018-10-01,325.8517150878906
2018-10-02,324.52447509765625
2018-10-03,327.64569091796875
2018-10-04,322.3094177246094
2018-10-05,321.3025817871094
2018-10-08,316.5978698730469
2018-10-09,306.9779357910156
2018-10-10,289.5046081542969
2018-10-11,282.8319091796875
2018-10-12,285.1568298339844
2018-10-15,291.078857421875
2018-10-16,256.2969970703125
2018-10-17,255.68365478515625
2018-10-18,251.64712524414062
2018-10-19,252.8828582763672
2018-10-22,251.93096923828125
2018-10-23,250.78683471679688
2018-10-24,248.8463897705078
2018-10-25,248.26060485839844
2018-10-26,251.43678283691406
2018-10-29,252.2146759033203
2018-10-30,259.1710510253906
2018-10-31,259.921630859375
2018-11-01,262.2557067871094
2018-11-02,264.745361328125
2018-11-05,262.7499084472656
2018-11-06,263.22601318359375
2018-11-07,270.9511413574219
2018-11-08,269.4432067871094
2018-11-09,270.1144714355469
2018-11-12,268.21099853515625
2018-11-13,272.1466064453125
2018-11-14,276.2109069824219
2018-11-15,281.4798889160156
2018-11-16,285.5718688964844
2018-11-19,280.55120849609375
2018-11-20,273.0845031738281
2018-11-21,278.1695251464844
2018-11-23,273.9764709472656
2018-11-26,283.16259765625
2018-11-27,279.9718933105469
2018-11-28,286.6292419433594
2018-11-29,286.1511535644531
2018-11-30,288.7718200683594
2018-12-03,291.66839599609375
2018-12-04,276.41326904296875
2018-12-06,275.4660949707031
2018-12-07,266.14202880859375
2018-12-10,262.3534240722656
2018-12-11,263.6591491699219
2018-12-12,264.6431884765625
2018-12-13,262.6293029785156
2018-12-14,261.52587890625
2018-12-17,261.617919921875
2018-12-18,260.1005859375
2018-12-19,256.0271301269531
2018-12-20,253.0018310546875
2018-12-21,250.30755615234375
2018-12-24,244.99264526367188
2018-12-26,256.2293395996094
2018-12-27,259.2454528808594
2018-12-28,258.8224792480469
2018-12-31,259.640869140625
2019-01-02,254.32591247558594
2019-01-03,246.47311401367188
2019-01-04,256.6707458496094
2019-01-07,254.8317108154297
2019-01-08,256.5328063964844
2019-01-09,257.47991943359375
2019-01-10,261.59942626953125
2019-01-11,261.6087341308594
2019-01-14,258.5833435058594
2019-01-15,269.626953125
2019-01-16,265.57183837890625
2019-01-17,275.1994934082031
2019-01-18,280.81781005859375
2019-01-22,276.4224548339844
2019-01-23,273.2500305175781
2019-01-24,263.1902770996094
2019-01-25,268.3488464355469
2019-01-28,265.68218994140625
2019-01-29,272.3305358886719
2019-01-30,272.25689697265625
2019-01-31,271.6224060058594
2019-02-01,268.94659423828125
2019-02-04,274.5833740234375
2019-02-05,275.85235595703125
2019-02-06,279.0982360839844
2019-02-07,278.6753234863281
2019-02-08,277.5022277832031
2019-02-11,283.4230041503906
2019-02-12,288.6695251464844
2019-02-13,289.3992919921875
2019-02-14,288.01361083984375
2019-02-15,292.4566650390625
2019-02-19,290.636962890625
2019-02-20,287.3026123046875
2019-02-21,285.9631042480469
2019-02-22,288.5308837890625
2019-02-25,287.6165771484375
2019-02-26,285.0025634765625
2019-02-27,287.3764343261719
2019-02-28,281.510986328125
2019-03-01,279.44195556640625
2019-03-04,279.5250549316406
2019-03-05,278.3057861328125
2019-03-06,279.36810302734375
2019-03-07,274.9805908203125
2019-03-08,271.0086975097656
2019-03-11,272.4773864746094
2019-03-12,272.8283996582031
2019-03-13,276.63397216796875
2019-03-14,274.82354736328125
2019-03-15,274.5001525878906
2019-03-18,279.0078430175781
2019-03-19,276.6801452636719
2019-03-20,275.276123046875
2019-03-21,281.7049865722656
2019-03-22,270.186767578125
2019-03-25,267.4986572265625
2019-03-26,267.24932861328125
2019-03-27,267.8681640625
2019-03-28,271.35968017578125
2019-03-29,277.9640197753906
2019-04-01,287.5057373046875
2019-04-02,287.5149841308594
2019-04-03,287.80126953125
2019-04-04,289.7041015625
2019-04-05,292.3458557128906
2019-04-08,290.9233093261719
2019-04-09,281.98211669921875
2019-04-10,280.0331115722656
2019-04-11,285.40887451171875
2019-04-12,281.59417724609375
2019-04-15,281.52947998046875
2019-04-16,282.6470947265625
2019-04-17,284.7900695800781
2019-04-18,284.66082763671875
2019-04-22,268.98583984375
2019-04-23,270.81475830078125
2019-04-24,271.8953857421875
2019-04-25,272.4866027832031
2019-04-26,269.6324462890625
2019-04-29,263.1112976074219
2019-04-30,260.47869873046875
2019-05-01,253.88357543945312
2019-05-02,257.66143798828125
2019-05-03,261.910400390625
2019-05-06,257.9940185546875
2019-05-07,255.36146545410156
2019-05-08,255.46316528320312
2019-05-09,252.5720672607422
2019-05-10,248.5698699951172
2019-05-13,241.41983032226562
2019-05-14,243.34202575683594
2019-05-15,243.09127807617188
2019-05-16,245.01339721679688
2019-05-17,248.02203369140625
2019-05-20,251.38348388671875
2019-05-21,252.8784942626953
2019-05-22,240.5841064453125
2019-05-23,242.28343200683594
2019-05-24,240.09197998046875
2019-05-28,240.87200927734375
2019-05-29,243.0726776123047
2019-05-30,245.69129943847656
2019-05-31,242.9984588623047
2019-06-03,244.08480834960938
2019-06-04,250.2412872314453
2019-06-05,249.93487548828125
2019-06-06,246.8612823486328
2019-06-07,251.75489807128906
2019-06-10,255.52490234375
2019-06-11,254.81912231445312
2019-06-12,255.4041290283203
2019-06-13,259.7777099609375
2019-06-14,252.90625
2019-06-17,252.9805145263672
2019-06-18,252.4513397216797
2019-06-19,254.5962677001953
2019-06-20,257.0290832519531
2019-06-21,254.44772338867188
2019-06-24,251.67137145996094
2019-06-25,248.44915771484375
2019-06-26,247.37197875976562
2019-06-27,247.12130737304688
2019-06-28,249.07131958007812
2019-07-01,248.19847106933594
2019-07-02,246.21124267578125
2019-07-03,249.58201599121094
2019-07-05,250.27842712402344
2019-07-08,246.89846801757812
2019-07-09,247.64132690429688
2019-07-10,240.07342529296875
2019-07-11,244.0384063720703
2019-07-12,249.9720458984375
2019-07-15,251.90342712402344
2019-07-16,253.41702270507812
2019-07-17,249.78628540039062
2019-07-18,249.4705810546875
2019-07-19,248.13343811035156
2019-07-22,250.1763458251953
2019-07-23,258.86773681640625
2019-07-24,282.3513488769531
2019-07-25,278.69281005859375
2019-07-26,278.3863830566406
2019-07-29,270.7255554199219
2019-07-30,275.5263366699219
2019-07-31,270.24273681640625
2019-08-01,257.8184814453125
2019-08-02,256.6484375
2019-08-05,249.62838745117188
2019-08-06,250.6962890625
2019-08-07,254.70773315429688
2019-08-08,256.9178161621094
2019-08-09,250.49575805664062
2019-08-12,245.84722900390625
2019-08-13,250.36502075195312
2019-08-14,246.752685546875
2019-08-15,247.18203735351562
2019-08-16,251.3357696533203
2019-08-19,257.05780029296875
2019-08-20,253.9588165283203
2019-08-21,256.52569580078125
2019-08-22,254.6961669921875
2019-08-23,248.3114776611328
2019-08-26,249.66494750976562
2019-08-27,247.70480346679688
2019-08-28,250.51438903808594
2019-08-29,255.1628875732422
2019-08-30,255.43356323242188
2019-09-03,248.3861846923828
2019-09-04,250.31838989257812
2019-09-05,258.355224609375
2019-09-06,259.6993713378906
2019-09-09,266.86810302734375
2019-09-10,271.3765869140625
2019-09-11,275.3623352050781
2019-09-12,274.0555114746094
2019-09-13,275.88507080078125
2019-09-16,276.1184387207031
2019-09-17,272.2259521484375
2019-09-18,273.01007080078125
2019-09-19,272.7113342285156
2019-09-20,272.72998046875
2019-09-23,271.69390869140625
2019-09-24,267.4842224121094
2019-09-25,271.73126220703125
2019-09-26,274.0740966796875
2019-09-27,275.3529968261719
2019-09-30,277.3692626953125
2019-10-01,267.008056640625
2019-10-02,268.0629577636719
2019-10-03,269.4724426269531
2019-10-04,271.8246765136719
2019-10-07,269.73370361328125
2019-10-08,263.40509033203125
2019-10-09,265.085205078125
2019-10-10,269.4910583496094
2019-10-11,284.8833312988281
2019-10-14,285.6954040527344
2019-10-15,286.880859375
2019-10-16,287.3662414550781
2019-10-17,290.0545654296875
2019-10-18,289.4384765625
2019-10-21,295.6925354003906
2019-10-22,297.9327087402344
2019-10-23,291.6413879394531
2019-10-24,294.22698974609375
2019-10-25,296.2152099609375
2019-10-28,295.3285217285156
2019-10-29,292.10821533203125
2019-10-30,289.7185363769531
2019-10-31,288.28106689453125
2019-11-01,296.523193359375
2019-11-04,298.1100769042969
2019-11-05,301.0036926269531
2019-11-06,299.8742370605469
2019-11-07,300.7275390625
2019-11-08,304.6561584472656
2019-11-11,306.7471618652344
2019-11-12,305.143798828125
2019-11-13,302.4058837890625
2019-11-14,302.30267333984375
2019-11-15,303.2966003417969
2019-11-18,297.68951416015625
2019-11-19,296.19873046875
2019-11-20,292.8701477050781
2019-11-21,293.1326599121094
2019-11-22,299.1053771972656
2019-11-25,300.50244140625
2019-11-26,300.6806640625
2019-11-27,299.3304443359375
2019-11-29,297.1831970214844
2019-12-02,295.383056640625
2019-12-03,293.0858459472656
2019-12-04,297.108154296875
2019-12-05,298.439697265625
2019-12-06,301.4400939941406
2019-12-09,304.0841979980469
2019-12-10,303.390380859375
2019-12-11,308.96929931640625
2019-12-12,317.6705017089844
2019-12-13,311.5853271484375
2019-12-16,316.18902587890625
2019-12-17,310.8070983886719
2019-12-18,311.79156494140625
2019-12-19,313.95758056640625
2019-12-20,316.5360107421875
2019-12-23,316.6579284667969
2019-12-24,316.3390808105469
2019-12-26,317.7737121582031
2019-12-27,316.4234924316406
2019-12-30,317.1549072265625
2019-12-31,317.4079895019531
2020-01-02,323.2119140625
2020-01-03,319.4146423339844
2020-01-06,316.44219970703125
2020-01-07,316.7703857421875
2020-01-08,320.11785888671875
2020-01-09,321.76800537109375
2020-01-10,320.0240783691406
2020-01-13,322.95880126953125
2020-01-14,319.0581970214844
2020-01-15,318.1112365722656
2020-01-16,319.8646240234375
2020-01-17,318.93634033203125
2020-01-21,313.5918884277344
2020-01-22,310.4227294921875
2020-01-23,311.8009948730469
2020-01-24,308.4817810058594
2020-01-27,302.03082275390625
2020-01-28,303.27789306640625
2020-01-29,307.0659484863281
2020-01-30,293.0576477050781
2020-01-31,283.7938537597656
2020-02-03,284.3188781738281
2020-02-04,288.9226989746094
2020-02-05,295.4111022949219
2020-02-06,290.6480712890625
2020-02-07,282.32061767578125
2020-02-10,280.8793029785156
2020-02-11,283.422607421875
2020-02-12,292.92755126953125
2020-02-13,287.6523742675781
2020-02-14,289.8095397949219
2020-02-18,290.3087463378906
2020-02-19,289.3290710449219
2020-02-20,292.2965087890625
2020-02-21,285.7306823730469
2020-02-24,278.872802734375
2020-02-25,268.275146484375
2020-02-26,268.33172607421875
2020-02-27,263.565185546875
2020-02-28,261.44561767578125
2020-03-02,272.12799072265625
2020-03-03,269.28314208984375
2020-03-04,277.582275390625
2020-03-05,273.5033264160156
2020-03-06,268.12451171875
2020-03-09,240.9945526123047
2020-03-10,263.40496826171875
2020-03-11,258.68548583984375
2020-03-12,231.91355895996094
2020-03-13,250.59368896484375
2020-03-16,216.21969604492188
2020-03-17,232.1396484375
2020-03-18,222.2108612060547
2020-03-19,221.35362243652344
2020-03-20,201.3830108642578
2020-03-23,197.34178161621094
2020-03-24,224.84852600097656
2020-03-25,223.5296630859375
2020-03-26,234.57949829101562
2020-03-27,232.81787109375
2020-03-30,240.34458923339844
2020-03-31,234.08961486816406
2020-04-01,222.80435180664062
2020-04-02,225.79051208496094
2020-04-03,224.9144287109375
2020-04-06,236.61419677734375
2020-04-07,242.97274780273438
2020-04-08,254.71961975097656
2020-04-09,263.64044189453125
2020-04-13,258.4499816894531
2020-04-14,270.95050048828125
2020-04-15,263.2259826660156
2020-04-16,263.6875915527344
2020-04-17,263.97021484375
2020-04-20,258.5912780761719
2020-04-21,254.42758178710938
2020-04-22,260.11737060546875
2020-04-23,243.44375610351562
2020-04-24,253.9754638671875
2020-04-27,261.0499267578125
2020-04-28,269.4338073730469
2020-04-29,264.3658752441406
2020-04-30,259.5992431640625
2020-05-01,252.1385040283203
2020-05-04,256.33990478515625
2020-05-05,263.018798828125
2020-05-06,264.23394775390625
2020-05-07,264.8085632324219
2020-05-08,270.2815246582031
2020-05-11,271.3608703613281
2020-05-12,262.479248046875
2020-05-13,258.5592956542969
2020-05-14,262.29937744140625
2020-05-15,263.9753723144531
2020-05-18,275.4607238769531
2020-05-19,271.2851257324219
2020-05-20,280.3370666503906
2020-05-21,279.7405700683594
2020-05-22,277.3450622558594
2020-05-26,289.51220703125
2020-05-27,297.6361999511719
2020-05-28,292.77886962890625
2020-05-29,293.1670837402344
2020-06-01,289.6826171875
2020-06-02,298.2517395019531
2020-06-03,301.10174560546875
2020-06-04,299.5205383300781
2020-06-05,305.675048828125
2020-06-08,310.93023681640625
2020-06-09,308.99859619140625
2020-06-10,303.8192138671875
2020-06-11,289.6826171875
2020-06-12,287.6089172363281
2020-06-15,286.7189025878906
2020-06-16,294.1518249511719
2020-06-17,293.782470703125
2020-06-18,288.290771484375
2020-06-19,286.9083251953125
2020-06-22,287.0787658691406
2020-06-23,285.4596862792969
2020-06-24,279.1251525878906
2020-06-25,280.2234802246094
2020-06-26,277.5439147949219
2020-06-29,287.3438720703125
2020-06-30,297.4658203125
2020-07-01,291.59515380859375
2020-07-02,300.6378479003906
2020-07-06,305.06903076171875
2020-07-07,303.80029296875
2020-07-08,292.3622741699219
2020-07-09,292.57049560546875
2020-07-10,294.49261474609375
2020-07-13,302.5503845214844
2020-07-14,310.18212890625
2020-07-15,315.8917236328125
2020-07-16,315.6076965332031
2020-07-17,312.71978759765625
2020-07-20,313.1553039550781
2020-07-21,319.3951416015625
2020-07-22,320.9385681152344
2020-07-23,320.6639099121094
2020-07-24,323.24884033203125
2020-07-27,321.7337951660156
2020-07-28,315.920166015625
2020-07-29,322.6523132324219
2020-07-30,321.7337951660156
2020-07-31,323.38140869140625
2020-08-03,323.78857421875
2020-08-04,320.53131103515625
2020-08-05,326.1083679199219
2020-08-06,328.1725769042969
2020-08-07,332.2810974121094
2020-08-10,334.8394775390625
2020-08-11,335.64788818359375
2020-08-12,338.3964538574219
2020-08-13,334.8394775390625
2020-08-14,334.1832275390625
2020-08-17,334.677734375
2020-08-18,335.961669921875
2020-08-19,333.66009521484375
2020-08-20,336.9127502441406
2020-08-21,335.3529357910156
2020-08-24,332.0718078613281
2020-08-25,337.32171630859375
2020-08-26,343.7984313964844
2020-08-27,344.7304382324219
2020-08-28,348.0686950683594
2020-08-31,347.5456237792969
2020-09-01,349.43817138671875
2020-09-02,352.3674011230469
2020-09-03,342.4954528808594
2020-09-04,340.5552978515625
2020-09-08,333.02288818359375
2020-09-09,343.59869384765625
2020-09-10,334.1261291503906
2020-09-11,337.79718017578125
2020-09-14,336.9983825683594
2020-09-15,337.29315185546875
2020-09-16,339.2523498535156
2020-09-17,338.03497314453125
2020-09-18,333.9073791503906
2020-09-21,324.8532409667969
2020-09-22,326.860107421875
2020-09-23,322.4947204589844
2020-09-24,325.7187805175781
2020-09-25,330.3979797363281
2020-09-28,336.36114501953125
2020-09-29,334.8489074707031
2020-09-30,339.3094482421875
2020-10-01,340.5077209472656
2020-10-02,341.8011474609375
2020-10-05,352.9950866699219
2020-10-06,349.7139892578125
2020-10-07,357.97869873046875
2020-10-08,367.099365234375
2020-10-09,366.55718994140625
2020-10-12,369.63873291015625
2020-10-13,365.3589172363281
2020-10-14,367.3371887207031
2020-10-15,366.7759704589844
2020-10-16,364.769287109375
2020-10-19,356.39996337890625
2020-10-20,357.44610595703125
2020-10-21,355.1635437011719
2020-10-22,344.3025207519531
2020-10-23,343.36090087890625
2020-10-26,343.59869384765625
2020-10-27,340.13690185546875
2020-10-28,335.29583740234375
2020-10-29,332.97528076171875
2020-10-30,332.8897705078125
2020-11-02,345.45330810546875
2020-11-03,353.0521545410156
2020-11-04,356.3714904785156
2020-11-05,360.29925537109375
2020-11-06,373.0187683105469
2020-11-09,370.71746826171875
2020-11-10,386.24432373046875
2020-11-11,385.20355224609375
2020-11-12,380.21881103515625
2020-11-13,385.1270446777344
2020-11-16,395.8412170410156
2020-11-17,391.9547424316406
2020-11-18,396.2995910644531
2020-11-19,403.7957458496094
2020-11-20,390.84698486328125
2020-11-23,396.14678955078125
2020-11-24,401.58984375
2020-11-25,395.88897705078125
2020-11-27,395.88897705078125
2020-11-30,399.4412536621094
2020-12-01,394.5140075683594
2020-12-02,388.956298828125
2020-12-03,384.5254821777344
2020-12-04,386.521240234375
2020-12-07,386.74090576171875
2020-12-08,388.3355407714844
2020-12-09,392.6805114746094
2020-12-10,384.1816711425781
2020-12-11,385.3371887207031
2020-12-14,382.4055480957031
2020-12-15,387.3138427734375
2020-12-16,388.0586853027344
2020-12-17,391.5537109375
2020-12-18,391.9547424316406
2020-12-21,393.2152404785156
2020-12-22,391.8305358886719
2020-12-23,392.145751953125
2020-12-24,396.8344421386719
2020-12-28,395.62158203125
2020-12-29,388.91815185546875
2020-12-30,388.4884033203125
2020-12-31,389.9303283691406
2021-01-04,375.969482421875
2021-01-05,377.0580139160156
2021-01-06,379.26397705078125
2021-01-07,381.9758605957031
2021-01-08,378.7960205078125
2021-01-11,374.0500183105469
2021-01-12,383.55145263671875
2021-01-13,370.9752197265625
2021-01-14,366.1147155761719
2021-01-15,371.1376647949219
2021-01-19,376.7046813964844
2021-01-20,375.24371337890625
2021-01-21,373.5152587890625
2021-01-22,375.74981689453125
2021-01-25,370.4500732421875
2021-01-26,359.707275390625
2021-01-27,353.75811767578125
2021-01-28,355.1427001953125
2021-01-29,347.9617919921875
2021-02-01,353.6244201660156
2021-02-02,356.2886047363281
2021-02-03,349.6042785644531
2021-02-04,355.2286682128906
2021-02-05,352.76446533203125
2021-02-08,363.22552490234375
2021-02-09,359.27508544921875
2021-02-10,360.7708740234375
2021-02-11,358.75726318359375
2021-02-12,356.7724609375
2021-02-16,354.4424133300781
2021-02-17,356.86834716796875
2021-02-18,360.3298034667969
2021-02-19,363.791259765625
2021-02-22,361.8160705566406
2021-02-23,363.9638977050781
2021-02-24,369.7074890136719
2021-02-25,364.3282775878906
2021-02-26,357.37652587890625
2021-03-01,371.8649597167969
2021-03-02,369.79376220703125
2021-03-03,371.8168640136719
2021-03-04,363.35980224609375
2021-03-05,382.6904296875
2021-03-08,382.0863952636719
2021-03-09,372.4690246582031
2021-03-10,379.6220397949219
2021-03-11,370.7622375488281
2021-03-12,378.7591247558594
2021-03-15,383.2945251464844
2021-03-16,373.4373779296875
2021-03-17,383.5917663574219
2021-03-18,387.964111328125
2021-03-19,384.0615539550781
2021-03-22,383.2657470703125
2021-03-23,378.087890625
2021-03-24,379.12353515625
2021-03-25,381.23297119140625
2021-03-26,382.9397277832031
2021-03-29,383.7068176269531
2021-03-30,382.2685546875
2021-03-31,384.435546875
2021-04-01,389.6325378417969
2021-04-05,390.87908935546875
2021-04-06,391.6269836425781
2021-04-07,382.3356018066406
2021-04-08,381.5397644042969
2021-04-09,385.0971374511719
2021-04-12,389.2681579589844
2021-04-13,383.6876220703125
2021-04-14,383.98486328125
2021-04-15,387.8106689453125
2021-04-16,390.1407470703125
2021-04-19,392.15435791015625
2021-04-20,396.68017578125
2021-04-21,406.5948791503906
2021-04-22,401.8772277832031
2021-04-23,406.134521484375
2021-04-26,402.51959228515625
2021-04-27,405.9043884277344
2021-04-28,404.84967041015625
2021-04-29,412.2136535644531
2021-04-30,415.70391845703125
2021-05-03,425.6186218261719
2021-05-04,437.5659484863281
2021-05-05,441.6123352050781
2021-05-06,440.11651611328125
2021-05-07,448.0647277832031
2021-05-10,456.3209228515625
2021-05-11,445.2357482910156
2021-05-12,437.05657958984375
2021-05-13,447.5450744628906
2021-05-14,449.4311828613281
2021-05-17,449.4407653808594
2021-05-18,437.60504150390625
2021-05-19,438.99066162109375
2021-05-20,437.5761413574219
2021-05-21,439.20233154296875
2021-05-24,442.6472473144531
2021-05-25,443.4266662597656
2021-05-26,443.2535095214844
2021-05-27,441.79083251953125
2021-05-28,444.716064453125
2021-06-01,445.197265625
2021-06-02,444.2157897949219
2021-06-03,445.9670715332031
2021-06-04,447.1120910644531
2021-06-07,442.45477294921875
2021-06-08,445.0240173339844
2021-06-09,441.2423400878906
2021-06-10,442.20458984375
2021-06-11,441.8678283691406
2021-06-14,437.6338195800781
2021-06-15,441.4059143066406
2021-06-16,431.99505615234375
2021-06-17,424.3258972167969
2021-06-18,420.05352783203125
2021-06-21,428.2903747558594
2021-06-22,425.86553955078125
2021-06-23,427.6552734375
2021-06-24,424.9417419433594
2021-06-25,426.2215576171875
2021-06-28,427.0106201171875
2021-06-29,431.388916015625
2021-06-30,421.4679870605469
2021-07-01,428.0498352050781
2021-07-02,429.8492126464844
2021-07-06,430.4843444824219
2021-07-07,441.6753234863281
2021-07-08,432.7264099121094
2021-07-09,439.5872802734375
2021-07-12,440.4244384765625
2021-07-13,437.99957275390625
2021-07-14,439.9337158203125
2021-07-15,440.4340515136719
2021-07-16,436.084716796875
2021-07-19,432.5532531738281
2021-07-20,442.18536376953125
2021-07-21,440.4533386230469
2021-07-22,437.27789306640625
2021-07-23,441.3481750488281
2021-07-26,439.4814453125
2021-07-27,438.96185302734375
2021-07-28,436.9410400390625
2021-07-29,443.8211975097656
2021-07-30,427.799560546875
2021-08-02,423.5465087890625
2021-08-03,429.1180114746094
2021-08-04,422.7670593261719
2021-08-05,422.68048095703125
2021-08-06,423.69451904296875
2021-08-09,422.7673645019531
2021-08-10,427.60614013671875
2021-08-11,430.16552734375
2021-08-12,423.0957336425781
2021-08-13,423.69451904296875
2021-08-16,425.0370178222656
2021-08-17,421.03857421875
2021-08-18,413.7176208496094
2021-08-19,414.9732360839844
2021-08-20,416.2577209472656
2021-08-23,417.57135009765625
2021-08-24,416.2577209472656
2021-08-25,420.9226379394531
2021-08-26,414.15228271484375
2021-08-27,417.3587951660156
2021-08-30,419.744384765625
2021-08-31,418.8750915527344
2021-09-01,414.5578918457031
2021-09-02,420.51702880859375
2021-09-03,414.9635314941406
2021-09-07,407.04388427734375
2021-09-08,403.85662841796875
2021-09-09,402.30169677734375
2021-09-10,401.0364990234375
2021-09-13,399.114501953125
2021-09-14,395.8693542480469
2021-09-15,398.03277587890625
2021-09-16,395.077392578125
2021-09-17,388.7223815917969
2021-09-20,390.36419677734375
2021-09-21,387.5536804199219
2021-09-22,388.4325256347656
2021-09-23,389.6011962890625
2021-09-24,391.494140625
2021-09-27,394.2660827636719
2021-09-28,388.9637145996094
2021-09-29,388.00762939453125
2021-09-30,379.6242980957031
2021-10-01,384.6368713378906
2021-10-04,383.6517639160156
2021-10-05,388.4808044433594
2021-10-06,395.3091125488281
2021-10-07,402.011962890625
2021-10-08,402.9777526855469
2021-10-11,399.7326354980469
2021-10-12,406.7348327636719
2021-10-13,407.1790771484375
2021-10-14,412.78082275390625
2021-10-15,414.3841247558594
2021-10-18,416.141845703125
2021-10-19,421.4056396484375
2021-10-20,422.19757080078125
2021-10-21,422.83502197265625
2021-10-22,422.10101318359375
2021-10-25,420.9322814941406
2021-10-26,415.91973876953125
2021-10-27,410.0185546875
2021-10-28,416.03564453125
2021-10-29,447.2798156738281
2021-11-01,451.9254455566406
2021-11-02,454.8325500488281
2021-11-03,458.22259521484375
2021-11-04,463.4283447265625
2021-11-05,458.3114929199219
2021-11-08,460.25933837890625
2021-11-09,467.2271423339844
2021-11-10,466.14178466796875
2021-11-11,469.63043212890625
2021-11-12,474.6890869140625
2021-11-15,469.4463806152344
2021-11-16,474.7763671875
2021-11-17,471.5395812988281
2021-11-18,467.36279296875
2021-11-19,467.70196533203125
2021-11-22,477.51885986328125
2021-11-23,482.60662841796875
2021-11-24,483.0329284667969
2021-11-26,474.4080505371094
2021-11-29,480.2613830566406
2021-11-30,466.52935791015625
2021-12-01,462.5076599121094
2021-12-02,472.9253845214844
2021-12-03,476.2493591308594
2021-12-06,484.496337890625
2021-12-07,492.02618408203125
2021-12-08,490.068603515625
2021-12-09,487.9849853515625
2021-12-10,497.7922058105469
2021-12-13,491.18304443359375
2021-12-14,492.06488037109375
2021-12-15,498.0634765625
2021-12-16,492.61724853515625
2021-12-17,477.6545715332031
2021-12-20,474.20452880859375
2021-12-21,481.4339904785156
2021-12-22,483.7404479980469
2021-12-23,487.461669921875
2021-12-27,500.1955871582031
2021-12-28,504.7696533203125
2021-12-29,509.1499938964844
2021-12-30,500.6897888183594
2021-12-31,502.2209777832031
2022-01-03,494.429443359375
2022-01-04,504.3819274902344
2022-01-05,492.63665771484375
2022-01-06,494.3616027832031
2022-01-07,490.0103759765625
2022-01-10,484.64166259765625
2022-01-11,490.3399658203125
2022-01-12,493.6929626464844
2022-01-13,492.4622802734375
2022-01-14,488.9637756347656
2022-01-18,491.1636047363281
2022-01-19,481.9378356933594
2022-01-20,475.7842102050781
2022-01-21,477.71270751953125
2022-01-24,478.7786560058594
2022-01-25,471.2295227050781
2022-01-26,466.1513977050781
2022-01-27,466.694091796875
2022-01-28,479.69927978515625
2022-01-31,479.8058776855469
2022-02-01,479.67987060546875
2022-02-02,485.6495361328125
2022-02-03,491.8904724121094
2022-02-04,472.6055603027344
2022-02-07,463.5348815917969
2022-02-08,467.40155029296875
2022-02-09,474.107666015625
2022-02-10,458.88323974609375
2022-02-11,454.7894287109375
2022-02-14,453.5252685546875
2022-02-15,456.68560791015625
2022-02-16,461.7032470703125
2022-02-17,458.3678894042969
2022-02-18,460.8572998046875
2022-02-22,459.165283203125
2022-02-23,449.6356201171875
2022-02-24,453.4183044433594
2022-02-25,463.56060791015625
2022-02-28,463.90093994140625
2022-03-01,453.5057678222656
2022-03-02,467.57666015625
2022-03-03,468.02398681640625
2022-03-04,474.5489196777344
2022-03-07,477.42724609375
2022-03-08,476.561767578125
2022-03-09,473.9654235839844
2022-03-10,471.3787841796875
2022-03-11,459.23333740234375
2022-03-14,470.0660095214844
2022-03-15,484.02020263671875
2022-03-16,477.6314697265625
2022-03-17,484.35089111328125
2022-03-18,488.10443115234375
2022-03-21,492.29547119140625
2022-03-22,488.8531494140625
2022-03-23,490.8951721191406
2022-03-24,487.4139709472656
2022-03-25,492.38299560546875
2022-03-28,498.9468078613281
2022-03-29,504.55767822265625
2022-03-30,506.27880859375
2022-03-31,501.5626220703125
2022-04-01,503.27410888671875
2022-04-04,505.0049743652344
2022-04-05,504.5382385253906
2022-04-06,511.6076965332031
2022-04-07,507.03729248046875
2022-04-08,504.2464599609375
2022-04-11,504.3534240722656
2022-04-12,509.0599365234375
2022-04-13,512.5702514648438
2022-04-14,477.8745422363281
2022-04-18,477.0479736328125
2022-04-19,493.7249450683594
2022-04-20,497.177001953125
2022-04-21,497.86749267578125
2022-04-22,485.56634521484375
2022-04-25,478.6136474609375
2022-04-26,478.5552673339844
2022-04-27,482.0365295410156
2022-04-28,500.72637939453125
2022-04-29,486.2373352050781
2022-05-02,477.2813720703125
2022-05-03,470.6397705078125
2022-05-04,491.1188659667969
2022-05-05,469.813232421875
2022-05-06,466.39764404296875
2022-05-09,465.32415771484375
2022-05-10,458.0147399902344
2022-05-11,448.1094055175781
2022-05-12,457.9268798828125
2022-05-13,465.8218688964844
2022-05-16,462.5330810546875
2022-05-17,470.5646667480469
2022-05-18,454.5502624511719
2022-05-19,455.70184326171875
2022-05-20,453.34027099609375
2022-05-23,455.8385009765625
2022-05-24,460.6301574707031
2022-05-25,457.9464111328125
2022-05-26,465.91943359375
2022-05-27,478.56695556640625
2022-05-31,475.3270263671875
2022-06-01,482.47052001953125
2022-06-02,486.6571350097656
2022-06-03,484.31494140625
2022-06-06,486.7059020996094
2022-06-07,494.9424133300781
2022-06-08,486.4814453125
2022-06-09,482.49981689453125
2022-06-10,476.956787109375
2022-06-13,466.6611328125
2022-06-14,458.5709228515625
2022-06-15,461.65478515625
2022-06-16,444.70361328125
2022-06-17,431.4314270019531
2022-06-21,438.9945983886719
2022-06-22,438.7212829589844
2022-06-23,435.3252868652344
2022-06-24,449.8367614746094
2022-06-27,452.9595947265625
2022-06-28,439.7850341796875
2022-06-29,443.0054931640625
2022-06-30,443.4739685058594
2022-07-01,450.1880187988281
2022-07-05,444.1961364746094
2022-07-06,458.7856750488281
2022-07-07,462.3965148925781
2022-07-08,463.6748962402344
2022-07-11,466.1925964355469
2022-07-12,462.738037109375
2022-07-13,443.3959045410156
2022-07-14,445.34765625
2022-07-15,446.37237548828125
2022-07-18,442.3321533203125
2022-07-19,454.6966552734375
2022-07-20,460.0836181640625
2022-07-21,461.9085693359375
2022-07-22,462.4550476074219
2022-07-25,470.4963684082031
2022-07-26,468.00787353515625
2022-07-27,475.85400390625
2022-07-28,489.7799987792969
2022-07-29,530.4258422851562
2022-08-01,536.3494262695312
2022-08-02,527.2247924804688
2022-08-03,529.9281005859375
2022-08-04,530.2404174804688
2022-08-05,544.3378295898438
2022-08-08,550.47607421875
2022-08-09,546.2467651367188
2022-08-10,553.0997314453125
2022-08-11,554.4605102539062
2022-08-12,567.696533203125
2022-08-15,570.5552368164062
2022-08-16,571.9158935546875
2022-08-17,571.4166259765625
2022-08-18,573.26708984375
2022-08-19,571.641845703125
2022-08-22,560.422607421875
2022-08-23,564.6224975585938
2022-08-24,566.8741455078125
2022-08-25,571.0250854492188
2022-08-26,554.343017578125
2022-08-29,553.5697021484375
2022-08-30,544.7000732421875
2022-08-31,543.2804565429688
2022-09-01,545.34619140625
2022-09-02,543.6427612304688
2022-09-06,549.6048583984375
2022-09-07,561.7246704101562
2022-09-08,558.7974853515625
2022-09-09,560.70654296875
2022-09-12,556.1640014648438
2022-09-13,545.444091796875
2022-09-14,536.7212524414062
2022-09-15,521.6351928710938
2022-09-16,515.1051635742188
2022-09-19,523.8572998046875
2022-09-20,519.8436279296875
2022-09-21,505.8929138183594
2022-09-22,493.6457214355469
2022-09-23,484.45306396484375
2022-09-26,479.05877685546875
2022-09-27,476.8658142089844
2022-09-28,483.4544677734375
2022-09-29,476.67010498046875
2022-09-30,478.9119567871094
2022-10-03,496.17156982421875
2022-10-04,510.27880859375
2022-10-05,507.8607177734375
2022-10-06,498.88330078125
2022-10-07,490.3954772949219
2022-10-10,493.52825927734375
2022-10-11,503.2887878417969
2022-10-12,495.6037292480469
2022-10-13,507.4984436035156
2022-10-14,490.6402587890625
2022-10-17,506.36285400390625
2022-10-18,520.4505004882812
2022-10-19,510.1808776855469
2022-10-20,498.49176025390625
2022-10-21,508.7613525390625
2022-10-24,514.0773315429688
2022-10-25,519.6475830078125
2022-10-26,519.9708251953125
2022-10-27,526.3733520507812
2022-10-28,563.7806396484375
2022-10-31,572.0725708007812
2022-11-01,580.2471923828125
2022-11-02,571.7103881835938
2022-11-03,581.9114990234375
2022-11-04,581.1675415039062
2022-11-07,582.841552734375
2022-11-08,588.0398559570312
2022-11-09,578.5926513671875
2022-11-10,597.3361206054688
2022-11-11,575.873046875
2022-11-14,574.3804931640625
2022-11-15,571.2484130859375
2022-11-16,578.1998901367188
2022-11-17,583.1680908203125
2022-11-18,586.1921997070312
2022-11-21,589.7169799804688
2022-11-22,594.4788818359375
2022-11-23,593.3497924804688
2022-11-25,593.2810668945312
2022-11-28,583.7669677734375
2022-11-29,580.2618408203125
2022-11-30,592.1127319335938
2022-12-01,592.2305297851562
2022-12-02,591.150634765625
2022-12-05,575.8042602539062
2022-12-06,569.8051147460938
2022-12-07,575.7649536132812
2022-12-08,582.4808349609375
2022-12-09,577.385009765625
2022-12-12,582.68701171875
2022-12-13,574.3118896484375
2022-12-14,565.5635375976562
2022-12-15,551.3366088867188
2022-12-16,548.5089111328125
2022-12-19,551.0814208984375
2022-12-20,552.5245971679688
2022-12-21,557.11962890625
2022-12-22,551.179443359375
2022-12-23,554.841796875
2022-12-27,555.067626953125
2022-12-28,546.9476318359375
2022-12-29,552.01416015625
2022-12-30,546.1524658203125
2023-01-03,545.8381958007812
2023-01-04,543.9727783203125
2023-01-05,527.7723388671875
2023-01-06,542.6963500976562
2023-01-09,547.50732421875
2023-01-10,553.6832275390625
2023-01-11,571.7100219726562
2023-01-12,562.1467895507812
2023-01-13,563.4427490234375
2023-01-17,561.2924194335938
2023-01-18,560.3107299804688
2023-01-19,537.7870483398438
2023-01-20,550.0700073242188
2023-01-23,551.5230712890625
2023-01-24,560.4678344726562
2023-01-25,549.68701171875
2023-01-26,554.6748046875
2023-01-27,561.4103393554688
2023-01-30,564.876220703125
2023-01-31,578.7792358398438
2023-02-01,587.1936645507812
2023-02-02,663.306396484375
2023-02-03,663.5420532226562
2023-02-06,662.0398559570312
2023-02-07,665.96728515625
2023-02-08,651.7206420898438
2023-02-09,649.1089477539062
2023-02-10,646.2540893554688
2023-02-13,658.1458129882812
2023-02-14,656.1473388671875
2023-02-15,662.1818237304688
2023-02-16,659.64208984375
2023-02-17,666.788818359375
2023-02-21,645.9588012695312
2023-02-22,647.4453125
2023-02-23,647.6815795898438
2023-02-24,653.7454223632812
2023-02-27,664.4951782226562
2023-02-28,658.0079956054688
2023-03-01,660.5477905273438
2023-03-02,673.8274536132812
2023-03-03,686.71337890625
2023-03-06,688.7411499023438
2023-03-07,683.8387451171875
2023-03-08,689.4794921875
2023-03-09,682.2047119140625
2023-03-10,667.3106079101562
2023-03-13,664.3377075195312
2023-03-14,675.4320068359375
2023-03-15,657.3286743164062
2023-03-16,670.7067260742188
2023-03-17,653.1548461914062
2023-03-20,663.3828735351562
2023-03-21,670.2048950195312
2023-03-22,658.1851196289062
2023-03-23,655.0054931640625
2023-03-24,653.2532348632812
2023-03-27,661.1875
2023-03-28,665.3024291992188
2023-03-29,664.5149536132812
2023-03-30,658.8348388671875
2023-03-31,678.0703125
2023-04-03,672.5181884765625
2023-04-04,646.4411010742188
2023-04-05,636.173828125
2023-04-06,631.6552734375
2023-04-10,641.3026123046875
2023-04-11,638.290283203125
2023-04-12,645.1614990234375
2023-04-13,636.6069946289062
2023-04-14,640.9580078125
2023-04-17,650.5166015625
2023-04-18,655.9506225585938
2023-04-19,655.0547485351562
2023-04-20,656.7676391601562
2023-04-21,659.6617431640625
2023-04-24,664.7905883789062
2023-04-25,661.35498046875
2023-04-26,649.5322265625
2023-04-27,685.5025634765625
2023-04-28,684.7247924804688
2023-05-01,685.1087646484375
2023-05-02,678.0703125
2023-05-03,672.9512939453125
2023-05-04,657.092529296875
2023-05-05,666.8358154296875
2023-05-08,669.5109252929688
2023-05-09,675.7201538085938
2023-05-10,672.7092895507812
2023-05-11,675.5819702148438
2023-05-12,675.8287963867188
2023-05-15,661.781494140625
2023-05-16,655.730224609375
2023-05-17,662.6502685546875
2023-05-18,670.567138671875
2023-05-19,673.0252685546875
2023-05-22,662.6797485351562
2023-05-23,651.1694946289062
2023-05-24,648.1488647460938
2023-05-25,651.1398315429688
2023-05-26,655.7005615234375
2023-05-30,645.6612548828125
2023-05-31,640.6858520507812
2023-06-01,646.8950805664062
2023-06-02,669.0667114257812
2023-06-05,666.9837036132812
2023-06-06,677.0034790039062
2023-06-07,688.8790893554688
2023-06-08,695.92724609375
2023-06-09,697.4080200195312
2023-06-12,713.0545043945312
2023-06-13,727.516357421875
2023-06-14,717.733642578125
2023-06-15,734.3377075195312
2023-06-16,723.0248413085938
2023-06-20,721.2973022460938
2023-06-21,732.570556640625
2023-06-22,726.4799194335938
2023-06-23,728.4246215820312
2023-06-26,738.4837646484375
2023-06-27,760.6060180664062
2023-06-28,763.0640258789062
2023-06-29,772.25439453125
2023-06-30,778.4636840820312
2023-07-03,772.5111083984375
2023-07-05,772.639404296875
2023-07-06,768.8882446289062
2023-07-07,766.2130126953125
2023-07-10,786.5089721679688
2023-07-11,785.4823608398438
2023-07-12,767.3185424804688
2023-07-13,751.7905883789062
2023-07-14,753.5477905273438
2023-07-17,754.189453125
2023-07-18,750.4480590820312
2023-07-19,756.213134765625
2023-07-20,757.2989501953125
2023-07-21,759.125244140625
2023-07-24,759.3818969726562
2023-07-25,756.765869140625
2023-07-26,752.3335571289062
2023-07-27,715.364501953125
2023-07-28,721.9783935546875
2023-07-31,729.0069580078125
2023-08-01,716.0061645507812
2023-08-02,712.4819946289062
2023-08-03,713.5974731445312
2023-08-04,699.175048828125
2023-08-07,708.0396728515625
2023-08-08,704.318115234375
2023-08-09,705.5323486328125
2023-08-10,703.1336059570312
2023-08-11,706.023681640625
2023-08-14,708.339599609375
2023-08-15,705.5684204101562
2023-08-16,702.0349731445312
2023-08-17,696.1360473632812
2023-08-18,696.3340454101562
2023-08-21,695.8489990234375
2023-08-22,691.7020874023438
2023-08-23,699.8773803710938
2023-08-24,701.1639404296875
2023-08-25,707.2310791015625
2023-08-28,702.9356689453125
2023-08-29,710.4378662109375
2023-08-30,717.8707885742188
2023-08-31,706.8154296875
2023-09-01,703.4898681640625
2023-09-05,685.9021606445312
2023-09-06,686.4266357421875
2023-09-07,684.6946411132812
2023-09-08,682.853759765625
2023-09-11,684.8925170898438
2023-09-12,679.4885864257812
2023-09-13,677.9248046875
2023-09-14,689.1187744140625
2023-09-15,686.0110473632812
2023-09-18,686.6939697265625
2023-09-19,683.97216796875
2023-09-20,677.96435546875
2023-09-21,675.4603881835938
2023-09-22,674.4904174804688
2023-09-25,682.8141479492188
2023-09-26,678.4989013671875
2023-09-27,692.9292602539062
2023-09-28,691.6821899414062
2023-09-29,684.7442016601562
2023-10-02,687.4955444335938
2023-10-03,679.9834594726562
2023-10-04,691.6624755859375
2023-10-05,695.3442993164062
2023-10-06,708.9730224609375
2023-10-09,718.4647216796875
2023-10-10,703.5888671875
2023-10-11,706.9638671875
2023-10-12,727.8375854492188
2023-10-13,723.9578247070312
2023-10-16,724.2745971679688
2023-10-17,730.5889892578125
2023-10-18,704.5587158203125
2023-10-19,695.6213989257812
2023-10-20,684.397705078125
2023-10-23,679.28076171875
2023-10-24,679.666748046875
2023-10-25,670.4620971679688
2023-10-26,692.4937744140625
2023-10-27,699.5111083984375
2023-10-30,718.6132202148438
2023-10-31,722.3445434570312
2023-11-01,734.4885864257812
2023-11-02,748.5330200195312
2023-11-03,759.855712890625
2023-11-06,759.2719116210938
2023-11-07,765.00244140625
2023-11-08,773.0093994140625
2023-11-09,773.712158203125
2023-11-10,785.9944458007812
2023-11-13,783.4248657226562
2023-11-14,795.121826171875
2023-11-15,788.5242919921875
2023-11-16,788.7723388671875
2023-11-17,795.8658447265625
2023-11-20,802.384033203125
2023-11-21,800.3998413085938
2023-11-22,802.5923461914062
2023-11-24,805.8860473632812
2023-11-27,803.96142578125
2023-11-28,769.01953125
2023-11-29,769.5652465820312
2023-11-30,779.9822998046875
2023-12-01,797.2349853515625
2023-12-04,795.0722045898438
2023-12-05,792.2645263671875
2023-12-06,796.1932983398438
2023-12-07,801.02490234375
2023-12-08,797.701171875
2023-12-11,810.9855346679688
2023-12-12,814.5869750976562
2023-12-13,812.3447265625
2023-12-14,822.2657470703125
2023-12-15,817.037353515625
2023-12-18,826.5814208984375
2023-12-19,823.6348876953125
2023-12-20,809.56689453125
2023-12-21,817.533447265625
2023-12-22,821.3133544921875
2023-12-26,821.8887939453125
2023-12-27,824.736083984375
2023-12-28,820.5692138671875
2023-12-29,822.1466674804688
2024-01-02,806.8186645507812
2024-01-03,802.5626220703125
2024-01-04,809.5370483398438
2024-01-05,812.2454833984375
2024-01-08,815.7377319335938
2024-01-09,817.4838256835938
2024-01-10,824.269775390625
2024-01-11,830.4605712890625
2024-01-12,835.470703125
2024-01-16,833.9130859375
2024-01-17,832.4546508789062
2024-01-18,865.3131713867188
2024-01-19,857.1779174804688
2024-01-22,869.7378540039062
2024-01-23,868.7260131835938
2024-01-24,864.3607177734375
2024-01-25,874.4901123046875
2024-01-26,876.2659912109375
2024-01-29,889.0839233398438
2024-01-30,907.5569458007812
2024-01-31,888.568115234375
2024-02-01,915.3549194335938
2024-02-02,964.86083984375
2024-02-05,938.17333984375
2024-02-06,932.9151611328125
2024-02-07,937.5383911132812
2024-02-08,942.4293212890625
2024-02-09,953.3043212890625
2024-02-12,941.5745239257812
2024-02-13,929.8446655273438
2024-02-14,938.78125
2024-02-15,938.075439453125
2024-02-16,930.232421875
2024-02-20,929.5862426757812
2024-02-21,935.4412231445312
2024-02-22,952.4791870117188
2024-02-23,953.2247924804688
2024-02-26,957.8967895507812
2024-02-27,963.7716064453125
2024-02-28,968.9010009765625
2024-02-29,967.6683349609375
2024-03-01,975.0640869140625
2024-03-04,981.72412109375
2024-03-05,979.8951416015625
2024-03-06,976.7539672851562
2024-03-07,983.1556396484375
2024-03-08,964.5469970703125
2024-03-11,958.254638671875
2024-03-12,966.6444702148438
2024-03-13,968.9407348632812
2024-03-14,985.7899169921875
2024-03-15,988.4539184570312
2024-03-18,988.5732421875
2024-03-19,995.7005004882812
2024-03-20,1010.1142578125
2024-03-21,1023.4246826171875
2024-03-22,1020.9891967773438
2024-03-25,1001.7443237304688
2024-03-26,999.388427734375
2024-03-27,1014.1004028320312
2024-03-28,1011.2474975585938
2024-04-01,1003.6331176757812
2024-04-02,994.5474853515625
2024-04-03,1000.7106323242188
2024-04-04,987.2610473632812
2024-04-05,1008.792236328125
2024-04-08,1008.6828002929688
2024-04-09,1001.7145385742188
2024-04-10,994.8953857421875
2024-04-11,960.5211181640625
2024-04-12,959.2288208007812
2024-04-15,949.7356567382812
2024-04-16,950.998046875
2024-04-17,944.2684326171875
2024-04-18,931.9620361328125
2024-04-19,937.0416870117188
2024-04-22,936.465087890625
2024-04-23,950.1034545898438
2024-04-24,952.618408203125
2024-04-25,942.2008056640625
2024-04-26,923.7312622070312
2024-04-29,928.9400634765625
2024-04-30,915.8683471679688
2024-05-01,914.8245849609375
2024-05-02,918.4032592773438
2024-05-03,926.3953857421875
2024-05-06,934.4471435546875
2024-05-07,940.2623901367188
2024-05-08,943.2743530273438
2024-05-09,950.52099609375
2024-05-10,955.023681640625
2024-05-13,945.6395874023438
2024-05-14,946.9246826171875
2024-05-15,954.4957275390625
2024-05-16,944.1951293945312
2024-05-17,942.0533447265625
2024-05-20,949.7638549804688
2024-05-21,953.1209716796875
2024-05-22,960.2337036132812
2024-05-23,951.0588989257812
2024-05-24,962.7142944335938
2024-05-28,935.538330078125
2024-05-29,907.09716796875
2024-05-30,904.0089721679688
2024-05-31,917.9456787109375
2024-06-03,885.171142578125
2024-06-04,883.7366333007812
2024-06-05,886.8746337890625
2024-06-06,875.677490234375
2024-06-07,888.8470458984375
2024-06-10,893.9375
2024-06-11,896.8563842773438
2024-06-12,911.4107055664062
2024-06-13,917.5571899414062
2024-06-14,903.3316040039062
2024-06-17,913.9509887695312
2024-06-18,920.964111328125
2024-06-20,911.7991943359375
2024-06-21,911.5700073242188
2024-06-24,912.0083618164062
2024-06-25,906.6090698242188
2024-06-26,905.323974609375
2024-06-27,900.293212890625
2024-06-28,898.7989501953125
2024-07-01,892.7720336914062
2024-07-02,914.4689331054688
2024-07-03,912.0183715820312
2024-07-05,909.069580078125
2024-07-08,913.851318359375
2024-07-09,905.1048583984375
2024-07-10,899.8350219726562
2024-07-11,900.6419067382812
2024-07-12,914.9570922851562
2024-07-15,939.184326171875
2024-07-16,984.3016357421875
2024-07-17,971.1021118164062
2024-07-18,953.708740234375
2024-07-19,942.2227172851562
2024-07-22,947.9806518554688
2024-07-23,947.671875
2024-07-24,929.0730590820312
2024-07-25,950.510986328125
2024-07-26,966.6392822265625
2024-07-29,963.1227416992188
2024-07-30,962.6743774414062
2024-07-31,973.0845336914062
2024-08-01,938.7659301757812
2024-08-02,949.1561889648438
2024-08-05,946.3668212890625
2024-08-06,949.026611328125
2024-08-07,947.562255859375
2024-08-08,968.531982421875
2024-08-09,975.5750122070312
2024-08-12,957.7657470703125
2024-08-13,959.4828491210938
2024-08-14,951.057373046875
2024-08-15,957.1868286132812
2024-08-16,964.7037963867188
2024-08-19,956.4879760742188
2024-08-20,960.7406616210938
2024-08-21,978.5598754882812
2024-08-22,975.4652099609375
2024-08-23,980.5364379882812
2024-08-26,971.911376953125
2024-08-27,965.6920776367188
2024-08-28,966.67041015625
2024-08-29,966.3709106445312
2024-08-30,983.2218017578125
2024-09-03,958.4046630859375
2024-09-04,950.6480712890625
2024-09-05,936.8618774414062
2024-09-06,946.2955932617188
2024-09-09,970.4638671875
2024-09-10,975.9942626953125
2024-09-11,986.9354248046875
2024-09-12,995.2111206054688
2024-09-13,992.1065063476562
2024-09-16,1006.4716796875
2024-09-17,1012.231689453125
2024-09-18,1011.43310546875
2024-09-19,1028.3238525390625
2024-09-20,1030.440185546875
2024-09-23,1040.283203125
2024-09-24,1038.91552734375
2024-09-25,1030.38037109375
2024-09-26,1042.130126953125
2024-09-27,1034.15380859375
2024-09-30,1037.0189208984375
2024-10-01,1038.1070556640625
2024-10-02,1036.340087890625
2024-10-03,1027.3756103515625
2024-10-04,1031.45849609375
2024-10-07,1021.0764770507812
2024-10-08,1026.78662109375
2024-10-09,1027.82470703125
2024-10-10,1023.3924560546875
2024-10-11,1083.169189453125
2024-10-14,1096.4761962890625
2024-10-15,1083.6982421875
2024-10-16,1111.0111083984375
2024-10-17,1117.539794921875
2024-10-18,1125.056884765625
2024-10-21,1118.42822265625
2024-10-22,1097.0352783203125
2024-10-23,1090.6463623046875
2024-10-24,1080.343994140625
2024-10-25,1089.0589599609375
2024-10-28,1102.226318359375
2024-10-29,1096.4561767578125
2024-10-30,1097.4444580078125
2024-10-31,1107.3175048828125
2024-11-01,1103.16455078125
2024-11-04,1093.7908935546875
2024-11-05,1120.08544921875
2024-11-06,1192.899658203125
2024-11-07,1186.9000244140625
2024-11-08,1202.3499755859375
2024-11-11,1220.9300537109375
2024-11-12,1208.3399658203125
2024-11-13,1202.010009765625
2024-11-14,1176.010009765625
2024-11-15,1178.3299560546875
2024-11-18,1172.1300048828125
2024-11-19,1172.0699462890625
2024-11-20,1178.449951171875
2024-11-21,1194.4100341796875
2024-11-22,1206.6500244140625
2024-11-25,1215.760009765625
2024-11-26,1217.300048828125
2024-11-27,1205.8699951171875
2024-11-29,1205.3399658203125
2024-12-02,1193.989990234375
2024-12-03,1193.1600341796875
2024-12-04,1192.5999755859375
2024-12-05,1188.6500244140625
2024-12-06,1185.1600341796875
2024-12-09,1162.050048828125
2024-12-10,1157.510009765625
2024-12-11,1155.5
2024-12-12,1149.010009765625
2024-12-13,1142.6199951171875
2024-12-16,1139.8800048828125
2024-12-17,1120.31005859375
