,HIG
2014-01-02,28.0300235748291
2014-01-03,28.132965087890625
2014-01-06,28.172544479370117
2014-01-07,28.077524185180664
2014-01-08,28.11712074279785
2014-01-09,28.330909729003906
2014-01-10,28.457603454589844
2014-01-13,27.531179428100586
2014-01-14,27.998348236083984
2014-01-15,28.52094268798828
2014-01-16,28.14879608154297
2014-01-17,27.919164657592773
2014-01-21,27.73705291748047
2014-01-22,27.618288040161133
2014-01-23,26.78688621520996
2014-01-24,25.94757080078125
2014-01-27,25.92382049560547
2014-01-28,26.533504486083984
2014-01-29,26.026756286621094
2014-01-30,26.723535537719727
2014-01-31,26.32763671875
2014-02-03,25.480396270751953
2014-02-04,25.987159729003906
2014-02-05,26.55725860595703
2014-02-06,26.88981819152832
2014-02-07,27.246137619018555
2014-02-10,27.103599548339844
2014-02-11,27.42825698852539
2014-02-12,27.475757598876953
2014-02-13,27.35698127746582
2014-02-14,27.452007293701172
2014-02-18,27.578697204589844
2014-02-19,27.20654296875
2014-02-20,27.19070816040039
2014-02-21,27.166959762573242
2014-02-24,27.42825698852539
2014-02-25,27.222375869750977
2014-02-26,27.309480667114258
2014-02-27,27.459922790527344
2014-02-28,27.863744735717773
2014-03-03,27.52326774597168
2014-03-04,28.37050437927246
2014-03-05,28.560531616210938
2014-03-06,28.735458374023438
2014-03-07,28.60028839111328
2014-03-10,28.512832641601562
2014-03-11,28.361764907836914
2014-03-12,28.258392333984375
2014-03-13,27.781322479248047
2014-03-14,28.027812957763672
2014-03-17,27.996007919311523
2014-03-18,27.90059471130371
2014-03-19,27.701805114746094
2014-03-20,28.194778442382812
2014-03-21,28.16297149658203
2014-03-24,28.13117218017578
2014-03-25,28.099367141723633
2014-03-26,27.749521255493164
2014-03-27,27.40761947631836
2014-03-28,27.733619689941406
2014-03-31,28.04370880126953
2014-04-01,28.37765884399414
2014-04-02,28.584392547607422
2014-04-03,28.647981643676758
2014-04-04,28.123226165771484
2014-04-07,27.693862915039062
2014-04-08,27.72565269470215
2014-04-09,27.829021453857422
2014-04-10,27.0498104095459
2014-04-11,26.477336883544922
2014-04-14,26.811281204223633
2014-04-15,27.002107620239258
2014-04-16,27.431472778320312
2014-04-17,27.566640853881836
2014-04-21,27.447372436523438
2014-04-22,27.582538604736328
2014-04-23,27.630252838134766
2014-04-24,27.71772003173828
2014-04-25,27.81313133239746
2014-04-28,27.40761947631836
2014-04-29,27.95624351501465
2014-04-30,28.52077293395996
2014-05-01,28.512832641601562
2014-05-02,28.449220657348633
2014-05-05,28.361764907836914
2014-05-06,27.8051815032959
2014-05-07,28.091426849365234
2014-05-08,28.18683624267578
2014-05-09,27.89264678955078
2014-05-12,28.29814338684082
2014-05-13,27.980100631713867
2014-05-14,27.566640853881836
2014-05-15,27.224740982055664
2014-05-16,27.26449203491211
2014-05-19,27.24859046936035
2014-05-20,27.089576721191406
2014-05-21,27.312196731567383
2014-05-22,27.518939971923828
2014-05-23,27.622299194335938
2014-05-27,27.72565269470215
2014-05-28,27.52688217163086
2014-05-29,27.79840660095215
2014-05-30,27.670625686645508
2014-06-02,27.862285614013672
2014-06-03,28.26156997680664
2014-06-04,28.501150131225586
2014-06-05,28.668853759765625
2014-06-06,28.932376861572266
2014-06-09,28.876480102539062
2014-06-10,29.044179916381836
2014-06-11,28.884464263916016
2014-06-12,28.604970932006836
2014-06-13,28.533092498779297
2014-06-16,28.461223602294922
2014-06-17,28.716764450073242
2014-06-18,28.74071502685547
2014-06-19,28.76468276977539
2014-06-20,28.76468276977539
2014-06-23,28.78064727783203
2014-06-24,28.57301902770996
2014-06-25,28.692806243896484
2014-06-26,28.61294937133789
2014-06-27,28.47719955444336
2014-06-30,28.596981048583984
2014-07-01,29.092079162597656
2014-07-02,28.74071502685547
2014-07-03,29.427492141723633
2014-07-07,29.38755989074707
2014-07-08,29.171953201293945
2014-07-09,29.21986961364746
2014-07-10,28.908422470092773
2014-07-11,29.044179916381836
2014-07-14,29.092079162597656
2014-07-15,29.08411407470703
2014-07-16,29.116050720214844
2014-07-17,28.5889892578125
2014-07-18,28.828554153442383
2014-07-21,28.900428771972656
2014-07-22,28.604970932006836
2014-07-23,28.636903762817383
2014-07-24,28.64488410949707
2014-07-25,28.1497802734375
2014-07-28,28.213666915893555
2014-07-29,28.029987335205078
2014-07-30,27.574798583984375
2014-07-31,27.279327392578125
2014-08-01,27.175508499145508
2014-08-04,27.415084838867188
2014-08-05,27.167522430419922
2014-08-06,27.463001251220703
2014-08-07,27.031763076782227
2014-08-08,27.14357566833496
2014-08-11,27.534873962402344
2014-08-12,27.63069725036621
2014-08-13,27.846311569213867
2014-08-14,28.157752990722656
2014-08-15,28.037967681884766
2014-08-18,28.45323371887207
2014-08-19,28.57301902770996
2014-08-20,28.676834106445312
2014-08-21,28.9882755279541
2014-08-22,28.9882755279541
2014-08-25,29.291738510131836
2014-08-26,29.659080505371094
2014-08-27,29.714982986450195
2014-08-28,29.57855987548828
2014-08-29,29.73103141784668
2014-09-02,29.747089385986328
2014-09-03,29.594619750976562
2014-09-04,29.514373779296875
2014-09-05,29.530412673950195
2014-09-08,29.56251335144043
2014-09-09,29.41807746887207
2014-09-10,29.803253173828125
2014-09-11,29.771156311035156
2014-09-12,29.811288833618164
2014-09-15,29.771156311035156
2014-09-16,29.867454528808594
2014-09-17,30.156341552734375
2014-09-18,30.324846267700195
2014-09-19,30.332874298095703
2014-09-22,29.95572280883789
2014-09-23,29.747089385986328
2014-09-24,30.14028549194336
2014-09-25,29.755109786987305
2014-09-26,30.13226318359375
2014-09-29,30.07608985900879
2014-09-30,29.891525268554688
2014-10-01,29.26561164855957
2014-10-02,29.426097869873047
2014-10-03,29.915590286254883
2014-10-06,29.666839599609375
2014-10-07,29.185359954833984
2014-10-08,29.626707077026367
2014-10-09,29.30573844909668
2014-10-10,28.904510498046875
2014-10-13,28.463151931762695
2014-10-14,28.735990524291992
2014-10-15,28.479198455810547
2014-10-16,28.54339599609375
2014-10-17,28.960668563842773
2014-10-20,29.249555587768555
2014-10-21,29.682889938354492
2014-10-22,29.626707077026367
2014-10-23,29.7791805267334
2014-10-24,30.13226318359375
2014-10-27,30.244598388671875
2014-10-28,31.135330200195312
2014-10-29,31.19149398803711
2014-10-30,31.376068115234375
2014-10-31,31.761245727539062
2014-11-03,31.80939483642578
2014-11-04,31.833450317382812
2014-11-05,32.04210662841797
2014-11-06,32.026058197021484
2014-11-07,32.258785247802734
2014-11-10,32.17049789428711
2014-11-11,32.22666549682617
2014-11-12,32.06618881225586
2014-11-13,32.010005950927734
2014-11-14,32.018043518066406
2014-11-17,32.162471771240234
2014-11-18,32.5316047668457
2014-11-19,32.74024963378906
2014-11-20,32.812461853027344
2014-11-21,33.1735725402832
2014-11-24,33.374183654785156
2014-11-25,33.261837005615234
2014-11-26,33.149009704589844
2014-11-28,33.286014556884766
2014-12-01,33.052284240722656
2014-12-02,33.31825637817383
2014-12-03,33.47138214111328
2014-12-04,33.29408645629883
2014-12-05,33.5278205871582
2014-12-08,34.05168533325195
2014-12-09,33.487510681152344
2014-12-10,33.10870361328125
2014-12-11,33.18125534057617
2014-12-12,32.55259323120117
2014-12-15,32.50424575805664
2014-12-16,32.15768051147461
2014-12-17,33.01198959350586
2014-12-18,33.80183029174805
2014-12-19,33.817955017089844
2014-12-22,33.697059631347656
2014-12-23,34.05168533325195
2014-12-24,33.954959869384766
2014-12-26,33.88242721557617
2014-12-29,34.04362487792969
2014-12-30,34.06779861450195
2014-12-31,33.60034942626953
2015-01-02,33.680938720703125
2015-01-05,32.97169876098633
2015-01-06,32.43171310424805
2015-01-07,32.73797607421875
2015-01-08,33.092594146728516
2015-01-09,32.78631591796875
2015-01-12,32.48812484741211
2015-01-13,32.56871032714844
2015-01-14,32.069026947021484
2015-01-15,31.899765014648438
2015-01-16,32.206031799316406
2015-01-20,32.004547119140625
2015-01-21,31.99649429321289
2015-01-22,32.746028900146484
2015-01-23,32.35110855102539
2015-01-26,32.2785758972168
2015-01-27,32.181861877441406
2015-01-28,31.657987594604492
2015-01-29,31.891712188720703
2015-01-30,31.351734161376953
2015-02-02,31.883655548095703
2015-02-03,31.94007682800293
2015-02-04,32.03679275512695
2015-02-05,32.24633026123047
2015-02-06,32.46394348144531
2015-02-09,32.536468505859375
2015-02-10,32.713783264160156
2015-02-11,32.681556701660156
2015-02-12,33.10870361328125
2015-02-13,33.2618408203125
2015-02-17,33.47138214111328
2015-02-18,33.19736862182617
2015-02-19,33.39079666137695
2015-02-20,33.423030853271484
2015-02-23,33.17319107055664
2015-02-24,33.30213928222656
2015-02-25,33.052284240722656
2015-02-26,33.03617477416992
2015-02-27,33.01198959350586
2015-03-02,33.2537841796875
2015-03-03,33.245704650878906
2015-03-04,32.80244827270508
2015-03-05,33.182926177978516
2015-03-06,33.19911193847656
2015-03-09,33.498661041259766
2015-03-10,32.94007110595703
2015-03-11,33.441978454589844
2015-03-12,34.211036682128906
2015-03-13,34.04104995727539
2015-03-16,34.55912780761719
2015-03-17,34.421512603759766
2015-03-18,34.704864501953125
2015-03-19,34.46200180053711
2015-03-20,34.89104080200195
2015-03-23,34.802005767822266
2015-03-24,34.65628433227539
2015-03-25,34.170555114746094
2015-03-26,34.09770965576172
2015-03-27,33.960079193115234
2015-03-30,34.30008316040039
2015-03-31,33.854835510253906
2015-04-01,33.83055877685547
2015-04-02,34.10580062866211
2015-04-06,34.26770782470703
2015-04-07,34.01674270629883
2015-04-08,34.32437515258789
2015-04-09,34.36484909057617
2015-04-10,34.45390319824219
2015-04-13,34.6967658996582
2015-04-14,34.51057434082031
2015-04-15,34.55912780761719
2015-04-16,34.534854888916016
2015-04-17,33.919620513916016
2015-04-20,34.07341384887695
2015-04-21,33.531028747558594
2015-04-22,33.522945404052734
2015-04-23,33.571510314941406
2015-04-24,33.87104415893555
2015-04-27,33.51484298706055
2015-04-28,33.49055480957031
2015-04-29,33.49055480957031
2015-04-30,33.00482177734375
2015-05-01,33.27197265625
2015-05-04,33.46625900268555
2015-05-05,33.328643798828125
2015-05-06,33.08579635620117
2015-05-07,33.3448371887207
2015-05-08,33.76579284667969
2015-05-11,33.6767463684082
2015-05-12,33.37721633911133
2015-05-13,33.49055480957031
2015-05-14,33.69293975830078
2015-05-15,33.458187103271484
2015-05-18,33.70913314819336
2015-05-19,34.09770965576172
2015-05-20,34.30818176269531
2015-05-21,34.03294372558594
2015-05-22,33.8872184753418
2015-05-26,33.352935791015625
2015-05-27,33.5796012878418
2015-05-28,33.612125396728516
2015-05-29,33.42512130737305
2015-06-01,33.343807220458984
2015-06-02,33.36007308959961
2015-06-03,33.86418151855469
2015-06-04,33.506431579589844
2015-06-05,33.77473449707031
2015-06-08,33.3356819152832
2015-06-09,33.343807220458984
2015-06-10,34.17313766479492
2015-06-11,34.417057037353516
2015-06-12,34.311363220214844
2015-06-15,33.94547653198242
2015-06-16,34.17313766479492
2015-06-17,34.04304122924805
2015-06-18,34.45771408081055
2015-06-19,34.165008544921875
2015-06-22,34.70975875854492
2015-06-23,34.5959358215332
2015-06-24,34.36826705932617
2015-06-25,34.010536193847656
2015-06-26,34.205657958984375
2015-06-29,33.54707717895508
2015-06-30,33.79913330078125
2015-07-01,35.929351806640625
2015-07-02,35.79927062988281
2015-07-06,35.83992385864258
2015-07-07,35.880577087402344
2015-07-08,34.986202239990234
2015-07-09,35.083778381347656
2015-07-10,35.59600067138672
2015-07-13,36.66925048828125
2015-07-14,37.1570930480957
2015-07-15,37.95386505126953
2015-07-16,38.44174575805664
2015-07-17,38.083988189697266
2015-07-20,37.64493179321289
2015-07-21,37.98640823364258
2015-07-22,37.73438262939453
2015-07-23,37.66119384765625
2015-07-24,37.78315353393555
2015-07-27,37.124568939208984
2015-07-28,38.09210968017578
2015-07-29,38.75882339477539
2015-07-30,39.02714157104492
2015-07-31,38.661258697509766
2015-08-03,39.21414566040039
2015-08-04,38.840126037597656
2015-08-05,38.59621810913086
2015-08-06,38.775089263916016
2015-08-07,38.9702262878418
2015-08-10,39.336116790771484
2015-08-11,38.89704132080078
2015-08-12,38.60435104370117
2015-08-13,39.693851470947266
2015-08-14,40.14916229248047
2015-08-17,39.97029113769531
2015-08-18,40.27112579345703
2015-08-19,40.002811431884766
2015-08-20,39.384883880615234
2015-08-21,38.002685546875
2015-08-24,36.1651496887207
2015-08-25,36.33589553833008
2015-08-26,37.588016510009766
2015-08-27,38.222198486328125
2015-08-28,37.74851608276367
2015-08-31,37.52799606323242
2015-09-01,36.54794692993164
2015-09-02,37.2258186340332
2015-09-03,37.405487060546875
2015-09-04,36.52344512939453
2015-09-08,37.48716735839844
2015-09-09,36.99714660644531
2015-09-10,37.41365432739258
2015-09-11,37.52799606323242
2015-09-14,37.20948791503906
2015-09-15,37.74851608276367
2015-09-16,37.9853630065918
2015-09-17,37.41365432739258
2015-09-18,36.19675064086914
2015-09-21,36.482608795166016
2015-09-22,36.03341293334961
2015-09-23,36.30292892456055
2015-09-24,36.83379364013672
2015-09-25,37.06247329711914
2015-09-28,36.31926727294922
2015-09-29,36.79295349121094
2015-09-30,37.38916015625
2015-10-01,37.5606689453125
2015-10-02,37.495330810546875
2015-10-05,38.11604309082031
2015-10-06,38.009857177734375
2015-10-07,38.303871154785156
2015-10-08,38.47539138793945
2015-10-09,38.28754425048828
2015-10-12,38.27120590209961
2015-10-13,37.993526458740234
2015-10-14,37.4708251953125
2015-10-15,38.34471893310547
2015-10-16,38.49988555908203
2015-10-19,38.785743713378906
2015-10-20,39.26759338378906
2015-10-21,39.5371208190918
2015-10-22,39.83930587768555
2015-10-23,40.21498107910156
2015-10-26,39.86380386352539
2015-10-27,37.02979278564453
2015-10-28,37.91184997558594
2015-10-29,38.483551025390625
2015-10-30,37.781166076660156
2015-11-02,38.189537048339844
2015-11-03,37.97719192504883
2015-11-04,38.05070495605469
2015-11-05,38.303871154785156
2015-11-06,38.875572204589844
2015-11-09,38.28754425048828
2015-11-10,38.66323471069336
2015-11-11,38.17321014404297
2015-11-12,37.348323822021484
2015-11-13,36.866455078125
2015-11-16,37.4708251953125
2015-11-17,37.19314956665039
2015-11-18,37.48716735839844
2015-11-19,37.585166931152344
2015-11-20,37.5525016784668
2015-11-23,37.446319580078125
2015-11-24,37.32381820678711
2015-11-25,37.17680358886719
2015-11-27,37.373741149902344
2015-11-30,37.447566986083984
2015-12-01,37.90705490112305
2015-12-02,37.71013259887695
2015-12-03,37.14399719238281
2015-12-04,38.32550048828125
2015-12-07,38.05474853515625
2015-12-08,37.61167526245117
2015-12-09,37.037315368652344
2015-12-10,36.922454833984375
2015-12-11,35.99528503417969
2015-12-14,35.46196365356445
2015-12-15,36.101951599121094
2015-12-16,36.57783508300781
2015-12-17,35.53581237792969
2015-12-18,34.55121612548828
2015-12-21,34.780941009521484
2015-12-22,35.49477767944336
2015-12-23,35.57683563232422
2015-12-24,35.822994232177734
2015-12-28,35.68350601196289
2015-12-29,36.19220733642578
2015-12-30,35.97066116333008
2015-12-31,35.65888595581055
2016-01-04,35.027095794677734
2016-01-05,35.58503723144531
2016-01-06,34.65789031982422
2016-01-07,33.804561614990234
2016-01-08,33.35329055786133
2016-01-11,33.57481002807617
2016-01-12,33.94404983520508
2016-01-13,32.893802642822266
2016-01-14,33.02507400512695
2016-01-15,32.06510543823242
2016-01-19,32.089717864990234
2016-01-20,31.072296142578125
2016-01-21,31.203584671020508
2016-01-22,31.761516571044922
2016-01-25,30.875377655029297
2016-01-26,31.6712589263916
2016-01-27,31.63024139404297
2016-01-28,31.91741943359375
2016-01-29,32.9676513671875
2016-02-01,32.729705810546875
2016-02-02,32.17997741699219
2016-02-03,31.95023536682129
2016-02-04,32.655853271484375
2016-02-05,33.26303482055664
2016-02-08,32.48357009887695
2016-02-09,32.8199577331543
2016-02-10,32.606624603271484
2016-02-11,31.695884704589844
2016-02-12,33.46815872192383
2016-02-16,33.779937744140625
2016-02-17,34.38711166381836
2016-02-18,34.27224349975586
2016-02-19,34.28044509887695
2016-02-22,34.87120056152344
2016-02-23,34.23120880126953
2016-02-24,34.3789176940918
2016-02-25,35.05992126464844
2016-02-26,35.1419792175293
2016-02-29,34.55941390991211
2016-03-01,35.765560150146484
2016-03-02,35.79016876220703
2016-03-03,35.765438079833984
2016-03-04,36.07872772216797
2016-03-07,36.169410705566406
2016-03-08,35.6664924621582
2016-03-09,35.625274658203125
2016-03-10,35.979801177978516
2016-03-11,36.86198043823242
2016-03-14,36.812503814697266
2016-03-15,36.804264068603516
2016-03-16,37.17527770996094
2016-03-17,38.03272247314453
2016-03-18,37.85133743286133
2016-03-21,37.42262268066406
2016-03-22,37.760650634765625
2016-03-23,37.81011962890625
2016-03-24,37.57926559448242
2016-03-28,38.09043502807617
2016-03-29,38.06570053100586
2016-03-30,38.18112564086914
2016-03-31,37.991493225097656
2016-04-01,38.585113525390625
2016-04-04,38.18936538696289
2016-04-05,37.727664947509766
2016-04-06,38.01622772216797
2016-04-07,37.200008392333984
2016-04-08,37.125816345214844
2016-04-11,36.96915054321289
2016-04-12,37.43910598754883
2016-04-13,38.08218765258789
2016-04-14,37.94203186035156
2016-04-15,37.85958480834961
2016-04-18,37.99973678588867
2016-04-19,37.991493225097656
2016-04-20,38.38723373413086
2016-04-21,36.95267105102539
2016-04-22,37.17527770996094
2016-04-25,36.93617630004883
2016-04-26,37.14229965209961
2016-04-27,37.09283447265625
2016-04-28,36.07872772216797
2016-04-29,36.58989715576172
2016-05-02,37.068092346191406
2016-05-03,36.74655532836914
2016-05-04,36.350807189941406
2016-05-05,36.42500305175781
2016-05-06,36.169410705566406
2016-05-09,36.41676330566406
2016-05-10,36.8867073059082
2016-05-11,36.490966796875
2016-05-12,36.68883514404297
2016-05-13,36.63936233520508
2016-05-16,36.52394485473633
2016-05-17,36.06224822998047
2016-05-18,36.60638427734375
2016-05-19,36.31782150268555
2016-05-20,37.10106658935547
2016-05-23,36.83725357055664
2016-05-24,37.48857498168945
2016-05-25,37.47208786010742
2016-05-26,37.125816345214844
2016-05-27,37.440574645996094
2016-05-31,37.41572189331055
2016-06-01,37.382591247558594
2016-06-02,37.250057220458984
2016-06-03,36.71164321899414
2016-06-06,36.8110466003418
2016-06-07,36.902164459228516
2016-06-08,36.877315521240234
2016-06-09,36.844181060791016
2016-06-10,36.25605392456055
2016-06-13,36.504554748535156
2016-06-14,36.37202072143555
2016-06-15,35.8915901184082
2016-06-16,36.2974739074707
2016-06-17,36.446571350097656
2016-06-20,36.52940368652344
2016-06-21,36.628814697265625
2016-06-22,36.49628448486328
2016-06-23,37.24177169799805
2016-06-24,35.12124252319336
2016-06-27,33.945011138916016
2016-06-28,34.88102722167969
2016-06-29,35.75077819824219
2016-06-30,36.7613410949707
2016-07-01,36.66193771362305
2016-07-05,35.67622756958008
2016-07-06,35.39458465576172
2016-07-07,35.38631820678711
2016-07-08,36.09868621826172
2016-07-11,36.26434326171875
2016-07-12,36.31403350830078
2016-07-13,35.97443389892578
2016-07-14,36.28090286254883
2016-07-15,36.239498138427734
2016-07-18,36.23121643066406
2016-07-19,36.247772216796875
2016-07-20,36.22292709350586
2016-07-21,36.00756072998047
2016-07-22,37.084388732910156
2016-07-25,36.7613410949707
2016-07-26,36.61223220825195
2016-07-27,36.289188385009766
2016-07-28,36.388587951660156
2016-07-29,33.008995056152344
2016-08-01,33.14154052734375
2016-08-02,33.23265838623047
2016-08-03,33.58883285522461
2016-08-04,33.33204650878906
2016-08-05,33.671661376953125
2016-08-08,33.65510559082031
2016-08-09,33.4645881652832
2016-08-10,33.35689163208008
2016-08-11,33.340328216552734
2016-08-12,33.207794189453125
2016-08-15,33.30720138549805
2016-08-16,33.124961853027344
2016-08-17,33.13325119018555
2016-08-18,33.315486907958984
2016-08-19,33.340328216552734
2016-08-22,33.44801712036133
2016-08-23,33.23265838623047
2016-08-24,33.16639709472656
2016-08-25,33.19951629638672
2016-08-26,33.02556610107422
2016-08-29,33.414886474609375
2016-08-30,34.08101272583008
2016-08-31,34.197593688964844
2016-09-01,33.88117599487305
2016-09-02,34.1309814453125
2016-09-06,33.92280197143555
2016-09-07,34.555641174316406
2016-09-08,34.12264633178711
2016-09-09,34.180938720703125
2016-09-12,34.98030471801758
2016-09-13,34.85540008544922
2016-09-14,34.8054313659668
2016-09-15,35.09687042236328
2016-09-16,34.8054313659668
2016-09-19,35.005271911621094
2016-09-20,34.946983337402344
2016-09-21,35.3882942199707
2016-09-22,35.91289138793945
2016-09-23,35.61312484741211
2016-09-26,35.28837966918945
2016-09-27,35.563175201416016
2016-09-28,35.73802185058594
2016-09-29,35.263397216796875
2016-09-30,35.65475845336914
2016-10-03,35.3882942199707
2016-10-04,36.45411682128906
2016-10-05,36.74553680419922
2016-10-06,36.379173278808594
2016-10-07,36.312564849853516
2016-10-10,36.37084197998047
2016-10-11,35.96283721923828
2016-10-12,36.1376953125
2016-10-13,35.68806076049805
2016-10-14,36.06275939941406
2016-10-17,35.921207427978516
2016-10-18,36.012794494628906
2016-10-19,36.02945327758789
2016-10-20,35.71304702758789
2016-10-21,35.454917907714844
2016-10-24,35.73802185058594
2016-10-25,35.563175201416016
2016-10-26,36.162681579589844
2016-10-27,35.89622116088867
2016-10-28,36.8454704284668
2016-10-31,36.72889709472656
2016-11-01,36.75386428833008
2016-11-02,36.72056198120117
2016-11-03,36.429141998291016
2016-11-04,35.98781967163086
2016-11-07,37.020328521728516
2016-11-08,37.245147705078125
2016-11-09,38.069488525390625
2016-11-10,38.55242919921875
2016-11-11,38.985416412353516
2016-11-14,39.9096794128418
2016-11-15,39.87635803222656
2016-11-16,38.785579681396484
2016-11-17,39.110313415527344
2016-11-18,39.34346389770508
2016-11-21,39.39342498779297
2016-11-22,39.60158920288086
2016-11-23,39.96795654296875
2016-11-25,39.85970687866211
2016-11-28,39.47669219970703
2016-11-29,39.2591438293457
2016-11-30,39.426483154296875
2016-12-01,39.97035598754883
2016-12-02,39.6775016784668
2016-12-05,39.844844818115234
2016-12-06,40.36362838745117
2016-12-07,39.76118469238281
2016-12-08,40.15442657470703
2016-12-09,40.61464309692383
2016-12-12,40.648101806640625
2016-12-13,40.3803596496582
2016-12-14,40.03729248046875
2016-12-15,40.13771057128906
2016-12-16,39.86994171142578
2016-12-19,40.02056884765625
2016-12-20,40.17116928100586
2016-12-21,40.338523864746094
2016-12-22,40.29668045043945
2016-12-23,40.37197494506836
2016-12-27,40.37197494506836
2016-12-28,39.936885833740234
2016-12-29,39.92851638793945
2016-12-30,39.86994171142578
2017-01-03,39.95362854003906
2017-01-04,40.623016357421875
2017-01-05,40.45565414428711
2017-01-06,40.539329528808594
2017-01-09,40.221378326416016
2017-01-10,40.522605895996094
2017-01-11,40.58953094482422
2017-01-12,40.35523986816406
2017-01-13,40.43891525268555
2017-01-17,40.61464309692383
2017-01-18,41.3342170715332
2017-01-19,40.36362838745117
2017-01-20,40.42219543457031
2017-01-23,39.91178512573242
2017-01-24,40.07913589477539
2017-01-25,40.45565414428711
2017-01-26,40.63973617553711
2017-01-27,40.940956115722656
2017-01-30,40.966060638427734
2017-01-31,40.75688171386719
2017-02-01,40.53097152709961
2017-02-02,40.13771057128906
2017-02-03,39.60219955444336
2017-02-06,39.78628158569336
2017-02-07,39.618934631347656
2017-02-08,39.367919921875
2017-02-09,39.77791976928711
2017-02-10,40.04566192626953
2017-02-13,40.20463562011719
2017-02-14,40.58116149902344
2017-02-15,40.66482925415039
2017-02-16,40.66482925415039
2017-02-17,40.464019775390625
2017-02-21,40.940956115722656
2017-02-22,40.740142822265625
2017-02-23,40.82382583618164
2017-02-24,40.681575775146484
2017-02-27,40.940956115722656
2017-02-28,40.90748977661133
2017-03-01,41.57686233520508
2017-03-02,41.20700454711914
2017-03-03,41.316287994384766
2017-03-06,41.01365661621094
2017-03-07,40.90438461303711
2017-03-08,40.7698860168457
2017-03-09,41.433956146240234
2017-03-10,41.795433044433594
2017-03-13,41.66093063354492
2017-03-14,41.82063674926758
2017-03-15,41.92151641845703
2017-03-16,41.03048324584961
2017-03-17,41.00525665283203
2017-03-20,40.5681266784668
2017-03-21,40.10578536987305
2017-03-22,40.181453704833984
2017-03-23,39.98810958862305
2017-03-24,39.78635787963867
2017-03-27,39.88723373413086
2017-03-28,40.08898162841797
2017-03-29,39.74433135986328
2017-03-30,40.18986511230469
2017-03-31,40.408416748046875
2017-04-03,40.45884323120117
2017-04-04,40.27391815185547
2017-04-05,40.1478271484375
2017-04-06,40.41682052612305
2017-04-07,40.2066650390625
2017-04-10,40.41682052612305
2017-04-11,40.526100158691406
2017-04-12,40.19824981689453
2017-04-13,40.12260055541992
2017-04-17,40.65219497680664
2017-04-18,40.08898162841797
2017-04-19,39.727516174316406
2017-04-20,40.038543701171875
2017-04-21,39.74433135986328
2017-04-24,39.81157684326172
2017-04-25,40.1394157409668
2017-04-26,40.442039489746094
2017-04-27,40.55131530761719
2017-04-28,40.65219497680664
2017-05-01,40.946414947509766
2017-05-02,40.99684524536133
2017-05-03,41.22381591796875
2017-05-04,41.49281692504883
2017-05-05,41.61049270629883
2017-05-08,41.501216888427734
2017-05-09,41.40874481201172
2017-05-10,41.82063674926758
2017-05-11,41.64412307739258
2017-05-12,41.257450103759766
2017-05-15,41.35831069946289
2017-05-16,41.425559997558594
2017-05-17,41.10612487792969
2017-05-18,40.92959976196289
2017-05-19,40.70262145996094
2017-05-22,41.02206039428711
2017-05-23,41.316287994384766
2017-05-24,41.383541107177734
2017-05-25,41.795433044433594
2017-05-26,41.383541107177734
2017-05-30,41.42575454711914
2017-05-31,41.71290588378906
2017-06-01,42.09296798706055
2017-06-02,41.92404556274414
2017-06-05,41.76358413696289
2017-06-06,41.873374938964844
2017-06-07,41.983177185058594
2017-06-08,42.83617401123047
2017-06-09,43.503379821777344
2017-06-12,43.174007415771484
2017-06-13,43.63850402832031
2017-06-14,43.79053497314453
2017-06-15,43.807430267333984
2017-06-16,44.26349639892578
2017-06-19,44.29726791381836
2017-06-20,44.11147689819336
2017-06-21,43.70606994628906
2017-06-22,43.57939147949219
2017-06-23,43.45270919799805
2017-06-26,43.934104919433594
2017-06-27,44.08613204956055
2017-06-28,44.53374099731445
2017-06-29,44.55063247680664
2017-06-30,44.39860916137695
2017-07-03,44.626651763916016
2017-07-05,44.516849517822266
2017-07-06,44.390167236328125
2017-07-07,44.53374099731445
2017-07-10,44.6519775390625
2017-07-11,44.55063247680664
2017-07-12,44.6519775390625
2017-07-13,44.998260498046875
2017-07-14,45.06581497192383
2017-07-17,45.25162124633789
2017-07-18,45.24317932128906
2017-07-19,45.513427734375
2017-07-20,45.420536041259766
2017-07-21,45.42898941040039
2017-07-24,45.352970123291016
2017-07-25,45.5556640625
2017-07-26,44.94757843017578
2017-07-27,44.694210052490234
2017-07-28,46.298885345458984
2017-07-31,46.450897216796875
2017-08-01,47.050540924072266
2017-08-02,46.98297119140625
2017-08-03,47.160335540771484
2017-08-04,47.54038619995117
2017-08-07,47.27012252807617
2017-08-08,47.33769989013672
2017-08-09,47.49816131591797
2017-08-10,47.067420959472656
2017-08-11,47.32923126220703
2017-08-14,47.6755256652832
2017-08-15,47.97956085205078
2017-08-16,47.726192474365234
2017-08-17,46.9576301574707
2017-08-18,46.92384719848633
2017-08-21,46.687374114990234
2017-08-22,46.92384719848633
2017-08-23,46.57759094238281
2017-08-24,46.1384162902832
2017-08-25,46.476234436035156
2017-08-28,46.020172119140625
2017-08-29,45.885047912597656
2017-08-30,46.09708023071289
2017-08-31,45.85960006713867
2017-09-01,45.84263610839844
2017-09-05,44.85029983520508
2017-09-06,44.75699996948242
2017-09-07,43.79859924316406
2017-09-08,45.09626770019531
2017-09-11,45.74934005737305
2017-09-12,45.66453170776367
2017-09-13,45.38462829589844
2017-09-14,45.23196029663086
2017-09-15,45.55426025390625
2017-09-18,45.656036376953125
2017-09-19,46.14796829223633
2017-09-20,46.758644104003906
2017-09-21,46.09708023071289
2017-09-22,46.18190002441406
2017-09-25,46.37697219848633
2017-09-26,46.56357192993164
2017-09-27,46.68231201171875
2017-09-28,46.750152587890625
2017-09-29,47.013084411621094
2017-10-02,47.15726089477539
2017-10-03,47.00461196899414
2017-10-04,47.22513198852539
2017-10-05,47.0639762878418
2017-10-06,47.17422866821289
2017-10-09,47.14031219482422
2017-10-10,47.43716812133789
2017-10-11,47.38626480102539
2017-10-12,47.37778091430664
2017-10-13,47.48804473876953
2017-10-16,47.564388275146484
2017-10-17,47.335384368896484
2017-10-18,47.089420318603516
2017-10-19,47.895164489746094
2017-10-20,47.912132263183594
2017-10-23,45.85111999511719
2017-10-24,46.546600341796875
2017-10-25,46.512672424316406
2017-10-26,47.12333679199219
2017-10-27,46.818023681640625
2017-10-30,46.80105972290039
2017-10-31,46.69077682495117
2017-11-01,46.860416412353516
2017-11-02,47.25056838989258
2017-11-03,47.36083221435547
2017-11-06,47.40324020385742
2017-11-07,46.936744689941406
2017-11-08,46.818023681640625
2017-11-09,46.860416412353516
2017-11-10,47.089420318603516
2017-11-13,47.233604431152344
2017-11-14,47.68313217163086
2017-11-15,48.06479263305664
2017-11-16,47.505008697509766
2017-11-17,47.61526870727539
2017-11-20,47.36930847167969
2017-11-21,47.5728645324707
2017-11-22,47.3099365234375
2017-11-24,47.191192626953125
2017-11-27,47.326908111572266
2017-11-28,48.081748962402344
2017-11-29,48.89597702026367
2017-11-30,48.93006134033203
2017-12-01,48.921531677246094
2017-12-04,48.129329681396484
2017-12-05,46.544891357421875
2017-12-06,46.78340530395508
2017-12-07,46.65563201904297
2017-12-08,46.996368408203125
2017-12-11,47.20932388305664
2017-12-12,47.72895050048828
2017-12-13,47.32007598876953
2017-12-14,47.03044509887695
2017-12-15,47.490440368652344
2017-12-18,47.396732330322266
2017-12-19,48.32524871826172
2017-12-20,48.00154495239258
2017-12-21,47.643775939941406
2017-12-22,47.32007598876953
2017-12-26,47.67784881591797
2017-12-27,47.94191360473633
2017-12-28,48.18043518066406
2017-12-29,47.94191360473633
2018-01-02,47.0815544128418
2018-01-03,46.70673751831055
2018-01-04,47.192298889160156
2018-01-05,46.98785400390625
2018-01-08,46.664146423339844
2018-01-09,46.82600021362305
2018-01-10,46.88562774658203
2018-01-11,46.928226470947266
2018-01-12,47.09858703613281
2018-01-16,47.055999755859375
2018-01-17,47.89933776855469
2018-01-18,47.78006362915039
2018-01-19,47.66933059692383
2018-01-22,47.74599075317383
2018-01-23,48.27414321899414
2018-01-24,49.534873962402344
2018-01-25,49.824501037597656
2018-01-26,50.3526496887207
2018-01-29,49.764869689941406
2018-01-30,49.620052337646484
2018-01-31,50.05449676513672
2018-02-01,50.063011169433594
2018-02-02,49.41560363769531
2018-02-05,47.345619201660156
2018-02-06,46.96228790283203
2018-02-07,47.584144592285156
2018-02-08,45.43748474121094
2018-02-09,45.982666015625
2018-02-12,45.57378387451172
2018-02-13,45.974143981933594
2018-02-14,46.45117950439453
2018-02-15,46.39155960083008
2018-02-16,46.118961334228516
2018-02-20,45.846378326416016
2018-02-21,45.95711898803711
2018-02-22,45.33527755737305
2018-02-23,46.033782958984375
2018-02-26,46.425636291503906
2018-02-27,45.837860107421875
2018-02-28,45.02008056640625
2018-03-01,44.21935272216797
2018-03-02,44.313507080078125
2018-03-05,46.170963287353516
2018-03-06,46.581817626953125
2018-03-07,46.453426361083984
2018-03-08,46.53047561645508
2018-03-09,48.0455322265625
2018-03-12,47.249481201171875
2018-03-13,46.487667083740234
2018-03-14,46.111045837402344
2018-03-15,46.0596923828125
2018-03-16,46.16239547729492
2018-03-19,45.751529693603516
2018-03-20,45.93984603881836
2018-03-21,45.7087287902832
2018-03-22,44.407657623291016
2018-03-23,43.04667663574219
2018-03-26,44.06527328491211
2018-03-27,43.748565673828125
2018-03-28,44.279258728027344
2018-03-29,44.099517822265625
2018-04-02,43.19219207763672
2018-04-03,43.47465896606445
2018-04-04,44.29638671875
2018-04-05,44.68156814575195
2018-04-06,43.75712585449219
2018-04-09,43.82560729980469
2018-04-10,44.42478561401367
2018-04-11,44.10805892944336
2018-04-12,44.527496337890625
2018-04-13,44.227901458740234
2018-04-16,44.54461669921875
2018-04-17,44.287837982177734
2018-04-18,44.330631256103516
2018-04-19,44.53606033325195
2018-04-20,44.53606033325195
2018-04-23,44.47613525390625
2018-04-24,43.851287841796875
2018-04-25,44.364864349365234
2018-04-26,44.68156814575195
2018-04-27,46.71878433227539
2018-04-30,46.085357666015625
2018-05-01,46.13671875
2018-05-02,44.75861358642578
2018-05-03,44.330631256103516
2018-05-04,45.13523864746094
2018-05-07,45.04963684082031
2018-05-08,44.98972702026367
2018-05-09,45.08387756347656
2018-05-10,45.203704833984375
2018-05-11,44.98972702026367
2018-05-14,44.904117584228516
2018-05-15,45.13523864746094
2018-05-16,45.24651336669922
2018-05-17,45.59746551513672
2018-05-18,45.73441696166992
2018-05-21,45.88848114013672
2018-05-22,46.00831985473633
2018-05-23,45.63170623779297
2018-05-24,45.392024993896484
2018-05-25,45.2978630065918
2018-05-29,44.381980895996094
2018-05-30,45.54609680175781
2018-05-31,45.004295349121094
2018-06-01,45.14189529418945
2018-06-04,45.296695709228516
2018-06-05,45.12469482421875
2018-06-06,45.176292419433594
2018-06-07,45.37410354614258
2018-06-08,45.804100036621094
2018-06-11,45.46010971069336
2018-06-12,45.580501556396484
2018-06-13,45.666500091552734
2018-06-14,45.649295806884766
2018-06-15,46.234100341796875
2018-06-18,45.72669982910156
2018-06-19,45.62350082397461
2018-06-20,44.84090042114258
2018-06-21,44.264671325683594
2018-06-22,44.53128433227539
2018-06-25,44.4280891418457
2018-06-26,44.367881774902344
2018-06-27,43.66267776489258
2018-06-28,43.8002815246582
2018-06-29,43.972286224365234
2018-07-02,44.144283294677734
2018-07-03,44.350685119628906
2018-07-05,44.462493896484375
2018-07-06,44.591495513916016
2018-07-09,45.82990646362305
2018-07-10,45.78690719604492
2018-07-11,45.36549758911133
2018-07-12,45.176292419433594
2018-07-13,45.176292419433594
2018-07-16,45.64069747924805
2018-07-17,45.804100036621094
2018-07-18,46.12230682373047
2018-07-19,45.296695709228516
2018-07-20,45.01288604736328
2018-07-23,45.081695556640625
2018-07-24,45.0558967590332
2018-07-25,45.03009033203125
2018-07-26,45.7611083984375
2018-07-27,44.69468688964844
2018-07-30,45.296695709228516
2018-07-31,45.3224983215332
2018-08-01,45.219303131103516
2018-08-02,45.37410354614258
2018-08-03,45.37410354614258
2018-08-06,45.3224983215332
2018-08-07,45.46010971069336
2018-08-08,45.12469482421875
2018-08-09,44.892486572265625
2018-08-10,44.44528579711914
2018-08-13,44.22167205810547
2018-08-14,43.89488220214844
2018-08-15,43.851890563964844
2018-08-16,44.462493896484375
2018-08-17,44.68608474731445
2018-08-20,44.70329284667969
2018-08-21,45.01288604736328
2018-08-22,43.13808059692383
2018-08-23,42.914466857910156
2018-08-24,43.00046920776367
2018-08-27,43.860477447509766
2018-08-28,43.77448654174805
2018-08-29,43.63688278198242
2018-08-30,43.43047332763672
2018-08-31,43.57755661010742
2018-09-04,43.63810729980469
2018-09-05,43.30070114135742
2018-09-06,43.153629302978516
2018-09-07,42.902748107910156
2018-09-10,42.7210578918457
2018-09-11,42.63454055786133
2018-09-12,42.34904479980469
2018-09-13,42.7037467956543
2018-09-14,43.1190299987793
2018-09-17,43.00654983520508
2018-09-18,43.343963623046875
2018-09-19,43.75922775268555
2018-09-20,43.914955139160156
2018-09-21,44.05339050292969
2018-09-24,43.75922775268555
2018-09-25,43.40452194213867
2018-09-26,43.04981231689453
2018-09-27,42.93734359741211
2018-09-28,43.22283935546875
2018-10-01,42.747013092041016
2018-10-02,42.816226959228516
2018-10-03,42.565330505371094
2018-10-04,42.902748107910156
2018-10-05,42.920040130615234
2018-10-08,43.326663970947266
2018-10-09,43.81113815307617
2018-10-10,42.11545181274414
2018-10-11,40.50627136230469
2018-10-12,40.48031997680664
2018-10-15,40.17751693725586
2018-10-16,40.32459259033203
2018-10-17,40.45436096191406
2018-10-18,40.25538635253906
2018-10-19,40.350547790527344
2018-10-22,39.74494552612305
2018-10-23,39.80550765991211
2018-10-24,38.84518814086914
2018-10-25,39.39888000488281
2018-10-26,39.02687454223633
2018-10-29,38.5510368347168
2018-10-30,39.052818298339844
2018-10-31,39.295066833496094
2018-11-01,39.623817443847656
2018-11-02,38.83654022216797
2018-11-05,39.35562515258789
2018-11-06,39.917972564697266
2018-11-07,40.61009216308594
2018-11-08,40.194820404052734
2018-11-09,40.307289123535156
2018-11-12,39.372928619384766
2018-11-13,39.20854568481445
2018-11-14,38.12710189819336
2018-11-15,38.04924011230469
2018-11-16,37.936771392822266
2018-11-19,37.91948318481445
2018-11-20,38.12710189819336
2018-11-21,38.36935806274414
2018-11-23,38.15306854248047
2018-11-26,38.75867462158203
2018-11-27,38.17036437988281
2018-11-28,38.85383987426758
2018-11-29,38.308799743652344
2018-11-30,38.4917106628418
2018-12-03,38.11716079711914
2018-12-04,37.298377990722656
2018-12-06,36.88898468017578
2018-12-07,36.26183319091797
2018-12-10,36.209564208984375
2018-12-11,36.009220123291016
2018-12-12,36.05276870727539
2018-12-13,35.99180603027344
2018-12-14,35.94824981689453
2018-12-17,36.40119934082031
2018-12-18,36.82801055908203
2018-12-19,37.16771697998047
2018-12-20,37.0196418762207
2018-12-21,36.74961471557617
2018-12-24,35.504005432128906
2018-12-26,37.324501037597656
2018-12-27,38.21297836303711
2018-12-28,38.12586975097656
2018-12-31,38.71818542480469
2019-01-02,37.82099914550781
2019-01-03,37.298377990722656
2019-01-04,38.448158264160156
2019-01-07,38.30879592895508
2019-01-08,37.79487609863281
2019-01-09,38.12586975097656
2019-01-10,38.51784896850586
2019-01-11,38.726905822753906
2019-01-14,38.787879943847656
2019-01-15,39.10145568847656
2019-01-16,39.484718322753906
2019-01-17,40.16413116455078
2019-01-18,40.66062927246094
2019-01-22,40.25123596191406
2019-01-23,40.50384521484375
2019-01-24,40.65192413330078
2019-01-25,40.73031234741211
2019-01-28,40.64320373535156
2019-01-29,40.146705627441406
2019-01-30,40.61708450317383
2019-01-31,40.86968994140625
2019-02-01,40.956790924072266
2019-02-04,41.07874298095703
2019-02-05,42.09786605834961
2019-02-06,41.73201370239258
2019-02-07,41.98462677001953
2019-02-08,41.714599609375
2019-02-11,42.01947784423828
2019-02-12,42.4724235534668
2019-02-13,42.45499038696289
2019-02-14,42.01947784423828
2019-02-15,42.446285247802734
2019-02-19,42.78599548339844
2019-02-20,42.7424430847168
2019-02-21,42.533390045166016
2019-02-22,42.58564758300781
2019-02-25,42.82954406738281
2019-02-26,42.6901741027832
2019-02-27,42.75115966796875
2019-02-28,42.995052337646484
2019-03-01,43.29301452636719
2019-03-04,43.01258087158203
2019-03-05,42.87235641479492
2019-03-06,42.48674392700195
2019-03-07,42.10114288330078
2019-03-08,42.1624870300293
2019-03-11,42.241355895996094
2019-03-12,42.44293212890625
2019-03-13,42.59190368652344
2019-03-14,42.77595520019531
2019-03-15,42.784725189208984
2019-03-18,43.240440368652344
2019-03-19,43.12650680541992
2019-03-20,42.26764678955078
2019-03-21,42.89864730834961
2019-03-22,42.53055953979492
2019-03-25,42.42539596557617
2019-03-26,43.02134323120117
2019-03-27,43.13526916503906
2019-03-28,43.257957458496094
2019-03-29,43.57345199584961
2019-04-01,43.696144104003906
2019-04-02,43.389408111572266
2019-04-03,43.57345199584961
2019-04-04,43.81884002685547
2019-04-05,43.757484436035156
2019-04-08,43.7224235534668
2019-04-09,43.54715347290039
2019-04-10,43.80131149291992
2019-04-11,44.31837463378906
2019-04-12,44.756561279296875
2019-04-15,44.47612380981445
2019-04-16,45.06329345703125
2019-04-17,44.32712936401367
2019-04-18,44.642635345458984
2019-04-22,44.59881591796875
2019-04-23,44.7916259765625
2019-04-24,44.905548095703125
2019-04-25,44.66892623901367
2019-04-26,45.18599319458008
2019-04-29,45.37002944946289
2019-04-30,45.8432731628418
2019-05-01,45.04575729370117
2019-05-02,45.69429397583008
2019-05-03,46.20258331298828
2019-05-06,46.05360412597656
2019-05-07,45.83451461791992
2019-05-08,46.01853561401367
2019-05-09,46.01853561401367
2019-05-10,46.45673370361328
2019-05-13,45.536529541015625
2019-05-14,46.20258331298828
2019-05-15,46.39539337158203
2019-05-16,46.97380065917969
2019-05-17,46.95627212524414
2019-05-20,46.57065963745117
2019-05-21,47.000083923339844
2019-05-22,47.50838088989258
2019-05-23,46.72841262817383
2019-05-24,46.65829086303711
2019-05-28,45.974727630615234
2019-05-29,46.61448287963867
2019-05-30,46.50931930541992
2019-05-31,46.41237258911133
2019-06-03,47.09101104736328
2019-06-04,47.5052490234375
2019-06-05,48.430686950683594
2019-06-06,48.46593475341797
2019-06-07,48.44831466674805
2019-06-10,48.324920654296875
2019-06-11,48.20152282714844
2019-06-12,48.16627883911133
2019-06-13,48.042884826660156
2019-06-14,48.430686950683594
2019-06-17,48.06050491333008
2019-06-18,48.457115173339844
2019-06-19,48.69508743286133
2019-06-20,49.029991149902344
2019-06-21,49.10932540893555
2019-06-24,49.082889556884766
2019-06-25,49.38254165649414
2019-06-26,48.36898422241211
2019-06-27,48.82729721069336
2019-06-28,49.10932540893555
2019-07-01,49.259159088134766
2019-07-02,49.602882385253906
2019-07-03,50.37848663330078
2019-07-05,50.193397521972656
2019-07-08,50.334415435791016
2019-07-09,50.30797576904297
2019-07-10,50.387290954589844
2019-07-11,50.114078521728516
2019-07-12,50.66932678222656
2019-07-15,50.872047424316406
2019-07-16,51.16289138793945
2019-07-17,50.81916046142578
2019-07-18,51.030696868896484
2019-07-19,50.334415435791016
2019-07-22,50.2727165222168
2019-07-23,50.14932632446289
2019-07-24,50.70457458496094
2019-07-25,50.792720794677734
2019-07-26,51.24222183227539
2019-07-29,50.89848709106445
2019-07-30,50.91611099243164
2019-07-31,50.792720794677734
2019-08-01,50.14932632446289
2019-08-02,50.66051483154297
2019-08-05,49.84967041015625
2019-08-06,50.783905029296875
2019-08-07,51.12763977050781
2019-08-08,51.73576736450195
2019-08-09,51.64763641357422
2019-08-12,51.09238815307617
2019-08-13,51.91204071044922
2019-08-14,50.457801818847656
2019-08-15,51.02187728881836
2019-08-16,51.53306579589844
2019-08-19,52.1059455871582
2019-08-20,51.594764709472656
2019-08-21,51.8944206237793
2019-08-22,52.423221588134766
2019-08-23,51.20696258544922
2019-08-26,51.6212043762207
2019-08-27,51.60357666015625
2019-08-28,51.48017883300781
2019-08-29,51.70051956176758
2019-08-30,51.6296501159668
2019-09-03,52.13460159301758
2019-09-04,52.89646530151367
2019-09-05,53.144527435302734
2019-09-06,53.43687057495117
2019-09-09,53.419151306152344
2019-09-10,52.53325271606445
2019-09-11,52.30292892456055
2019-09-12,53.09136962890625
2019-09-13,53.43687057495117
2019-09-16,53.17995834350586
2019-09-17,53.80007553100586
2019-09-18,53.87981033325195
2019-09-19,53.7203483581543
2019-09-20,53.54316329956055
2019-09-23,53.32169723510742
2019-09-24,53.640621185302734
2019-09-25,53.463443756103516
2019-09-26,53.69376754760742
2019-09-27,53.552032470703125
2019-09-30,53.69376754760742
2019-10-01,52.666141510009766
2019-10-02,51.44361114501953
2019-10-03,51.56763458251953
2019-10-04,52.71928787231445
2019-10-07,52.21433639526367
2019-10-08,51.22214126586914
2019-10-09,51.452476501464844
2019-10-10,51.70052719116211
2019-10-11,51.948570251464844
2019-10-14,52.4180793762207
2019-10-15,52.701568603515625
2019-10-16,52.17889404296875
2019-10-17,51.9397087097168
2019-10-18,52.267494201660156
2019-10-21,52.94075393676758
2019-10-22,50.938655853271484
2019-10-23,51.26643371582031
2019-10-24,50.92979049682617
2019-10-25,50.31853103637695
2019-10-28,50.01732635498047
2019-10-29,50.32740020751953
2019-10-30,50.44255447387695
2019-10-31,50.56658172607422
2019-11-01,50.956382751464844
2019-11-04,50.9652214050293
2019-11-05,53.498870849609375
2019-11-06,54.11014175415039
2019-11-07,54.039268493652344
2019-11-08,54.11900329589844
2019-11-11,54.34933090209961
2019-11-12,54.6151008605957
2019-11-13,54.47335433959961
2019-11-14,54.588523864746094
2019-11-15,54.92515563964844
2019-11-18,54.95173263549805
2019-11-19,55.05804443359375
2019-11-20,54.83656692504883
2019-11-21,54.597373962402344
2019-11-22,54.56194305419922
2019-11-25,54.79227066040039
2019-11-26,55.447837829589844
2019-11-27,55.38581848144531
2019-11-29,55.065364837646484
2019-12-02,54.70038604736328
2019-12-03,53.67670440673828
2019-12-04,54.12179183959961
2019-12-05,53.87255096435547
2019-12-06,54.15740203857422
2019-12-09,54.335426330566406
2019-12-10,54.45114517211914
2019-12-11,54.228614807128906
2019-12-12,54.549068450927734
2019-12-13,54.36214828491211
2019-12-16,54.353233337402344
2019-12-17,54.201904296875
2019-12-18,54.219703674316406
2019-12-19,54.10398864746094
2019-12-20,54.219703674316406
2019-12-23,53.49868392944336
2019-12-24,53.463069915771484
2019-12-26,53.6500129699707
2019-12-27,53.90815734863281
2019-12-30,54.02387237548828
2019-12-31,54.0950927734375
2020-01-02,54.255313873291016
2020-01-03,53.979373931884766
2020-01-06,53.83694839477539
2020-01-07,53.35626220703125
2020-01-08,53.6411018371582
2020-01-09,53.96156311035156
2020-01-10,53.19602966308594
2020-01-13,52.96458435058594
2020-01-14,53.19602966308594
2020-01-15,53.0535888671875
2020-01-16,53.6500129699707
2020-01-17,54.49565505981445
2020-01-21,53.84584045410156
2020-01-22,53.32065200805664
2020-01-23,52.35036849975586
2020-01-24,52.50170135498047
2020-01-27,51.70944595336914
2020-01-28,52.234649658203125
2020-01-29,52.092227935791016
2020-01-30,52.98238754272461
2020-01-31,52.76874542236328
2020-02-03,53.53428268432617
2020-02-04,51.38009262084961
2020-02-05,52.88446807861328
2020-02-06,53.07139587402344
2020-02-07,53.24053192138672
2020-02-10,52.519500732421875
2020-02-11,52.94678497314453
2020-02-12,52.43048095703125
2020-02-13,52.73313522338867
2020-02-14,52.6085205078125
2020-02-18,52.10112380981445
2020-02-19,51.70944595336914
2020-02-20,51.700565338134766
2020-02-21,51.67384338378906
2020-02-24,50.37421798706055
2020-02-25,49.199195861816406
2020-02-26,48.469276428222656
2020-02-27,46.252769470214844
2020-02-28,44.743404388427734
2020-03-02,47.582977294921875
2020-03-03,46.20349884033203
2020-03-04,48.28166961669922
2020-03-05,46.31099319458008
2020-03-06,45.648136138916016
2020-03-09,41.7605094909668
2020-03-10,43.2653923034668
2020-03-11,40.42583084106445
2020-03-12,35.991798400878906
2020-03-13,38.08788299560547
2020-03-16,30.008092880249023
2020-03-17,29.837894439697266
2020-03-18,23.51380157470703
2020-03-19,30.0260066986084
2020-03-20,28.01053810119629
2020-03-23,27.5089054107666
2020-03-24,31.020305633544922
2020-03-25,29.748323440551758
2020-03-26,31.297990798950195
2020-03-27,31.46817970275879
2020-03-30,32.10417175292969
2020-03-31,31.566720962524414
2020-04-01,29.972257614135742
2020-04-02,29.80206871032715
2020-04-03,28.798812866210938
2020-04-06,30.411182403564453
2020-04-07,33.071598052978516
2020-04-08,34.66606903076172
2020-04-09,37.51458740234375
2020-04-13,36.66361999511719
2020-04-14,36.93234634399414
2020-04-15,34.69293212890625
2020-04-16,33.51948165893555
2020-04-17,35.839508056640625
2020-04-20,34.612308502197266
2020-04-21,32.92827606201172
2020-04-22,31.960853576660156
2020-04-23,32.18479537963867
2020-04-24,32.2833251953125
2020-04-27,34.06590270996094
2020-04-28,35.23935317993164
2020-04-29,36.86068344116211
2020-04-30,34.030067443847656
2020-05-01,31.96980857849121
2020-05-04,31.70107650756836
2020-05-05,31.495059967041016
2020-05-06,30.034957885742188
2020-05-07,31.2711181640625
2020-05-08,32.56101608276367
2020-05-11,31.289039611816406
2020-05-12,30.5903377532959
2020-05-13,28.727144241333008
2020-05-14,29.82893943786621
2020-05-15,29.784149169921875
2020-05-18,31.575674057006836
2020-05-19,30.760536193847656
2020-05-20,31.360692977905273
2020-05-21,33.241798400878906
2020-05-22,33.13431167602539
2020-05-26,34.58544158935547
2020-05-27,35.17665100097656
2020-05-28,35.140811920166016
2020-05-29,34.58531188964844
2020-06-01,35.10920715332031
2020-06-02,36.50019836425781
2020-06-03,38.008628845214844
2020-06-04,39.99575424194336
2020-06-05,42.15452575683594
2020-06-08,42.1274299621582
2020-06-09,40.628028869628906
2020-06-10,38.74929428100586
2020-06-11,35.307918548583984
2020-06-12,36.15696716308594
2020-06-15,36.90666961669922
2020-06-16,37.4757080078125
2020-06-17,37.09634780883789
2020-06-18,37.22279739379883
2020-06-19,36.1118049621582
2020-06-22,35.34405517578125
2020-06-23,35.68727493286133
2020-06-24,34.19691848754883
2020-06-25,34.64854431152344
2020-06-26,33.81755828857422
2020-06-29,34.6214485168457
2020-06-30,34.820159912109375
2020-07-01,34.05241394042969
2020-07-02,33.87174987792969
2020-07-06,34.59434509277344
2020-07-07,33.58271789550781
2020-07-08,34.00724411010742
2020-07-09,32.34526443481445
2020-07-10,33.790462493896484
2020-07-13,33.962074279785156
2020-07-14,34.99177932739258
2020-07-15,36.50019836425781
2020-07-16,38.21636962890625
2020-07-17,37.891204833984375
2020-07-20,37.11440658569336
2020-07-21,37.6111946105957
2020-07-22,38.04475402832031
2020-07-23,38.29765701293945
2020-07-24,37.4666748046875
2020-07-27,36.88859558105469
2020-07-28,36.53633117675781
2020-07-29,37.430545806884766
2020-07-30,36.58149719238281
2020-07-31,38.22541046142578
2020-08-03,37.936363220214844
2020-08-04,36.644718170166016
2020-08-05,37.96345901489258
2020-08-06,37.5570068359375
2020-08-07,38.658958435058594
2020-08-10,39.43575668334961
2020-08-11,39.58027267456055
2020-08-12,38.658958435058594
2020-08-13,38.35185241699219
2020-08-14,38.667999267578125
2020-08-17,37.78281021118164
2020-08-18,37.28603744506836
2020-08-19,36.84343719482422
2020-08-20,36.391815185546875
2020-08-21,35.99439239501953
2020-08-24,37.3492546081543
2020-08-25,37.5028076171875
2020-08-26,36.54536437988281
2020-08-27,37.4757080078125
2020-08-28,37.493770599365234
2020-08-31,36.82465744018555
2020-09-01,37.36177444458008
2020-09-02,37.83516311645508
2020-09-03,37.3526725769043
2020-09-04,37.270729064941406
2020-09-08,36.00531768798828
2020-09-09,35.94158935546875
2020-09-10,35.41356658935547
2020-09-11,35.17686462402344
2020-09-14,35.40446472167969
2020-09-15,34.1208381652832
2020-09-16,34.7216796875
2020-09-17,34.275604248046875
2020-09-18,33.91145706176758
2020-09-21,32.99197006225586
2020-09-22,32.62782669067383
2020-09-23,32.12710952758789
2020-09-24,32.23635482788086
2020-09-25,32.59140396118164
2020-09-28,33.574615478515625
2020-09-29,33.255977630615234
2020-09-30,33.5564079284668
2020-10-01,33.4744758605957
2020-10-02,34.193668365478516
2020-10-05,35.713985443115234
2020-10-06,34.512298583984375
2020-10-07,34.548709869384766
2020-10-08,35.805023193359375
2020-10-09,35.14956283569336
2020-10-12,35.541015625
2020-10-13,34.357540130615234
2020-10-14,34.06620788574219
2020-10-15,34.4394645690918
2020-10-16,34.32112121582031
2020-10-19,33.85681915283203
2020-10-20,34.949275970458984
2020-10-21,36.77912902832031
2020-10-22,36.38766860961914
2020-10-23,36.97030258178711
2020-10-26,35.50460433959961
2020-10-27,34.193668365478516
2020-10-28,34.00248718261719
2020-10-29,35.222389221191406
2020-10-30,35.067626953125
2020-11-02,35.81413650512695
2020-11-03,35.97800064086914
2020-11-04,34.785404205322266
2020-11-05,36.3603515625
2020-11-06,35.86875534057617
2020-11-09,40.84850311279297
2020-11-10,41.71336364746094
2020-11-11,41.15803146362305
2020-11-12,40.72105407714844
2020-11-13,41.15803146362305
2020-11-16,42.1867561340332
2020-11-17,42.26868438720703
2020-11-18,41.76798629760742
2020-11-19,42.09571838378906
2020-11-20,41.667842864990234
2020-11-23,42.1867561340332
2020-11-24,43.27009582519531
2020-11-25,42.405250549316406
2020-11-27,41.72246170043945
2020-11-30,40.525936126708984
2020-12-01,41.653690338134766
2020-12-02,41.681209564208984
2020-12-03,42.02961730957031
2020-12-04,42.62559127807617
2020-12-07,41.754554748535156
2020-12-08,42.35969161987305
2020-12-09,43.615814208984375
2020-12-10,43.45994567871094
2020-12-11,42.396366119384766
2020-12-14,41.754554748535156
2020-12-15,41.94709777832031
2020-12-16,42.44221496582031
2020-12-17,42.891483306884766
2020-12-18,43.68915939331055
2020-12-21,43.5516242980957
2020-12-22,43.679988861083984
2020-12-23,44.257625579833984
2020-12-24,44.38599395751953
2020-12-28,44.193443298339844
2020-12-29,43.579139709472656
2020-12-30,43.95505142211914
2020-12-31,44.90861511230469
2021-01-04,44.275962829589844
2021-01-05,43.982566833496094
2021-01-06,46.63234329223633
2021-01-07,46.210567474365234
2021-01-08,45.74296188354492
2021-01-11,46.07304000854492
2021-01-12,47.54920959472656
2021-01-13,47.58588790893555
2021-01-14,48.01681900024414
2021-01-15,47.375
2021-01-19,48.28271484375
2021-01-20,48.12685012817383
2021-01-21,46.77903366088867
2021-01-22,46.183074951171875
2021-01-25,46.48563766479492
2021-01-26,45.76130676269531
2021-01-27,44.01923751831055
2021-01-28,44.91777801513672
2021-01-29,44.02839660644531
2021-02-01,44.321807861328125
2021-02-02,45.17450714111328
2021-02-03,45.32120895385742
2021-02-04,46.70568084716797
2021-02-05,46.247249603271484
2021-02-08,46.1280517578125
2021-02-09,46.06387710571289
2021-02-10,46.34810256958008
2021-02-11,46.17389678955078
2021-02-12,45.48624038696289
2021-02-16,44.743568420410156
2021-02-17,45.935508728027344
2021-02-18,45.31202697753906
2021-02-19,45.715457916259766
2021-02-22,46.78820037841797
2021-02-23,47.55837631225586
2021-02-24,48.73198699951172
2021-02-25,47.57672119140625
2021-02-26,46.79207992553711
2021-03-01,47.96442413330078
2021-03-02,47.632102966308594
2021-03-03,48.38904571533203
2021-03-04,48.047508239746094
2021-03-05,49.49677276611328
2021-03-08,50.57680892944336
2021-03-09,50.22602081298828
2021-03-10,50.50295639038086
2021-03-11,50.22602081298828
2021-03-12,51.1860466003418
2021-03-15,53.07841110229492
2021-03-16,52.339927673339844
2021-03-17,52.995330810546875
2021-03-18,62.90944290161133
2021-03-19,62.47559356689453
2021-03-22,62.11558151245117
2021-03-23,62.12483596801758
2021-03-24,61.89405822753906
2021-03-25,63.85102081298828
2021-03-26,62.494056701660156
2021-03-29,60.887855529785156
2021-03-30,62.503292083740234
2021-03-31,61.65403366088867
2021-04-01,63.02946090698242
2021-04-05,63.04791259765625
2021-04-06,62.58638381958008
2021-04-07,62.90944290161133
2021-04-08,61.441715240478516
2021-04-09,61.65403366088867
2021-04-12,61.40479278564453
2021-04-13,61.487884521484375
2021-04-14,61.02632522583008
2021-04-15,61.746337890625
2021-04-16,61.15556716918945
2021-04-19,61.59865951538086
2021-04-20,60.675559997558594
2021-04-21,62.26327896118164
2021-04-22,61.53404235839844
2021-04-23,63.07560348510742
2021-04-26,63.40793228149414
2021-04-27,64.15563201904297
2021-04-28,62.401756286621094
2021-04-29,61.524810791015625
2021-04-30,60.887855529785156
2021-05-03,60.97093963623047
2021-05-04,61.67249298095703
2021-05-05,61.57096481323242
2021-05-06,61.746337890625
2021-05-07,61.524810791015625
2021-05-10,60.82324981689453
2021-05-11,59.0693473815918
2021-05-12,58.50625991821289
2021-05-13,59.83552169799805
2021-05-14,60.98939895629883
2021-05-17,61.06325149536133
2021-05-18,60.39862060546875
2021-05-19,60.86017608642578
2021-05-20,60.62939453125
2021-05-21,60.38014602661133
2021-05-24,60.22322463989258
2021-05-25,59.61397933959961
2021-05-26,59.94629669189453
2021-05-27,60.703243255615234
2021-05-28,60.647560119628906
2021-06-01,60.77747344970703
2021-06-02,60.796043395996094
2021-06-03,60.898128509521484
2021-06-04,61.05589294433594
2021-06-07,60.48050308227539
2021-06-08,61.148704528808594
2021-06-09,61.25078582763672
2021-06-10,60.21137237548828
2021-06-11,60.43411636352539
2021-06-14,60.05361557006836
2021-06-15,60.10928726196289
2021-06-16,59.95153045654297
2021-06-17,58.336734771728516
2021-06-18,56.471378326416016
2021-06-21,57.67782211303711
2021-06-22,57.41797637939453
2021-06-23,57.3715705871582
2021-06-24,57.73350524902344
2021-06-25,58.85643768310547
2021-06-28,57.761348724365234
2021-06-29,57.61287307739258
2021-06-30,57.51077651977539
2021-07-01,58.17897033691406
2021-07-02,57.687103271484375
2021-07-06,56.82401657104492
2021-07-07,57.40869140625
2021-07-08,55.766056060791016
2021-07-09,57.148834228515625
2021-07-12,58.754356384277344
2021-07-13,58.09544372558594
2021-07-14,58.25321578979492
2021-07-15,58.717227935791016
2021-07-16,58.763633728027344
2021-07-19,56.96323013305664
2021-07-20,57.844871520996094
2021-07-21,58.1047248840332
2021-07-22,57.148834228515625
2021-07-23,56.98178482055664
2021-07-26,57.473655700683594
2021-07-27,57.4458122253418
2021-07-28,56.48065185546875
2021-07-29,58.66154479980469
2021-07-30,59.04204559326172
2021-08-02,59.78446578979492
2021-08-03,60.517616271972656
2021-08-04,59.849430084228516
2021-08-05,60.70323944091797
2021-08-06,61.62200927734375
2021-08-09,61.92826843261719
2021-08-10,62.030338287353516
2021-08-11,62.67070007324219
2021-08-12,63.09758758544922
2021-08-13,63.14398956298828
2021-08-16,62.90269470214844
2021-08-17,62.642852783203125
2021-08-18,61.90969467163086
2021-08-19,61.18583297729492
2021-08-20,61.4735221862793
2021-08-23,62.04889678955078
2021-08-24,62.345882415771484
2021-08-25,62.9769401550293
2021-08-26,62.42939376831055
2021-08-27,63.273921966552734
2021-08-30,62.1881103515625
2021-08-31,62.710548400878906
2021-09-01,63.27029037475586
2021-09-02,63.876670837402344
2021-09-03,63.52216720581055
2021-09-07,63.027732849121094
2021-09-08,63.98862838745117
2021-09-09,64.01660919189453
2021-09-10,64.31515502929688
2021-09-13,65.6025619506836
2021-09-14,65.4159927368164
2021-09-15,65.69586944580078
2021-09-16,65.8171615600586
2021-09-17,64.89354705810547
2021-09-20,63.89533615112305
2021-09-21,63.27029037475586
2021-09-22,64.30583190917969
2021-09-23,64.72563934326172
2021-09-24,64.74429321289062
2021-09-27,66.125
2021-09-28,65.99440002441406
2021-09-29,66.87135314941406
2021-09-30,65.53726196289062
2021-10-01,66.24629211425781
2021-10-04,65.46263122558594
2021-10-05,66.90865325927734
2021-10-06,67.57101440429688
2021-10-07,67.56168365478516
2021-10-08,68.11212921142578
2021-10-11,67.73893737792969
2021-10-12,67.13253784179688
2021-10-13,66.78738403320312
2021-10-14,67.5523681640625
2021-10-15,67.28182220458984
2021-10-18,66.9179916381836
2021-10-19,67.48706817626953
2021-10-20,68.19608306884766
2021-10-21,68.07481384277344
2021-10-22,69.12899017333984
2021-10-25,68.84912109375
2021-10-26,68.04680633544922
2021-10-27,67.92552185058594
2021-10-28,68.8304672241211
2021-10-29,68.03748321533203
2021-11-01,68.2333984375
2021-11-02,67.89753723144531
2021-11-03,69.10102081298828
2021-11-04,67.11390686035156
2021-11-05,67.01126098632812
2021-11-08,66.69408416748047
2021-11-09,67.32846069335938
2021-11-10,67.62700653076172
2021-11-11,68.27069854736328
2021-11-12,66.93666076660156
2021-11-15,67.47772979736328
2021-11-16,66.48885345458984
2021-11-17,66.3395767211914
2021-11-18,65.77050018310547
2021-11-19,65.0055160522461
2021-11-22,65.89176177978516
2021-11-23,67.6363296508789
2021-11-24,66.7220687866211
2021-11-26,64.60435485839844
2021-11-29,64.00729370117188
2021-11-30,62.013648986816406
2021-12-01,60.953514099121094
2021-12-02,62.914310455322266
2021-12-03,62.52027893066406
2021-12-06,63.48660659790039
2021-12-07,64.0307388305664
2021-12-08,64.2746810913086
2021-12-09,64.01197814941406
2021-12-10,63.93691635131836
2021-12-13,63.083187103271484
2021-12-14,63.843109130859375
2021-12-15,63.7680549621582
2021-12-16,64.82819366455078
2021-12-17,63.51475524902344
2021-12-20,62.013648986816406
2021-12-21,63.36464309692383
2021-12-22,63.449073791503906
2021-12-23,64.04949188232422
2021-12-27,64.58427429199219
2021-12-28,64.86572265625
2021-12-29,65.26913452148438
2021-12-30,64.84696197509766
2021-12-31,64.77191162109375
2022-01-03,65.21285247802734
2022-01-04,66.45124053955078
2022-01-05,66.01031494140625
2022-01-06,67.07984161376953
2022-01-07,67.6052017211914
2022-01-10,67.3988037109375
2022-01-11,67.9241943359375
2022-01-12,67.84913635253906
2022-01-13,67.93356323242188
2022-01-14,67.9710922241211
2022-01-18,66.91096496582031
2022-01-19,66.1041259765625
2022-01-20,66.70455169677734
2022-01-21,65.03458404541016
2022-01-24,66.2166976928711
2022-01-25,66.02906036376953
2022-01-26,65.88834381103516
2022-01-27,65.55061340332031
2022-01-28,66.79837036132812
2022-01-31,67.42695617675781
2022-02-01,67.66150665283203
2022-02-02,68.59967041015625
2022-02-03,67.72718048095703
2022-02-04,66.16041564941406
2022-02-07,65.88834381103516
2022-02-08,68.26193237304688
2022-02-09,68.505859375
2022-02-10,68.44957733154297
2022-02-11,67.11734771728516
2022-02-14,65.35358428955078
2022-02-15,66.6201171875
2022-02-16,66.817138671875
2022-02-17,66.25424194335938
2022-02-18,66.16978454589844
2022-02-22,65.96339416503906
2022-02-23,65.11903381347656
2022-02-24,63.30836486816406
2022-02-25,66.36681365966797
2022-02-28,65.54141235351562
2022-03-01,62.72089767456055
2022-03-02,65.2584228515625
2022-03-03,65.34333038330078
2022-03-04,63.645355224609375
2022-03-07,61.673824310302734
2022-03-08,62.18321990966797
2022-03-09,64.04153442382812
2022-03-10,63.0699348449707
2022-03-11,63.15483093261719
2022-03-14,63.67366027832031
2022-03-15,64.2302017211914
2022-03-16,65.78668212890625
2022-03-17,66.3526611328125
2022-03-18,66.83375549316406
2022-03-21,67.45635223388672
2022-03-22,67.71102142333984
2022-03-23,66.86204528808594
2022-03-24,67.57897186279297
2022-03-25,68.58830261230469
2022-03-28,68.29588317871094
2022-03-29,69.22032165527344
2022-03-30,69.35238647460938
2022-03-31,67.73931884765625
2022-04-01,68.4279556274414
2022-04-04,66.99410247802734
2022-04-05,67.41861724853516
2022-04-06,67.85252380371094
2022-04-07,68.34304809570312
2022-04-08,69.92782592773438
2022-04-11,69.91839599609375
2022-04-12,70.19194793701172
2022-04-13,71.07866668701172
2022-04-14,70.70133972167969
2022-04-18,70.79566955566406
2022-04-19,69.30522918701172
2022-04-20,70.41834259033203
2022-04-21,68.96563720703125
2022-04-22,67.45635223388672
2022-04-25,67.35256958007812
2022-04-26,65.97533416748047
2022-04-27,66.02250671386719
2022-04-28,67.22994995117188
2022-04-29,65.96589660644531
2022-05-02,66.12625885009766
2022-05-03,66.66395568847656
2022-05-04,69.10713195800781
2022-05-05,67.927978515625
2022-05-06,68.02232360839844
2022-05-09,66.78658294677734
2022-05-10,66.05078887939453
2022-05-11,65.84327697753906
2022-05-12,65.18295288085938
2022-05-13,65.60743713378906
2022-05-16,65.3338851928711
2022-05-17,66.95639038085938
2022-05-18,64.86222076416016
2022-05-19,63.6170654296875
2022-05-20,63.003902435302734
2022-05-23,64.7396011352539
2022-05-24,65.04144287109375
2022-05-25,65.89042663574219
2022-05-26,66.69224548339844
2022-05-27,68.57886505126953
2022-05-31,68.76380157470703
2022-06-01,67.59735107421875
2022-06-02,68.23273468017578
2022-06-03,68.16634368896484
2022-06-06,69.0103759765625
2022-06-07,69.63627624511719
2022-06-08,68.08099365234375
2022-06-09,66.17484283447266
2022-06-10,64.7523422241211
2022-06-13,62.67548370361328
2022-06-14,63.159141540527344
2022-06-15,63.56692886352539
2022-06-16,61.04435729980469
2022-06-17,61.025386810302734
2022-06-21,61.708187103271484
2022-06-22,61.859928131103516
2022-06-23,59.56495666503906
2022-06-24,62.29616165161133
2022-06-27,62.37202072143555
2022-06-28,62.078033447265625
2022-06-29,61.57542037963867
2022-06-30,62.049591064453125
2022-07-01,62.81774139404297
2022-07-05,61.6607666015625
2022-07-06,62.01165771484375
2022-07-07,62.74187469482422
2022-07-08,62.27718734741211
2022-07-11,61.736629486083984
2022-07-12,61.57542037963867
2022-07-13,60.84520721435547
2022-07-14,58.45539855957031
2022-07-15,59.73565673828125
2022-07-18,58.71145248413086
2022-07-19,60.20034408569336
2022-07-20,60.02015686035156
2022-07-21,59.80203628540039
2022-07-22,60.48483657836914
2022-07-25,61.44266128540039
2022-07-26,61.03487777709961
2022-07-27,61.01589584350586
2022-07-28,59.60289001464844
2022-07-29,61.139190673828125
2022-08-01,60.152923583984375
2022-08-02,59.70720672607422
2022-08-03,60.1718864440918
2022-08-04,59.86841583251953
2022-08-05,60.84520721435547
2022-08-08,61.26247024536133
2022-08-09,62.36254119873047
2022-08-10,63.36778259277344
2022-08-11,64.16438293457031
2022-08-12,65.397216796875
2022-08-15,65.32134246826172
2022-08-16,66.0895004272461
2022-08-17,65.79551696777344
2022-08-18,66.19381713867188
2022-08-19,65.25496673583984
2022-08-22,63.77555847167969
2022-08-23,63.69969940185547
2022-08-24,63.576419830322266
2022-08-25,64.183349609375
2022-08-26,62.779815673828125
2022-08-29,62.33409118652344
2022-08-30,61.68923568725586
2022-08-31,61.350563049316406
2022-09-01,62.16144943237305
2022-09-02,61.99925994873047
2022-09-06,62.00880432128906
2022-09-07,62.72428894042969
2022-09-08,63.31576156616211
2022-09-09,63.935855865478516
2022-09-12,64.67996215820312
2022-09-13,63.268062591552734
2022-09-14,62.63843536376953
2022-09-15,62.67659378051758
2022-09-16,62.34269714355469
2022-09-19,62.79106903076172
2022-09-20,61.97064208984375
2022-09-21,60.1676139831543
2022-09-22,59.51891326904297
2022-09-23,59.07054138183594
2022-09-26,57.83991241455078
2022-09-27,59.118247985839844
2022-09-28,60.158077239990234
2022-09-29,59.76695251464844
2022-09-30,59.08961868286133
2022-10-03,60.64461135864258
2022-10-04,62.924625396728516
2022-10-05,62.733829498291016
2022-10-06,61.85616683959961
2022-10-07,61.09298324584961
2022-10-10,60.86403274536133
2022-10-11,61.264705657958984
2022-10-12,60.740013122558594
2022-10-13,63.45885467529297
2022-10-14,61.77030563354492
2022-10-17,62.98186492919922
2022-10-18,63.72598648071289
2022-10-19,64.87075805664062
2022-10-20,62.59073257446289
2022-10-21,64.09803771972656
2022-10-24,66.13953399658203
2022-10-25,66.29218292236328
2022-10-26,66.06322479248047
2022-10-27,67.01720428466797
2022-10-28,68.83931732177734
2022-10-31,69.07781982421875
2022-11-01,70.34660339355469
2022-11-02,69.03965759277344
2022-11-03,69.46894836425781
2022-11-04,70.3943099975586
2022-11-07,70.5660171508789
2022-11-08,70.11764526367188
2022-11-09,68.60082244873047
2022-11-10,70.88084411621094
2022-11-11,70.2416763305664
2022-11-14,68.98240661621094
2022-11-15,69.52617645263672
2022-11-16,69.53572082519531
2022-11-17,69.71697998046875
2022-11-18,70.29890441894531
2022-11-21,70.2416763305664
2022-11-22,71.31012725830078
2022-11-23,72.05423736572266
2022-11-25,72.47399139404297
2022-11-28,71.60586547851562
2022-11-29,72.34042358398438
2022-11-30,73.2662124633789
2022-12-01,72.55628967285156
2022-12-02,72.75773620605469
2022-12-05,71.64488983154297
2022-12-06,71.99026489257812
2022-12-07,71.5297622680664
2022-12-08,71.80799102783203
2022-12-09,71.60652160644531
2022-12-12,71.9710693359375
2022-12-13,72.70018005371094
2022-12-14,72.15336608886719
2022-12-15,70.9445571899414
2022-12-16,71.19400024414062
2022-12-19,70.66634368896484
2022-12-20,71.80799102783203
2022-12-21,72.93043518066406
2022-12-22,72.31643676757812
2022-12-23,73.03594970703125
2022-12-27,73.49644470214844
2022-12-28,72.604248046875
2022-12-29,73.27581024169922
2022-12-30,72.7481460571289
2023-01-03,72.28766632080078
2023-01-04,73.69790649414062
2023-01-05,73.94735717773438
2023-01-06,75.6933822631836
2023-01-09,73.7267074584961
2023-01-10,73.10310363769531
2023-01-11,72.89205169677734
2023-01-12,73.15107727050781
2023-01-13,73.5635986328125
2023-01-17,72.87287139892578
2023-01-18,72.05741882324219
2023-01-19,71.2899169921875
2023-01-20,71.99987030029297
2023-01-23,73.0263671875
2023-01-24,73.28538513183594
2023-01-25,73.95693969726562
2023-01-26,74.52296447753906
2023-01-27,73.5156478881836
2023-01-30,73.43889617919922
2023-01-31,74.45581817626953
2023-02-01,72.94001770019531
2023-02-02,71.40505981445312
2023-02-03,71.73123931884766
2023-02-06,72.18213653564453
2023-02-07,73.16068267822266
2023-02-08,73.17027282714844
2023-02-09,73.2182388305664
2023-02-10,74.07206726074219
2023-02-13,75.29045867919922
2023-02-14,74.42704010009766
2023-02-15,74.63809967041016
2023-02-16,74.34069061279297
2023-02-17,75.26168060302734
2023-02-21,74.23515319824219
2023-02-22,74.0145034790039
2023-02-23,74.07206726074219
2023-02-24,74.80118560791016
2023-02-27,74.67646789550781
2023-02-28,75.09857940673828
2023-03-01,74.38866424560547
2023-03-02,74.20636749267578
2023-03-03,74.77071380615234
2023-03-06,74.98294067382812
2023-03-07,72.53270721435547
2023-03-08,71.05677032470703
2023-03-09,69.53260803222656
2023-03-10,67.71905517578125
2023-03-13,64.63214111328125
2023-03-14,65.81867218017578
2023-03-15,63.02116775512695
2023-03-16,66.19488525390625
2023-03-17,63.39738082885742
2023-03-20,64.67073059082031
2023-03-21,67.10166931152344
2023-03-22,64.78649139404297
2023-03-23,63.464908599853516
2023-03-24,63.78324508666992
2023-03-27,64.41991424560547
2023-03-28,64.63214111328125
2023-03-29,67.12096405029297
2023-03-30,66.46499633789062
2023-03-31,67.22708129882812
2023-04-03,67.64187622070312
2023-04-04,66.61933898925781
2023-04-05,66.80261993408203
2023-04-06,67.39107513427734
2023-04-10,67.66116333007812
2023-04-11,68.09526824951172
2023-04-12,68.33642578125
2023-04-13,68.3267822265625
2023-04-14,65.63538360595703
2023-04-17,66.93767547607422
2023-04-18,67.5357666015625
2023-04-19,68.20137786865234
2023-04-20,67.95056915283203
2023-04-21,67.0823745727539
2023-04-24,67.41035461425781
2023-04-25,66.64827728271484
2023-04-26,66.05018615722656
2023-04-27,67.43931579589844
2023-04-28,68.48113250732422
2023-05-01,68.7608871459961
2023-05-02,68.01809692382812
2023-05-03,66.88943481445312
2023-05-04,65.80902862548828
2023-05-05,67.26566314697266
2023-05-08,67.95056915283203
2023-05-09,67.96021270751953
2023-05-10,67.41035461425781
2023-05-11,67.40071868896484
2023-05-12,67.06307983398438
2023-05-15,67.72869873046875
2023-05-16,67.0823745727539
2023-05-17,67.80587005615234
2023-05-18,68.85734558105469
2023-05-19,68.712646484375
2023-05-22,68.41360473632812
2023-05-23,68.55831146240234
2023-05-24,67.27530670166016
2023-05-25,66.22383117675781
2023-05-26,66.25276947021484
2023-05-30,66.35888671875
2023-05-31,66.50932312011719
2023-06-01,66.86846160888672
2023-06-02,68.47976684570312
2023-06-05,67.8876724243164
2023-06-06,68.51858520507812
2023-06-07,69.6639633178711
2023-06-08,68.91656494140625
2023-06-09,69.22716522216797
2023-06-12,69.34365844726562
2023-06-13,69.56689453125
2023-06-14,68.56713104248047
2023-06-15,68.97480010986328
2023-06-16,69.7707290649414
2023-06-20,68.52828979492188
2023-06-21,68.70301818847656
2023-06-22,68.04296875
2023-06-23,68.40211486816406
2023-06-26,68.25650787353516
2023-06-27,69.285400390625
2023-06-28,68.21768188476562
2023-06-29,69.23688507080078
2023-06-30,69.9066162109375
2023-07-03,70.17840576171875
2023-07-05,69.92603302001953
2023-07-06,70.27547454833984
2023-07-07,70.59579467773438
2023-07-10,70.37254333496094
2023-07-11,71.00347137451172
2023-07-12,70.46959686279297
2023-07-13,70.36283111572266
2023-07-14,68.43122863769531
2023-07-17,70.10075378417969
2023-07-18,70.50843811035156
2023-07-19,70.30459594726562
2023-07-20,72.44974517822266
2023-07-21,71.98383331298828
2023-07-24,72.64387512207031
2023-07-25,72.32357025146484
2023-07-26,73.43981170654297
2023-07-27,73.83778381347656
2023-07-28,70.12016296386719
2023-07-31,69.7707290649414
2023-08-01,69.87751007080078
2023-08-02,70.07162475585938
2023-08-03,70.46959686279297
2023-08-04,70.3919448852539
2023-08-07,71.47908020019531
2023-08-08,70.93551635742188
2023-08-09,70.70256042480469
2023-08-10,71.00347137451172
2023-08-11,71.44026184082031
2023-08-14,71.11994934082031
2023-08-15,70.06192779541016
2023-08-16,70.21723175048828
2023-08-17,69.3630599975586
2023-08-18,69.71248626708984
2023-08-21,69.31454467773438
2023-08-22,68.9456787109375
2023-08-23,69.22716522216797
2023-08-24,69.49894714355469
2023-08-25,69.6833724975586
2023-08-28,69.81925964355469
2023-08-29,70.168701171875
2023-08-30,70.04251861572266
2023-08-31,70.12550354003906
2023-09-01,70.72112274169922
2023-09-05,70.12550354003906
2023-09-06,70.15480041503906
2023-09-07,70.09622192382812
2023-09-08,69.80329895019531
2023-09-11,69.4908447265625
2023-09-12,70.58441925048828
2023-09-13,70.48678588867188
2023-09-14,71.60964965820312
2023-09-15,71.26790618896484
2023-09-18,71.54129791259766
2023-09-19,72.02951049804688
2023-09-20,72.20525360107422
2023-09-21,71.25814819335938
2023-09-22,71.25814819335938
2023-09-25,71.22885131835938
2023-09-26,70.37938690185547
2023-09-27,70.01811218261719
2023-09-28,70.4184341430664
2023-09-29,69.23698425292969
2023-10-02,69.15887451171875
2023-10-03,68.06529235839844
2023-10-04,68.50467681884766
2023-10-05,68.9733657836914
2023-10-06,69.29557800292969
2023-10-09,69.34439086914062
2023-10-10,69.32486724853516
2023-10-11,69.26628875732422
2023-10-12,68.51444244384766
2023-10-13,69.28581237792969
2023-10-16,70.67229461669922
2023-10-17,71.27767181396484
2023-10-18,71.23860931396484
2023-10-19,70.29150390625
2023-10-20,68.729248046875
2023-10-23,67.8700180053711
2023-10-24,68.729248046875
2023-10-25,70.19385528564453
2023-10-26,70.20362854003906
2023-10-27,68.74878692626953
2023-10-30,70.9261703491211
2023-10-31,71.71704864501953
2023-11-01,72.11737823486328
2023-11-02,71.88304901123047
2023-11-03,72.38101196289062
2023-11-06,72.22478485107422
2023-11-07,72.11737823486328
2023-11-08,71.31673431396484
2023-11-09,71.59989166259766
2023-11-10,72.22478485107422
2023-11-13,72.48841094970703
2023-11-14,73.10356140136719
2023-11-15,73.57223510742188
2023-11-16,74.54862976074219
2023-11-17,74.7341537475586
2023-11-20,74.53887176513672
2023-11-21,75.49575805664062
2023-11-22,75.91559600830078
2023-11-24,76.3061752319336
2023-11-27,76.5795669555664
2023-11-28,75.36882019042969
2023-11-29,75.16377258300781
2023-11-30,76.78475189208984
2023-12-01,76.45072174072266
2023-12-04,77.24646759033203
2023-12-05,77.58049011230469
2023-12-06,77.01069641113281
2023-12-07,76.9124526977539
2023-12-08,76.90263366699219
2023-12-11,77.41348266601562
2023-12-12,78.40570068359375
2023-12-13,79.24076080322266
2023-12-14,78.91656494140625
2023-12-15,78.43517303466797
2023-12-18,79.04426574707031
2023-12-19,79.61405944824219
2023-12-20,78.1109848022461
2023-12-21,77.6787338256836
2023-12-22,78.16992950439453
2023-12-26,78.39588165283203
2023-12-27,78.5628890991211
2023-12-28,79.00496673583984
2023-12-29,78.9656753540039
2024-01-02,79.96772766113281
2024-01-03,79.9579086303711
2024-01-04,80.55716705322266
2024-01-05,81.36274719238281
2024-01-08,80.56700134277344
2024-01-09,80.4294662475586
2024-01-10,80.97960662841797
2024-01-11,81.3332748413086
2024-01-12,80.71436309814453
2024-01-16,81.0582046508789
2024-01-17,80.93048095703125
2024-01-18,81.52975463867188
2024-01-19,83.52403259277344
2024-01-22,84.15278625488281
2024-01-23,84.26083374023438
2024-01-24,84.89939880371094
2024-01-25,85.58708953857422
2024-01-26,85.28253936767578
2024-01-29,85.2923583984375
2024-01-30,86.08810424804688
2024-01-31,85.42990112304688
2024-02-01,85.5379638671875
2024-02-02,88.73077392578125
2024-02-05,88.46553802490234
2024-02-06,88.12168884277344
2024-02-07,88.26905822753906
2024-02-08,88.15116119384766
2024-02-09,89.21215057373047
2024-02-12,89.41845703125
2024-02-13,88.96656036376953
2024-02-14,89.85071563720703
2024-02-15,91.44222259521484
2024-02-16,91.42256927490234
2024-02-20,91.78605651855469
2024-02-21,92.2674331665039
2024-02-22,92.85687255859375
2024-02-23,94.19293975830078
2024-02-26,93.70173645019531
2024-02-27,94.05540466308594
2024-02-28,93.92769622802734
2024-02-29,94.15364837646484
2024-03-01,93.2453842163086
2024-03-04,93.60079956054688
2024-03-05,94.6176528930664
2024-03-06,96.22687530517578
2024-03-07,95.82210540771484
2024-03-08,95.62464904785156
2024-03-11,96.84883880615234
2024-03-12,97.67813110351562
2024-03-13,98.19149017333984
2024-03-14,97.70774841308594
2024-03-15,97.80646514892578
2024-03-18,98.37906646728516
2024-03-19,99.1195068359375
2024-03-20,99.83032989501953
2024-03-21,99.26759338378906
2024-03-22,98.882568359375
2024-03-25,99.38605499267578
2024-03-26,99.61312866210938
2024-03-27,100.99527740478516
2024-03-28,101.73571014404297
2024-04-01,101.18284606933594
2024-04-02,100.56088256835938
2024-04-03,100.81757354736328
2024-04-04,100.5213851928711
2024-04-05,101.92327880859375
2024-04-08,101.44940948486328
2024-04-09,97.60902404785156
2024-04-10,98.04340362548828
2024-04-11,96.09851837158203
2024-04-12,96.53291320800781
2024-04-15,96.05904388427734
2024-04-16,96.48355865478516
2024-04-17,94.55842590332031
2024-04-18,95.7135009765625
2024-04-19,97.68799591064453
2024-04-22,98.54690551757812
2024-04-23,98.75421905517578
2024-04-24,98.58638763427734
2024-04-25,97.82621002197266
2024-04-26,94.08454895019531
2024-04-29,95.83197784423828
2024-04-30,95.65426635742188
2024-05-01,95.98006439208984
2024-05-02,96.24661254882812
2024-05-03,96.65138244628906
2024-05-06,97.8656997680664
2024-05-07,98.07301330566406
2024-05-08,98.40869140625
2024-05-09,100.03764343261719
2024-05-10,100.59049987792969
2024-05-13,99.25772857666016
2024-05-14,100.03764343261719
2024-05-15,99.32682037353516
2024-05-16,100.86692810058594
2024-05-17,101.85417175292969
2024-05-20,100.778076171875
2024-05-21,100.81757354736328
2024-05-22,101.0742416381836
2024-05-23,99.3663101196289
2024-05-24,99.98828125
2024-05-28,99.05039978027344
2024-05-29,98.47779083251953
2024-05-30,99.94878387451172
2024-05-31,102.13059997558594
2024-06-03,100.77190399169922
2024-06-04,99.75039672851562
2024-06-05,99.37352752685547
2024-06-06,98.9371566772461
2024-06-07,100.0181655883789
2024-06-10,100.03800201416016
2024-06-11,98.6098861694336
2024-06-12,98.58013153076172
2024-06-13,98.89749145507812
2024-06-14,98.64955139160156
2024-06-17,100.40495300292969
2024-06-18,101.66448211669922
2024-06-20,102.83474731445312
2024-06-21,102.09093475341797
2024-06-24,103.55872344970703
2024-06-25,102.68598937988281
2024-06-26,101.39669799804688
2024-06-27,101.90249633789062
2024-06-28,99.71073150634766
2024-07-01,99.06608581542969
2024-07-02,99.2049331665039
2024-07-03,98.79832458496094
2024-07-05,97.89582061767578
2024-07-08,98.33219146728516
2024-07-09,98.92724609375
2024-07-10,99.27435302734375
2024-07-11,100.5041275024414
2024-07-12,100.9107437133789
2024-07-15,101.83307647705078
2024-07-16,102.14051818847656
2024-07-17,104.17361450195312
2024-07-18,104.19344329833984
2024-07-19,100.2760238647461
2024-07-22,101.23802185058594
2024-07-23,101.07933807373047
2024-07-24,101.09918212890625
2024-07-25,101.48596954345703
2024-07-26,108.72574615478516
2024-07-29,109.18195343017578
2024-07-30,110.8580093383789
2024-07-31,110.00511169433594
2024-08-01,108.7158432006836
2024-08-02,107.7439193725586
2024-08-05,103.9950942993164
2024-08-06,104.24303436279297
2024-08-07,104.36204528808594
2024-08-08,106.51415252685547
2024-08-09,107.30754089355469
2024-08-12,106.20669555664062
2024-08-13,107.06951904296875
2024-08-14,108.70591735839844
2024-08-15,109.22162628173828
2024-08-16,109.54890441894531
2024-08-19,110.27288818359375
2024-08-20,109.95552062988281
2024-08-21,110.2034683227539
2024-08-22,110.739013671875
2024-08-23,111.69109344482422
2024-08-26,112.0877914428711
2024-08-27,112.52416229248047
2024-08-28,113.37706756591797
2024-08-29,115.19197845458984
2024-08-30,115.14237976074219
2024-09-03,115.6900634765625
2024-09-04,115.51082611083984
2024-09-05,114.5947036743164
2024-09-06,114.00718688964844
2024-09-09,116.4169921875
2024-09-10,116.34728240966797
2024-09-11,113.5790023803711
2024-09-12,114.684326171875
2024-09-13,114.87352752685547
2024-09-16,116.13816833496094
2024-09-17,116.57630920410156
2024-09-18,116.20787048339844
2024-09-19,115.45108032226562
2024-09-20,115.82947540283203
2024-09-23,116.4866943359375
2024-09-24,115.97884368896484
2024-09-25,116.13816833496094
2024-09-26,116.02862548828125
2024-09-27,116.28753662109375
2024-09-30,117.1140365600586
2024-10-01,117.46255493164062
2024-10-02,117.08415985107422
2024-10-03,116.16804504394531
2024-10-04,117.59201049804688
2024-10-07,113.95740509033203
2024-10-08,115.13243103027344
2024-10-09,115.79960632324219
2024-10-10,115.81951141357422
2024-10-11,116.8650894165039
2024-10-14,117.99032592773438
2024-10-15,118.08989715576172
2024-10-16,119.11556243896484
2024-10-17,121.81413269042969
2024-10-18,121.48551940917969
2024-10-21,120.42003631591797
2024-10-22,119.55370330810547
2024-10-23,119.34458923339844
2024-10-24,119.95201873779297
2024-10-25,111.7865982055664
2024-10-28,112.91182708740234
2024-10-29,111.66709899902344
2024-10-30,112.24465942382812
2024-10-31,109.97427368164062
2024-11-01,109.62574005126953
2024-11-04,110.69123840332031
2024-11-05,111.15924835205078
2024-11-06,116.22779083251953
2024-11-07,114.7042465209961
2024-11-08,116.9347915649414
2024-11-11,117.20365142822266
2024-11-12,117.40281677246094
2024-11-13,117.14390563964844
2024-11-14,115.93901062011719
2024-11-15,117.45259857177734
2024-11-18,117.6318359375
2024-11-19,116.3273696899414
2024-11-20,117.71150207519531
2024-11-21,119.1354751586914
2024-11-22,120.21092224121094
2024-11-25,121.0075454711914
2024-11-26,122.10291290283203
2024-11-27,123.21818542480469
2024-11-29,122.78999328613281
2024-12-02,121.22000122070312
2024-12-03,120.83999633789062
2024-12-04,120.5999984741211
2024-12-05,121.22000122070312
2024-12-06,119.54000091552734
2024-12-09,116.20999908447266
2024-12-10,112.9800033569336
2024-12-11,113.02999877929688
2024-12-12,110.91999816894531
2024-12-13,112.08000183105469
2024-12-16,110.7300033569336
2024-12-17,109.05000305175781
