,HRL
2014-01-02,17.6162052154541
2014-01-03,17.726726531982422
2014-01-06,17.679363250732422
2014-01-07,17.8767147064209
2014-01-08,17.68330955505371
2014-01-09,17.805667877197266
2014-01-10,17.99118995666504
2014-01-13,17.805667877197266
2014-01-14,18.32669448852539
2014-01-15,18.30301284790039
2014-01-16,18.409591674804688
2014-01-17,18.17569923400879
2014-01-21,18.207414627075195
2014-01-22,18.21137237548828
2014-01-23,18.072635650634766
2014-01-24,17.894241333007812
2014-01-27,18.044885635375977
2014-01-28,18.132097244262695
2014-01-29,17.58503532409668
2014-01-30,17.866485595703125
2014-01-31,18.013166427612305
2014-02-03,17.2282657623291
2014-02-04,17.101408004760742
2014-02-05,17.085554122924805
2014-02-06,17.204469680786133
2014-02-07,17.351144790649414
2014-02-10,17.311506271362305
2014-02-11,17.59693145751953
2014-02-12,17.565216064453125
2014-02-13,17.751529693603516
2014-02-14,17.90216827392578
2014-02-18,17.898210525512695
2014-02-19,17.961633682250977
2014-02-20,18.31047248840332
2014-02-21,18.51661491394043
2014-02-24,18.611757278442383
2014-02-25,18.587968826293945
2014-02-26,18.6236515045166
2014-02-27,18.69896697998047
2014-02-28,18.809965133666992
2014-03-03,18.651399612426758
2014-03-04,18.88924789428711
2014-03-05,18.972497940063477
2014-03-06,18.754465103149414
2014-03-07,18.742578506469727
2014-03-10,18.790142059326172
2014-03-11,18.6236515045166
2014-03-12,18.714818954467773
2014-03-13,18.536436080932617
2014-03-14,18.6831111907959
2014-03-17,18.69896697998047
2014-03-18,18.8416748046875
2014-03-19,18.710866928100586
2014-03-20,18.7742862701416
2014-03-21,18.75050163269043
2014-03-24,18.80600357055664
2014-03-25,19.000246047973633
2014-03-26,19.119169235229492
2014-03-27,19.107275009155273
2014-03-28,19.186559677124023
2014-03-31,19.531442642211914
2014-04-01,19.384763717651367
2014-04-02,19.210346221923828
2014-04-03,19.16277503967285
2014-04-04,18.960601806640625
2014-04-07,19.047815322875977
2014-04-08,19.01609992980957
2014-04-09,19.012134552001953
2014-04-10,18.73067855834961
2014-04-11,18.61968421936035
2014-04-14,18.83771324157715
2014-04-15,18.76636505126953
2014-04-16,18.989294052124023
2014-04-17,19.021135330200195
2014-04-21,19.013179779052734
2014-04-22,19.068920135498047
2014-04-23,19.080856323242188
2014-04-24,18.949480056762695
2014-04-25,18.969385147094727
2014-04-28,19.080856323242188
2014-04-29,18.861909866333008
2014-04-30,18.985307693481445
2014-05-01,18.953466415405273
2014-05-02,19.09678077697754
2014-05-05,18.993270874023438
2014-05-06,18.826074600219727
2014-05-07,19.176401138305664
2014-05-08,19.200284957885742
2014-05-09,19.39535140991211
2014-05-12,19.45905113220215
2014-05-13,19.64217185974121
2014-05-14,19.42720603942871
2014-05-15,19.39933204650879
2014-05-16,19.49089241027832
2014-05-19,19.53469467163086
2014-05-20,19.31970977783203
2014-05-21,18.76636505126953
2014-05-22,18.435941696166992
2014-05-23,18.575275421142578
2014-05-27,19.029098510742188
2014-05-28,18.993270874023438
2014-05-29,19.391380310058594
2014-05-30,19.590423583984375
2014-06-02,19.62226676940918
2014-06-03,19.70189094543457
2014-06-04,19.73771858215332
2014-06-05,19.68596649169922
2014-06-06,19.61431312561035
2014-06-09,19.73373794555664
2014-06-10,19.61431312561035
2014-06-11,19.335634231567383
2014-06-12,19.240100860595703
2014-06-13,19.164459228515625
2014-06-16,19.271949768066406
2014-06-17,19.315736770629883
2014-06-18,19.51080322265625
2014-06-19,19.713830947875977
2014-06-20,19.809375762939453
2014-06-23,19.58245849609375
2014-06-24,19.4431209564209
2014-06-25,19.35554313659668
2014-06-26,19.34360122680664
2014-06-27,19.526729583740234
2014-06-30,19.646160125732422
2014-07-01,19.58245849609375
2014-07-02,19.252037048339844
2014-07-03,19.29583168029785
2014-07-07,19.53469467163086
2014-07-08,19.4948787689209
2014-07-09,19.470991134643555
2014-07-10,19.391380310058594
2014-07-11,19.41127586364746
2014-07-14,19.40729522705078
2014-07-15,19.287866592407227
2014-07-16,19.168439865112305
2014-07-17,19.160444259643555
2014-07-18,19.400297164916992
2014-07-21,19.192424774169922
2014-07-22,19.288362503051758
2014-07-23,19.124465942382812
2014-07-24,19.07249641418457
2014-07-25,19.076496124267578
2014-07-28,18.932575225830078
2014-07-29,18.808652877807617
2014-07-30,18.488840103149414
2014-07-31,18.09308624267578
2014-08-01,17.993144989013672
2014-08-04,18.141054153442383
2014-08-05,18.1170711517334
2014-08-06,18.372915267944336
2014-08-07,18.217008590698242
2014-08-08,18.472854614257812
2014-08-11,18.696725845336914
2014-08-12,18.700721740722656
2014-08-13,18.76468276977539
2014-08-14,18.924585342407227
2014-08-15,18.844635009765625
2014-08-18,18.9605655670166
2014-08-19,18.99254608154297
2014-08-20,19.132461547851562
2014-08-21,19.955970764160156
2014-08-22,19.97195816040039
2014-08-25,20.039913177490234
2014-08-26,20.04391098022461
2014-08-27,20.131855010986328
2014-08-28,20.247783660888672
2014-08-29,20.259775161743164
2014-09-02,20.35572052001953
2014-09-03,20.44367027282715
2014-09-04,20.31574249267578
2014-09-05,20.419687271118164
2014-09-08,20.327733993530273
2014-09-09,20.131855010986328
2014-09-10,20.175830841064453
2014-09-11,20.211807250976562
2014-09-12,19.975948333740234
2014-09-15,20.0079288482666
2014-09-16,20.311744689941406
2014-09-17,20.211807250976562
2014-09-18,20.375709533691406
2014-09-19,20.195819854736328
2014-09-22,20.103870391845703
2014-09-23,19.987947463989258
2014-09-24,20.271770477294922
2014-09-25,19.979948043823242
2014-09-26,20.07189178466797
2014-09-29,20.30775260925293
2014-09-30,20.543609619140625
2014-10-01,20.41168975830078
2014-10-02,20.635555267333984
2014-10-03,20.70751190185547
2014-10-06,20.55160140991211
2014-10-07,20.279767990112305
2014-10-08,20.583581924438477
2014-10-09,20.635555267333984
2014-10-10,20.695514678955078
2014-10-13,20.55959701538086
2014-10-14,20.779470443725586
2014-10-15,20.32374382019043
2014-10-16,20.010698318481445
2014-10-17,20.135114669799805
2014-10-20,20.660863876342773
2014-10-21,21.074243545532227
2014-10-22,21.090295791625977
2014-10-23,21.07023048400879
2014-10-24,21.086278915405273
2014-10-27,21.082271575927734
2014-10-28,21.27090072631836
2014-10-29,21.298995971679688
2014-10-30,21.427419662475586
2014-10-31,21.636117935180664
2014-11-03,21.712366104125977
2014-11-04,21.79665184020996
2014-11-05,21.88493537902832
2014-11-06,21.888959884643555
2014-11-07,21.840795516967773
2014-11-10,21.856847763061523
2014-11-11,21.97323226928711
2014-11-12,21.93310546875
2014-11-13,22.141801834106445
2014-11-14,21.87290382385254
2014-11-17,22.11772346496582
2014-11-18,22.11772346496582
2014-11-19,22.189956665039062
2014-11-20,22.005346298217773
2014-11-21,21.804683685302734
2014-11-24,21.724414825439453
2014-11-25,20.596647262573242
2014-11-26,21.158527374267578
2014-11-28,21.303003311157227
2014-12-01,21.206687927246094
2014-12-02,21.17457389831543
2014-12-03,21.166549682617188
2014-12-04,21.07023048400879
2014-12-05,21.1785888671875
2014-12-08,21.23879051208496
2014-12-09,20.98193359375
2014-12-10,20.636783599853516
2014-12-11,20.817386627197266
2014-12-12,20.452167510986328
2014-12-15,20.367889404296875
2014-12-16,20.123075485229492
2014-12-17,20.41604995727539
2014-12-18,20.8815975189209
2014-12-19,20.98193359375
2014-12-22,21.25083351135254
2014-12-23,21.371231079101562
2014-12-24,21.303003311157227
2014-12-26,21.27090072631836
2014-12-29,21.343143463134766
2014-12-30,21.28293800354004
2014-12-31,20.909692764282227
2015-01-02,20.717052459716797
2015-01-05,20.347820281982422
2015-01-06,20.195310592651367
2015-01-07,20.524410247802734
2015-01-08,20.745141983032227
2015-01-09,20.580596923828125
2015-01-12,20.27557945251465
2015-01-13,20.347820281982422
2015-01-14,20.30367660522461
2015-01-15,20.545671463012695
2015-01-16,20.76750373840332
2015-01-20,20.95706558227539
2015-01-21,21.37249755859375
2015-01-22,21.670969009399414
2015-01-23,21.517696380615234
2015-01-26,21.481395721435547
2015-01-27,21.352333068847656
2015-01-28,21.13453483581543
2015-01-29,21.191001892089844
2015-01-30,20.658605575561523
2015-02-02,20.86833953857422
2015-02-03,21.082103729248047
2015-02-04,21.76373291015625
2015-02-05,21.783897399902344
2015-02-06,21.61046600341797
2015-02-09,21.412837982177734
2015-02-10,21.804067611694336
2015-02-11,21.751628875732422
2015-02-12,21.848426818847656
2015-02-13,22.47762107849121
2015-02-17,22.469558715820312
2015-02-18,22.642995834350586
2015-02-19,23.252016067504883
2015-02-20,23.360919952392578
2015-02-23,23.31252098083496
2015-02-24,23.300426483154297
2015-02-25,23.606948852539062
2015-02-26,23.57872200012207
2015-02-27,23.598886489868164
2015-03-02,23.598886489868164
2015-03-03,23.54241943359375
2015-03-04,23.373027801513672
2015-03-05,23.368986129760742
2015-03-06,22.89305877685547
2015-03-09,23.23589515686035
2015-03-10,22.687362670898438
2015-03-11,22.279998779296875
2015-03-12,22.570396423339844
2015-03-13,22.284027099609375
2015-03-16,22.44536018371582
2015-03-17,22.296127319335938
2015-03-18,22.618793487548828
2015-03-19,22.58249282836914
2015-03-20,22.90919303894043
2015-03-23,22.981788635253906
2015-03-24,22.768024444580078
2015-03-25,22.85272979736328
2015-03-26,22.85272979736328
2015-03-27,23.094728469848633
2015-03-30,23.135055541992188
2015-03-31,22.92935562133789
2015-04-01,23.030189514160156
2015-04-02,23.159255981445312
2015-04-06,23.32059097290039
2015-04-07,23.38915252685547
2015-04-08,23.485958099365234
2015-04-09,23.405290603637695
2015-04-10,23.37705421447754
2015-04-13,23.14312744140625
2015-04-14,23.441585540771484
2015-04-15,23.23991584777832
2015-04-16,23.276382446289062
2015-04-17,22.826730728149414
2015-04-20,22.842937469482422
2015-04-21,22.31632423400879
2015-04-22,22.3527774810791
2015-04-23,22.23125457763672
2015-04-24,22.219097137451172
2015-04-27,22.178586959838867
2015-04-28,22.2879695892334
2015-04-29,22.109725952148438
2015-04-30,22.016551971435547
2015-05-01,22.393287658691406
2015-05-04,22.57962989807129
2015-05-05,22.53506851196289
2015-05-06,22.31632423400879
2015-05-07,22.42974090576172
2015-05-08,22.672801971435547
2015-05-11,22.603931427001953
2015-05-12,22.58773422241211
2015-05-13,22.672801971435547
2015-05-14,22.976621627807617
2015-05-15,22.95635986328125
2015-05-18,22.57152557373047
2015-05-19,22.599889755249023
2015-05-20,23.551849365234375
2015-05-21,23.300683975219727
2015-05-22,23.05763053894043
2015-05-26,22.932056427001953
2015-05-27,23.669322967529297
2015-05-28,23.576143264770508
2015-05-29,23.17916488647461
2015-06-01,23.11839485168457
2015-06-02,22.99281883239746
2015-06-03,23.049528121948242
2015-06-04,22.80242919921875
2015-06-05,22.79027557373047
2015-06-08,22.745716094970703
2015-06-09,22.774066925048828
2015-06-10,23.017131805419922
2015-06-11,22.895597457885742
2015-06-12,22.871295928955078
2015-06-15,22.818635940551758
2015-06-16,22.95231056213379
2015-06-17,23.106245040893555
2015-06-18,23.20346450805664
2015-06-19,23.18726348876953
2015-06-22,23.414113998413086
2015-06-23,23.543733596801758
2015-06-24,23.519439697265625
2015-06-25,23.482975006103516
2015-06-26,23.381702423095703
2015-06-29,22.79432487487793
2015-06-30,22.834836959838867
2015-07-01,23.081937789916992
2015-07-02,23.029277801513672
2015-07-06,22.774066925048828
2015-07-07,23.231821060180664
2015-07-08,23.0535831451416
2015-07-09,23.17916488647461
2015-07-10,23.215621948242188
2015-07-13,23.5801944732666
2015-07-14,23.636913299560547
2015-07-15,23.43842315673828
2015-07-16,23.73948860168457
2015-07-17,23.442485809326172
2015-07-20,23.540128707885742
2015-07-21,23.377389907836914
2015-07-22,23.49944305419922
2015-07-23,23.458765029907227
2015-07-24,23.41807746887207
2015-07-27,23.36111831665039
2015-07-28,23.78830909729004
2015-07-29,23.922563552856445
2015-07-30,24.142261505126953
2015-07-31,24.089366912841797
2015-08-03,24.178874969482422
2015-08-04,24.532827377319336
2015-08-05,24.736255645751953
2015-08-06,24.52469825744629
2015-08-07,24.504352569580078
2015-08-10,24.760663986206055
2015-08-11,24.597925186157227
2015-08-12,24.772872924804688
2015-08-13,24.614212036132812
2015-08-14,24.90306282043457
2015-08-17,24.955947875976562
2015-08-18,24.614212036132812
2015-08-19,24.907135009765625
2015-08-20,25.871362686157227
2015-08-21,24.972230911254883
2015-08-24,24.138195037841797
2015-08-25,23.914426803588867
2015-08-26,24.593856811523438
2015-08-27,24.972230911254883
2015-08-28,25.02104949951172
2015-08-31,24.858308792114258
2015-09-01,24.26838493347168
2015-09-02,24.671165466308594
2015-09-03,24.890859603881836
2015-09-04,24.68337059020996
2015-09-08,25.261089324951172
2015-09-09,24.84203338623047
2015-09-10,24.82169532775879
2015-09-11,25.110559463500977
2015-09-14,24.97629737854004
2015-09-15,25.21633529663086
2015-09-16,25.558086395263672
2015-09-17,25.293638229370117
2015-09-18,24.85017204284668
2015-09-21,24.907135009765625
2015-09-22,24.5450439453125
2015-09-23,24.695568084716797
2015-09-24,24.89899444580078
2015-09-25,25.301769256591797
2015-09-28,25.000709533691406
2015-09-29,25.13496208190918
2015-09-30,25.757436752319336
2015-10-01,25.71675682067871
2015-10-02,26.11139488220215
2015-10-05,26.583335876464844
2015-10-06,25.948659896850586
2015-10-07,26.042232513427734
2015-10-08,26.497900009155273
2015-10-09,26.615886688232422
2015-10-12,27.01459503173828
2015-10-13,26.807106018066406
2015-10-14,26.322954177856445
2015-10-15,26.502662658691406
2015-10-16,26.915172576904297
2015-10-19,27.090795516967773
2015-10-20,26.9315128326416
2015-10-21,27.205158233642578
2015-10-22,27.972993850708008
2015-10-23,27.90764808654785
2015-10-26,27.617660522460938
2015-10-27,27.299089431762695
2015-10-28,27.621749877929688
2015-10-29,27.70343589782715
2015-10-30,27.58907699584961
2015-11-02,27.576818466186523
2015-11-03,27.678930282592773
2015-11-04,27.45429229736328
2015-11-05,27.6095027923584
2015-11-06,27.213321685791016
2015-11-09,27.196983337402344
2015-11-10,27.388948440551758
2015-11-11,27.511474609375
2015-11-12,27.131633758544922
2015-11-13,27.02544403076172
2015-11-16,27.69525909423828
2015-11-17,27.621749877929688
2015-11-18,27.95665168762207
2015-11-19,28.11593246459961
2015-11-20,27.842294692993164
2015-11-23,28.2874755859375
2015-11-24,29.128841400146484
2015-11-25,30.03962516784668
2015-11-27,30.635927200317383
2015-11-30,30.599163055419922
2015-12-01,30.840126037597656
2015-12-02,30.82788848876953
2015-12-03,30.9422550201416
2015-12-04,31.68964958190918
2015-12-07,31.636554718017578
2015-12-08,31.74275779724121
2015-12-09,31.452775955200195
2015-12-10,31.4609375
2015-12-11,31.628400802612305
2015-12-14,31.84894371032715
2015-12-15,31.861202239990234
2015-12-16,32.60860824584961
2015-12-17,32.46566390991211
2015-12-18,32.179752349853516
2015-12-21,32.53509521484375
2015-12-22,32.882259368896484
2015-12-23,32.57184600830078
2015-12-24,32.60044860839844
2015-12-28,32.678043365478516
2015-12-29,32.878173828125
2015-12-30,32.53509521484375
2015-12-31,32.2982177734375
2016-01-04,31.946975708007812
2016-01-05,32.59635925292969
2016-01-06,32.70663070678711
2016-01-07,32.11442565917969
2016-01-08,31.92653465270996
2016-01-11,31.873458862304688
2016-01-12,32.473838806152344
2016-01-13,32.03681945800781
2016-01-14,32.31967544555664
2016-01-15,31.204639434814453
2016-01-19,31.52438735961914
2016-01-20,30.975074768066406
2016-01-21,30.532346725463867
2016-01-22,31.147258758544922
2016-01-25,30.95867347717285
2016-01-26,31.495691299438477
2016-01-27,31.4055118560791
2016-01-28,32.1106071472168
2016-01-29,32.963279724121094
2016-02-01,33.62327575683594
2016-02-02,33.34042739868164
2016-02-03,32.76239776611328
2016-02-04,32.15160369873047
2016-02-05,32.36067199707031
2016-02-08,33.36912155151367
2016-02-09,33.96763229370117
2016-02-10,34.16440200805664
2016-02-11,34.18080139160156
2016-02-12,34.025028228759766
2016-02-16,36.43546676635742
2016-02-17,36.46007537841797
2016-02-18,35.16466522216797
2016-02-19,35.04987335205078
2016-02-22,35.27943420410156
2016-02-23,35.72219467163086
2016-02-24,35.836952209472656
2016-02-25,35.968143463134766
2016-02-26,35.230247497558594
2016-02-29,34.853111267089844
2016-03-01,35.27124786376953
2016-03-02,35.541805267333984
2016-03-03,36.14850997924805
2016-03-04,36.08292770385742
2016-03-07,35.6156005859375
2016-03-08,35.820560455322266
2016-03-09,36.009132385253906
2016-03-10,35.67298889160156
2016-03-11,35.73037338256836
2016-03-14,35.951751708984375
2016-03-15,36.140316009521484
2016-03-16,36.419071197509766
2016-03-17,36.11572265625
2016-03-18,35.828758239746094
2016-03-21,35.7713623046875
2016-03-22,35.69757843017578
2016-03-23,35.820560455322266
2016-03-24,35.47621536254883
2016-03-28,35.91074752807617
2016-03-29,36.40268325805664
2016-03-30,36.03371810913086
2016-03-31,35.45161056518555
2016-04-01,36.00093078613281
2016-04-04,35.70576858520508
2016-04-05,34.63172912597656
2016-04-06,35.254844665527344
2016-04-07,34.59074020385742
2016-04-08,34.287384033203125
2016-04-11,33.75445556640625
2016-04-12,33.352718353271484
2016-04-13,32.64762878417969
2016-04-14,32.29789352416992
2016-04-15,32.47071838378906
2016-04-18,32.42134475708008
2016-04-19,32.47894287109375
2016-04-20,31.754804611206055
2016-04-21,31.13764762878418
2016-04-22,30.989543914794922
2016-04-25,31.19525718688965
2016-04-26,31.466796875
2016-04-27,31.738353729248047
2016-04-28,31.87000274658203
2016-04-29,31.721893310546875
2016-05-02,31.853546142578125
2016-05-03,31.705425262451172
2016-05-04,31.87000274658203
2016-05-05,31.425670623779297
2016-05-06,31.721893310546875
2016-05-09,32.70111083984375
2016-05-10,32.9150505065918
2016-05-11,32.923282623291016
2016-05-12,33.087867736816406
2016-05-13,32.83277130126953
2016-05-16,33.112552642822266
2016-05-17,31.927614212036133
2016-05-18,29.19565773010254
2016-05-19,29.10513687133789
2016-05-20,28.685482025146484
2016-05-23,28.69370460510254
2016-05-24,28.636112213134766
2016-05-25,28.479759216308594
2016-05-26,28.71839141845703
2016-05-27,28.619644165039062
2016-05-31,28.315187454223633
2016-06-01,28.331642150878906
2016-06-02,28.208209991455078
2016-06-03,28.529129028320312
2016-06-06,27.986024856567383
2016-06-07,28.30695152282715
2016-06-08,28.422155380249023
2016-06-09,28.71839141845703
2016-06-10,28.603185653686523
2016-06-13,28.339860916137695
2016-06-14,28.265804290771484
2016-06-15,28.12592124938965
2016-06-16,28.76775360107422
2016-06-17,28.701932907104492
2016-06-20,28.50444984436035
2016-06-21,28.734853744506836
2016-06-22,28.446842193603516
2016-06-23,28.46330451965332
2016-06-24,29.080459594726562
2016-06-27,29.467208862304688
2016-06-28,28.784221649169922
2016-06-29,29.064002990722656
2016-06-30,30.117279052734375
2016-07-01,29.85395622253418
2016-07-05,30.224252700805664
2016-07-06,30.141969680786133
2016-07-07,29.985614776611328
2016-07-08,30.12551498413086
2016-07-11,29.969161987304688
2016-07-12,29.84573745727539
2016-07-13,30.084365844726562
2016-07-14,30.328079223632812
2016-07-15,29.964574813842773
2016-07-18,30.179365158081055
2016-07-19,30.418954849243164
2016-07-20,30.435476303100586
2016-07-21,30.443744659423828
2016-07-22,30.468524932861328
2016-07-25,30.410686492919922
2016-07-26,30.195898056030273
2016-07-27,29.91499900817871
2016-07-28,30.24547004699707
2016-07-29,30.856821060180664
2016-08-01,31.022050857543945
2016-08-02,30.49332046508789
2016-08-03,29.848920822143555
2016-08-04,29.981098175048828
2016-08-05,30.080238342285156
2016-08-08,30.13806915283203
2016-08-09,30.146329879760742
2016-08-10,30.377649307250977
2016-08-11,30.096763610839844
2016-08-12,30.61722755432129
2016-08-15,30.328079223632812
2016-08-16,29.89848518371582
2016-08-17,30.030677795410156
2016-08-18,30.6007137298584
2016-08-19,31.939075469970703
2016-08-22,32.64131164550781
2016-08-23,32.28606033325195
2016-08-24,31.939075469970703
2016-08-25,31.749067306518555
2016-08-26,31.327728271484375
2016-08-29,31.724281311035156
2016-08-30,31.29468536376953
2016-08-31,31.608617782592773
2016-09-01,31.56730842590332
2016-09-02,31.773845672607422
2016-09-06,31.93082046508789
2016-09-07,31.44338035583496
2016-09-08,30.988996505737305
2016-09-09,29.749767303466797
2016-09-12,30.146329879760742
2016-09-13,30.18764305114746
2016-09-14,30.01414680480957
2016-09-15,30.303295135498047
2016-09-16,30.047189712524414
2016-09-19,30.22067642211914
2016-09-20,30.063718795776367
2016-09-21,30.87334632873535
2016-09-22,31.187280654907227
2016-09-23,31.286405563354492
2016-09-26,30.840295791625977
2016-09-27,31.600360870361328
2016-09-28,31.69948959350586
2016-09-29,31.29468536376953
2016-09-30,31.335994720458984
2016-10-03,31.426868438720703
2016-10-04,30.65027618408203
2016-10-05,30.49332046508789
2016-10-06,30.881603240966797
2016-10-07,30.939434051513672
2016-10-10,31.236846923828125
2016-10-11,31.22858428955078
2016-10-12,31.48470115661621
2016-10-13,31.435129165649414
2016-10-14,31.327728271484375
2016-10-17,31.44338035583496
2016-10-18,31.61687660217285
2016-10-19,31.435129165649414
2016-10-20,31.306583404541016
2016-10-21,31.273408889770508
2016-10-24,31.50562286376953
2016-10-25,31.53877830505371
2016-10-26,31.563661575317383
2016-10-27,31.447566986083984
2016-10-28,31.69635772705078
2016-10-31,31.928556442260742
2016-11-01,31.613422393798828
2016-11-02,31.331457138061523
2016-11-03,30.21189308166504
2016-11-04,30.21189308166504
2016-11-07,30.759235382080078
2016-11-08,31.032909393310547
2016-11-09,30.5850772857666
2016-11-10,28.843517303466797
2016-11-11,28.843517303466797
2016-11-14,29.08401870727539
2016-11-15,29.598196029663086
2016-11-16,29.647958755493164
2016-11-17,29.805526733398438
2016-11-18,29.506975173950195
2016-11-21,28.97620964050293
2016-11-22,29.73917579650879
2016-11-23,29.216707229614258
2016-11-25,29.73917579650879
2016-11-28,29.291351318359375
2016-11-29,29.41575050354004
2016-11-30,28.39569664001465
2016-12-01,27.607847213745117
2016-12-02,28.039085388183594
2016-12-05,28.022497177124023
2016-12-06,27.624431610107422
2016-12-07,28.08884620666504
2016-12-08,28.271299362182617
2016-12-09,28.520090103149414
2016-12-12,28.66936683654785
2016-12-13,28.90987205505371
2016-12-14,28.4703369140625
2016-12-15,28.578134536743164
2016-12-16,28.719120025634766
2016-12-19,28.843517303466797
2016-12-20,28.926448822021484
2016-12-21,28.82693099975586
2016-12-22,29.15036964416504
2016-12-23,29.283052444458008
2016-12-27,29.3825740814209
2016-12-28,28.90157127380371
2016-12-29,29.225008010864258
2016-12-30,28.868398666381836
2017-01-03,29.26647186279297
2017-01-04,29.73917579650879
2017-01-05,29.98797607421875
2017-01-06,30.13724136352539
2017-01-09,29.506975173950195
2017-01-10,28.959630966186523
2017-01-11,29.08401870727539
2017-01-12,29.50069808959961
2017-01-13,29.609037399291992
2017-01-17,30.29238510131836
2017-01-18,30.14237403869629
2017-01-19,30.192380905151367
2017-01-20,30.225727081298828
2017-01-23,30.159048080444336
2017-01-24,30.450719833374023
2017-01-25,30.434049606323242
2017-01-26,30.13404655456543
2017-01-27,30.100717544555664
2017-01-30,30.225727081298828
2017-01-31,30.25072479248047
2017-02-01,29.684038162231445
2017-02-02,29.975711822509766
2017-02-03,30.117380142211914
2017-02-06,29.892375946044922
2017-02-07,30.20905113220215
2017-02-08,30.400720596313477
2017-02-09,30.76738929748535
2017-02-10,30.942394256591797
2017-02-13,31.042396545410156
2017-02-14,31.325748443603516
2017-02-15,31.559080123901367
2017-02-16,31.034067153930664
2017-02-17,31.05074691772461
2017-02-21,31.33407974243164
2017-02-22,31.084070205688477
2017-02-23,29.409032821655273
2017-02-24,28.884021759033203
2017-02-27,28.875680923461914
2017-02-28,29.375696182250977
2017-03-01,29.392362594604492
2017-03-02,29.334035873413086
2017-03-03,29.475698471069336
2017-03-06,29.16736602783203
2017-03-07,29.0423526763916
2017-03-08,28.875680923461914
2017-03-09,28.792343139648438
2017-03-10,29.22569465637207
2017-03-13,29.117353439331055
2017-03-14,28.9173526763916
2017-03-15,29.52570343017578
2017-03-16,29.159027099609375
2017-03-17,29.100692749023438
2017-03-20,29.125686645507812
2017-03-21,28.734012603759766
2017-03-22,28.909021377563477
2017-03-23,28.934024810791016
2017-03-24,28.767345428466797
2017-03-27,28.459007263183594
2017-03-28,28.61734390258789
2017-03-29,28.817350387573242
2017-03-30,28.50900650024414
2017-03-31,28.859010696411133
2017-04-03,28.759010314941406
2017-04-04,28.659015655517578
2017-04-05,28.717342376708984
2017-04-06,28.650686264038086
2017-04-07,28.54235076904297
2017-04-10,28.667341232299805
2017-04-11,28.584009170532227
2017-04-12,28.54235076904297
2017-04-13,28.508846282958984
2017-04-17,28.860595703125
2017-04-18,29.103473663330078
2017-04-19,28.92759895324707
2017-04-20,28.919221878051758
2017-04-21,29.05322265625
2017-04-24,29.262598037719727
2017-04-25,29.672988891601562
2017-04-26,29.262598037719727
2017-04-27,29.304479598999023
2017-04-28,29.37985610961914
2017-05-01,29.229103088378906
2017-05-02,29.15372657775879
2017-05-03,28.961097717285156
2017-05-04,29.103473663330078
2017-05-05,29.103473663330078
2017-05-08,28.877347946166992
2017-05-09,28.961097717285156
2017-05-10,28.827096939086914
2017-05-11,28.801973342895508
2017-05-12,28.818727493286133
2017-05-15,28.919221878051758
2017-05-16,28.626094818115234
2017-05-17,28.634471893310547
2017-05-18,28.600971221923828
2017-05-19,29.170475006103516
2017-05-22,29.488733291625977
2017-05-23,29.488733291625977
2017-05-24,29.647857666015625
2017-05-25,27.74671745300293
2017-05-26,27.73833656311035
2017-05-30,27.86396026611328
2017-05-31,28.165464401245117
2017-06-01,28.399967193603516
2017-06-02,28.56747055053711
2017-06-05,28.609350204467773
2017-06-06,28.894102096557617
2017-06-07,29.296100616455078
2017-06-08,28.626094818115234
2017-06-09,29.12022590637207
2017-06-12,29.086721420288086
2017-06-13,29.04484748840332
2017-06-14,29.078353881835938
2017-06-15,28.97784423828125
2017-06-16,28.433469772338867
2017-06-19,28.76846694946289
2017-06-20,28.425092697143555
2017-06-21,28.4753475189209
2017-06-22,28.827096939086914
2017-06-23,29.262598037719727
2017-06-26,29.14535140991211
2017-06-27,28.600971221923828
2017-06-28,28.651220321655273
2017-06-29,28.441843032836914
2017-06-30,28.56747055053711
2017-07-03,28.600971221923828
2017-07-05,28.24921989440918
2017-07-06,27.763458251953125
2017-07-07,27.805335998535156
2017-07-10,27.344703674316406
2017-07-11,27.244203567504883
2017-07-12,27.319578170776367
2017-07-13,27.53847312927246
2017-07-14,27.639501571655273
2017-07-17,27.942581176757812
2017-07-18,27.639501571655273
2017-07-19,27.462703704833984
2017-07-20,27.72368812561035
2017-07-21,27.97625732421875
2017-07-24,28.043609619140625
2017-07-25,28.717134475708008
2017-07-26,28.632938385009766
2017-07-27,28.902353286743164
2017-07-28,28.750804901123047
2017-07-31,28.76764488220215
2017-08-01,28.742385864257812
2017-08-02,28.75922966003418
2017-08-03,28.565593719482422
2017-08-04,28.34669303894043
2017-08-07,28.79290008544922
2017-08-08,28.33828353881836
2017-08-09,28.296180725097656
2017-08-10,28.33828353881836
2017-08-11,28.632938385009766
2017-08-14,28.97811508178711
2017-08-15,28.82657814025879
2017-08-16,28.91917610168457
2017-08-17,28.506656646728516
2017-08-18,28.700298309326172
2017-08-21,28.565593719482422
2017-08-22,28.94444465637207
2017-08-23,28.55716896057129
2017-08-24,27.016498565673828
2017-08-25,26.385074615478516
2017-08-28,26.14092445373535
2017-08-29,26.073572158813477
2017-08-30,25.9809627532959
2017-08-31,25.87993812561035
2017-09-01,26.03148078918457
2017-09-05,25.846256256103516
2017-09-06,25.972545623779297
2017-09-07,26.309301376342773
2017-09-08,26.603965759277344
2017-09-11,26.671321868896484
2017-09-12,26.74709129333496
2017-09-13,26.376657485961914
2017-09-14,26.02305793762207
2017-09-15,26.41874885559082
2017-09-18,26.64606285095215
2017-09-19,26.713409423828125
2017-09-20,26.46084213256836
2017-09-21,26.258792877197266
2017-09-22,26.326141357421875
2017-09-25,26.545034408569336
2017-09-26,26.688156127929688
2017-09-27,26.376657485961914
2017-09-28,26.696577072143555
2017-09-29,27.058589935302734
2017-10-02,26.873371124267578
2017-10-03,26.75551414489746
2017-10-04,26.738672256469727
2017-10-05,26.66289520263672
2017-10-06,26.620811462402344
2017-10-09,26.309301376342773
2017-10-10,26.73025131225586
2017-10-11,26.70499038696289
2017-10-12,26.77234649658203
2017-10-13,26.814441680908203
2017-10-16,26.536619186401367
2017-10-17,26.5281925201416
2017-10-18,26.385074615478516
2017-10-19,25.77890968322754
2017-10-20,26.024415969848633
2017-10-23,25.761974334716797
2017-10-24,25.626516342163086
2017-10-25,25.668848037719727
2017-10-26,25.711177825927734
2017-10-27,25.719642639160156
2017-10-30,25.524925231933594
2017-10-31,26.379993438720703
2017-11-01,26.422319412231445
2017-11-02,26.676301956176758
2017-11-03,26.51544761657715
2017-11-06,26.049819946289062
2017-11-07,26.667835235595703
2017-11-08,27.218124389648438
2017-11-09,27.04880714416504
2017-11-10,27.37051773071289
2017-11-13,27.472105026245117
2017-11-14,27.92080307006836
2017-11-15,28.00545883178711
2017-11-16,27.87847137451172
2017-11-17,28.039323806762695
2017-11-20,28.2763729095459
2017-11-21,29.224565505981445
2017-11-22,29.012914657592773
2017-11-24,29.131431579589844
2017-11-27,28.936716079711914
2017-11-28,29.283815383911133
2017-11-29,30.46906852722168
2017-11-30,30.85850715637207
2017-12-01,31.129409790039062
2017-12-04,31.899818420410156
2017-12-05,31.408781051635742
2017-12-06,31.408781051635742
2017-12-07,31.26485252380371
2017-12-08,31.527315139770508
2017-12-11,31.31566047668457
2017-12-12,31.31566047668457
2017-12-13,31.42571258544922
2017-12-14,31.002408981323242
2017-12-15,31.14634132385254
2017-12-18,31.38337516784668
2017-12-19,31.171737670898438
2017-12-20,30.943153381347656
2017-12-21,30.82463264465332
2017-12-22,31.09554672241211
2017-12-26,31.104013442993164
2017-12-27,30.977020263671875
2017-12-28,30.934688568115234
2017-12-29,30.80769920349121
2018-01-02,30.782304763793945
2018-01-03,30.477527618408203
2018-01-04,30.85850715637207
2018-01-05,30.773836135864258
2018-01-08,30.82463264465332
2018-01-09,30.816165924072266
2018-01-10,29.961105346679688
2018-01-11,29.22743034362793
2018-01-12,29.406171798706055
2018-01-16,29.550867080688477
2018-01-17,29.72107696533203
2018-01-18,29.150842666625977
2018-01-19,29.584903717041016
2018-01-22,29.68703842163086
2018-01-23,29.73810577392578
2018-01-24,29.269990921020508
2018-01-25,29.440210342407227
2018-01-26,29.499799728393555
2018-01-29,29.482772827148438
2018-01-30,29.533845901489258
2018-01-31,29.21892738342285
2018-02-01,29.006149291992188
2018-02-02,28.64016342163086
2018-02-05,27.652870178222656
2018-02-06,27.865646362304688
2018-02-07,27.865646362304688
2018-02-08,27.414554595947266
2018-02-09,27.92522430419922
2018-02-12,28.146520614624023
2018-02-13,28.155025482177734
2018-02-14,28.97209930419922
2018-02-15,29.006149291992188
2018-02-16,29.235946655273438
2018-02-20,28.767833709716797
2018-02-21,27.814579010009766
2018-02-22,28.08693504333496
2018-02-23,27.780536651611328
2018-02-26,28.146520614624023
2018-02-27,27.874155044555664
2018-02-28,27.627330780029297
2018-03-01,27.542217254638672
2018-03-02,27.789045333862305
2018-03-05,27.97629165649414
2018-03-06,28.452922821044922
2018-03-07,28.231632232666016
2018-03-08,28.512496948242188
2018-03-09,28.733787536621094
2018-03-12,28.682723999023438
2018-03-13,28.963586807250977
2018-03-14,28.699743270874023
2018-03-15,28.34227180480957
2018-03-16,28.512496948242188
2018-03-19,28.682723999023438
2018-03-20,28.563570022583008
2018-03-21,27.908199310302734
2018-03-22,27.831607818603516
2018-03-23,27.703935623168945
2018-03-26,28.435890197753906
2018-03-27,28.572078704833984
2018-03-28,28.648679733276367
2018-03-29,29.21041488647461
2018-04-02,28.503992080688477
2018-04-03,29.12531089782715
2018-04-04,30.529651641845703
2018-04-05,29.88279914855957
2018-04-06,29.72959327697754
2018-04-09,30.121116638183594
2018-04-10,30.07855796813965
2018-04-11,30.095579147338867
2018-04-12,29.86577796936035
2018-04-13,29.983875274658203
2018-04-16,30.326141357421875
2018-04-17,30.30902862548828
2018-04-18,30.411720275878906
2018-04-19,30.29191780090332
2018-04-20,30.334701538085938
2018-04-23,30.608524322509766
2018-04-24,30.976478576660156
2018-04-25,30.93369483947754
2018-04-26,31.070602416992188
2018-04-27,31.207508087158203
2018-04-30,31.019269943237305
2018-05-01,30.90802001953125
2018-05-02,30.266246795654297
2018-05-03,30.180681228637695
2018-05-04,30.608524322509766
2018-05-07,30.40315818786621
2018-05-08,30.38603973388672
2018-05-09,30.88234519958496
2018-05-10,30.950809478759766
2018-05-11,31.027816772460938
2018-05-14,30.87379264831543
2018-05-15,30.771108627319336
2018-05-16,31.130512237548828
2018-05-17,31.130512237548828
2018-05-18,30.71976661682129
2018-05-21,30.950809478759766
2018-05-22,30.668424606323242
2018-05-23,30.65131187438965
2018-05-24,30.30902862548828
2018-05-25,30.6855411529541
2018-05-29,31.241741180419922
2018-05-30,31.806509017944336
2018-05-31,30.711206436157227
2018-06-01,30.625642776489258
2018-06-04,30.967918395996094
2018-06-05,30.985034942626953
2018-06-06,30.5143985748291
2018-06-07,30.779666900634766
2018-06-08,30.985034942626953
2018-06-11,31.327320098876953
2018-06-12,31.1133975982666
2018-06-13,30.899465560913086
2018-06-14,30.899465560913086
2018-06-15,31.18184471130371
2018-06-18,30.522947311401367
2018-06-19,30.55718231201172
2018-06-20,30.454496383666992
2018-06-21,30.522947311401367
2018-06-22,31.036386489868164
2018-06-25,31.35299301147461
2018-06-26,31.712387084960938
2018-06-27,31.489904403686523
2018-06-28,31.866416931152344
2018-06-29,31.84073257446289
2018-07-02,31.310199737548828
2018-07-03,31.50701141357422
2018-07-05,31.7209415435791
2018-07-06,31.78940773010254
2018-07-09,31.78940773010254
2018-07-10,31.94342803955078
2018-07-11,32.10600662231445
2018-07-12,32.14023208618164
2018-07-13,32.319122314453125
2018-07-16,31.96650505065918
2018-07-17,31.579509735107422
2018-07-18,31.355907440185547
2018-07-19,31.906309127807617
2018-07-20,32.03530502319336
2018-07-23,31.96650505065918
2018-07-24,32.08690643310547
2018-07-25,31.089309692382812
2018-07-26,31.5364990234375
2018-07-27,31.519309997558594
2018-07-30,30.728097915649414
2018-07-31,30.934505462646484
2018-08-01,30.900104522705078
2018-08-02,31.416107177734375
2018-08-03,31.837509155273438
2018-08-06,31.871912002563477
2018-08-07,32.01811981201172
2018-08-08,31.837509155273438
2018-08-09,31.923511505126953
2018-08-10,31.897708892822266
2018-08-13,31.846115112304688
2018-08-14,32.02672576904297
2018-08-15,32.319122314453125
2018-08-16,32.53411865234375
2018-08-17,33.2307243347168
2018-08-20,33.57473373413086
2018-08-21,33.075923919677734
2018-08-22,33.11893081665039
2018-08-23,32.104122161865234
2018-08-24,32.64592361450195
2018-08-27,32.62871551513672
2018-08-28,32.6029167175293
2018-08-29,33.04152297973633
2018-08-30,33.153324127197266
2018-08-31,33.669334411621094
2018-09-04,34.383140563964844
2018-09-05,34.6927490234375
2018-09-06,35.50114822387695
2018-09-07,35.50974655151367
2018-09-10,35.707557678222656
2018-09-11,35.77634811401367
2018-09-12,36.146156311035156
2018-09-13,36.27516555786133
2018-09-14,36.03435516357422
2018-09-17,35.303340911865234
2018-09-18,34.89914321899414
2018-09-19,34.10792541503906
2018-09-20,34.27994155883789
2018-09-21,34.408939361572266
2018-09-24,34.271331787109375
2018-09-25,34.047733306884766
2018-09-26,33.806922912597656
2018-09-27,33.4543342590332
2018-09-28,33.88434600830078
2018-10-01,33.7983283996582
2018-10-02,33.9703369140625
2018-10-03,34.12514114379883
2018-10-04,34.047733306884766
2018-10-05,34.142337799072266
2018-10-08,34.85614013671875
2018-10-09,35.01953887939453
2018-10-10,34.443328857421875
2018-10-11,34.12514114379883
2018-10-12,34.13372802734375
2018-10-15,34.79594421386719
2018-10-16,35.51834487915039
2018-10-17,35.174346923828125
2018-10-18,35.363548278808594
2018-10-19,36.05299377441406
2018-10-22,36.00114440917969
2018-10-23,36.666385650634766
2018-10-24,36.20849609375
2018-10-25,36.035709381103516
2018-10-26,35.56916809082031
2018-10-29,36.873741149902344
2018-10-30,37.461238861083984
2018-10-31,37.70315170288086
2018-11-01,37.5562744140625
2018-11-02,37.32300567626953
2018-11-05,38.20424270629883
2018-11-06,38.08329391479492
2018-11-07,38.1351318359375
2018-11-08,38.480716705322266
2018-11-09,38.89541244506836
2018-11-12,39.145957946777344
2018-11-13,39.12867736816406
2018-11-14,38.73990249633789
2018-11-15,39.27553939819336
2018-11-16,39.647056579589844
2018-11-19,39.18916320800781
2018-11-20,38.834938049316406
2018-11-21,39.24962615966797
2018-11-23,39.45698165893555
2018-11-26,39.491546630859375
2018-11-27,38.86949157714844
2018-11-28,38.783103942871094
2018-11-29,39.07683563232422
2018-11-30,38.95588684082031
2018-12-03,39.344669342041016
2018-12-04,38.80037307739258
2018-12-06,38.82628631591797
2018-12-07,38.30792236328125
2018-12-10,38.23879623413086
2018-12-11,38.757179260253906
2018-12-12,39.025001525878906
2018-12-13,39.145957946777344
2018-12-14,38.50662612915039
2018-12-17,37.297080993652344
2018-12-18,37.37484359741211
2018-12-19,37.158851623535156
2018-12-20,36.96877670288086
2018-12-21,36.75278854370117
2018-12-24,35.344547271728516
2018-12-26,36.57999801635742
2018-12-27,36.77007293701172
2018-12-28,36.60591125488281
2018-12-31,36.873741149902344
2019-01-02,35.707401275634766
2019-01-03,36.00979232788086
2019-01-04,36.027061462402344
2019-01-07,36.45904541015625
2019-01-08,36.5540885925293
2019-01-09,36.84783172607422
2019-01-10,37.36619567871094
2019-01-11,36.93211364746094
2019-01-14,37.07970428466797
2019-01-15,37.75688171386719
2019-01-16,37.192562103271484
2019-01-17,37.63533020019531
2019-01-18,38.06074142456055
2019-01-22,37.21861267089844
2019-01-23,37.08838653564453
2019-01-24,36.098670959472656
2019-01-25,35.99449920654297
2019-01-28,36.32439041137695
2019-01-29,36.246253967285156
2019-01-30,36.05525588989258
2019-01-31,36.74111557006836
2019-02-01,36.46330261230469
2019-02-04,36.498016357421875
2019-02-05,36.602210998535156
2019-02-06,36.558799743652344
2019-02-07,36.88002014160156
2019-02-08,37.279380798339844
2019-02-11,37.45302200317383
2019-02-12,37.99997329711914
2019-02-13,37.765567779541016
2019-02-14,37.3748893737793
2019-02-15,37.5051155090332
2019-02-19,37.59192657470703
2019-02-20,37.4443359375
2019-02-21,36.454627990722656
2019-02-22,37.25333786010742
2019-02-25,36.92343521118164
2019-02-26,36.61088943481445
2019-02-27,37.25333786010742
2019-02-28,37.64402389526367
2019-03-01,37.6700553894043
2019-03-04,37.348846435546875
2019-03-05,37.75688171386719
2019-03-06,37.73952102661133
2019-03-07,37.71348190307617
2019-03-08,37.32279968261719
2019-03-11,37.288063049316406
2019-03-12,36.81925582885742
2019-03-13,37.1491584777832
2019-03-14,37.07101821899414
2019-03-15,36.94948196411133
2019-03-18,36.940799713134766
2019-03-19,36.914756774902344
2019-03-20,36.723758697509766
2019-03-21,37.42697525024414
2019-03-22,37.843692779541016
2019-03-25,38.26042556762695
2019-03-26,38.52955627441406
2019-03-27,38.15624237060547
2019-03-28,38.555606842041016
2019-03-29,38.859458923339844
2019-04-01,38.00864791870117
2019-04-02,37.40092849731445
2019-04-03,36.40254211425781
2019-04-04,36.098670959472656
2019-04-05,36.40254211425781
2019-04-08,36.74111557006836
2019-04-09,36.246253967285156
2019-04-10,36.246253967285156
2019-04-11,36.0813102722168
2019-04-12,35.906795501708984
2019-04-15,35.863155364990234
2019-04-16,35.583927154541016
2019-04-17,35.53157043457031
2019-04-18,35.243629455566406
2019-04-22,35.27853012084961
2019-04-23,34.24015808105469
2019-04-24,34.73752975463867
2019-04-25,34.60663604736328
2019-04-26,34.85096740722656
2019-04-29,34.45830154418945
2019-04-30,34.85096740722656
2019-05-01,34.07435989379883
2019-05-02,34.64155578613281
2019-05-03,34.62410354614258
2019-05-06,34.379764556884766
2019-05-07,33.85621643066406
2019-05-08,34.318687438964844
2019-05-09,34.47575759887695
2019-05-10,34.78115463256836
2019-05-13,34.536834716796875
2019-05-14,34.38850021362305
2019-05-15,34.519378662109375
2019-05-16,34.74625015258789
2019-05-17,34.72008514404297
2019-05-20,34.658992767333984
2019-05-21,34.74625015258789
2019-05-22,34.45830154418945
2019-05-23,34.144168853759766
2019-05-24,35.138916015625
2019-05-28,33.90857696533203
2019-05-29,34.22270584106445
2019-05-30,34.571739196777344
2019-05-31,34.45830154418945
2019-06-03,35.269798278808594
2019-06-04,35.20872497558594
2019-06-05,36.14238357543945
2019-06-06,36.203460693359375
2019-06-07,36.69211959838867
2019-06-10,36.186012268066406
2019-06-11,36.50886535644531
2019-06-12,36.25583267211914
2019-06-13,36.430335998535156
2019-06-14,36.15110397338867
2019-06-17,35.74100112915039
2019-06-18,35.6624641418457
2019-06-19,35.93296432495117
2019-06-20,36.264549255371094
2019-06-21,36.13365936279297
2019-06-24,36.77064514160156
2019-06-25,35.33960723876953
2019-06-26,35.016754150390625
2019-06-27,35.138916015625
2019-06-28,35.374515533447266
2019-07-01,35.6973762512207
2019-07-02,35.95042419433594
2019-07-03,36.447792053222656
2019-07-05,36.212196350097656
2019-07-08,36.098758697509766
2019-07-09,35.93296432495117
2019-07-10,36.03767776489258
2019-07-11,35.96786880493164
2019-07-12,35.967864990234375
2019-07-15,36.16958999633789
2019-07-16,36.16082000732422
2019-07-17,36.13450622558594
2019-07-18,36.65196990966797
2019-07-19,36.187137603759766
2019-07-22,36.27484130859375
2019-07-23,36.090660095214844
2019-07-24,35.44163513183594
2019-07-25,35.810001373291016
2019-07-26,36.29238510131836
2019-07-29,36.34499740600586
2019-07-30,36.51163864135742
2019-07-31,35.9503288269043
2019-08-01,36.16082000732422
2019-08-02,36.27484130859375
2019-08-05,35.722293853759766
2019-08-06,35.53812026977539
2019-08-07,35.86261749267578
2019-08-08,36.6431999206543
2019-08-09,36.58179473876953
2019-08-12,36.68705368041992
2019-08-13,36.65196990966797
2019-08-14,35.68721389770508
2019-08-15,36.301151275634766
2019-08-16,36.35376739501953
2019-08-19,36.14327621459961
2019-08-20,35.871402740478516
2019-08-21,35.93278884887695
2019-08-22,37.66935348510742
2019-08-23,36.836151123046875
2019-08-26,37.38869857788086
2019-08-27,37.195735931396484
2019-08-28,37.099266052246094
2019-08-29,37.23081970214844
2019-08-30,37.371150970458984
2019-09-03,37.5728645324707
2019-09-04,37.30098342895508
2019-09-05,37.318538665771484
2019-09-06,37.36238479614258
2019-09-09,37.63425827026367
2019-09-10,38.30082321166992
2019-09-11,39.0638542175293
2019-09-12,38.59025192260742
2019-09-13,37.69565963745117
2019-09-16,37.56410217285156
2019-09-17,37.862300872802734
2019-09-18,37.6781120300293
2019-09-19,37.6781120300293
2019-09-20,37.660579681396484
2019-09-23,37.36238479614258
2019-09-24,37.6781120300293
2019-09-25,37.9763298034668
2019-09-26,38.186798095703125
2019-09-27,38.186798095703125
2019-09-30,38.35344696044922
2019-10-01,38.25696563720703
2019-10-02,37.48516845703125
2019-10-03,37.75705337524414
2019-10-04,38.362213134765625
2019-10-07,38.32714080810547
2019-10-08,37.78336715698242
2019-10-09,37.5728645324707
2019-10-10,36.54671859741211
2019-10-11,36.09942626953125
2019-10-14,35.93278884887695
2019-10-15,35.967864990234375
2019-10-16,35.57319259643555
2019-10-17,35.836307525634766
2019-10-18,35.97737503051758
2019-10-21,35.82749557495117
2019-10-22,35.73051071166992
2019-10-23,35.95090866088867
2019-10-24,36.03025817871094
2019-10-25,35.765777587890625
2019-10-28,35.69525909423828
2019-10-29,36.00381088256836
2019-10-30,36.04789352416992
2019-10-31,36.04789352416992
2019-11-01,36.37407684326172
2019-11-04,36.74434280395508
2019-11-05,36.691444396972656
2019-11-06,36.67381286621094
2019-11-07,36.700260162353516
2019-11-08,36.999996185302734
2019-11-11,36.691444396972656
2019-11-12,36.83250427246094
2019-11-13,37.158687591552734
2019-11-14,37.229209899902344
2019-11-15,37.361454010009766
2019-11-18,37.652366638183594
2019-11-19,37.67881393432617
2019-11-20,37.77579116821289
2019-11-21,37.661190032958984
2019-11-22,37.29974365234375
2019-11-25,37.69644546508789
2019-11-26,39.03645706176758
2019-11-27,39.565406799316406
2019-11-29,39.25685501098633
2019-12-02,40.05027770996094
2019-12-03,40.147247314453125
2019-12-04,39.89158630371094
2019-12-05,40.34119415283203
2019-12-06,39.97093200683594
2019-12-09,39.98857116699219
2019-12-10,40.20014572143555
2019-12-11,40.16488265991211
2019-12-12,39.9797477722168
2019-12-13,39.58303451538086
2019-12-16,39.55659484863281
2019-12-17,39.23040771484375
2019-12-18,39.159873962402344
2019-12-19,39.40672302246094
2019-12-20,39.63594055175781
2019-12-23,40.02382278442383
2019-12-24,39.9797477722168
2019-12-26,39.9356803894043
2019-12-27,39.90040588378906
2019-12-30,39.671199798583984
2019-12-31,39.76816940307617
2020-01-02,39.06290054321289
2020-01-03,39.010013580322266
2020-01-06,39.02763366699219
2020-01-07,39.26566696166992
2020-01-08,39.309749603271484
2020-01-09,39.221588134765625
2020-01-10,39.79142379760742
2020-01-13,40.677650451660156
2020-01-14,40.27885437011719
2020-01-15,40.14592361450195
2020-01-16,40.784000396728516
2020-01-17,41.03213882446289
2020-01-21,41.60818099975586
2020-01-22,41.27142333984375
2020-01-23,41.64363098144531
2020-01-24,41.8563232421875
2020-01-27,41.492977142333984
2020-01-28,41.69680404663086
2020-01-29,41.93608474731445
2020-01-30,42.432369232177734
2020-01-31,41.882911682128906
2020-02-03,42.033573150634766
2020-02-04,42.13991928100586
2020-02-05,41.99812698364258
2020-02-06,41.55501174926758
2020-02-07,41.73225402832031
2020-02-10,41.94495391845703
2020-02-11,42.077880859375
2020-02-12,42.32602310180664
2020-02-13,42.93752670288086
2020-02-14,43.052730560302734
2020-02-18,42.769142150878906
2020-02-19,42.92865753173828
2020-02-20,40.3497428894043
2020-02-21,39.67621994018555
2020-02-24,39.49897003173828
2020-02-25,39.631919860839844
2020-02-26,38.94065475463867
2020-02-27,37.691078186035156
2020-02-28,36.866886138916016
2020-03-02,38.27598190307617
2020-03-03,38.0987434387207
2020-03-04,39.92436218261719
2020-03-05,38.816585540771484
2020-03-06,38.94951629638672
2020-03-09,38.47096252441406
2020-03-10,38.781131744384766
2020-03-11,37.460662841796875
2020-03-12,35.519832611083984
2020-03-13,37.575870513916016
2020-03-16,37.77970886230469
2020-03-17,43.0084228515625
2020-03-18,42.777992248535156
2020-03-19,41.84747314453125
2020-03-20,39.98639678955078
2020-03-23,37.49611282348633
2020-03-24,39.74711990356445
2020-03-25,37.1682014465332
2020-03-26,39.74711990356445
2020-03-27,39.8445930480957
2020-03-30,41.45752716064453
2020-03-31,41.33345413208008
2020-04-01,41.07645797729492
2020-04-02,42.166507720947266
2020-04-03,42.87548065185547
2020-04-06,43.026145935058594
2020-04-07,42.458961486816406
2020-04-08,41.98040008544922
2020-04-09,42.339317321777344
2020-04-13,41.94744873046875
2020-04-14,43.20319366455078
2020-04-15,43.336788177490234
2020-04-16,44.71722412109375
2020-04-17,44.98440170288086
2020-04-20,44.458946228027344
2020-04-21,43.57725524902344
2020-04-22,43.10523986816406
2020-04-23,42.03651428222656
2020-04-24,41.511051177978516
2020-04-27,41.54667282104492
2020-04-28,42.53524398803711
2020-04-29,42.39274978637695
2020-04-30,41.724796295166016
2020-05-01,41.50215148925781
2020-05-04,41.377464294433594
2020-05-05,41.22605514526367
2020-05-06,41.404178619384766
2020-05-07,41.49323654174805
2020-05-08,42.0721321105957
2020-05-11,42.61540222167969
2020-05-12,42.97163772583008
2020-05-13,43.274444580078125
2020-05-14,42.374942779541016
2020-05-15,42.67774200439453
2020-05-18,42.88257598876953
2020-05-19,42.205726623535156
2020-05-20,42.74008560180664
2020-05-21,40.9766845703125
2020-05-22,41.796051025390625
2020-05-26,40.727317810058594
2020-05-27,41.796051025390625
2020-05-28,42.642120361328125
2020-05-29,43.488197326660156
2020-06-01,43.506004333496094
2020-06-02,43.42585372924805
2020-06-03,42.45509338378906
2020-06-04,42.72227478027344
2020-06-05,42.74898910522461
2020-06-08,42.84696578979492
2020-06-09,42.73118591308594
2020-06-10,42.77571105957031
2020-06-11,41.71590042114258
2020-06-12,41.564483642578125
2020-06-15,41.938541412353516
2020-06-16,42.57086944580078
2020-06-17,42.757896423339844
2020-06-18,42.88257598876953
2020-06-19,43.23882293701172
2020-06-22,43.09633255004883
2020-06-23,42.39274978637695
2020-06-24,42.53524398803711
2020-06-25,43.34568786621094
2020-06-26,42.93601608276367
2020-06-29,43.051795959472656
2020-06-30,42.98944854736328
2020-07-01,42.250247955322266
2020-07-02,42.82024002075195
2020-07-06,42.74008560180664
2020-07-07,42.88257598876953
2020-07-08,42.6688346862793
2020-07-09,41.86729431152344
2020-07-10,43.14093017578125
2020-07-13,43.015625
2020-07-14,43.93751907348633
2020-07-15,43.695858001708984
2020-07-16,44.33133316040039
2020-07-17,44.68040084838867
2020-07-20,44.483497619628906
2020-07-21,44.52824401855469
2020-07-22,44.55509567260742
2020-07-23,45.24427795410156
2020-07-24,44.9936637878418
2020-07-27,45.24427795410156
2020-07-28,45.25323486328125
2020-07-29,45.503849029541016
2020-07-30,45.42329025268555
2020-07-31,45.52173614501953
2020-08-03,45.46804428100586
2020-08-04,45.763397216796875
2020-08-05,45.52173614501953
2020-08-06,45.80814743041992
2020-08-07,46.20197677612305
2020-08-10,46.52418899536133
2020-08-11,46.01401901245117
2020-08-12,46.56893539428711
2020-08-13,46.64949417114258
2020-08-14,46.747947692871094
2020-08-17,46.917999267578125
2020-08-18,47.17756271362305
2020-08-19,46.92695999145508
2020-08-20,47.03435516357422
2020-08-21,47.15071487426758
2020-08-24,47.11491012573242
2020-08-25,46.13037109375
2020-08-26,45.62914276123047
2020-08-27,45.924503326416016
2020-08-28,45.30693054199219
2020-08-31,45.62914276123047
2020-09-01,45.36958312988281
2020-09-02,45.942420959472656
2020-09-03,45.638099670410156
2020-09-04,45.718658447265625
2020-09-08,44.975772857666016
2020-09-09,45.351688385009766
2020-09-10,44.50139617919922
2020-09-11,44.599849700927734
2020-09-14,44.975772857666016
2020-09-15,44.58195114135742
2020-09-16,44.259735107421875
2020-09-17,44.31343078613281
2020-09-18,43.63319778442383
2020-09-21,43.38259506225586
2020-09-22,43.59739685058594
2020-09-23,42.657623291015625
2020-09-24,43.21254348754883
2020-09-25,43.71376037597656
2020-09-28,43.8211555480957
2020-09-29,43.41838836669922
2020-09-30,43.75851058959961
2020-10-01,44.10757064819336
2020-10-02,43.8748664855957
2020-10-05,44.30448913574219
2020-10-06,43.72270965576172
2020-10-07,44.15233612060547
2020-10-08,43.946468353271484
2020-10-09,43.8211555480957
2020-10-12,44.84150314331055
2020-10-13,45.32483673095703
2020-10-14,44.95786666870117
2020-10-15,45.17267990112305
2020-10-16,44.54594421386719
2020-10-19,44.07836151123047
2020-10-20,43.84457015991211
2020-10-21,44.303157806396484
2020-10-22,44.357112884521484
2020-10-23,44.608882904052734
2020-10-26,44.46501541137695
2020-10-27,44.98653793334961
2020-10-28,43.71868133544922
2020-10-29,43.790618896484375
2020-10-30,43.78163146972656
2020-11-02,44.474002838134766
2020-11-03,44.95957565307617
2020-11-04,45.09444808959961
2020-11-05,44.56393051147461
2020-11-06,44.869651794433594
2020-11-09,44.5009880065918
2020-11-10,45.8048095703125
2020-11-11,46.721981048583984
2020-11-12,46.50617599487305
2020-11-13,46.89283752441406
2020-11-16,47.21653747558594
2020-11-17,46.15550231933594
2020-11-18,44.96855926513672
2020-11-19,44.95058059692383
2020-11-20,45.07646560668945
2020-11-23,44.98653793334961
2020-11-24,42.450828552246094
2020-11-25,42.14509582519531
2020-11-27,42.441837310791016
2020-11-30,42.42384338378906
2020-12-01,42.73855972290039
2020-12-02,42.23501968383789
2020-12-03,42.47779846191406
2020-12-04,42.60369110107422
2020-12-07,42.396873474121094
2020-12-08,42.693603515625
2020-12-09,42.32493591308594
2020-12-10,41.902320861816406
2020-12-11,42.441837310791016
2020-12-14,42.441837310791016
2020-12-15,42.55873107910156
2020-12-16,42.45981979370117
2020-12-17,42.954368591308594
2020-12-18,43.10723876953125
2020-12-21,42.83747100830078
2020-12-22,42.28896713256836
2020-12-23,42.56772232055664
2020-12-24,42.41485595703125
2020-12-28,42.45981979370117
2020-12-29,42.037193298339844
2020-12-30,41.75844192504883
2020-12-31,41.91130828857422
2021-01-04,41.64155578613281
2021-01-05,41.173973083496094
2021-01-06,41.425743103027344
2021-01-07,41.11101531982422
2021-01-08,41.07938766479492
2021-01-11,40.166316986083984
2021-01-12,39.84085464477539
2021-01-13,39.786617279052734
2021-01-14,39.750465393066406
2021-01-15,40.564083099365234
2021-01-19,40.45560073852539
2021-01-20,40.43751907348633
2021-01-21,40.907630920410156
2021-01-22,41.05226135253906
2021-01-25,42.525840759277344
2021-01-26,43.86381530761719
2021-01-27,45.653812408447266
2021-01-28,43.3575553894043
2021-01-29,42.36312484741211
2021-02-01,42.4173583984375
2021-02-02,44.07174301147461
2021-02-03,43.28523635864258
2021-02-04,44.315834045410156
2021-02-05,44.35200500488281
2021-02-08,45.0209846496582
2021-02-09,44.731693267822266
2021-02-10,45.04810333251953
2021-02-11,43.55644607543945
2021-02-12,43.610694885253906
2021-02-16,42.55296325683594
2021-02-17,42.453521728515625
2021-02-18,42.93265914916992
2021-02-19,42.580078125
2021-02-22,42.74281311035156
2021-02-23,42.797054290771484
2021-02-24,42.381202697753906
2021-02-25,42.652408599853516
2021-02-26,41.92013931274414
2021-03-01,41.893028259277344
2021-03-02,42.34503936767578
2021-03-03,42.4264030456543
2021-03-04,42.453521728515625
2021-03-05,43.14059066772461
2021-03-08,43.30331039428711
2021-03-09,43.0230712890625
2021-03-10,43.610694885253906
2021-03-11,43.16770935058594
2021-03-12,43.7914924621582
2021-03-15,43.78245544433594
2021-03-16,43.60165023803711
2021-03-17,43.3575553894043
2021-03-18,43.65589141845703
2021-03-19,43.36659622192383
2021-03-22,43.89093780517578
2021-03-23,44.01750946044922
2021-03-24,43.447959899902344
2021-03-25,43.827659606933594
2021-03-26,43.312355041503906
2021-03-29,43.999420166015625
2021-03-30,43.538368225097656
2021-03-31,43.1948356628418
2021-04-01,43.032100677490234
2021-04-05,43.21290969848633
2021-04-06,43.46604919433594
2021-04-07,42.96881866455078
2021-04-08,42.688575744628906
2021-04-09,42.120601654052734
2021-04-12,42.73855209350586
2021-04-13,42.393226623535156
2021-04-14,42.31144714355469
2021-04-15,42.14786911010742
2021-04-16,42.565895080566406
2021-04-19,42.275089263916016
2021-04-20,42.95665740966797
2021-04-21,42.99300003051758
2021-04-22,42.720375061035156
2021-04-23,42.156951904296875
2021-04-26,41.80253982543945
2021-04-27,41.947940826416016
2021-04-28,41.757102966308594
2021-04-29,42.32052230834961
2021-04-30,41.98429489135742
2021-05-03,42.52043914794922
2021-05-04,42.87485885620117
2021-05-05,43.20201873779297
2021-05-06,43.13840866088867
2021-05-07,42.83852005004883
2021-05-10,43.229270935058594
2021-05-11,42.911216735839844
2021-05-12,42.60224533081055
2021-05-13,43.09297180175781
2021-05-14,42.329612731933594
2021-05-17,42.30234909057617
2021-05-18,42.09333801269531
2021-05-19,41.775272369384766
2021-05-20,44.85594177246094
2021-05-21,44.91046905517578
2021-05-24,44.76506423950195
2021-05-25,44.537879943847656
2021-05-26,44.32886505126953
2021-05-27,44.1652946472168
2021-05-28,44.110774993896484
2021-06-01,43.92901611328125
2021-06-02,44.71054458618164
2021-06-03,45.110389709472656
2021-06-04,44.919559478759766
2021-06-07,44.69236755371094
2021-06-08,44.27434539794922
2021-06-09,43.87449264526367
2021-06-10,44.22889709472656
2021-06-11,44.32886505126953
2021-06-14,44.44700241088867
2021-06-15,44.201637268066406
2021-06-16,43.592777252197266
2021-06-17,43.92901611328125
2021-06-18,43.09297180175781
2021-06-21,43.45646286010742
2021-06-22,43.38376998901367
2021-06-23,43.102046966552734
2021-06-24,43.07478713989258
2021-06-25,43.40193557739258
2021-06-28,43.41102981567383
2021-06-29,43.20201873779297
2021-06-30,43.39285659790039
2021-07-01,43.229270935058594
2021-07-02,43.41102981567383
2021-07-06,43.52916717529297
2021-07-07,43.647308349609375
2021-07-08,43.39285659790039
2021-07-09,43.33347702026367
2021-07-12,42.96809768676758
2021-07-13,43.050315856933594
2021-07-14,43.123390197753906
2021-07-15,43.707984924316406
2021-07-16,44.09162902832031
2021-07-19,44.128177642822266
2021-07-20,43.726261138916016
2021-07-21,43.08685302734375
2021-07-22,42.71234130859375
2021-07-23,43.24213409423828
2021-07-26,43.16905975341797
2021-07-27,43.56183624267578
2021-07-28,42.849361419677734
2021-07-29,42.85849380493164
2021-07-30,42.3652458190918
2021-08-02,42.55705642700195
2021-08-03,42.29215621948242
2021-08-04,41.616214752197266
2021-08-05,41.579681396484375
2021-08-06,41.54313659667969
2021-08-09,41.917659759521484
2021-08-10,41.76235580444336
2021-08-11,41.76235580444336
2021-08-12,41.460941314697266
2021-08-13,42.01812744140625
2021-08-16,42.301300048828125
2021-08-17,43.0594482421875
2021-08-18,42.20995330810547
2021-08-19,42.420040130615234
2021-08-20,42.31956481933594
2021-08-23,42.00899887084961
2021-08-24,41.451805114746094
2021-08-25,41.42439651489258
2021-08-26,40.775856018066406
2021-08-27,41.031620025634766
2021-08-30,41.36958312988281
2021-08-31,41.59794235229492
2021-09-01,41.71669387817383
2021-09-02,39.7984733581543
2021-09-03,39.10426712036133
2021-09-07,38.565338134765625
2021-09-08,38.912437438964844
2021-09-09,38.54707336425781
2021-09-10,38.647544860839844
2021-09-13,38.98551559448242
2021-09-14,38.738887786865234
2021-09-15,37.989864349365234
2021-09-16,38.23649597167969
2021-09-17,38.38264846801758
2021-09-20,38.090354919433594
2021-09-21,37.74324035644531
2021-09-22,37.30479049682617
2021-09-23,37.11296844482422
2021-09-24,37.26825714111328
2021-09-27,37.39613342285156
2021-09-28,37.56969451904297
2021-09-29,38.017269134521484
2021-09-30,37.45094299316406
2021-10-01,37.3504638671875
2021-10-04,37.67017364501953
2021-10-05,37.69757080078125
2021-10-06,38.190834045410156
2021-10-07,37.76150894165039
2021-10-08,38.081214904785156
2021-10-11,38.291297912597656
2021-10-12,38.647544860839844
2021-10-13,38.69321823120117
2021-10-14,39.1682014465332
2021-10-15,39.1911735534668
2021-10-18,38.6950798034668
2021-10-19,38.26329803466797
2021-10-20,38.4745979309082
2021-10-21,38.272491455078125
2021-10-22,38.594024658203125
2021-10-25,38.53890609741211
2021-10-26,38.7593879699707
2021-10-27,38.82369613647461
2021-10-28,39.37491226196289
2021-10-29,38.87881851196289
2021-11-01,39.45758819580078
2021-11-02,39.567832946777344
2021-11-03,39.83424758911133
2021-11-04,39.63214111328125
2021-11-05,39.696449279785156
2021-11-08,39.99960708618164
2021-11-09,39.73320007324219
2021-11-10,39.96287536621094
2021-11-11,39.81587600708008
2021-11-12,39.889381408691406
2021-11-15,39.898555755615234
2021-11-16,39.58620834350586
2021-11-17,39.77912902832031
2021-11-18,39.1544189453125
2021-11-19,39.163612365722656
2021-11-22,39.52190017700195
2021-11-23,39.73320007324219
2021-11-24,39.44839859008789
2021-11-26,39.328975677490234
2021-11-29,39.03498840332031
2021-11-30,38.03363037109375
2021-12-01,38.63995361328125
2021-12-02,38.548091888427734
2021-12-03,39.25547409057617
2021-12-06,39.53108215332031
2021-12-07,38.97987365722656
2021-12-08,39.31059646606445
2021-12-09,41.15716552734375
2021-12-10,42.259586334228516
2021-12-13,43.43549728393555
2021-12-14,44.005088806152344
2021-12-15,44.63898849487305
2021-12-16,45.19019317626953
2021-12-17,44.253135681152344
2021-12-20,44.52873992919922
2021-12-21,43.64680099487305
2021-12-22,43.82135772705078
2021-12-23,43.885658264160156
2021-12-27,44.07857894897461
2021-12-28,44.49199676513672
2021-12-29,44.583858489990234
2021-12-30,44.62060546875
2021-12-31,44.841094970703125
2022-01-03,45.13507843017578
2022-01-04,45.02482986450195
2022-01-05,45.60360336303711
2022-01-06,45.31882095336914
2022-01-07,45.79652786254883
2022-01-10,45.79652786254883
2022-01-11,45.649532318115234
2022-01-12,45.04320526123047
2022-01-13,45.48418045043945
2022-01-14,45.32717514038086
2022-01-18,45.46570587158203
2022-01-19,45.391822814941406
2022-01-20,45.17940139770508
2022-01-21,45.37335205078125
2022-01-24,45.26253128051758
2022-01-25,44.52369689941406
2022-01-26,42.9998664855957
2022-01-27,43.1845703125
2022-01-28,43.61863327026367
2022-01-31,43.84028244018555
2022-02-01,43.507808685302734
2022-02-02,43.94186782836914
2022-02-03,44.14504623413086
2022-02-04,43.38774490356445
2022-02-07,43.8310432434082
2022-02-08,43.94186782836914
2022-02-09,44.338985443115234
2022-02-10,43.52627944946289
2022-02-11,44.25586700439453
2022-02-14,43.8310432434082
2022-02-15,43.65556716918945
2022-02-16,43.507808685302734
2022-02-17,43.69251251220703
2022-02-18,43.821815490722656
2022-02-22,43.96033477783203
2022-02-23,44.052696228027344
2022-02-24,43.43391799926758
2022-02-25,44.75457763671875
2022-02-28,43.997283935546875
2022-03-01,45.75200653076172
2022-03-02,46.62013244628906
2022-03-03,47.54365921020508
2022-03-04,47.77454376220703
2022-03-07,48.20861053466797
2022-03-08,46.4354133605957
2022-03-09,46.09370803833008
2022-03-10,46.62013244628906
2022-03-11,46.62013244628906
2022-03-14,46.213768005371094
2022-03-15,45.42876434326172
2022-03-16,45.595001220703125
2022-03-17,45.899776458740234
2022-03-18,45.493412017822266
2022-03-21,45.945953369140625
2022-03-22,45.92747116088867
2022-03-23,46.112178802490234
2022-03-24,46.41694259643555
2022-03-25,46.823307037353516
2022-03-28,46.54624557495117
2022-03-29,46.84177780151367
2022-03-30,47.5621337890625
2022-03-31,47.59907531738281
2022-04-01,48.41178512573242
2022-04-04,47.74684524536133
2022-04-05,48.27326202392578
2022-04-06,48.716552734375
2022-04-07,48.8550910949707
2022-04-08,48.92005157470703
2022-04-11,49.29129409790039
2022-04-12,49.49546813964844
2022-04-13,49.63468933105469
2022-04-14,49.588279724121094
2022-04-18,49.207759857177734
2022-04-19,49.8667106628418
2022-04-20,50.74840545654297
2022-04-21,50.86906433105469
2022-04-22,49.727500915527344
2022-04-25,49.70893478393555
2022-04-26,48.59522247314453
2022-04-27,49.04998016357422
2022-04-28,49.68109130859375
2022-04-29,48.62306213378906
2022-05-02,48.09404373168945
2022-05-03,47.945552825927734
2022-05-04,48.49312210083008
2022-05-05,47.86201858520508
2022-05-06,48.2703857421875
2022-05-09,48.77155303955078
2022-05-10,48.372467041015625
2022-05-11,48.44672393798828
2022-05-12,48.55809783935547
2022-05-13,49.38409423828125
2022-05-16,49.532596588134766
2022-05-17,49.059261322021484
2022-05-18,44.762168884277344
2022-05-19,44.37237548828125
2022-05-20,44.79001235961914
2022-05-23,44.98491668701172
2022-05-24,45.59746170043945
2022-05-25,45.43040084838867
2022-05-26,44.93851089477539
2022-05-27,45.1334114074707
2022-05-31,45.1705322265625
2022-06-01,44.80857849121094
2022-06-02,42.46976852416992
2022-06-03,41.87578201293945
2022-06-06,42.32126998901367
2022-06-07,42.34912109375
2022-06-08,42.33055877685547
2022-06-09,42.0428466796875
2022-06-10,42.54401779174805
2022-06-13,41.977874755859375
2022-06-14,41.87578201293945
2022-06-15,41.66232681274414
2022-06-16,41.67160415649414
2022-06-17,41.47669982910156
2022-06-21,42.052120208740234
2022-06-22,42.432647705078125
2022-06-23,42.980224609375
2022-06-24,43.96400833129883
2022-06-27,44.11249923706055
2022-06-28,43.704139709472656
2022-06-29,44.5115852355957
2022-06-30,43.95472717285156
2022-07-01,44.28884506225586
2022-07-05,44.17747116088867
2022-07-06,44.5672721862793
2022-07-07,44.87354278564453
2022-07-08,44.36966323852539
2022-07-11,44.60293960571289
2022-07-12,44.86421203613281
2022-07-13,44.966854095458984
2022-07-14,44.87354278564453
2022-07-15,44.59361267089844
2022-07-18,44.20170211791992
2022-07-19,44.52829360961914
2022-07-20,44.061737060546875
2022-07-21,44.11771774291992
2022-07-22,44.406986236572266
2022-07-25,44.574947357177734
2022-07-26,44.92953109741211
2022-07-27,45.03217315673828
2022-07-28,45.955963134765625
2022-07-29,46.03994369506836
2022-08-01,46.03061294555664
2022-08-02,46.08659362792969
2022-08-03,46.04926681518555
2022-08-04,45.65736389160156
2022-08-05,45.63869857788086
2022-08-08,45.7413444519043
2022-08-09,46.5251579284668
2022-08-10,46.51582336425781
2022-08-11,46.2918815612793
2022-08-12,46.5251579284668
2022-08-15,47.047698974609375
2022-08-16,47.252986907958984
2022-08-17,47.42094421386719
2022-08-18,47.55158996582031
2022-08-19,47.65422439575195
2022-08-22,47.327640533447266
2022-08-23,47.840850830078125
2022-08-24,48.008811950683594
2022-08-25,47.99947738647461
2022-08-26,47.66355895996094
2022-08-29,47.850181579589844
2022-08-30,47.27164840698242
2022-08-31,46.91706466674805
2022-09-01,43.83778381347656
2022-09-02,43.28724670410156
2022-09-06,43.436546325683594
2022-09-07,44.03373718261719
2022-09-08,43.707149505615234
2022-09-09,43.725807189941406
2022-09-12,43.93109893798828
2022-09-13,43.08196258544922
2022-09-14,42.87667465209961
2022-09-15,42.87667465209961
2022-09-16,42.727378845214844
2022-09-19,43.16594314575195
2022-09-20,42.93266296386719
2022-09-21,43.45520782470703
2022-09-22,43.903106689453125
2022-09-23,43.735137939453125
2022-09-26,43.725807189941406
2022-09-27,43.29657745361328
2022-09-28,43.79113006591797
2022-09-29,42.83002471923828
2022-09-30,42.400787353515625
2022-10-03,43.109954833984375
2022-10-04,43.76313781738281
2022-10-05,43.21259689331055
2022-10-06,41.90623092651367
2022-10-07,41.56098937988281
2022-10-10,42.251487731933594
2022-10-11,42.923336029052734
2022-10-12,42.55008316040039
2022-10-13,42.9046745300293
2022-10-14,42.12578201293945
2022-10-17,42.548072814941406
2022-10-18,42.95158767700195
2022-10-19,43.280033111572266
2022-10-20,42.12578201293945
2022-10-21,42.20085144042969
2022-10-24,42.36976623535156
2022-10-25,42.379150390625
2022-10-26,42.942203521728516
2022-10-27,43.19557571411133
2022-10-28,44.068321228027344
2022-10-31,43.5897216796875
2022-11-01,43.5897216796875
2022-11-02,43.45833969116211
2022-11-03,42.998512268066406
2022-11-04,43.22373580932617
2022-11-07,44.11522674560547
2022-11-08,44.53752517700195
2022-11-09,44.23723220825195
2022-11-10,44.65013122558594
2022-11-11,44.48122024536133
2022-11-14,44.10585021972656
2022-11-15,44.23723220825195
2022-11-16,45.034889221191406
2022-11-17,45.109962463378906
2022-11-18,45.663631439208984
2022-11-21,46.27360534667969
2022-11-22,46.25483703613281
2022-11-23,46.12345886230469
2022-11-25,46.36745071411133
2022-11-28,46.08592224121094
2022-11-29,45.222572326660156
2022-11-30,44.10585021972656
2022-12-01,44.65951919555664
2022-12-02,44.70643997192383
2022-12-05,44.284149169921875
2022-12-06,43.95570373535156
2022-12-07,44.68767166137695
2022-12-08,44.715816497802734
2022-12-09,44.12461471557617
2022-12-12,44.27476501464844
2022-12-13,43.78678512573242
2022-12-14,43.646026611328125
2022-12-15,42.87651062011719
2022-12-16,42.848365783691406
2022-12-19,42.688838958740234
2022-12-20,42.454227447509766
2022-12-21,42.6137580871582
2022-12-22,42.6137580871582
2022-12-23,42.820213317871094
2022-12-27,43.01728057861328
2022-12-28,42.57622528076172
2022-12-29,42.70759582519531
2022-12-30,42.74513626098633
2023-01-03,42.93282699584961
2023-01-04,43.06420135498047
2023-01-05,43.2143440246582
2023-01-06,44.021392822265625
2023-01-09,43.25188446044922
2023-01-10,43.082977294921875
2023-01-11,43.93693161010742
2023-01-12,43.664791107177734
2023-01-13,43.51846694946289
2023-01-17,43.75447082519531
2023-01-18,41.97031021118164
2023-01-19,41.97031021118164
2023-01-20,42.083587646484375
2023-01-23,42.14967346191406
2023-01-24,42.10246276855469
2023-01-25,42.253509521484375
2023-01-26,42.253509521484375
2023-01-27,42.37622833251953
2023-01-30,42.27238464355469
2023-01-31,42.77271270751953
2023-02-01,42.801029205322266
2023-02-02,42.801029205322266
2023-02-03,42.70663070678711
2023-02-06,43.08423614501953
2023-02-07,42.64999008178711
2023-02-08,42.12134552001953
2023-02-09,42.03638458251953
2023-02-10,42.43286895751953
2023-02-13,42.82935333251953
2023-02-14,42.47063446044922
2023-02-15,42.61222839355469
2023-02-16,42.43286895751953
2023-02-17,43.17863082885742
2023-02-21,42.933189392089844
2023-02-22,42.86711502075195
2023-02-23,42.72551727294922
2023-02-24,42.57447052001953
2023-02-27,42.2912712097168
2023-02-28,41.89479064941406
2023-03-01,41.37559127807617
2023-03-02,39.487586975097656
2023-03-03,38.35477828979492
2023-03-06,38.260379791259766
2023-03-07,37.741180419921875
2023-03-08,37.97718048095703
2023-03-09,37.4957389831543
2023-03-10,36.98598098754883
2023-03-13,37.127586364746094
2023-03-14,37.108699798583984
2023-03-15,37.23141860961914
2023-03-16,36.967098236083984
2023-03-17,36.20246124267578
2023-03-20,36.589500427246094
2023-03-21,36.35349655151367
2023-03-22,36.04197692871094
2023-03-23,35.82485580444336
2023-03-24,36.485660552978516
2023-03-27,36.787750244140625
2023-03-28,36.967098236083984
2023-03-29,37.09925842285156
2023-03-30,37.04262161254883
2023-03-31,37.646785736083984
2023-04-03,38.15653991699219
2023-04-04,38.60966110229492
2023-04-05,38.22262954711914
2023-04-06,38.052703857421875
2023-04-10,37.96774673461914
2023-04-11,38.081016540527344
2023-04-12,37.96774673461914
2023-04-13,37.901668548583984
2023-04-14,37.31709671020508
2023-04-17,37.84938430786133
2023-04-18,37.78284454345703
2023-04-19,37.85889434814453
2023-04-20,37.9254264831543
2023-04-21,37.877891540527344
2023-04-24,37.73532485961914
2023-04-25,38.03947830200195
2023-04-26,37.86839294433594
2023-04-27,38.410186767578125
2023-04-28,38.43870162963867
2023-05-01,38.619293212890625
2023-05-02,38.2200813293457
2023-05-03,38.619293212890625
2023-05-04,38.88543701171875
2023-05-05,39.16108703613281
2023-05-08,38.62880325317383
2023-05-09,38.17256164550781
2023-05-10,38.144046783447266
2023-05-11,38.29612350463867
2023-05-12,38.248600006103516
2023-05-15,37.65928268432617
2023-05-16,37.09847640991211
2023-05-17,37.40263748168945
2023-05-18,37.326602935791016
2023-05-19,37.39313888549805
2023-05-22,36.96540832519531
2023-05-23,37.165016174316406
2023-05-24,36.96540832519531
2023-05-25,36.34757614135742
2023-05-26,36.566192626953125
2023-05-30,36.43312454223633
2023-05-31,36.35708236694336
2023-06-01,38.21057891845703
2023-06-02,38.75237274169922
2023-06-05,38.552764892578125
2023-06-06,38.429195404052734
2023-06-07,38.37215805053711
2023-06-08,38.619293212890625
2023-06-09,38.847415924072266
2023-06-12,38.85692596435547
2023-06-13,38.80939865112305
2023-06-14,39.208614349365234
2023-06-15,39.256141662597656
2023-06-16,39.227622985839844
2023-06-20,38.761871337890625
2023-06-21,38.66682434082031
2023-06-22,38.60028839111328
2023-06-23,38.46721649169922
2023-06-26,38.761871337890625
2023-06-27,38.486228942871094
2023-06-28,37.47868347167969
2023-06-29,37.88740921020508
2023-06-30,38.22958755493164
2023-07-03,38.60979080200195
2023-07-05,38.17256164550781
2023-07-06,37.839881896972656
2023-07-07,37.40263748168945
2023-07-10,37.14600372314453
2023-07-11,37.26957321166992
2023-07-12,37.21253967285156
2023-07-13,37.7923469543457
2023-07-14,38.40970230102539
2023-07-17,37.70142364501953
2023-07-18,37.64400100708008
2023-07-19,37.864139556884766
2023-07-20,38.486270904541016
2023-07-21,38.419273376464844
2023-07-24,38.782981872558594
2023-07-25,38.8978385925293
2023-07-26,39.060550689697266
2023-07-27,38.888267517089844
2023-07-28,39.280696868896484
2023-07-31,39.12755584716797
2023-08-01,38.84998321533203
2023-08-02,39.61568832397461
2023-08-03,39.07012176513672
2023-08-04,38.802127838134766
2023-08-07,39.012699127197266
2023-08-08,38.419273376464844
2023-08-09,38.96483612060547
2023-08-10,39.04140853881836
2023-08-11,39.81668472290039
2023-08-14,39.117977142333984
2023-08-15,38.51498794555664
2023-08-16,38.352272033691406
2023-08-17,37.71099853515625
2023-08-18,37.605716705322266
2023-08-21,37.270713806152344
2023-08-22,37.28028869628906
2023-08-23,36.82086944580078
2023-08-24,37.2515754699707
2023-08-25,37.691856384277344
2023-08-28,38.03642272949219
2023-08-29,38.10342025756836
2023-08-30,37.95985412597656
2023-08-31,36.93571853637695
2023-09-01,36.753868103027344
2023-09-05,36.036014556884766
2023-09-06,35.65316390991211
2023-09-07,35.39473342895508
2023-09-08,35.52873229980469
2023-09-11,35.758445739746094
2023-09-12,35.796730041503906
2023-09-13,35.940303802490234
2023-09-14,36.76343536376953
2023-09-15,36.60072708129883
2023-09-18,36.581581115722656
2023-09-19,36.7825813293457
2023-09-20,37.12714767456055
2023-09-21,37.64400100708008
2023-09-22,37.24199676513672
2023-09-25,37.261146545410156
2023-09-26,37.184574127197266
2023-09-27,36.68686294555664
2023-09-28,36.39972686767578
2023-09-29,36.39972686767578
2023-10-02,35.93073272705078
2023-10-03,36.0838737487793
2023-10-04,36.46672439575195
2023-10-05,35.74887466430664
2023-10-06,35.289451599121094
2023-10-09,34.50460433959961
2023-10-10,35.23202896118164
2023-10-11,34.6768913269043
2023-10-12,31.269495010375977
2023-10-13,30.907527923583984
2023-10-16,31.004053115844727
2023-10-17,31.28397560119629
2023-10-18,30.75308609008789
2023-10-19,30.714475631713867
2023-10-20,30.3283748626709
2023-10-23,29.884353637695312
2023-10-24,29.884353637695312
2023-10-25,31.004053115844727
2023-10-26,30.926834106445312
2023-10-27,30.299415588378906
2023-10-30,30.94614028930664
2023-10-31,31.419111251831055
2023-11-01,31.31293487548828
2023-11-02,32.0272216796875
2023-11-03,31.727994918823242
2023-11-06,31.399805068969727
2023-11-07,31.45772361755371
2023-11-08,31.341896057128906
2023-11-09,31.3804988861084
2023-11-10,31.370849609375
2023-11-13,31.303285598754883
2023-11-14,31.776256561279297
2023-11-15,31.60251235961914
2023-11-16,31.52528953552246
2023-11-17,31.390155792236328
2023-11-20,31.071619033813477
2023-11-21,31.322587966918945
2023-11-22,31.45772361755371
2023-11-24,31.583208084106445
2023-11-27,30.849609375
2023-11-28,30.8399600982666
2023-11-29,29.411378860473633
2023-11-30,29.527210235595703
2023-12-01,30.231847763061523
2023-12-04,30.63725471496582
2023-12-05,30.25115394592285
2023-12-06,30.79169464111328
2023-12-07,30.74343490600586
2023-12-08,30.289762496948242
2023-12-11,30.60829734802246
2023-12-12,30.56003189086914
2023-12-13,31.563901901245117
2023-12-14,30.811002731323242
2023-12-15,30.000185012817383
2023-12-18,30.51177406311035
2023-12-19,30.62760353088379
2023-12-20,30.33802604675293
2023-12-21,30.569686889648438
2023-12-22,30.65656089782715
2023-12-26,30.704822540283203
2023-12-27,30.704822540283203
2023-12-28,30.830307006835938
2023-12-29,30.99439811706543
2024-01-02,31.660429000854492
2024-01-03,31.46737289428711
2024-01-04,31.19710350036621
2024-01-05,31.04266357421875
2024-01-08,30.965442657470703
2024-01-09,31.1102294921875
2024-01-10,30.78204345703125
2024-01-11,30.666213989257812
2024-01-12,30.980792999267578
2024-01-16,30.503568649291992
2024-01-17,30.396432876586914
2024-01-18,30.26982307434082
2024-01-19,29.841291427612305
2024-01-22,29.55885124206543
2024-01-23,29.919206619262695
2024-01-24,29.6075496673584
2024-01-25,29.627029418945312
2024-01-26,30.18216896057129
2024-01-29,29.773117065429688
2024-01-30,29.8802490234375
2024-01-31,29.578330993652344
2024-02-01,30.055559158325195
2024-02-02,29.802335739135742
2024-02-05,29.0231876373291
2024-02-06,29.30562973022461
2024-02-07,28.955015182495117
2024-02-08,28.70178985595703
2024-02-09,28.302478790283203
2024-02-12,28.828401565551758
2024-02-13,27.97134017944336
2024-02-14,28.04925537109375
2024-02-15,28.35117530822754
2024-02-16,28.23430633544922
2024-02-20,28.672574996948242
2024-02-21,28.964754104614258
2024-02-22,29.490678787231445
2024-02-23,29.71468162536621
2024-02-26,29.656246185302734
2024-02-27,30.094514846801758
2024-02-28,30.02634048461914
2024-02-29,34.399295806884766
2024-03-01,32.50012969970703
2024-03-04,32.88969802856445
2024-03-05,33.13318634033203
2024-03-06,33.29875183105469
2024-03-07,33.08448791503906
2024-03-08,33.22084045410156
2024-03-11,33.29875183105469
2024-03-12,33.269535064697266
2024-03-13,33.58119583129883
2024-03-14,32.841007232666016
2024-03-15,33.25005340576172
2024-03-18,33.45458221435547
2024-03-19,33.58119583129883
2024-03-20,33.600669860839844
2024-03-21,33.36692810058594
2024-03-22,33.48379898071289
2024-03-25,33.327972412109375
2024-03-26,33.45458221435547
2024-03-27,33.94154739379883
2024-03-28,33.980506896972656
2024-04-01,34.06815719604492
2024-04-02,34.321380615234375
2024-04-03,33.824676513671875
2024-04-04,34.25320816040039
2024-04-05,33.79545974731445
2024-04-08,34.19477081298828
2024-04-09,34.389556884765625
2024-04-10,33.8636360168457
2024-04-11,34.0389404296875
2024-04-12,33.31529235839844
2024-04-15,33.295658111572266
2024-04-16,33.19746780395508
2024-04-17,33.423301696777344
2024-04-18,33.75714111328125
2024-04-19,34.11062240600586
2024-04-22,34.50337219238281
2024-04-23,34.50337219238281
2024-04-24,34.95503616333008
2024-04-25,34.631019592285156
2024-04-26,34.680110931396484
2024-04-29,34.778297424316406
2024-04-30,34.91576385498047
2024-05-01,34.61138153076172
2024-05-02,34.778297424316406
2024-05-03,34.53282928466797
2024-05-06,34.169532775878906
2024-05-07,34.67029571533203
2024-05-08,34.483734130859375
2024-05-09,34.748844146728516
2024-05-10,34.9844970703125
2024-05-13,34.90594482421875
2024-05-14,35.131778717041016
2024-05-15,34.95503616333008
2024-05-16,35.436161041259766
2024-05-17,35.65217971801758
2024-05-20,36.103843688964844
2024-05-21,35.77000427246094
2024-05-22,34.827396392822266
2024-05-23,34.12043762207031
2024-05-24,34.473915100097656
2024-05-28,34.071346282958984
2024-05-29,33.48221206665039
2024-05-30,30.2321834564209
2024-05-31,30.418739318847656
2024-06-03,30.350008010864258
2024-06-04,30.183086395263672
2024-06-05,30.045623779296875
2024-06-06,30.32054901123047
2024-06-07,30.084897994995117
2024-06-10,30.025985717773438
2024-06-11,30.094717025756836
2024-06-12,29.947433471679688
2024-06-13,30.094717025756836
2024-06-14,29.927797317504883
2024-06-17,30.183086395263672
2024-06-18,29.819791793823242
2024-06-20,29.927797317504883
2024-06-21,30.084897994995117
2024-06-24,30.39910125732422
2024-06-25,29.819791793823242
2024-06-26,29.672508239746094
2024-06-27,29.672508239746094
2024-06-28,29.9376163482666
2024-07-01,29.878704071044922
2024-07-02,29.99652862548828
2024-07-03,29.69214630126953
2024-07-05,29.741239547729492
2024-07-08,29.603775024414062
2024-07-09,29.495769500732422
2024-07-10,29.859066009521484
2024-07-11,30.310733795166016
2024-07-12,30.408920288085938
2024-07-15,30.273160934448242
2024-07-16,31.075822830200195
2024-07-17,31.868572235107422
2024-07-18,31.937936782836914
2024-07-19,31.50192642211914
2024-07-22,31.05600357055664
2024-07-23,30.89745330810547
2024-07-24,31.224462509155273
2024-07-25,31.551471710205078
2024-07-26,31.719928741455078
2024-07-29,31.61092758178711
2024-07-30,31.729841232299805
2024-07-31,31.81902503967285
2024-08-01,32.16585159301758
2024-08-02,32.57213592529297
2024-08-05,31.809114456176758
2024-08-06,31.51183319091797
2024-08-07,31.680294036865234
2024-08-08,31.680294036865234
2024-08-09,31.739748001098633
2024-08-12,30.96681785583496
2024-08-13,31.51183319091797
2024-08-14,31.96766471862793
2024-08-15,31.729841232299805
2024-08-16,32.0667610168457
2024-08-19,32.38386154174805
2024-08-20,32.03703308105469
2024-08-21,32.146034240722656
2024-08-22,31.660476684570312
2024-08-23,31.591108322143555
2024-08-26,32.0667610168457
2024-08-27,31.91811752319336
2024-08-28,32.09648895263672
2024-08-29,31.898298263549805
2024-08-30,32.255035400390625
2024-09-03,32.839691162109375
2024-09-04,30.728992462158203
2024-09-05,31.81902503967285
2024-09-06,32.27485656738281
2024-09-09,32.10639953613281
2024-09-10,31.928030014038086
2024-09-11,31.05600357055664
2024-09-12,31.333465576171875
2024-09-13,31.78929901123047
2024-09-16,32.2352180480957
2024-09-17,32.07666778564453
2024-09-18,32.10639953613281
2024-09-19,31.838844299316406
2024-09-20,31.482107162475586
2024-09-23,31.194734573364258
2024-09-24,30.887542724609375
2024-09-25,30.828086853027344
2024-09-26,31.283918380737305
2024-09-27,31.432558059692383
2024-09-30,31.41274070739746
2024-10-01,31.37310218811035
2024-10-02,31.25419044494629
2024-10-03,30.828086853027344
2024-10-04,31.0659122467041
2024-10-07,30.976728439331055
2024-10-08,30.788448333740234
2024-10-09,30.699264526367188
2024-10-10,30.70917510986328
2024-10-11,30.798358917236328
2024-10-14,30.946998596191406
2024-10-15,31.139999389648438
2024-10-16,31.229999542236328
2024-10-17,31.559999465942383
2024-10-18,32.189998626708984
2024-10-21,31.31999969482422
2024-10-22,31.09000015258789
2024-10-23,31.190000534057617
2024-10-24,31.09000015258789
2024-10-25,31.059999465942383
2024-10-28,30.940000534057617
2024-10-29,30.690000534057617
2024-10-30,30.6200008392334
2024-10-31,30.549999237060547
2024-11-01,30.920000076293945
2024-11-04,30.739999771118164
2024-11-05,31.100000381469727
2024-11-06,30.719999313354492
2024-11-07,30.270000457763672
2024-11-08,30.31999969482422
2024-11-11,30.360000610351562
2024-11-12,30.389999389648438
2024-11-13,30.389999389648438
2024-11-14,30.40999984741211
2024-11-15,29.209999084472656
2024-11-18,29.399999618530273
2024-11-19,29.729999542236328
2024-11-20,30.219999313354492
2024-11-21,30.5
2024-11-22,30.670000076293945
2024-11-25,31.43000030517578
2024-11-26,31.6200008392334
2024-11-27,31.920000076293945
2024-11-29,32.43000030517578
2024-12-02,32.13999938964844
2024-12-03,31.81999969482422
2024-12-04,31.989999771118164
2024-12-05,32.86000061035156
2024-12-06,32.470001220703125
2024-12-09,33.18000030517578
2024-12-10,33.54999923706055
2024-12-11,33.130001068115234
2024-12-12,33.040000915527344
2024-12-13,32.939998626708984
2024-12-16,32.34000015258789
2024-12-17,32.150001525878906
