,MKTX
2014-01-02,59.52978515625
2014-01-03,61.1318244934082
2014-01-06,59.26581954956055
2014-01-07,59.83019256591797
2014-01-08,58.555843353271484
2014-01-09,57.71841049194336
2014-01-10,58.109806060791016
2014-01-13,56.844573974609375
2014-01-14,57.79122543334961
2014-01-15,57.40892791748047
2014-01-16,57.32699966430664
2014-01-17,56.362159729003906
2014-01-21,57.63650131225586
2014-01-22,57.17226791381836
2014-01-23,56.562400817871094
2014-01-24,55.69766616821289
2014-01-27,54.40512466430664
2014-01-28,56.01626205444336
2014-01-29,54.83295440673828
2014-01-30,57.62739562988281
2014-01-31,57.10854721069336
2014-02-03,55.19703674316406
2014-02-04,56.280216217041016
2014-02-05,55.95254135131836
2014-02-06,55.661258697509766
2014-02-07,55.77958679199219
2014-02-10,54.92397689819336
2014-02-11,55.13386917114258
2014-02-12,54.72317886352539
2014-02-13,54.71405792236328
2014-02-14,54.49502944946289
2014-02-18,54.923973083496094
2014-02-19,53.90178298950195
2014-02-20,54.48588943481445
2014-02-21,54.184715270996094
2014-02-24,54.53150939941406
2014-02-25,53.755767822265625
2014-02-26,54.047821044921875
2014-02-27,53.90178298950195
2014-02-28,53.883544921875
2014-03-03,54.202964782714844
2014-03-04,57.60719299316406
2014-03-05,58.19129180908203
2014-03-06,58.720645904541016
2014-03-07,58.875789642333984
2014-03-10,58.8119010925293
2014-03-11,57.23300552368164
2014-03-12,57.99052047729492
2014-03-13,57.34252166748047
2014-03-14,56.785789489746094
2014-03-17,57.89923858642578
2014-03-18,57.45204544067383
2014-03-19,56.87705993652344
2014-03-20,57.424652099609375
2014-03-21,56.74016189575195
2014-03-24,56.74016189575195
2014-03-25,56.24732208251953
2014-03-26,54.36724090576172
2014-03-27,53.59148025512695
2014-03-28,52.92523956298828
2014-03-31,54.047821044921875
2014-04-01,54.44026184082031
2014-04-02,54.12082290649414
2014-04-03,51.92131042480469
2014-04-04,50.23288345336914
2014-04-07,49.52100372314453
2014-04-08,49.721797943115234
2014-04-09,50.196380615234375
2014-04-10,49.69442367553711
2014-04-11,48.4440803527832
2014-04-14,49.04642105102539
2014-04-15,49.4844970703125
2014-04-16,50.31502914428711
2014-04-17,50.73485565185547
2014-04-21,51.09992218017578
2014-04-22,51.69315719604492
2014-04-23,50.214637756347656
2014-04-24,50.18724822998047
2014-04-25,49.96821975708008
2014-04-28,49.00078582763672
2014-04-29,48.6265983581543
2014-04-30,49.12857437133789
2014-05-01,49.867820739746094
2014-05-02,49.785682678222656
2014-05-05,49.949951171875
2014-05-06,49.70281982421875
2014-05-07,49.858421325683594
2014-05-08,49.803504943847656
2014-05-09,49.86758804321289
2014-05-12,50.87444305419922
2014-05-13,50.03234100341797
2014-05-14,48.61357498168945
2014-05-15,48.412193298339844
2014-05-16,48.84239959716797
2014-05-19,49.82181167602539
2014-05-20,49.16277313232422
2014-05-21,49.47397994995117
2014-05-22,50.09640884399414
2014-05-23,50.36186599731445
2014-05-27,51.62503433227539
2014-05-28,50.62730407714844
2014-05-29,49.9957389831543
2014-05-30,48.833255767822266
2014-06-02,48.45795822143555
2014-06-03,46.04147720336914
2014-06-04,47.487693786621094
2014-06-05,48.18335723876953
2014-06-06,49.45567321777344
2014-06-09,49.73027420043945
2014-06-10,49.556358337402344
2014-06-11,48.924781799316406
2014-06-12,48.796634674072266
2014-06-13,49.766883850097656
2014-06-16,50.21541976928711
2014-06-17,50.58153533935547
2014-06-18,51.45111083984375
2014-06-19,50.80122756958008
2014-06-20,50.92937469482422
2014-06-23,51.27718734741211
2014-06-24,50.87444305419922
2014-06-25,50.81038284301758
2014-06-26,50.73716735839844
2014-06-27,50.61815643310547
2014-06-30,49.48313522338867
2014-07-01,49.14445877075195
2014-07-02,48.265750885009766
2014-07-03,47.506011962890625
2014-07-07,46.590675354003906
2014-07-08,45.739410400390625
2014-07-09,45.05290985107422
2014-07-10,43.98195266723633
2014-07-11,43.47853469848633
2014-07-14,44.39386749267578
2014-07-15,44.146724700927734
2014-07-16,44.03689193725586
2014-07-17,44.46710205078125
2014-07-18,45.40988540649414
2014-07-21,45.85841369628906
2014-07-22,46.105533599853516
2014-07-23,49.3458366394043
2014-07-24,51.65250015258789
2014-07-25,51.24974822998047
2014-07-28,51.2405891418457
2014-07-29,51.606727600097656
2014-07-30,52.12847137451172
2014-07-31,51.469417572021484
2014-08-01,51.12158966064453
2014-08-04,51.52434158325195
2014-08-05,51.340755462646484
2014-08-06,52.001678466796875
2014-08-07,51.028648376464844
2014-08-08,50.82670974731445
2014-08-11,52.59833908081055
2014-08-12,51.83644104003906
2014-08-13,51.93741989135742
2014-08-14,52.14854049682617
2014-08-15,52.59833908081055
2014-08-18,53.4520263671875
2014-08-19,53.42449951171875
2014-08-20,53.3602409362793
2014-08-21,53.020591735839844
2014-08-22,53.21335983276367
2014-08-25,54.72797775268555
2014-08-26,54.63618087768555
2014-08-27,54.44340896606445
2014-08-28,53.82838821411133
2014-08-29,54.08540725708008
2014-09-02,54.66371154785156
2014-09-03,55.095149993896484
2014-09-04,53.617271423339844
2014-09-05,54.434234619140625
2014-09-08,54.87484359741211
2014-09-09,54.957454681396484
2014-09-10,55.058441162109375
2014-09-11,54.39750671386719
2014-09-12,54.21391677856445
2014-09-15,53.250083923339844
2014-09-16,53.78248596191406
2014-09-17,53.98445129394531
2014-09-18,56.573055267333984
2014-09-19,56.683197021484375
2014-09-22,55.57249069213867
2014-09-23,54.434234619140625
2014-09-24,55.7193603515625
2014-09-25,55.12269973754883
2014-09-26,56.352752685546875
2014-09-29,56.95857620239258
2014-09-30,56.78417205810547
2014-10-01,56.774993896484375
2014-10-02,56.71073913574219
2014-10-03,57.32575225830078
2014-10-06,57.55525588989258
2014-10-07,56.91268539428711
2014-10-08,57.56442642211914
2014-10-09,57.050376892089844
2014-10-10,57.399200439453125
2014-10-13,57.42674255371094
2014-10-14,57.91325759887695
2014-10-15,59.30852508544922
2014-10-16,58.5466423034668
2014-10-17,57.702117919921875
2014-10-20,58.70269012451172
2014-10-21,60.24482345581055
2014-10-22,56.13243103027344
2014-10-23,56.224239349365234
2014-10-24,57.050376892089844
2014-10-27,57.931610107421875
2014-10-28,58.78532028198242
2014-10-29,58.739402770996094
2014-10-30,58.959720611572266
2014-10-31,59.345272064208984
2014-11-03,59.27180862426758
2014-11-04,59.787147521972656
2014-11-05,60.50491714477539
2014-11-06,60.39448165893555
2014-11-07,60.146018981933594
2014-11-10,59.76875305175781
2014-11-11,60.05399703979492
2014-11-12,60.65217590332031
2014-11-13,60.79939270019531
2014-11-14,60.22884750366211
2014-11-17,58.646060943603516
2014-11-18,58.33317184448242
2014-11-19,57.992706298828125
2014-11-20,58.83930587768555
2014-11-21,57.73503494262695
2014-11-24,59.17058181762695
2014-11-25,58.90372848510742
2014-11-26,59.695125579833984
2014-11-28,60.33927917480469
2014-12-01,59.08775329589844
2014-12-02,60.05399703979492
2014-12-03,61.369937896728516
2014-12-04,61.99567794799805
2014-12-05,62.66746139526367
2014-12-08,62.56621170043945
2014-12-09,63.817718505859375
2014-12-10,63.40363693237305
2014-12-11,64.22264862060547
2014-12-12,62.98952865600586
2014-12-15,63.0355339050293
2014-12-16,63.12755584716797
2014-12-17,64.47109985351562
2014-12-18,66.46797943115234
2014-12-19,65.83302307128906
2014-12-22,65.91586303710938
2014-12-23,66.5231704711914
2014-12-24,66.53240203857422
2014-12-26,67.40660095214844
2014-12-29,66.46797943115234
2014-12-30,66.24715423583984
2014-12-31,65.98945617675781
2015-01-02,64.73797607421875
2015-01-05,63.4864387512207
2015-01-06,62.26254653930664
2015-01-07,62.82386016845703
2015-01-08,65.98026275634766
2015-01-09,65.80538940429688
2015-01-12,65.32691955566406
2015-01-13,66.81767272949219
2015-01-14,67.13973999023438
2015-01-15,64.9680404663086
2015-01-16,66.63363647460938
2015-01-20,66.40357971191406
2015-01-21,65.84222412109375
2015-01-22,68.50167846679688
2015-01-23,68.11518859863281
2015-01-26,68.42808532714844
2015-01-27,68.2348403930664
2015-01-28,67.41583251953125
2015-01-29,69.89122009277344
2015-01-30,69.90963745117188
2015-02-02,69.09062194824219
2015-02-03,69.89122009277344
2015-02-04,71.7593002319336
2015-02-05,73.99542999267578
2015-02-06,75.16413116455078
2015-02-09,73.68255615234375
2015-02-10,74.2822265625
2015-02-11,74.6512222290039
2015-02-12,75.53687286376953
2015-02-13,74.92794799804688
2015-02-17,73.56260681152344
2015-02-18,74.2822265625
2015-02-19,73.39655303955078
2015-02-20,72.85228729248047
2015-02-23,73.8670654296875
2015-02-24,73.89474487304688
2015-02-25,73.64568328857422
2015-02-26,74.66044616699219
2015-02-27,73.42428588867188
2015-03-02,74.59586334228516
2015-03-03,74.05158233642578
2015-03-04,77.29888916015625
2015-03-05,79.3469009399414
2015-03-06,77.68635559082031
2015-03-09,78.66422271728516
2015-03-10,78.00923156738281
2015-03-11,79.07014465332031
2015-03-12,79.33769226074219
2015-03-13,78.87642669677734
2015-03-16,79.36534118652344
2015-03-17,79.95577239990234
2015-03-18,80.16796875
2015-03-19,80.54618835449219
2015-03-20,81.9207763671875
2015-03-23,80.19563293457031
2015-03-24,79.16240692138672
2015-03-25,76.65310668945312
2015-03-26,77.02214050292969
2015-03-27,77.47417449951172
2015-03-30,79.7712631225586
2015-03-31,76.47782897949219
2015-04-01,76.4501724243164
2015-04-02,77.97233581542969
2015-04-06,78.81183624267578
2015-04-07,79.3469009399414
2015-04-08,80.72148895263672
2015-04-09,80.50927734375
2015-04-10,81.24729919433594
2015-04-13,81.32109069824219
2015-04-14,82.38202667236328
2015-04-15,81.7085952758789
2015-04-16,82.83407592773438
2015-04-17,80.54618835449219
2015-04-20,81.84697723388672
2015-04-21,83.03701782226562
2015-04-22,81.79161834716797
2015-04-23,81.8285140991211
2015-04-24,81.11814880371094
2015-04-27,81.03511810302734
2015-04-28,82.88020324707031
2015-04-29,82.16061401367188
2015-04-30,79.19929504394531
2015-05-01,78.37825775146484
2015-05-04,78.39671325683594
2015-05-05,77.02810668945312
2015-05-06,77.58296966552734
2015-05-07,78.6186294555664
2015-05-08,78.29497528076172
2015-05-11,79.5895767211914
2015-05-12,79.54332733154297
2015-05-13,79.5895767211914
2015-05-14,80.69921875
2015-05-15,80.90265655517578
2015-05-18,82.39144897460938
2015-05-19,82.0030517578125
2015-05-20,81.70716094970703
2015-05-21,81.374267578125
2015-05-22,81.11536407470703
2015-05-26,80.04267883300781
2015-05-27,82.51165008544922
2015-05-28,82.31745910644531
2015-05-29,81.79037475585938
2015-06-01,82.26197052001953
2015-06-02,81.82736206054688
2015-06-03,81.27255249023438
2015-06-04,79.97793579101562
2015-06-05,80.12594604492188
2015-06-08,79.78378295898438
2015-06-09,78.96073913574219
2015-06-10,80.05191802978516
2015-06-11,80.15365600585938
2015-06-12,79.81148529052734
2015-06-15,80.4402847290039
2015-06-16,80.72698211669922
2015-06-17,82.0307846069336
2015-06-18,82.49314880371094
2015-06-19,84.61998748779297
2015-06-22,88.09690856933594
2015-06-23,88.95684814453125
2015-06-24,89.92779541015625
2015-06-25,90.01102447509766
2015-06-26,89.56716918945312
2015-06-29,85.3689956665039
2015-06-30,85.78510284423828
2015-07-01,87.62527465820312
2015-07-02,87.37559509277344
2015-07-06,89.57643127441406
2015-07-07,90.13125610351562
2015-07-08,90.41791534423828
2015-07-09,92.11934661865234
2015-07-10,95.5038070678711
2015-07-13,94.0797119140625
2015-07-14,93.31224060058594
2015-07-15,92.35977172851562
2015-07-16,93.85781860351562
2015-07-17,93.68211364746094
2015-07-20,93.33997344970703
2015-07-21,92.67417907714844
2015-07-22,90.57508850097656
2015-07-23,90.57508850097656
2015-07-24,89.2712631225586
2015-07-27,90.57508850097656
2015-07-28,90.30694580078125
2015-07-29,90.76927947998047
2015-07-30,89.76136779785156
2015-07-31,90.4364013671875
2015-08-03,90.5473403930664
2015-08-04,89.8431167602539
2015-08-05,91.96504974365234
2015-08-06,90.7419204711914
2015-08-07,90.40837860107422
2015-08-10,90.2601089477539
2015-08-11,89.10186004638672
2015-08-12,88.36983489990234
2015-08-13,87.60076141357422
2015-08-14,89.3056869506836
2015-08-17,90.37129974365234
2015-08-18,90.334228515625
2015-08-19,90.86238098144531
2015-08-20,89.48179626464844
2015-08-21,87.06334686279297
2015-08-24,83.03264617919922
2015-08-25,82.38398742675781
2015-08-26,84.29283142089844
2015-08-27,85.08965301513672
2015-08-28,84.73757934570312
2015-08-31,83.78317260742188
2015-09-01,84.97847747802734
2015-09-02,89.53736877441406
2015-09-03,89.138916015625
2015-09-04,87.88800048828125
2015-09-08,89.41691589355469
2015-09-09,89.5280990600586
2015-09-10,90.00992584228516
2015-09-11,90.20451354980469
2015-09-14,89.8431167602539
2015-09-15,90.15818786621094
2015-09-16,90.34351348876953
2015-09-17,89.41691589355469
2015-09-18,89.25012969970703
2015-09-21,89.91727447509766
2015-09-22,88.87944030761719
2015-09-23,91.7241439819336
2015-09-24,90.01917266845703
2015-09-25,92.21524047851562
2015-09-28,87.74897766113281
2015-09-29,84.1537857055664
2015-09-30,86.0625991821289
2015-10-01,87.11894989013672
2015-10-02,88.03627014160156
2015-10-05,89.81536102294922
2015-10-06,86.47962188720703
2015-10-07,87.87873840332031
2015-10-08,88.49028015136719
2015-10-09,87.74897766113281
2015-10-12,89.8431167602539
2015-10-13,87.61930847167969
2015-10-14,87.32279205322266
2015-10-15,89.41691589355469
2015-10-16,89.63001251220703
2015-10-19,88.89800262451172
2015-10-20,89.0462417602539
2015-10-21,80.48448944091797
2015-10-22,82.9770278930664
2015-10-23,83.40325164794922
2015-10-26,88.8238754272461
2015-10-27,88.2679214477539
2015-10-28,92.84532165527344
2015-10-29,95.3378677368164
2015-10-30,93.87386322021484
2015-11-02,91.91484069824219
2015-11-03,91.8034439086914
2015-11-04,91.49705505371094
2015-11-05,91.89630889892578
2015-11-06,92.67616271972656
2015-11-09,92.06342315673828
2015-11-10,92.81544494628906
2015-11-11,93.93882751464844
2015-11-12,92.85257720947266
2015-11-13,91.52490997314453
2015-11-16,93.53963470458984
2015-11-17,94.44947052001953
2015-11-18,96.19493103027344
2015-11-19,96.0835189819336
2015-11-20,99.04523468017578
2015-11-23,99.66726684570312
2015-11-24,97.67115020751953
2015-11-25,98.41389465332031
2015-11-27,99.95510864257812
2015-11-30,99.13806915283203
2015-12-01,99.06379699707031
2015-12-02,98.82240295410156
2015-12-03,101.66338348388672
2015-12-04,105.72994995117188
2015-12-07,105.43283081054688
2015-12-08,104.83863067626953
2015-12-09,101.67271423339844
2015-12-10,101.36632537841797
2015-12-11,99.01737976074219
2015-12-14,100.52143096923828
2015-12-15,100.27074432373047
2015-12-16,101.40345001220703
2015-12-17,100.19650268554688
2015-12-18,97.3740234375
2015-12-21,98.06108093261719
2015-12-22,97.29977416992188
2015-12-23,97.26264190673828
2015-12-24,103.17675018310547
2015-12-28,104.63436889648438
2015-12-29,106.06415557861328
2015-12-30,104.87577819824219
2015-12-31,103.60381317138672
2016-01-04,101.45913696289062
2016-01-05,102.21119689941406
2016-01-06,100.9763412475586
2016-01-07,99.39803314208984
2016-01-08,98.1632308959961
2016-01-11,98.89669036865234
2016-01-12,98.673828125
2016-01-13,95.53575897216797
2016-01-14,96.96553802490234
2016-01-15,94.48661804199219
2016-01-19,95.05294036865234
2016-01-20,95.91638946533203
2016-01-21,94.61659240722656
2016-01-22,95.90714263916016
2016-01-25,94.67228698730469
2016-01-26,96.90982055664062
2016-01-27,100.53070831298828
2016-01-28,103.95663452148438
2016-01-29,107.91175842285156
2016-02-01,107.47540283203125
2016-02-02,106.42626190185547
2016-02-03,105.69280242919922
2016-02-04,103.52954864501953
2016-02-05,98.970947265625
2016-02-08,97.8011245727539
2016-02-09,99.5694808959961
2016-02-10,97.99654388427734
2016-02-11,98.76905059814453
2016-02-12,101.28204345703125
2016-02-16,103.11558532714844
2016-02-17,106.24282836914062
2016-02-18,104.15801239013672
2016-02-19,106.22421264648438
2016-02-22,103.54374694824219
2016-02-23,107.26663970947266
2016-02-24,107.96468353271484
2016-02-25,110.98957061767578
2016-02-26,111.59453582763672
2016-02-29,110.2542953491211
2016-03-01,110.11467742919922
2016-03-02,111.65038299560547
2016-03-03,112.39495849609375
2016-03-04,117.54190826416016
2016-03-07,113.57698059082031
2016-03-08,115.2150650024414
2016-03-09,114.10752868652344
2016-03-10,117.20684814453125
2016-03-11,116.27609252929688
2016-03-14,115.57807922363281
2016-03-15,114.54496765136719
2016-03-16,114.5728759765625
2016-03-17,115.11270141601562
2016-03-18,115.73626708984375
2016-03-21,113.87483215332031
2016-03-22,113.52115631103516
2016-03-23,112.7579574584961
2016-03-24,111.87377166748047
2016-03-28,112.62763977050781
2016-03-29,115.28022003173828
2016-03-30,115.05684661865234
2016-03-31,116.18302917480469
2016-04-01,119.67328643798828
2016-04-04,117.74665069580078
2016-04-05,114.58222198486328
2016-04-06,116.70423889160156
2016-04-07,115.4105224609375
2016-04-08,114.48910522460938
2016-04-11,113.13023376464844
2016-04-12,113.42809295654297
2016-04-13,116.34127044677734
2016-04-14,116.98347473144531
2016-04-15,116.04341888427734
2016-04-18,115.82935333251953
2016-04-19,117.43951416015625
2016-04-20,120.16656494140625
2016-04-21,119.35684204101562
2016-04-22,120.49234008789062
2016-04-25,119.67328643798828
2016-04-26,120.43646240234375
2016-04-27,117.0020751953125
2016-04-28,115.17782592773438
2016-04-29,114.25643920898438
2016-05-02,114.76831817626953
2016-05-03,112.48804473876953
2016-05-04,114.22850036621094
2016-05-05,115.7921371459961
2016-05-06,116.76940155029297
2016-05-09,118.47264099121094
2016-05-10,118.55657958984375
2016-05-11,120.03946685791016
2016-05-12,123.03321075439453
2016-05-13,121.80216979980469
2016-05-16,123.66740417480469
2016-05-17,122.39903259277344
2016-05-18,124.43217468261719
2016-05-19,124.1710205078125
2016-05-20,125.37415313720703
2016-05-23,125.31810760498047
2016-05-24,129.14198303222656
2016-05-25,130.5688934326172
2016-05-26,129.41241455078125
2016-05-27,131.10984802246094
2016-05-31,130.51295471191406
2016-06-01,131.17510986328125
2016-06-02,131.92123413085938
2016-06-03,132.1544189453125
2016-06-06,133.59996032714844
2016-06-07,132.20098876953125
2016-06-08,133.87973022460938
2016-06-09,132.6487274169922
2016-06-10,132.28492736816406
2016-06-13,132.49948120117188
2016-06-14,131.9585418701172
2016-06-15,132.0611114501953
2016-06-16,132.91915893554688
2016-06-17,131.01654052734375
2016-06-20,131.4549102783203
2016-06-21,129.38446044921875
2016-06-22,129.86012268066406
2016-06-23,134.42071533203125
2016-06-24,129.80409240722656
2016-06-27,126.7171401977539
2016-06-28,131.74403381347656
2016-06-29,132.4528045654297
2016-06-30,135.60511779785156
2016-07-01,133.91705322265625
2016-07-05,134.8497314453125
2016-07-06,139.92323303222656
2016-07-07,139.2144317626953
2016-07-08,141.4993896484375
2016-07-11,140.6507110595703
2016-07-12,140.9025115966797
2016-07-13,140.54806518554688
2016-07-14,141.30355834960938
2016-07-15,141.21029663085938
2016-07-18,139.86729431152344
2016-07-19,141.78851318359375
2016-07-20,141.80711364746094
2016-07-21,141.18231201171875
2016-07-22,142.4507598876953
2016-07-25,143.1314697265625
2016-07-26,143.35536193847656
2016-07-27,143.4392852783203
2016-07-28,148.997802734375
2016-07-29,150.76976013183594
2016-08-01,150.5925750732422
2016-08-02,150.92831420898438
2016-08-03,150.8444366455078
2016-08-04,151.46925354003906
2016-08-05,151.8610076904297
2016-08-08,150.87237548828125
2016-08-09,150.8070068359375
2016-08-10,151.43284606933594
2016-08-11,151.32077026367188
2016-08-12,151.53558349609375
2016-08-15,153.65614318847656
2016-08-16,152.3203125
2016-08-17,153.777587890625
2016-08-18,155.89805603027344
2016-08-19,155.72988891601562
2016-08-22,154.37539672851562
2016-08-23,153.9737548828125
2016-08-24,154.4781494140625
2016-08-25,155.0199432373047
2016-08-26,155.2161102294922
2016-08-29,156.75743103027344
2016-08-30,157.81301879882812
2016-08-31,157.4393310546875
2016-09-01,158.36416625976562
2016-09-02,161.1758575439453
2016-09-06,157.75694274902344
2016-09-07,157.88772583007812
2016-09-08,157.60751342773438
2016-09-09,160.09234619140625
2016-09-12,160.6901397705078
2016-09-13,158.34544372558594
2016-09-14,158.3548126220703
2016-09-15,161.92318725585938
2016-09-16,161.3814239501953
2016-09-19,159.49444580078125
2016-09-20,161.44676208496094
2016-09-21,161.92318725585938
2016-09-22,161.45616149902344
2016-09-23,159.5037841796875
2016-09-26,156.82286071777344
2016-09-27,159.05540466308594
2016-09-28,159.74668884277344
2016-09-29,155.19741821289062
2016-09-30,154.68359375
2016-10-03,153.34788513183594
2016-10-04,151.51690673828125
2016-10-05,150.66683959960938
2016-10-06,149.7794189453125
2016-10-07,148.70521545410156
2016-10-10,148.35952758789062
2016-10-11,146.55670166015625
2016-10-12,146.86495971679688
2016-10-13,144.7537841796875
2016-10-14,144.06251525878906
2016-10-17,142.2595977783203
2016-10-18,144.5576171875
2016-10-19,143.24050903320312
2016-10-20,141.42825317382812
2016-10-21,142.1942138671875
2016-10-24,143.16571044921875
2016-10-25,142.1942138671875
2016-10-26,143.0630340576172
2016-10-27,140.71829223632812
2016-10-28,140.2418975830078
2016-10-31,140.83041381835938
2016-11-01,138.541748046875
2016-11-02,137.96263122558594
2016-11-03,138.06536865234375
2016-11-04,140.55946350097656
2016-11-07,143.28256225585938
2016-11-08,145.23829650878906
2016-11-09,150.8902130126953
2016-11-10,149.63632202148438
2016-11-11,151.5171661376953
2016-11-14,154.9701385498047
2016-11-15,153.09861755371094
2016-11-16,155.1759490966797
2016-11-17,160.0325164794922
2016-11-18,158.57275390625
2016-11-21,159.1622772216797
2016-11-22,158.4979248046875
2016-11-23,157.6370391845703
2016-11-25,158.72247314453125
2016-11-28,158.28268432617188
2016-11-29,158.1049041748047
2016-11-30,155.119873046875
2016-12-01,152.4342041015625
2016-12-02,151.4984588623047
2016-12-05,153.5197296142578
2016-12-06,155.6905975341797
2016-12-07,152.9676055908203
2016-12-08,154.34315490722656
2016-12-09,156.24273681640625
2016-12-12,157.38436889648438
2016-12-13,158.07681274414062
2016-12-14,153.95010375976562
2016-12-15,156.38307189941406
2016-12-16,151.9569549560547
2016-12-19,150.3287353515625
2016-12-20,146.96942138671875
2016-12-21,143.79722595214844
2016-12-22,140.55015563964844
2016-12-23,139.82025146484375
2016-12-27,139.88575744628906
2016-12-28,138.89389038085938
2016-12-29,136.18016052246094
2016-12-30,137.4809112548828
2017-01-03,140.53146362304688
2017-01-04,143.09539794921875
2017-01-05,142.89892578125
2017-01-06,147.0536346435547
2017-01-09,146.71678161621094
2017-01-10,146.03366088867188
2017-01-11,146.90390014648438
2017-01-12,146.30502319335938
2017-01-13,146.77297973632812
2017-01-17,145.5189971923828
2017-01-18,146.45477294921875
2017-01-19,145.25698852539062
2017-01-20,146.81036376953125
2017-01-23,145.40667724609375
2017-01-24,148.1859130859375
2017-01-25,164.6832733154297
2017-01-26,168.8192596435547
2017-01-27,168.26715087890625
2017-01-30,169.6894989013672
2017-01-31,175.21981811523438
2017-02-01,176.05264282226562
2017-02-02,176.0152130126953
2017-02-03,178.9815673828125
2017-02-06,178.05516052246094
2017-02-07,177.48336791992188
2017-02-08,175.73043823242188
2017-02-09,176.5365753173828
2017-02-10,175.1211700439453
2017-02-13,177.91455078125
2017-02-14,178.1676788330078
2017-02-15,179.68614196777344
2017-02-16,179.67681884765625
2017-02-17,180.98912048339844
2017-02-21,180.67044067382812
2017-02-22,182.8076629638672
2017-02-23,182.6483154296875
2017-02-24,183.89500427246094
2017-02-27,182.77957153320312
2017-02-28,183.0045166015625
2017-03-01,185.3573455810547
2017-03-02,179.9298858642578
2017-03-03,181.71096801757812
2017-03-06,180.72671508789062
2017-03-07,180.4829864501953
2017-03-08,179.01133728027344
2017-03-09,180.0798797607422
2017-03-10,179.50808715820312
2017-03-13,179.67681884765625
2017-03-14,179.26441955566406
2017-03-15,179.1519012451172
2017-03-16,178.83316040039062
2017-03-17,178.14891052246094
2017-03-20,177.94264221191406
2017-03-21,172.88084411621094
2017-03-22,176.1803741455078
2017-03-23,175.28985595703125
2017-03-24,175.94601440429688
2017-03-27,173.40577697753906
2017-03-28,174.26812744140625
2017-03-29,173.51821899414062
2017-03-30,174.29627990722656
2017-03-31,175.74920654296875
2017-04-03,175.43048095703125
2017-04-04,174.23065185546875
2017-04-05,168.82191467285156
2017-04-06,170.17176818847656
2017-04-07,171.28724670410156
2017-04-10,171.78407287597656
2017-04-11,171.48410034179688
2017-04-12,169.4968719482422
2017-04-13,166.9190673828125
2017-04-17,171.2591552734375
2017-04-18,171.59657287597656
2017-04-19,171.53103637695312
2017-04-20,173.69630432128906
2017-04-21,173.04017639160156
2017-04-24,173.98692321777344
2017-04-25,173.1057586669922
2017-04-26,182.36709594726562
2017-04-27,183.61380004882812
2017-04-28,180.46424865722656
2017-05-01,180.08924865722656
2017-05-02,177.51145935058594
2017-05-03,175.13992309570312
2017-05-04,174.8211669921875
2017-05-05,176.0773162841797
2017-05-08,174.36187744140625
2017-05-09,175.16946411132812
2017-05-10,176.6907196044922
2017-05-11,176.85037231445312
2017-05-12,175.028564453125
2017-05-15,176.9066619873047
2017-05-16,173.46043395996094
2017-05-17,171.22547912597656
2017-05-18,170.953125
2017-05-19,175.03793334960938
2017-05-22,174.09890747070312
2017-05-23,176.5404510498047
2017-05-24,179.9961395263672
2017-05-25,183.63963317871094
2017-05-26,182.3343505859375
2017-05-30,179.55477905273438
2017-05-31,178.9631805419922
2017-06-01,180.26844787597656
2017-06-02,179.92103576660156
2017-06-05,178.88807678222656
2017-06-06,176.53103637695312
2017-06-07,182.87901306152344
2017-06-08,187.1798553466797
2017-06-09,189.63072204589844
2017-06-12,191.8844757080078
2017-06-13,193.5841064453125
2017-06-14,194.15689086914062
2017-06-15,194.7015838623047
2017-06-16,193.1427764892578
2017-06-19,195.25563049316406
2017-06-20,194.7954864501953
2017-06-21,190.1096649169922
2017-06-22,189.4711151123047
2017-06-23,189.1142578125
2017-06-26,188.60719299316406
2017-06-27,185.5928192138672
2017-06-28,189.46168518066406
2017-06-29,191.11439514160156
2017-06-30,188.84194946289062
2017-07-03,190.9923553466797
2017-07-05,193.20851135253906
2017-07-06,181.59251403808594
2017-07-07,182.21226501464844
2017-07-10,183.1044158935547
2017-07-11,181.4610595703125
2017-07-12,181.9399871826172
2017-07-13,182.3343505859375
2017-07-14,178.8035430908203
2017-07-17,178.8411102294922
2017-07-18,180.85064697265625
2017-07-19,182.7569580078125
2017-07-20,182.81329345703125
2017-07-21,183.0386505126953
2017-07-24,184.75711059570312
2017-07-25,187.32066345214844
2017-07-26,192.64508056640625
2017-07-27,192.99253845214844
2017-07-28,195.17111206054688
2017-07-31,190.5228271484375
2017-08-01,191.7717742919922
2017-08-02,193.03948974609375
2017-08-03,192.56996154785156
2017-08-04,193.45260620117188
2017-08-07,189.5837860107422
2017-08-08,185.69918823242188
2017-08-09,187.2229461669922
2017-08-10,183.7991485595703
2017-08-11,181.02447509765625
2017-08-14,181.7769317626953
2017-08-15,181.05270385742188
2017-08-16,181.51358032226562
2017-08-17,180.62002563476562
2017-08-18,177.49732971191406
2017-08-21,180.2061767578125
2017-08-22,181.85215759277344
2017-08-23,182.5576171875
2017-08-24,179.28443908691406
2017-08-25,179.27500915527344
2017-08-28,178.63540649414062
2017-08-29,177.6477813720703
2017-08-30,180.0274658203125
2017-08-31,181.48536682128906
2017-09-01,177.75128173828125
2017-09-05,176.33096313476562
2017-09-06,166.08804321289062
2017-09-07,165.74940490722656
2017-09-08,167.7810821533203
2017-09-11,169.12611389160156
2017-09-12,169.380126953125
2017-09-13,170.02911376953125
2017-09-14,170.4429168701172
2017-09-15,168.5335693359375
2017-09-18,169.70928955078125
2017-09-19,169.2860107421875
2017-09-20,170.55580139160156
2017-09-21,168.8439178466797
2017-09-22,171.6562957763672
2017-09-25,167.8939666748047
2017-09-26,165.7305908203125
2017-09-27,168.22312927246094
2017-09-28,172.0419158935547
2017-09-29,173.54684448242188
2017-10-02,174.75079345703125
2017-10-03,174.07354736328125
2017-10-04,173.10475158691406
2017-10-05,175.55032348632812
2017-10-06,176.31216430664062
2017-10-09,178.11810302734375
2017-10-10,176.500244140625
2017-10-11,180.319091796875
2017-10-12,178.87057495117188
2017-10-13,179.91458129882812
2017-10-16,180.95863342285156
2017-10-17,180.01808166503906
2017-10-18,181.98390197753906
2017-10-19,177.4596710205078
2017-10-20,178.9552001953125
2017-10-23,179.87696838378906
2017-10-24,178.785888671875
2017-10-25,169.00379943847656
2017-10-26,168.7686767578125
2017-10-27,165.15687561035156
2017-10-30,162.767822265625
2017-10-31,163.66131591796875
2017-11-01,165.28854370117188
2017-11-02,166.01278686523438
2017-11-03,166.48312377929688
2017-11-06,169.25779724121094
2017-11-07,167.74070739746094
2017-11-08,168.43800354003906
2017-11-09,164.4331817626953
2017-11-10,163.48143005371094
2017-11-13,164.4520263671875
2017-11-14,163.90548706054688
2017-11-15,167.5616455078125
2017-11-16,166.08221435546875
2017-11-17,169.9927978515625
2017-11-20,172.71609497070312
2017-11-21,177.54071044921875
2017-11-22,177.13546752929688
2017-11-24,177.5972442626953
2017-11-27,177.68206787109375
2017-11-28,182.27105712890625
2017-11-29,184.7305145263672
2017-11-30,184.00497436523438
2017-12-01,184.08033752441406
2017-12-04,185.81417846679688
2017-12-05,184.77769470214844
2017-12-06,185.66343688964844
2017-12-07,184.31594848632812
2017-12-08,184.69285583496094
2017-12-11,185.465576171875
2017-12-12,185.83306884765625
2017-12-13,184.9284210205078
2017-12-14,183.81646728515625
2017-12-15,182.66693115234375
2017-12-18,187.85899353027344
2017-12-19,190.44094848632812
2017-12-20,191.2042236328125
2017-12-21,190.08282470703125
2017-12-22,190.1111602783203
2017-12-26,189.42323303222656
2017-12-27,189.40440368652344
2017-12-28,190.16761779785156
2017-12-29,190.1111602783203
2018-01-02,191.88265991210938
2018-01-03,189.34783935546875
2018-01-04,194.6248321533203
2018-01-05,195.27499389648438
2018-01-08,195.4446258544922
2018-01-09,192.75897216796875
2018-01-10,194.47406005859375
2018-01-11,189.89443969726562
2018-01-12,191.9674835205078
2018-01-16,194.5493927001953
2018-01-17,195.40692138671875
2018-01-18,195.86863708496094
2018-01-19,196.36807250976562
2018-01-22,189.6494140625
2018-01-23,184.67398071289062
2018-01-24,184.44784545898438
2018-01-25,182.41249084472656
2018-01-26,182.32765197753906
2018-01-29,179.7833709716797
2018-01-30,180.78224182128906
2018-01-31,184.89071655273438
2018-02-01,184.31594848632812
2018-02-02,184.96607971191406
2018-02-05,185.7576904296875
2018-02-06,183.9955596923828
2018-02-07,183.75994873046875
2018-02-08,178.11550903320312
2018-02-09,178.2474365234375
2018-02-12,180.45245361328125
2018-02-13,182.5489959716797
2018-02-14,186.60977172851562
2018-02-15,187.8374786376953
2018-02-16,190.198486328125
2018-02-20,188.98963928222656
2018-02-21,190.75567626953125
2018-02-22,188.3096923828125
2018-02-23,186.68536376953125
2018-02-26,188.56471252441406
2018-02-27,189.8301544189453
2018-02-28,191.14280700683594
2018-03-01,194.16485595703125
2018-03-02,191.5961456298828
2018-03-05,197.56459045410156
2018-03-06,199.70840454101562
2018-03-07,200.66221618652344
2018-03-08,204.6758270263672
2018-03-09,206.706298828125
2018-03-12,210.73875427246094
2018-03-13,211.51318359375
2018-03-14,211.1354217529297
2018-03-15,211.62652587890625
2018-03-16,212.0987091064453
2018-03-19,210.36097717285156
2018-03-20,211.749267578125
2018-03-21,210.94650268554688
2018-03-22,208.93499755859375
2018-03-23,207.3295440673828
2018-03-26,209.3788604736328
2018-03-27,205.1952362060547
2018-03-28,201.1343994140625
2018-03-29,205.34634399414062
2018-04-02,200.46389770507812
2018-04-03,201.54051208496094
2018-04-04,200.43556213378906
2018-04-05,196.84690856933594
2018-04-06,195.1847686767578
2018-04-09,196.251953125
2018-04-10,194.90150451660156
2018-04-11,194.40098571777344
2018-04-12,192.16275024414062
2018-04-13,190.83123779296875
2018-04-16,193.03164672851562
2018-04-17,194.533203125
2018-04-18,191.79444885253906
2018-04-19,191.39785766601562
2018-04-20,191.23731994628906
2018-04-23,190.82171630859375
2018-04-24,189.7073974609375
2018-04-25,188.20582580566406
2018-04-26,188.38523864746094
2018-04-27,188.177490234375
2018-04-30,187.5825653076172
2018-05-01,190.31178283691406
2018-05-02,190.7840118408203
2018-05-03,187.93197631835938
2018-05-04,190.5195770263672
2018-05-07,192.67274475097656
2018-05-08,192.3888702392578
2018-05-09,194.70736694335938
2018-05-10,193.6285858154297
2018-05-11,194.6884765625
2018-05-14,188.91583251953125
2018-05-15,190.51513671875
2018-05-16,191.3857421875
2018-05-17,191.9346160888672
2018-05-18,193.7326202392578
2018-05-21,199.28759765625
2018-05-22,199.02261352539062
2018-05-23,198.7386932373047
2018-05-24,200.4610595703125
2018-05-25,199.24977111816406
2018-05-29,199.61875915527344
2018-05-30,204.54916381835938
2018-05-31,202.18333435058594
2018-06-01,205.2116241455078
2018-06-04,206.2526092529297
2018-06-05,197.49899291992188
2018-06-06,199.93109130859375
2018-06-07,201.0477752685547
2018-06-08,203.3568115234375
2018-06-11,206.43235778808594
2018-06-12,203.90567016601562
2018-06-13,205.0885467529297
2018-06-14,205.64691162109375
2018-06-15,203.5649871826172
2018-06-18,202.3915557861328
2018-06-19,202.8268585205078
2018-06-20,201.60610961914062
2018-06-21,200.32850646972656
2018-06-22,199.67559814453125
2018-06-25,194.3950653076172
2018-06-26,191.83053588867188
2018-06-27,189.55931091308594
2018-06-28,191.7737579345703
2018-06-29,187.24082946777344
2018-07-02,189.9473419189453
2018-07-03,188.88743591308594
2018-07-05,189.06719970703125
2018-07-06,191.6791229248047
2018-07-09,191.91567993164062
2018-07-10,190.80850219726562
2018-07-11,193.15536499023438
2018-07-12,195.50225830078125
2018-07-13,194.8114776611328
2018-07-16,194.92503356933594
2018-07-17,196.44862365722656
2018-07-18,198.50210571289062
2018-07-19,197.69773864746094
2018-07-20,198.93743896484375
2018-07-23,199.21189880371094
2018-07-24,198.3507537841797
2018-07-25,192.01980590820312
2018-07-26,189.6160888671875
2018-07-27,187.94107055664062
2018-07-30,181.89407348632812
2018-07-31,183.37033081054688
2018-08-01,183.14324951171875
2018-08-02,180.56918334960938
2018-08-03,179.4619598388672
2018-08-06,179.49984741210938
2018-08-07,179.272705078125
2018-08-08,176.62660217285156
2018-08-09,176.38946533203125
2018-08-10,176.8542022705078
2018-08-13,176.37049865722656
2018-08-14,176.8257598876953
2018-08-15,177.58450317382812
2018-08-16,178.27687072753906
2018-08-17,179.3296661376953
2018-08-20,180.2211456298828
2018-08-21,180.83766174316406
2018-08-22,180.90403747558594
2018-08-23,179.4244842529297
2018-08-24,177.71728515625
2018-08-27,177.56553649902344
2018-08-28,178.79849243164062
2018-08-29,180.24008178710938
2018-08-30,180.1831817626953
2018-08-31,180.031494140625
2018-09-04,184.35633850097656
2018-09-05,181.33082580566406
2018-09-06,174.6727752685547
2018-09-07,177.3189697265625
2018-09-10,173.55368041992188
2018-09-11,174.86251831054688
2018-09-12,174.59695434570312
2018-09-13,173.8477020263672
2018-09-14,173.98995971679688
2018-09-17,170.51869201660156
2018-09-18,172.2732696533203
2018-09-19,173.20274353027344
2018-09-20,173.79080200195312
2018-09-21,172.48194885253906
2018-09-24,174.6822967529297
2018-09-25,172.2542724609375
2018-09-26,169.94964599609375
2018-09-27,168.9822235107422
2018-09-28,169.28575134277344
2018-10-01,164.9229278564453
2018-10-02,168.9158477783203
2018-10-03,173.6959228515625
2018-10-04,181.6533203125
2018-10-05,179.7659149169922
2018-10-08,176.46533203125
2018-10-09,178.95974731445312
2018-10-10,177.17666625976562
2018-10-11,175.6497039794922
2018-10-12,177.8311004638672
2018-10-15,179.94607543945312
2018-10-16,183.61654663085938
2018-10-17,185.95916748046875
2018-10-18,184.6787567138672
2018-10-19,187.24900817871094
2018-10-22,186.2152557373047
2018-10-23,182.9241943359375
2018-10-24,198.15597534179688
2018-10-25,199.78729248046875
2018-10-26,197.04635620117188
2018-10-29,198.2603302001953
2018-10-30,206.0564422607422
2018-10-31,198.8578338623047
2018-11-01,197.8335418701172
2018-11-02,202.76541137695312
2018-11-05,196.410888671875
2018-11-06,196.9716033935547
2018-11-07,197.75091552734375
2018-11-08,195.9832305908203
2018-11-09,198.13101196289062
2018-11-12,197.10467529296875
2018-11-13,197.47523498535156
2018-11-14,199.6611328125
2018-11-15,199.60411071777344
2018-11-16,202.87335205078125
2018-11-19,203.99473571777344
2018-11-20,206.2566375732422
2018-11-21,204.22283935546875
2018-11-23,202.90185546875
2018-11-26,204.43191528320312
2018-11-27,207.0168914794922
2018-11-28,205.2777557373047
2018-11-29,204.37490844726562
2018-11-30,206.92189025878906
2018-12-03,208.4044189453125
2018-12-04,210.9704132080078
2018-12-06,210.89437866210938
2018-12-07,213.5743865966797
2018-12-10,215.1614990234375
2018-12-11,217.33779907226562
2018-12-12,216.9386444091797
2018-12-13,217.95556640625
2018-12-14,215.2565460205078
2018-12-17,208.4709930419922
2018-12-18,202.77830505371094
2018-12-19,202.4742431640625
2018-12-20,198.98641967773438
2018-12-21,194.6812744140625
2018-12-24,189.43524169921875
2018-12-26,194.320068359375
2018-12-27,195.63160705566406
2018-12-28,197.24720764160156
2018-12-31,200.820556640625
2019-01-02,198.82476806640625
2019-01-03,197.44680786132812
2019-01-04,203.66213989257812
2019-01-07,206.0950927734375
2019-01-08,205.93345642089844
2019-01-09,202.55972290039062
2019-01-10,202.113037109375
2019-01-11,202.03700256347656
2019-01-14,197.2757110595703
2019-01-15,200.41192626953125
2019-01-16,205.515380859375
2019-01-17,205.26824951171875
2019-01-18,208.29991149902344
2019-01-22,207.46360778808594
2019-01-23,208.89865112304688
2019-01-24,207.89125061035156
2019-01-25,208.5565185546875
2019-01-28,207.46360778808594
2019-01-29,202.90185546875
2019-01-30,199.78468322753906
2019-01-31,204.10882568359375
2019-02-01,203.0159149169922
2019-02-04,205.68637084960938
2019-02-05,207.7866668701172
2019-02-06,207.97677612304688
2019-02-07,209.5638427734375
2019-02-08,209.71591186523438
2019-02-11,212.46249389648438
2019-02-12,214.71047973632812
2019-02-13,217.39659118652344
2019-02-14,215.996337890625
2019-02-15,218.61581420898438
2019-02-19,221.50196838378906
2019-02-20,222.48313903808594
2019-02-21,223.9976348876953
2019-02-22,227.6267852783203
2019-02-25,229.9319610595703
2019-02-26,229.0365447998047
2019-02-27,232.89431762695312
2019-02-28,232.3037109375
2019-03-01,231.55125427246094
2019-03-04,226.2837371826172
2019-03-05,222.81649780273438
2019-03-06,219.577880859375
2019-03-07,214.73899841308594
2019-03-08,214.95811462402344
2019-03-11,216.3773956298828
2019-03-12,218.873046875
2019-03-13,219.53024291992188
2019-03-14,220.8066864013672
2019-03-15,222.35928344726562
2019-03-18,226.35992431640625
2019-03-19,224.43580627441406
2019-03-20,225.9598846435547
2019-03-21,228.7602996826172
2019-03-22,227.0266571044922
2019-03-25,227.76966857910156
2019-03-26,232.11322021484375
2019-03-27,233.44677734375
2019-03-28,234.8184356689453
2019-03-29,234.39932250976562
2019-04-01,235.00892639160156
2019-04-02,236.88540649414062
2019-04-03,234.97079467773438
2019-04-04,236.61871337890625
2019-04-05,241.83859252929688
2019-04-08,245.88685607910156
2019-04-09,246.69654846191406
2019-04-10,246.19166564941406
2019-04-11,245.0105743408203
2019-04-12,247.51568603515625
2019-04-15,249.31591796875
2019-04-16,250.4399871826172
2019-04-17,249.7827606201172
2019-04-18,251.39247131347656
2019-04-22,249.68740844726562
2019-04-23,250.03985595703125
2019-04-24,251.8306121826172
2019-04-25,252.85935974121094
2019-04-26,256.8791198730469
2019-04-29,263.1847839355469
2019-04-30,265.11846923828125
2019-05-01,268.6523742675781
2019-05-02,269.4810485839844
2019-05-03,272.47198486328125
2019-05-06,276.65374755859375
2019-05-07,267.0543518066406
2019-05-08,267.9608459472656
2019-05-09,265.2699890136719
2019-05-10,268.08489990234375
2019-05-13,268.7528076171875
2019-05-14,274.23004150390625
2019-05-15,273.8578186035156
2019-05-16,276.1764831542969
2019-05-17,278.79107666015625
2019-05-20,280.14599609375
2019-05-21,278.6671447753906
2019-05-22,279.0964660644531
2019-05-23,278.26629638671875
2019-05-24,275.1174011230469
2019-05-28,268.1993408203125
2019-05-29,268.4379577636719
2019-05-30,270.9570617675781
2019-05-31,284.182373046875
2019-06-03,280.7471923828125
2019-06-04,285.4227600097656
2019-06-05,302.2931823730469
2019-06-06,311.8925476074219
2019-06-07,319.2877502441406
2019-06-10,324.33538818359375
2019-06-11,318.6960754394531
2019-06-12,310.3848876953125
2019-06-13,303.1233825683594
2019-06-14,305.3944396972656
2019-06-17,303.9153747558594
2019-06-18,303.96307373046875
2019-06-19,316.2151184082031
2019-06-20,316.1865234375
2019-06-21,317.8277587890625
2019-06-24,317.7705078125
2019-06-25,304.4306335449219
2019-06-26,298.3523864746094
2019-06-27,301.85430908203125
2019-06-28,306.7017517089844
2019-07-01,307.80853271484375
2019-07-02,315.7380676269531
2019-07-03,322.9996337890625
2019-07-05,326.24383544921875
2019-07-08,325.8621520996094
2019-07-09,327.197998046875
2019-07-10,333.4004211425781
2019-07-11,338.2955322265625
2019-07-12,341.8738708496094
2019-07-15,344.2688903808594
2019-07-16,346.48260498046875
2019-07-17,351.1773681640625
2019-07-18,355.7289123535156
2019-07-19,350.2231750488281
2019-07-22,353.51519775390625
2019-07-23,350.9674377441406
2019-07-24,318.9442138671875
2019-07-25,328.2476806640625
2019-07-26,332.0072937011719
2019-07-29,321.4728088378906
2019-07-30,320.66180419921875
2019-07-31,321.6064758300781
2019-08-01,324.7171325683594
2019-08-02,325.031982421875
2019-08-05,325.8335876464844
2019-08-06,329.5414123535156
2019-08-07,333.4404296875
2019-08-08,336.7277526855469
2019-08-09,346.0835266113281
2019-08-12,347.14422607421875
2019-08-13,350.7374572753906
2019-08-14,340.8370666503906
2019-08-15,348.92169189453125
2019-08-16,349.9633483886719
2019-08-19,352.5435791015625
2019-08-20,358.67877197265625
2019-08-21,371.96209716796875
2019-08-22,375.192138671875
2019-08-23,371.3791809082031
2019-08-26,377.5811767578125
2019-08-27,387.6823425292969
2019-08-28,386.51641845703125
2019-08-29,374.8481140136719
2019-08-30,379.9798889160156
2019-09-03,384.2706604003906
2019-09-04,390.4823303222656
2019-09-05,393.68365478515625
2019-09-06,400.7936096191406
2019-09-09,353.2889404296875
2019-09-10,326.884765625
2019-09-11,326.28277587890625
2019-09-12,329.828125
2019-09-13,315.6368713378906
2019-09-16,319.516845703125
2019-09-17,327.2861633300781
2019-09-18,328.7386779785156
2019-09-19,327.5441589355469
2019-09-20,323.1768493652344
2019-09-23,320.6635437011719
2019-09-24,321.18914794921875
2019-09-25,318.7140808105469
2019-09-26,317.2710266113281
2019-09-27,310.304443359375
2019-09-30,312.97064208984375
2019-10-01,310.5911560058594
2019-10-02,304.5897216796875
2019-10-03,321.9154357910156
2019-10-04,331.5578308105469
2019-10-07,332.3605041503906
2019-10-08,331.29022216796875
2019-10-09,339.50872802734375
2019-10-10,343.1591796875
2019-10-11,332.7428283691406
2019-10-14,333.927734375
2019-10-15,333.82269287109375
2019-10-16,325.3175354003906
2019-10-17,334.1858215332031
2019-10-18,337.22467041015625
2019-10-21,337.7216796875
2019-10-22,325.5372619628906
2019-10-23,326.9994201660156
2019-10-24,333.9564514160156
2019-10-25,328.8056335449219
2019-10-28,333.39263916015625
2019-10-29,335.89630126953125
2019-10-30,343.2165832519531
2019-10-31,352.2377624511719
2019-11-01,349.896484375
2019-11-04,342.49981689453125
2019-11-05,328.9488220214844
2019-11-06,332.85333251953125
2019-11-07,334.56640625
2019-11-08,332.2217102050781
2019-11-11,344.2703552246094
2019-11-12,350.194091796875
2019-11-13,358.2615966796875
2019-11-14,362.91259765625
2019-11-15,364.6735534667969
2019-11-18,372.7696533203125
2019-11-19,382.9617614746094
2019-11-20,387.095947265625
2019-11-21,376.9517822265625
2019-11-22,375.4588623046875
2019-11-25,380.1003112792969
2019-11-26,384.6173095703125
2019-11-27,388.95245361328125
2019-11-29,386.45477294921875
2019-12-02,381.8133850097656
2019-12-03,380.5692138671875
2019-12-04,377.0474853515625
2019-12-05,364.7882995605469
2019-12-06,359.7353210449219
2019-12-09,351.2373046875
2019-12-10,354.0890808105469
2019-12-11,360.6062927246094
2019-12-12,353.5723571777344
2019-12-13,357.8118896484375
2019-12-16,358.5774230957031
2019-12-17,357.476806640625
2019-12-18,353.9933776855469
2019-12-19,361.3336181640625
2019-12-20,360.1373291015625
2019-12-23,355.39056396484375
2019-12-24,357.99371337890625
2019-12-26,359.9267578125
2019-12-27,358.8740539550781
2019-12-30,358.39556884765625
2019-12-31,362.80731201171875
2020-01-02,363.8982849121094
2020-01-03,363.7069091796875
2020-01-06,357.99371337890625
2020-01-07,359.1133117675781
2020-01-08,348.6341857910156
2020-01-09,355.7160339355469
2020-01-10,347.4571533203125
2020-01-13,352.749267578125
2020-01-14,350.8448791503906
2020-01-15,352.2708435058594
2020-01-16,354.0987243652344
2020-01-17,353.18951416015625
2020-01-21,354.7494201660156
2020-01-22,354.4910583496094
2020-01-23,351.4860534667969
2020-01-24,343.8204345703125
2020-01-27,342.47113037109375
2020-01-28,344.3947448730469
2020-01-29,336.9013671875
2020-01-30,342.75823974609375
2020-01-31,338.9494323730469
2020-02-03,340.21258544921875
2020-02-04,339.7341003417969
2020-02-05,327.1495666503906
2020-02-06,330.8053283691406
2020-02-07,329.4846496582031
2020-02-10,326.5754089355469
2020-02-11,328.1380615234375
2020-02-12,321.6382141113281
2020-02-13,324.1787109375
2020-02-14,331.40716552734375
2020-02-18,332.83563232421875
2020-02-19,327.5628967285156
2020-02-20,330.3622741699219
2020-02-21,326.03851318359375
2020-02-24,327.7833251953125
2020-02-25,317.515869140625
2020-02-26,324.3033752441406
2020-02-27,319.56744384765625
2020-02-28,310.9297180175781
2020-03-02,334.21612548828125
2020-03-03,337.0538330078125
2020-03-04,358.125732421875
2020-03-05,361.93170166015625
2020-03-06,347.38836669921875
2020-03-09,337.753662109375
2020-03-10,342.4032287597656
2020-03-11,319.86456298828125
2020-03-12,301.7263488769531
2020-03-13,328.8954772949219
2020-03-16,298.428466796875
2020-03-17,319.241455078125
2020-03-18,292.7434387207031
2020-03-19,303.06854248046875
2020-03-20,297.7957458496094
2020-03-23,269.6871337890625
2020-03-24,313.220947265625
2020-03-25,316.6626281738281
2020-03-26,338.2138671875
2020-03-27,328.6174621582031
2020-03-30,336.80462646484375
2020-03-31,318.8292236328125
2020-04-01,320.19049072265625
2020-04-02,332.9411315917969
2020-04-03,371.2691650390625
2020-04-06,382.5433044433594
2020-04-07,365.7376708984375
2020-04-08,379.2742004394531
2020-04-09,386.6848449707031
2020-04-13,369.8503112792969
2020-04-14,381.27783203125
2020-04-15,396.1278991699219
2020-04-16,418.4651794433594
2020-04-17,412.0227966308594
2020-04-20,412.78021240234375
2020-04-21,393.52978515625
2020-04-22,406.7116394042969
2020-04-23,400.5186767578125
2020-04-24,403.624755859375
2020-04-27,423.3448791503906
2020-04-28,423.1914978027344
2020-04-29,437.8402099609375
2020-04-30,436.2104187011719
2020-05-01,431.20611572265625
2020-05-04,438.1852722167969
2020-05-05,463.2932434082031
2020-05-06,451.8753356933594
2020-05-07,460.886962890625
2020-05-08,464.3094482421875
2020-05-11,484.18292236328125
2020-05-12,477.73297119140625
2020-05-13,484.46124267578125
2020-05-14,473.768798828125
2020-05-15,468.44183349609375
2020-05-18,472.8665771484375
2020-05-19,459.3330078125
2020-05-20,458.7283020019531
2020-05-21,453.9293212890625
2020-05-22,462.9420471191406
2020-05-26,451.6064453125
2020-05-27,449.4468994140625
2020-05-28,464.084228515625
2020-05-29,488.1565856933594
2020-06-01,498.8970642089844
2020-06-02,495.2305603027344
2020-06-03,500.17364501953125
2020-06-04,478.990234375
2020-06-05,474.0567321777344
2020-06-08,468.74896240234375
2020-06-09,479.84442138671875
2020-06-10,486.62078857421875
2020-06-11,462.6925048828125
2020-06-12,472.9913330078125
2020-06-15,480.996337890625
2020-06-16,478.9422607421875
2020-06-17,488.5404968261719
2020-06-18,480.7370910644531
2020-06-19,499.37689208984375
2020-06-22,498.21551513671875
2020-06-23,498.6474609375
2020-06-24,484.8931579589844
2020-06-25,486.9759216308594
2020-06-26,470.1502685546875
2020-06-29,478.5775146484375
2020-06-30,480.7947692871094
2020-07-01,485.6801452636719
2020-07-02,481.7161865234375
2020-07-06,499.8663635253906
2020-07-07,511.7393798828125
2020-07-08,522.547119140625
2020-07-09,526.5687255859375
2020-07-10,515.645751953125
2020-07-13,496.7757263183594
2020-07-14,501.2389221191406
2020-07-15,510.4916687011719
2020-07-16,509.4358825683594
2020-07-17,511.14434814453125
2020-07-20,512.5936279296875
2020-07-21,512.0178833007812
2020-07-22,505.93243408203125
2020-07-23,488.7228088378906
2020-07-24,485.4882507324219
2020-07-27,500.0680236816406
2020-07-28,489.1260070800781
2020-07-29,496.6030578613281
2020-07-30,495.7968444824219
2020-07-31,495.9407653808594
2020-08-03,491.132080078125
2020-08-04,488.8066101074219
2020-08-05,490.171142578125
2020-08-06,483.9825134277344
2020-08-07,488.3548278808594
2020-08-10,463.82183837890625
2020-08-11,463.9371337890625
2020-08-12,473.3063659667969
2020-08-13,477.3616638183594
2020-08-14,477.1117248535156
2020-08-17,481.0419921875
2020-08-18,479.5429992675781
2020-08-19,472.67218017578125
2020-08-20,481.7916259765625
2020-08-21,480.32135009765625
2020-08-24,470.3658752441406
2020-08-25,465.5707702636719
2020-08-26,479.9080810546875
2020-08-27,476.823486328125
2020-08-28,465.4554748535156
2020-08-31,466.9641418457031
2020-09-01,471.2691955566406
2020-09-02,474.7958679199219
2020-09-03,452.82855224609375
2020-09-04,436.7038269042969
2020-09-08,432.0624084472656
2020-09-09,440.7590026855469
2020-09-10,433.8978576660156
2020-09-11,435.3777160644531
2020-09-14,443.8148193359375
2020-09-15,445.93853759765625
2020-09-16,443.8821716308594
2020-09-17,430.01556396484375
2020-09-18,421.5303649902344
2020-09-21,425.700927734375
2020-09-22,429.4966735839844
2020-09-23,431.90869140625
2020-09-24,434.4647216796875
2020-09-25,446.93792724609375
2020-09-28,457.4603576660156
2020-09-29,466.47406005859375
2020-09-30,462.7839660644531
2020-10-01,464.1101379394531
2020-10-02,463.6776123046875
2020-10-05,477.86126708984375
2020-10-06,479.1105041503906
2020-10-07,490.3055725097656
2020-10-08,498.17578125
2020-10-09,501.6640625
2020-10-12,511.4464416503906
2020-10-13,518.9995727539062
2020-10-14,514.521484375
2020-10-15,519.3742065429688
2020-10-16,517.0585327148438
2020-10-19,518.2019653320312
2020-10-20,528.5130004882812
2020-10-21,536.287109375
2020-10-22,545.2144165039062
2020-10-23,537.0846557617188
2020-10-26,525.9376220703125
2020-10-27,550.6244506835938
2020-10-28,535.2685546875
2020-10-29,534.1537475585938
2020-10-30,517.8079833984375
2020-11-02,517.7503662109375
2020-11-03,518.6151123046875
2020-11-04,557.2742919921875
2020-11-05,558.4754028320312
2020-11-06,556.5631713867188
2020-11-09,514.4876098632812
2020-11-10,505.0603942871094
2020-11-11,524.1743774414062
2020-11-12,514.458740234375
2020-11-13,503.0307922363281
2020-11-16,502.12646484375
2020-11-17,494.5271301269531
2020-11-18,492.7668151855469
2020-11-19,513.89111328125
2020-11-20,525.3576049804688
2020-11-23,500.1257629394531
2020-11-24,498.7308654785156
2020-11-25,494.7772216796875
2020-11-27,513.5736694335938
2020-11-30,518.662353515625
2020-12-01,525.8096313476562
2020-12-02,520.2015380859375
2020-12-03,534.4864501953125
2020-12-04,518.6527099609375
2020-12-07,548.2518920898438
2020-12-08,544.471435546875
2020-12-09,543.1824340820312
2020-12-10,530.5905151367188
2020-12-11,526.8294067382812
2020-12-14,530.177001953125
2020-12-15,532.7164916992188
2020-12-16,539.1710205078125
2020-12-17,555.3799438476562
2020-12-18,556.8516845703125
2020-12-21,556.4284057617188
2020-12-22,567.8562622070312
2020-12-23,551.16650390625
2020-12-24,551.2723999023438
2020-12-28,544.2406616210938
2020-12-29,543.2977905273438
2020-12-30,540.873779296875
2020-12-31,548.8483276367188
2021-01-04,541.3643188476562
2021-01-05,533.158935546875
2021-01-06,524.337890625
2021-01-07,528.3106689453125
2021-01-08,531.0812377929688
2021-01-11,523.0297241210938
2021-01-12,508.56201171875
2021-01-13,515.9111328125
2021-01-14,492.5937194824219
2021-01-15,503.09808349609375
2021-01-19,496.2586669921875
2021-01-20,497.68231201171875
2021-01-21,494.5657043457031
2021-01-22,490.3042297363281
2021-01-25,489.9674987792969
2021-01-26,490.4100341796875
2021-01-27,514.0932006835938
2021-01-28,516.1324462890625
2021-01-29,520.1821899414062
2021-02-01,547.087890625
2021-02-02,558.034912109375
2021-02-03,542.3551635742188
2021-02-04,544.6541748046875
2021-02-05,549.906494140625
2021-02-08,548.0401611328125
2021-02-09,537.1575927734375
2021-02-10,533.52685546875
2021-02-11,525.5623779296875
2021-02-12,532.1400146484375
2021-02-16,517.6652221679688
2021-02-17,515.9221801757812
2021-02-18,523.6072998046875
2021-02-19,529.8865966796875
2021-02-22,521.0841674804688
2021-02-23,528.8561401367188
2021-02-24,525.31201171875
2021-02-25,531.3888549804688
2021-02-26,535.4047241210938
2021-03-01,557.6806030273438
2021-03-02,557.49755859375
2021-03-03,490.5358581542969
2021-03-04,467.017822265625
2021-03-05,485.7397766113281
2021-03-08,494.0220947265625
2021-03-09,504.7313232421875
2021-03-10,497.7009582519531
2021-03-11,504.4713439941406
2021-03-12,499.8004455566406
2021-03-15,506.00262451171875
2021-03-16,497.8165588378906
2021-03-17,494.051025390625
2021-03-18,482.8987731933594
2021-03-19,491.2773742675781
2021-03-22,502.0252380371094
2021-03-23,506.6863098144531
2021-03-24,482.42681884765625
2021-03-25,479.32574462890625
2021-03-26,498.6736755371094
2021-03-29,497.5950012207031
2021-03-30,477.43817138671875
2021-03-31,479.528076171875
2021-04-01,501.0621032714844
2021-04-05,500.79248046875
2021-04-06,513.3700561523438
2021-04-07,501.76519775390625
2021-04-08,511.84832763671875
2021-04-09,514.814697265625
2021-04-12,515.6718139648438
2021-04-13,519.7454833984375
2021-04-14,515.084228515625
2021-04-15,519.2352294921875
2021-04-16,515.1902465820312
2021-04-19,513.9093627929688
2021-04-20,509.5755310058594
2021-04-21,503.9223937988281
2021-04-22,484.3048095703125
2021-04-23,488.71563720703125
2021-04-26,486.54876708984375
2021-04-27,477.3418273925781
2021-04-28,471.2937927246094
2021-04-29,477.45745849609375
2021-04-30,470.41748046875
2021-05-03,470.6293029785156
2021-05-04,456.4915771484375
2021-05-05,439.7535705566406
2021-05-06,422.40875244140625
2021-05-07,421.02197265625
2021-05-10,423.545166015625
2021-05-11,432.1390686035156
2021-05-12,429.0332946777344
2021-05-13,436.170654296875
2021-05-14,440.1058349609375
2021-05-17,438.9387512207031
2021-05-18,430.8465270996094
2021-05-19,427.41290283203125
2021-05-20,434.93609619140625
2021-05-21,439.8067932128906
2021-05-24,440.2022705078125
2021-05-25,442.2470397949219
2021-05-26,446.3366394042969
2021-05-27,445.6325378417969
2021-05-28,449.9823913574219
2021-06-01,438.20574951171875
2021-06-02,444.1181945800781
2021-06-03,428.44488525390625
2021-06-04,434.25128173828125
2021-06-07,432.66943359375
2021-06-08,425.11737060546875
2021-06-09,418.2307434082031
2021-06-10,417.5267028808594
2021-06-11,425.21380615234375
2021-06-14,438.5722961425781
2021-06-15,436.4599609375
2021-06-16,433.4120788574219
2021-06-17,444.725830078125
2021-06-18,433.5857238769531
2021-06-21,439.04486083984375
2021-06-22,441.562255859375
2021-06-23,441.5718688964844
2021-06-24,444.6968994140625
2021-06-25,451.35205078125
2021-06-28,452.9530944824219
2021-06-29,455.38372802734375
2021-06-30,447.1370849609375
2021-07-01,447.735107421875
2021-07-02,447.4072570800781
2021-07-06,455.0557556152344
2021-07-07,434.1065673828125
2021-07-08,442.72930908203125
2021-07-09,444.4172668457031
2021-07-12,445.429931640625
2021-07-13,442.7099914550781
2021-07-14,443.1536560058594
2021-07-15,438.5337219238281
2021-07-16,442.79681396484375
2021-07-19,446.2593688964844
2021-07-20,444.15679931640625
2021-07-21,439.67181396484375
2021-07-22,447.9376525878906
2021-07-23,458.32537841796875
2021-07-26,450.3779296875
2021-07-27,450.1560974121094
2021-07-28,454.22625732421875
2021-07-29,458.8945007324219
2021-07-30,458.30609130859375
2021-08-02,462.9646911621094
2021-08-03,463.54425048828125
2021-08-04,475.31781005859375
2021-08-05,473.9656677246094
2021-08-06,469.10748291015625
2021-08-09,468.0836486816406
2021-08-10,451.57757568359375
2021-08-11,446.6999816894531
2021-08-12,447.4823913574219
2021-08-13,447.5886535644531
2021-08-16,453.99212646484375
2021-08-17,458.3190612792969
2021-08-18,446.0626525878906
2021-08-19,456.1362609863281
2021-08-20,459.2558898925781
2021-08-23,460.49212646484375
2021-08-24,464.3265686035156
2021-08-25,456.1941833496094
2021-08-26,460.2507629394531
2021-08-27,468.2092590332031
2021-08-30,461.2068786621094
2021-08-31,459.6615905761719
2021-09-01,463.1578674316406
2021-09-02,463.09027099609375
2021-09-03,458.9854736328125
2021-09-07,435.882568359375
2021-09-08,436.4138488769531
2021-09-09,428.4747009277344
2021-09-10,423.5102233886719
2021-09-13,417.3192138671875
2021-09-14,411.6787414550781
2021-09-15,411.244140625
2021-09-16,413.0116271972656
2021-09-17,411.44696044921875
2021-09-20,410.9447021484375
2021-09-21,407.40008544921875
2021-09-22,411.10888671875
2021-09-23,410.57763671875
2021-09-24,409.51519775390625
2021-09-27,402.9668884277344
2021-09-28,404.55084228515625
2021-09-29,409.1868896484375
2021-09-30,406.31842041015625
2021-10-01,403.54638671875
2021-10-04,403.54638671875
2021-10-05,416.7879638671875
2021-10-06,398.3405456542969
2021-10-07,405.49737548828125
2021-10-08,396.1384582519531
2021-10-11,389.1940002441406
2021-10-12,384.2102966308594
2021-10-13,386.4123840332031
2021-10-14,389.3968200683594
2021-10-15,391.90802001953125
2021-10-18,391.164306640625
2021-10-19,397.1429138183594
2021-10-20,391.8307800292969
2021-10-21,396.6986389160156
2021-10-22,401.2380065917969
2021-10-25,393.3374938964844
2021-10-26,390.7200622558594
2021-10-27,389.6866760253906
2021-10-28,391.2223205566406
2021-10-29,394.7089538574219
2021-11-01,394.6510314941406
2021-11-02,393.83837890625
2021-11-03,391.3521728515625
2021-11-04,375.86407470703125
2021-11-05,375.65130615234375
2021-11-08,377.34423828125
2021-11-09,374.5677795410156
2021-11-10,376.0672607421875
2021-11-11,370.2434997558594
2021-11-12,376.1446533203125
2021-11-15,376.5799255371094
2021-11-16,379.78204345703125
2021-11-17,370.349853515625
2021-11-18,354.87152099609375
2021-11-19,348.0610046386719
2021-11-22,355.2778015136719
2021-11-23,350.92449951171875
2021-11-24,349.6378479003906
2021-11-26,348.7672424316406
2021-11-29,341.4537048339844
2021-11-30,341.1925048828125
2021-12-01,332.5245361328125
2021-12-02,339.6252746582031
2021-12-03,337.7000732421875
2021-12-06,350.1989440917969
2021-12-07,368.2700500488281
2021-12-08,372.3233947753906
2021-12-09,367.3993835449219
2021-12-10,373.2618103027344
2021-12-13,388.7692565917969
2021-12-14,382.5295104980469
2021-12-15,400.7069091796875
2021-12-16,395.0670166015625
2021-12-17,397.0404968261719
2021-12-20,390.3074035644531
2021-12-21,398.143310546875
2021-12-22,395.6861572265625
2021-12-23,397.2823486328125
2021-12-27,400.1264343261719
2021-12-28,400.67791748046875
2021-12-29,397.9305114746094
2021-12-30,399.2074890136719
2021-12-31,397.86279296875
2022-01-03,383.89349365234375
2022-01-04,381.513671875
2022-01-05,366.67376708984375
2022-01-06,361.1789245605469
2022-01-07,366.39324951171875
2022-01-10,368.395751953125
2022-01-11,368.13458251953125
2022-01-12,359.2635498046875
2022-01-13,352.056396484375
2022-01-14,359.4280090332031
2022-01-18,353.0140686035156
2022-01-19,361.2466735839844
2022-01-20,357.25128173828125
2022-01-21,352.69488525390625
2022-01-24,353.3139953613281
2022-01-25,340.5345764160156
2022-01-26,321.8057556152344
2022-01-27,319.3582458496094
2022-01-28,324.3790588378906
2022-01-31,333.2500915527344
2022-02-01,339.28668212890625
2022-02-02,333.03729248046875
2022-02-03,338.5128173828125
2022-02-04,354.7554016113281
2022-02-07,358.2767333984375
2022-02-08,356.7647705078125
2022-02-09,359.56585693359375
2022-02-10,358.451171875
2022-02-11,366.369873046875
2022-02-14,358.9358215332031
2022-02-15,370.0917053222656
2022-02-16,363.2489318847656
2022-02-17,363.3458557128906
2022-02-18,360.5642395019531
2022-02-22,361.6690673828125
2022-02-23,357.0846252441406
2022-02-24,365.400634765625
2022-02-25,367.64923095703125
2022-02-28,369.69427490234375
2022-03-01,368.20172119140625
2022-03-02,366.9126281738281
2022-03-03,349.582763671875
2022-03-04,356.9974060058594
2022-03-07,343.09857177734375
2022-03-08,330.4695129394531
2022-03-09,337.7193603515625
2022-03-10,332.2527770996094
2022-03-11,332.04937744140625
2022-03-14,333.2608337402344
2022-03-15,336.8179931640625
2022-03-16,343.5057067871094
2022-03-17,343.4378356933594
2022-03-18,342.95318603515625
2022-03-21,337.95196533203125
2022-03-22,341.60595703125
2022-03-23,335.94561767578125
2022-03-24,342.7206115722656
2022-03-25,341.0632629394531
2022-03-28,348.6717224121094
2022-03-29,346.31640625
2022-03-30,336.2364196777344
2022-03-31,329.7328186035156
2022-04-01,328.9962158203125
2022-04-04,334.8795471191406
2022-04-05,298.13592529296875
2022-04-06,278.9741516113281
2022-04-07,278.4023132324219
2022-04-08,272.4124755859375
2022-04-11,272.1992492675781
2022-04-12,265.5212707519531
2022-04-13,263.2241516113281
2022-04-14,257.2827453613281
2022-04-18,249.2090301513672
2022-04-19,255.59625244140625
2022-04-20,265.5018005371094
2022-04-21,264.484130859375
2022-04-22,257.74798583984375
2022-04-25,259.7058410644531
2022-04-26,252.78549194335938
2022-04-27,253.23135375976562
2022-04-28,263.1756591796875
2022-04-29,255.4993133544922
2022-05-02,253.40585327148438
2022-05-03,257.6138610839844
2022-05-04,272.8327941894531
2022-05-05,268.1971130371094
2022-05-06,257.5749816894531
2022-05-09,249.77114868164062
2022-05-10,248.3231201171875
2022-05-11,245.844970703125
2022-05-12,250.0141143798828
2022-05-13,255.96173095703125
2022-05-16,250.63607788085938
2022-05-17,252.9781951904297
2022-05-18,243.13352966308594
2022-05-19,260.3933410644531
2022-05-20,271.44305419921875
2022-05-23,274.8833923339844
2022-05-24,271.16119384765625
2022-05-25,268.7510681152344
2022-05-26,274.17388916015625
2022-05-27,279.78143310546875
2022-05-31,273.7463073730469
2022-06-01,269.1107177734375
2022-06-02,279.2955017089844
2022-06-03,270.6364440917969
2022-06-06,273.50335693359375
2022-06-07,276.4771728515625
2022-06-08,273.09515380859375
2022-06-09,266.2923583984375
2022-06-10,266.17572021484375
2022-06-13,260.23779296875
2022-06-14,260.9181213378906
2022-06-15,262.4341735839844
2022-06-16,261.5400695800781
2022-06-17,256.7684020996094
2022-06-21,258.2552185058594
2022-06-22,261.46234130859375
2022-06-23,265.04840087890625
2022-06-24,269.8200988769531
2022-06-27,264.3389587402344
2022-06-28,258.1483459472656
2022-06-29,253.1531219482422
2022-06-30,248.79933166503906
2022-07-01,250.5097198486328
2022-07-05,257.3126220703125
2022-07-06,252.31736755371094
2022-07-07,260.04339599609375
2022-07-08,258.6148681640625
2022-07-11,254.4845428466797
2022-07-12,249.44076538085938
2022-07-13,252.15211486816406
2022-07-14,252.968505859375
2022-07-15,259.0618896484375
2022-07-18,259.4020690917969
2022-07-19,267.00177001953125
2022-07-20,259.8782653808594
2022-07-21,263.04644775390625
2022-07-22,263.21160888671875
2022-07-25,257.2543029785156
2022-07-26,249.149169921875
2022-07-27,250.956787109375
2022-07-28,259.85882568359375
2022-07-29,263.15325927734375
2022-08-01,261.81219482421875
2022-08-02,264.8230285644531
2022-08-03,259.5614318847656
2022-08-04,262.5234680175781
2022-08-05,257.4567565917969
2022-08-08,262.0168151855469
2022-08-09,258.4311828613281
2022-08-10,262.8157958984375
2022-08-11,259.171630859375
2022-08-12,263.91680908203125
2022-08-15,269.49017333984375
2022-08-16,270.4061279296875
2022-08-17,267.2198791503906
2022-08-18,265.5439758300781
2022-08-19,255.5859832763672
2022-08-22,251.4546661376953
2022-08-23,245.29669189453125
2022-08-24,247.5182342529297
2022-08-25,249.42800903320312
2022-08-26,238.67098999023438
2022-08-29,236.2642822265625
2022-08-30,237.74533081054688
2022-08-31,242.21768188476562
2022-09-01,244.87770080566406
2022-09-02,243.5038299560547
2022-09-06,236.36175537109375
2022-09-07,241.36997985839844
2022-09-08,250.35362243652344
2022-09-09,259.1131896972656
2022-09-12,257.2619323730469
2022-09-13,254.83570861816406
2022-09-14,256.1900634765625
2022-09-15,250.22698974609375
2022-09-16,245.63772583007812
2022-09-19,232.41555786132812
2022-09-20,229.75552368164062
2022-09-21,228.38169860839844
2022-09-22,222.05804443359375
2022-09-23,221.64881896972656
2022-09-26,219.6123809814453
2022-09-27,213.44464111328125
2022-09-28,217.43954467773438
2022-09-29,218.8426513671875
2022-09-30,216.78671264648438
2022-10-03,225.6534423828125
2022-10-04,230.08682250976562
2022-10-05,233.399658203125
2022-10-06,232.14271545410156
2022-10-07,229.5801544189453
2022-10-10,226.84219360351562
2022-10-11,225.6632080078125
2022-10-12,231.07093811035156
2022-10-13,232.77606201171875
2022-10-14,223.8800811767578
2022-10-17,229.8140106201172
2022-10-18,234.97813415527344
2022-10-19,227.48526000976562
2022-10-20,225.54629516601562
2022-10-21,236.79046630859375
2022-10-24,235.66995239257812
2022-10-25,240.44436645507812
2022-10-26,232.1914520263672
2022-10-27,231.70428466796875
2022-10-28,238.30072021484375
2022-10-31,237.78431701660156
2022-11-01,233.1232147216797
2022-11-02,226.79116821289062
2022-11-03,223.6446533203125
2022-11-04,228.64779663085938
2022-11-07,232.7519073486328
2022-11-08,241.25326538085938
2022-11-09,246.16842651367188
2022-11-10,271.1350402832031
2022-11-11,276.8319396972656
2022-11-14,260.50347900390625
2022-11-15,258.6566162109375
2022-11-16,256.2528076171875
2022-11-17,250.65365600585938
2022-11-18,253.8587188720703
2022-11-21,250.0380096435547
2022-11-22,250.4288787841797
2022-11-23,250.94677734375
2022-11-25,250.97608947753906
2022-11-28,248.80677795410156
2022-11-29,250.23342895507812
2022-11-30,261.8031311035156
2022-12-01,267.0309753417969
2022-12-02,274.7408752441406
2022-12-05,278.2781982421875
2022-12-06,278.5420227050781
2022-12-07,268.8583068847656
2022-12-08,276.6951599121094
2022-12-09,274.5160217285156
2022-12-12,280.20318603515625
2022-12-13,282.8317565917969
2022-12-14,279.01104736328125
2022-12-15,272.1806640625
2022-12-16,272.2295227050781
2022-12-19,265.2818603515625
2022-12-20,260.5621032714844
2022-12-21,271.63348388671875
2022-12-22,275.3271179199219
2022-12-23,274.43798828125
2022-12-27,273.46075439453125
2022-12-28,270.1383972167969
2022-12-29,276.86126708984375
2022-12-30,272.5226745605469
2023-01-03,278.3661193847656
2023-01-04,280.22271728515625
2023-01-05,291.421142578125
2023-01-06,306.8310852050781
2023-01-09,311.81463623046875
2023-01-10,313.78851318359375
2023-01-11,319.788330078125
2023-01-12,316.2216796875
2023-01-13,321.5081481933594
2023-01-17,320.5505065917969
2023-01-18,321.27362060546875
2023-01-19,319.6612854003906
2023-01-20,328.3092041015625
2023-01-23,326.41351318359375
2023-01-24,321.99676513671875
2023-01-25,354.9859924316406
2023-01-26,360.9173583984375
2023-01-27,363.868408203125
2023-01-30,358.77740478515625
2023-01-31,355.54296875
2023-02-01,368.3927307128906
2023-02-02,371.2655944824219
2023-02-03,338.00274658203125
2023-02-06,342.7126770019531
2023-02-07,348.43109130859375
2023-02-08,347.6379699707031
2023-02-09,344.9745788574219
2023-02-10,342.89874267578125
2023-02-13,346.50213623046875
2023-02-14,348.6661071777344
2023-02-15,351.0650939941406
2023-02-16,352.0540771484375
2023-02-17,347.77508544921875
2023-02-21,347.8533935546875
2023-02-22,344.12274169921875
2023-02-23,340.61724853515625
2023-02-24,339.403076171875
2023-02-27,335.2415466308594
2023-02-28,334.3406982421875
2023-03-01,340.0395202636719
2023-03-02,347.3931579589844
2023-03-03,361.82623291015625
2023-03-06,359.2804260253906
2023-03-07,351.828857421875
2023-03-08,351.6134338378906
2023-03-09,345.99298095703125
2023-03-10,339.5107727050781
2023-03-13,356.74432373046875
2023-03-14,363.7846374511719
2023-03-15,371.9607849121094
2023-03-16,380.2642517089844
2023-03-17,381.6546936035156
2023-03-20,378.5408630371094
2023-03-21,376.4943542480469
2023-03-22,369.6009521484375
2023-03-23,375.2312316894531
2023-03-24,377.953369140625
2023-03-27,373.1553649902344
2023-03-28,374.5751953125
2023-03-29,376.51397705078125
2023-03-30,379.784423828125
2023-03-31,383.1429748535156
2023-04-03,381.0573425292969
2023-04-04,384.1221923828125
2023-04-05,330.70794677734375
2023-04-06,336.14239501953125
2023-04-10,328.7104187011719
2023-04-11,331.32489013671875
2023-04-12,330.5610656738281
2023-04-13,333.4105224609375
2023-04-14,329.0042419433594
2023-04-17,333.10699462890625
2023-04-18,329.8266906738281
2023-04-19,328.81817626953125
2023-04-20,325.77288818359375
2023-04-21,320.201416015625
2023-04-24,313.5037841796875
2023-04-25,309.1856384277344
2023-04-26,304.0743408203125
2023-04-27,306.6397399902344
2023-04-28,311.74127197265625
2023-05-01,310.6837463378906
2023-05-02,312.42669677734375
2023-05-03,292.3437805175781
2023-05-04,290.90435791015625
2023-05-05,294.07684326171875
2023-05-08,293.2543640136719
2023-05-09,294.2358703613281
2023-05-10,295.6198425292969
2023-05-11,294.70703125
2023-05-12,293.7059020996094
2023-05-15,288.150390625
2023-05-16,286.079345703125
2023-05-17,284.31256103515625
2023-05-18,282.7126159667969
2023-05-19,279.3361511230469
2023-05-22,281.3090515136719
2023-05-23,273.3487854003906
2023-05-24,271.05194091796875
2023-05-25,269.5698547363281
2023-05-26,274.12420654296875
2023-05-30,273.7708435058594
2023-05-31,267.3810119628906
2023-06-01,272.21014404296875
2023-06-02,276.3130187988281
2023-06-05,268.833740234375
2023-06-06,261.41326904296875
2023-06-07,266.5467224121094
2023-06-08,271.3267822265625
2023-06-09,271.542724609375
2023-06-12,265.31976318359375
2023-06-13,263.0328063964844
2023-06-14,271.05194091796875
2023-06-15,275.0369873046875
2023-06-16,272.0334777832031
2023-06-20,269.40301513671875
2023-06-21,261.97271728515625
2023-06-22,260.5396423339844
2023-06-23,258.1447448730469
2023-06-26,257.9091796875
2023-06-27,254.5817413330078
2023-06-28,253.1290740966797
2023-06-29,257.1435546875
2023-06-30,256.59393310546875
2023-07-03,257.3104248046875
2023-07-05,253.61001586914062
2023-07-06,245.9736328125
2023-07-07,243.51980590820312
2023-07-10,242.63641357421875
2023-07-11,242.40084838867188
2023-07-12,246.1503143310547
2023-07-13,247.4753875732422
2023-07-14,245.91473388671875
2023-07-17,250.58688354492188
2023-07-18,252.20643615722656
2023-07-19,256.319091796875
2023-07-20,261.97271728515625
2023-07-21,265.6142578125
2023-07-24,266.3013000488281
2023-07-25,264.4658203125
2023-07-26,269.3146667480469
2023-07-27,264.52471923828125
2023-07-28,265.96759033203125
2023-07-31,264.2498779296875
2023-08-01,258.44329833984375
2023-08-02,257.1638488769531
2023-08-03,244.75347900390625
2023-08-04,239.00592041015625
2023-08-07,240.51170349121094
2023-08-08,233.27804565429688
2023-08-09,234.80352783203125
2023-08-10,232.88436889648438
2023-08-11,230.5420379638672
2023-08-14,233.23867797851562
2023-08-15,228.88864135742188
2023-08-16,241.44664001464844
2023-08-17,245.23570251464844
2023-08-18,244.27122497558594
2023-08-21,246.37734985351562
2023-08-22,245.37351989746094
2023-08-23,246.46592712402344
2023-08-24,241.41714477539062
2023-08-25,240.67901611328125
2023-08-28,241.9879608154297
2023-08-29,242.4505157470703
2023-08-30,239.4192657470703
2023-08-31,237.11630249023438
2023-09-01,235.05938720703125
2023-09-05,238.18905639648438
2023-09-06,225.2373504638672
2023-09-07,223.69219970703125
2023-09-08,223.04266357421875
2023-09-11,221.21209716796875
2023-09-12,218.5449981689453
2023-09-13,216.97032165527344
2023-09-14,225.41452026367188
2023-09-15,221.07431030273438
2023-09-18,223.52488708496094
2023-09-19,220.6019287109375
2023-09-20,219.73583984375
2023-09-21,211.61643981933594
2023-09-22,212.55140686035156
2023-09-25,207.9454803466797
2023-09-26,202.44395446777344
2023-09-27,198.5860137939453
2023-09-28,206.1149139404297
2023-09-29,210.25827026367188
2023-10-02,206.62667846679688
2023-10-03,201.5188446044922
2023-10-04,209.9039764404297
2023-10-05,222.03880310058594
2023-10-06,234.95111083984375
2023-10-09,233.45518493652344
2023-10-10,229.97122192382812
2023-10-11,232.84500122070312
2023-10-12,236.64390563964844
2023-10-13,235.00033569335938
2023-10-16,238.208740234375
2023-10-17,236.88995361328125
2023-10-18,232.6973876953125
2023-10-19,231.1128387451172
2023-10-20,231.6541748046875
2023-10-23,231.56556701660156
2023-10-24,232.18560791015625
2023-10-25,210.69131469726562
2023-10-26,209.23475646972656
2023-10-27,202.74905395507812
2023-10-30,210.7602081298828
2023-10-31,210.36654663085938
2023-11-01,213.80130004882812
2023-11-02,217.89544677734375
2023-11-03,216.5865020751953
2023-11-06,216.61602783203125
2023-11-07,213.80194091796875
2023-11-08,220.20028686523438
2023-11-09,224.0017852783203
2023-11-10,220.1311798095703
2023-11-13,218.70932006835938
2023-11-14,225.29527282714844
2023-11-15,224.68309020996094
2023-11-16,223.84378051757812
2023-11-17,225.30516052246094
2023-11-20,225.6704864501953
2023-11-21,230.79510498046875
2023-11-22,231.26904296875
2023-11-24,228.4845733642578
2023-11-27,227.37869262695312
2023-11-28,228.0797576904297
2023-11-29,234.10287475585938
2023-11-30,237.09471130371094
2023-12-01,237.1440887451172
2023-12-04,235.5543670654297
2023-12-05,248.10423278808594
2023-12-06,258.7483825683594
2023-12-07,257.59320068359375
2023-12-08,258.3830871582031
2023-12-11,259.95306396484375
2023-12-12,260.4467468261719
2023-12-13,267.7140197753906
2023-12-14,280.579833984375
2023-12-15,275.682373046875
2023-12-18,278.397705078125
2023-12-19,278.3483581542969
2023-12-20,274.9319152832031
2023-12-21,282.0807189941406
2023-12-22,284.55908203125
2023-12-26,287.92608642578125
2023-12-27,292.1028137207031
2023-12-28,292.6853942871094
2023-12-29,289.160400390625
2024-01-02,282.84100341796875
2024-01-03,275.4552307128906
2024-01-04,271.92034912109375
2024-01-05,272.6905517578125
2024-01-08,273.9840393066406
2024-01-09,268.9482727050781
2024-01-10,268.5730285644531
2024-01-11,266.8154602050781
2024-01-12,265.59112548828125
2024-01-16,265.61083984375
2024-01-17,261.26629638671875
2024-01-18,261.3847961425781
2024-01-19,262.5794982910156
2024-01-22,263.01397705078125
2024-01-23,268.9877624511719
2024-01-24,271.4266357421875
2024-01-25,269.92578125
2024-01-26,273.016357421875
2024-01-29,274.8529357910156
2024-01-30,270.87371826171875
2024-01-31,222.6687774658203
2024-02-01,216.20130920410156
2024-02-02,221.87889099121094
2024-02-05,218.501953125
2024-02-06,218.4723358154297
2024-02-07,223.5574493408203
2024-02-08,221.3654022216797
2024-02-09,220.50637817382812
2024-02-12,223.83392333984375
2024-02-13,217.2957305908203
2024-02-14,214.18515014648438
2024-02-15,218.43495178222656
2024-02-16,216.98863220214844
2024-02-20,211.9760284423828
2024-02-21,212.98648071289062
2024-02-22,211.55006408691406
2024-02-23,212.9072265625
2024-02-26,211.9165802001953
2024-02-27,211.96612548828125
2024-02-28,210.59902954101562
2024-02-29,211.41136169433594
2024-03-01,216.09706115722656
2024-03-04,212.75863647460938
2024-03-05,209.31121826171875
2024-03-06,205.8241729736328
2024-03-07,207.12191772460938
2024-03-08,213.10533142089844
2024-03-11,221.08987426757812
2024-03-12,220.59454345703125
2024-03-13,222.8333740234375
2024-03-14,214.60121154785156
2024-03-15,216.40415954589844
2024-03-18,217.41461181640625
2024-03-19,216.4735107421875
2024-03-20,214.68045043945312
2024-03-21,221.71395874023438
2024-03-22,219.62371826171875
2024-03-25,217.5631866455078
2024-03-26,212.51097106933594
2024-03-27,215.71072387695312
2024-03-28,217.19667053222656
2024-04-01,214.5318603515625
2024-04-02,212.35247802734375
2024-04-03,212.92703247070312
2024-04-04,222.68478393554688
2024-04-05,223.2791748046875
2024-04-08,222.2191925048828
2024-04-09,224.37876892089844
2024-04-10,220.109130859375
2024-04-11,215.74041748046875
2024-04-12,211.0052032470703
2024-04-15,203.02069091796875
2024-04-16,200.8710174560547
2024-04-17,200.0388641357422
2024-04-18,201.2474365234375
2024-04-19,202.09939575195312
2024-04-22,202.5154571533203
2024-04-23,202.85227966308594
2024-04-24,202.30743408203125
2024-04-25,199.69216918945312
2024-04-26,199.9001922607422
2024-04-29,202.18856811523438
2024-04-30,198.21609497070312
2024-05-01,204.30850219726562
2024-05-02,207.1615447998047
2024-05-03,201.9111785888672
2024-05-06,203.8726348876953
2024-05-07,199.00860595703125
2024-05-08,200.31626892089844
2024-05-09,202.90182495117188
2024-05-10,204.17971801757812
2024-05-13,204.00140380859375
2024-05-14,202.50555419921875
2024-05-15,214.8785858154297
2024-05-16,214.5714874267578
2024-05-17,212.6991729736328
2024-05-20,213.68983459472656
2024-05-21,216.264404296875
2024-05-22,218.10337829589844
2024-05-23,213.2126922607422
2024-05-24,215.598388671875
2024-05-28,205.1211700439453
2024-05-29,199.21653747558594
2024-05-30,196.50279235839844
2024-05-31,197.74534606933594
2024-06-03,197.81492614746094
2024-06-04,198.31195068359375
2024-06-05,195.2502899169922
2024-06-06,204.74342346191406
2024-06-07,197.57635498046875
2024-06-10,195.9063720703125
2024-06-11,194.31588745117188
2024-06-12,199.912353515625
2024-06-13,198.12307739257812
2024-06-14,199.0276641845703
2024-06-17,198.1727752685547
2024-06-18,194.4451141357422
2024-06-20,197.90438842773438
2024-06-21,193.2522735595703
2024-06-24,195.1210479736328
2024-06-25,192.8944091796875
2024-06-26,194.9322052001953
2024-06-27,198.49087524414062
2024-06-28,199.3358154296875
2024-07-01,192.23834228515625
2024-07-02,192.64590454101562
2024-07-03,199.8129425048828
2024-07-05,203.4312744140625
2024-07-08,203.18276977539062
2024-07-09,203.18276977539062
2024-07-10,205.7076416015625
2024-07-11,212.656005859375
2024-07-12,211.58245849609375
2024-07-15,218.33201599121094
2024-07-16,220.3201141357422
2024-07-17,223.2724151611328
2024-07-18,219.97218322753906
2024-07-19,217.85487365722656
2024-07-22,221.25450134277344
2024-07-23,219.9324188232422
2024-07-24,216.7415313720703
2024-07-25,219.54473876953125
2024-07-26,224.28634643554688
2024-07-29,221.900634765625
2024-07-30,222.68592834472656
2024-07-31,222.19883728027344
2024-08-01,219.90260314941406
2024-08-02,233.23275756835938
2024-08-05,221.5725860595703
2024-08-06,233.18304443359375
2024-08-07,227.9643096923828
2024-08-08,230.50906372070312
2024-08-09,234.65423583984375
2024-08-12,233.55084228515625
2024-08-13,239.6045684814453
2024-08-14,239.51510620117188
2024-08-15,232.50709533691406
2024-08-16,232.60650634765625
2024-08-19,233.79934692382812
2024-08-20,229.813232421875
2024-08-21,231.97723388671875
2024-08-22,234.86923217773438
2024-08-23,235.16839599609375
2024-08-26,236.1157684326172
2024-08-27,234.94900512695312
2024-08-28,236.96340942382812
2024-08-29,245.3501739501953
2024-08-30,241.72024536132812
2024-09-03,240.48365783691406
2024-09-04,241.19171142578125
2024-09-05,257.3070373535156
2024-09-06,256.1402893066406
2024-09-09,257.087646484375
2024-09-10,257.23724365234375
2024-09-11,254.7042694091797
2024-09-12,255.70150756835938
2024-09-13,256.4195251464844
2024-09-16,258.2843322753906
2024-09-17,257.66607666015625
2024-09-18,259.1120300292969
2024-09-19,258.6134033203125
2024-09-20,256.5591125488281
2024-09-23,256.77850341796875
2024-09-24,260.2289733886719
2024-09-25,253.67710876464844
2024-09-26,253.48764038085938
2024-09-27,254.13583374023438
2024-09-30,255.49209594726562
2024-10-01,255.14305114746094
2024-10-02,254.2156219482422
2024-10-03,273.1830749511719
2024-10-04,272.89385986328125
2024-10-07,273.0035705566406
2024-10-08,275.127685546875
2024-10-09,274.6490173339844
2024-10-10,275.6661682128906
2024-10-11,277.3315734863281
2024-10-14,283.7138977050781
2024-10-15,287.4635009765625
2024-10-16,291.6518859863281
2024-10-17,289.9765319824219
2024-10-18,288.0318908691406
2024-10-21,286.30670166015625
2024-10-22,289.4280700683594
2024-10-23,288.0917663574219
2024-10-24,289.4878845214844
2024-10-25,285.65850830078125
2024-10-28,287.9920349121094
2024-10-29,291.5222473144531
2024-10-30,292.7987060546875
2024-10-31,288.62030029296875
2024-11-01,286.6058654785156
2024-11-04,286.8053283691406
2024-11-05,278.378662109375
2024-11-06,274.1104736328125
2024-11-07,273.6517639160156
2024-11-08,273.9210205078125
2024-11-11,273.4822082519531
2024-11-12,270.87945556640625
2024-11-13,266.3918762207031
2024-11-14,264.2478332519531
2024-11-15,260.927001953125
2024-11-18,266.59130859375
2024-11-19,267.07000732421875
2024-11-20,265.44000244140625
2024-11-21,260.30999755859375
2024-11-22,260.3500061035156
2024-11-25,263.79998779296875
2024-11-26,261.0199890136719
2024-11-27,261.7099914550781
2024-11-29,258.69000244140625
2024-12-02,263.4700012207031
2024-12-03,262.7900085449219
2024-12-04,248.38999938964844
2024-12-05,243.9600067138672
2024-12-06,239.92999267578125
2024-12-09,240.97000122070312
2024-12-10,240.07000732421875
2024-12-11,234.86000061035156
2024-12-12,236.2100067138672
2024-12-13,233.72999572753906
2024-12-16,232.9199981689453
2024-12-17,234.89999389648438
