,MSI
2014-01-02,55.00514602661133
2014-01-03,54.89732360839844
2014-01-06,54.665130615234375
2014-01-07,54.8890266418457
2014-01-08,54.72317123413086
2014-01-09,55.14609909057617
2014-01-10,54.855857849121094
2014-01-13,54.30854415893555
2014-01-14,55.021697998046875
2014-01-15,54.416358947753906
2014-01-16,54.573909759521484
2014-01-17,54.81439208984375
2014-01-21,55.65195083618164
2014-01-22,53.4958610534668
2014-01-23,54.18414306640625
2014-01-24,53.42121887207031
2014-01-27,53.42951965332031
2014-01-28,53.354881286621094
2014-01-29,53.05635070800781
2014-01-30,53.827579498291016
2014-01-31,52.9070930480957
2014-02-03,52.0114860534668
2014-02-04,52.235382080078125
2014-02-05,52.15245056152344
2014-02-06,52.575374603271484
2014-02-07,53.570499420166016
2014-02-10,53.96854019165039
2014-02-11,53.927085876464844
2014-02-12,54.54903030395508
2014-02-13,54.457801818847656
2014-02-14,54.408058166503906
2014-02-18,54.54903030395508
2014-02-19,53.844146728515625
2014-02-20,54.08464431762695
2014-02-21,53.918785095214844
2014-02-24,53.8690299987793
2014-02-25,53.98512268066406
2014-02-26,54.275367736816406
2014-02-27,54.64854431152344
2014-02-28,54.89732360839844
2014-03-03,54.714881896972656
2014-03-04,55.361717224121094
2014-03-05,55.00514602661133
2014-03-06,55.20414352416992
2014-03-07,55.26219177246094
2014-03-10,55.08805465698242
2014-03-11,54.79780960083008
2014-03-12,54.17292404174805
2014-03-13,53.49806213378906
2014-03-14,53.04814529418945
2014-03-17,54.22291946411133
2014-03-18,54.75616455078125
2014-03-19,54.73948287963867
2014-03-20,55.53932571411133
2014-03-21,55.664302825927734
2014-03-24,55.031097412109375
2014-03-25,55.139404296875
2014-03-26,54.28958511352539
2014-03-27,53.62302780151367
2014-03-28,53.573036193847656
2014-03-31,53.5647087097168
2014-04-01,54.081295013427734
2014-04-02,54.23958969116211
2014-04-03,54.23126983642578
2014-04-04,53.53971862792969
2014-04-07,53.68135070800781
2014-04-08,54.11460494995117
2014-04-09,54.372894287109375
2014-04-10,53.314754486083984
2014-04-11,52.81484603881836
2014-04-14,53.13980484008789
2014-04-15,52.79817581176758
2014-04-16,52.68155288696289
2014-04-17,52.61490249633789
2014-04-21,52.081642150878906
2014-04-22,52.71488571166992
2014-04-23,52.731544494628906
2014-04-24,52.48991394042969
2014-04-25,52.07331848144531
2014-04-28,52.189971923828125
2014-04-29,52.84819030761719
2014-04-30,52.973167419433594
2014-05-01,52.198307037353516
2014-05-02,54.58118438720703
2014-05-05,55.11442565917969
2014-05-06,55.322715759277344
2014-05-07,55.93925476074219
2014-05-08,56.139198303222656
2014-05-09,56.039222717285156
2014-05-12,56.48915100097656
2014-05-13,56.44749069213867
2014-05-14,55.9892463684082
2014-05-15,55.272708892822266
2014-05-16,55.2393913269043
2014-05-19,55.722633361816406
2014-05-20,55.422691345214844
2014-05-21,55.730960845947266
2014-05-22,55.51434326171875
2014-05-23,55.82261657714844
2014-05-27,55.83926773071289
2014-05-28,55.76430130004883
2014-05-29,55.74763488769531
2014-05-30,56.172523498535156
2014-06-02,56.15586853027344
2014-06-03,55.70597839355469
2014-06-04,56.01423263549805
2014-06-05,55.964263916015625
2014-06-06,56.372520446777344
2014-06-09,56.38085174560547
2014-06-10,56.40583419799805
2014-06-11,56.020816802978516
2014-06-12,55.62741470336914
2014-06-13,55.89525604248047
2014-06-16,55.84503936767578
2014-06-17,55.77808380126953
2014-06-18,55.761348724365234
2014-06-19,56.129608154296875
2014-06-20,56.137977600097656
2014-06-23,56.16310119628906
2014-06-24,55.853424072265625
2014-06-25,55.70273971557617
2014-06-26,55.71111297607422
2014-06-27,55.89525604248047
2014-06-30,55.719482421875
2014-07-01,56.04591369628906
2014-07-02,56.09613037109375
2014-07-03,56.42257308959961
2014-07-07,56.2802619934082
2014-07-08,55.46837615966797
2014-07-09,55.72785568237305
2014-07-10,55.61905288696289
2014-07-11,55.24238967895508
2014-07-14,55.30936050415039
2014-07-15,54.81553268432617
2014-07-16,54.966182708740234
2014-07-17,54.355159759521484
2014-07-18,54.81553268432617
2014-07-21,55.02476501464844
2014-07-22,55.28424835205078
2014-07-23,55.04985809326172
2014-07-24,54.91596603393555
2014-07-25,54.405372619628906
2014-07-28,54.58116149902344
2014-07-29,54.1877555847168
2014-07-30,54.26310348510742
2014-07-31,53.300540924072266
2014-08-01,53.417720794677734
2014-08-04,53.66044616699219
2014-08-05,51.38379669189453
2014-08-06,51.23313522338867
2014-08-07,51.26660919189453
2014-08-08,52.05339431762695
2014-08-11,51.668365478515625
2014-08-12,51.593040466308594
2014-08-13,51.91947555541992
2014-08-14,51.49260330200195
2014-08-15,51.057369232177734
2014-08-18,50.89833450317383
2014-08-19,51.36704635620117
2014-08-20,51.593040466308594
2014-08-21,51.64326477050781
2014-08-22,51.2498664855957
2014-08-25,51.074100494384766
2014-08-26,50.47146224975586
2014-08-27,49.9525146484375
2014-08-28,49.69302749633789
2014-08-29,49.71814727783203
2014-09-02,49.3917236328125
2014-09-03,49.33313751220703
2014-09-04,49.36661148071289
2014-09-05,49.29127502441406
2014-09-08,51.074100494384766
2014-09-09,51.12433624267578
2014-09-10,51.24150848388672
2014-09-11,51.527671813964844
2014-09-12,51.7970085144043
2014-09-15,51.696006774902344
2014-09-16,51.923274993896484
2014-09-17,52.10844421386719
2014-09-18,52.21786117553711
2014-09-19,52.08317947387695
2014-09-22,51.91484069824219
2014-09-23,51.822261810302734
2014-09-24,52.015846252441406
2014-09-25,52.386192321777344
2014-09-26,53.37936019897461
2014-09-29,53.17736053466797
2014-09-30,53.26154327392578
2014-10-01,52.47035217285156
2014-10-02,51.36774826049805
2014-10-03,51.595008850097656
2014-10-06,51.76334762573242
2014-10-07,50.89640808105469
2014-10-08,51.830684661865234
2014-10-09,50.888004302978516
2014-10-10,49.70122146606445
2014-10-13,49.238304138183594
2014-10-14,49.431888580322266
2014-10-15,49.9284782409668
2014-10-16,49.81064224243164
2014-10-17,51.165740966796875
2014-10-20,51.552913665771484
2014-10-21,52.51243591308594
2014-10-22,51.87275695800781
2014-10-23,52.39460372924805
2014-10-24,52.6639404296875
2014-10-27,52.85752487182617
2014-10-28,53.91804504394531
2014-10-29,53.81704330444336
2014-10-30,53.93488311767578
2014-10-31,54.28838348388672
2014-11-03,54.43989181518555
2014-11-04,56.19058609008789
2014-11-05,54.25471115112305
2014-11-06,53.37936019897461
2014-11-07,53.985382080078125
2014-11-10,53.81704330444336
2014-11-11,53.488792419433594
2014-11-12,53.61503601074219
2014-11-13,54.22946548461914
2014-11-14,54.919654846191406
2014-11-17,55.045902252197266
2014-11-18,55.550907135009766
2014-11-19,55.500404357910156
2014-11-20,55.26473617553711
2014-11-21,54.93647384643555
2014-11-24,55.390995025634766
2014-11-25,55.2142448425293
2014-11-26,55.180572509765625
2014-11-28,55.31524658203125
2014-12-01,55.079559326171875
2014-12-02,55.138484954833984
2014-12-03,54.97856521606445
2014-12-04,54.87754821777344
2014-12-05,54.70921325683594
2014-12-08,54.93647384643555
2014-12-09,54.953311920166016
2014-12-10,53.463539123535156
2014-12-11,53.55662536621094
2014-12-12,52.72734832763672
2014-12-15,52.388851165771484
2014-12-16,52.23652648925781
2014-12-17,54.14897155761719
2014-12-18,55.09672546386719
2014-12-19,55.42676544189453
2014-12-22,56.29835510253906
2014-12-23,56.63683319091797
2014-12-24,56.9837760925293
2014-12-26,57.11069107055664
2014-12-29,57.4322624206543
2014-12-30,57.14455032348633
2014-12-31,56.763755798339844
2015-01-02,56.28141784667969
2015-01-05,55.05440902709961
2015-01-06,54.5890007019043
2015-01-07,54.521305084228516
2015-01-08,55.36750793457031
2015-01-09,55.09672546386719
2015-01-12,54.45359802246094
2015-01-13,54.250511169433594
2015-01-14,53.954341888427734
2015-01-15,53.65815734863281
2015-01-16,54.19974136352539
2015-01-20,54.174354553222656
2015-01-21,54.41975784301758
2015-01-22,55.30827331542969
2015-01-23,55.40981674194336
2015-01-26,55.604461669921875
2015-01-27,54.952850341796875
2015-01-28,54.02203369140625
2015-01-29,54.01357650756836
2015-01-30,52.81196212768555
2015-02-02,53.15044021606445
2015-02-03,54.1658821105957
2015-02-04,54.10665512084961
2015-02-05,54.15742874145508
2015-02-06,54.71592712402344
2015-02-09,57.356101989746094
2015-02-10,57.72842788696289
2015-02-11,58.02461624145508
2015-02-12,59.23469924926758
2015-02-13,59.15853500366211
2015-02-17,59.0569953918457
2015-02-18,58.49003601074219
2015-02-19,58.41387176513672
2015-02-20,59.0908317565918
2015-02-23,58.07536697387695
2015-02-24,57.99074172973633
2015-02-25,57.5592155456543
2015-02-26,57.93998718261719
2015-02-27,57.49150085449219
2015-03-02,58.29541015625
2015-03-03,57.66073226928711
2015-03-04,57.237632751464844
2015-03-05,57.483028411865234
2015-03-06,56.54373550415039
2015-03-09,56.33218765258789
2015-03-10,55.28289794921875
2015-03-11,55.55508041381836
2015-03-12,55.257362365722656
2015-03-13,55.12126922607422
2015-03-16,56.02295684814453
2015-03-17,55.5635986328125
2015-03-18,56.694950103759766
2015-03-19,56.43124008178711
2015-03-20,56.84804916381836
2015-03-23,56.5843620300293
2015-03-24,56.337677001953125
2015-03-25,55.589115142822266
2015-03-26,55.64866638183594
2015-03-27,55.614627838134766
2015-03-30,56.47377395629883
2015-03-31,56.71195983886719
2015-04-01,56.71195983886719
2015-04-02,53.173301696777344
2015-04-06,52.297149658203125
2015-04-07,52.73097229003906
2015-04-08,53.09675598144531
2015-04-09,53.011688232421875
2015-04-10,53.19031524658203
2015-04-13,52.71397018432617
2015-04-14,52.662925720214844
2015-04-15,52.58635711669922
2015-04-16,52.620391845703125
2015-04-17,51.616634368896484
2015-04-20,52.02495193481445
2015-04-21,52.25462341308594
2015-04-22,52.39072036743164
2015-04-23,51.75273895263672
2015-04-24,51.52307891845703
2015-04-27,51.87184143066406
2015-04-28,51.625152587890625
2015-04-29,50.817039489746094
2015-04-30,50.825557708740234
2015-05-01,51.2763786315918
2015-05-04,51.616634368896484
2015-05-05,49.83880615234375
2015-05-06,49.974910736083984
2015-05-07,51.04671859741211
2015-05-08,51.54008102416992
2015-05-11,50.86807632446289
2015-05-12,50.54484176635742
2015-05-13,50.400230407714844
2015-05-14,50.85957336425781
2015-05-15,50.44276809692383
2015-05-18,51.14030075073242
2015-05-19,50.86807632446289
2015-05-20,50.86807632446289
2015-05-21,50.85957336425781
2015-05-22,50.74898147583008
2015-05-26,50.28114318847656
2015-05-27,50.238616943359375
2015-05-28,50.723487854003906
2015-05-29,50.18757629394531
2015-06-01,50.740478515625
2015-06-02,50.34919357299805
2015-06-03,50.595882415771484
2015-06-04,50.01744842529297
2015-06-05,49.8558235168457
2015-06-08,49.404991149902344
2015-06-09,49.25185775756836
2015-06-10,49.753746032714844
2015-06-11,50.09598922729492
2015-06-12,49.3259391784668
2015-06-15,49.58263397216797
2015-06-16,49.779415130615234
2015-06-17,49.599735260009766
2015-06-18,49.95909118652344
2015-06-19,49.66818618774414
2015-06-22,50.66925048828125
2015-06-23,50.58369064331055
2015-06-24,49.87353515625
2015-06-25,49.92486572265625
2015-06-26,49.95053482055664
2015-06-29,48.88957977294922
2015-06-30,49.06071090698242
2015-07-01,49.28316116333008
2015-07-02,49.2061653137207
2015-07-06,48.958038330078125
2015-07-07,49.18906021118164
2015-07-08,48.590118408203125
2015-07-09,48.71846008300781
2015-07-10,49.18049240112305
2015-07-13,49.99332046508789
2015-07-14,50.138771057128906
2015-07-15,50.386898040771484
2015-07-16,50.72913360595703
2015-07-17,50.35266876220703
2015-07-20,50.82325744628906
2015-07-21,50.968711853027344
2015-07-22,50.78047561645508
2015-07-23,50.35266876220703
2015-07-24,50.90882110595703
2015-07-27,50.232887268066406
2015-07-28,50.57512664794922
2015-07-29,50.97726821899414
2015-07-30,51.21684646606445
2015-07-31,51.4735221862793
2015-08-03,51.131282806396484
2015-08-04,51.524864196777344
2015-08-05,54.793296813964844
2015-08-06,54.58795166015625
2015-08-07,54.92163848876953
2015-08-10,54.750518798828125
2015-08-11,54.20292282104492
2015-08-12,55.272430419921875
2015-08-13,55.04997634887695
2015-08-14,55.59757995605469
2015-08-17,55.84568786621094
2015-08-18,56.27347946166992
2015-08-19,55.914146423339844
2015-08-20,54.66495132446289
2015-08-21,53.43288040161133
2015-08-24,52.012569427490234
2015-08-25,51.71309280395508
2015-08-26,54.02323913574219
2015-08-27,55.007198333740234
2015-08-28,55.22966003417969
2015-08-31,55.460662841796875
2015-09-01,54.63071823120117
2015-09-02,55.3751106262207
2015-09-03,55.708797454833984
2015-09-04,56.73551559448242
2015-09-08,59.559043884277344
2015-09-09,58.438175201416016
2015-09-10,59.1141242980957
2015-09-11,57.678184509277344
2015-09-14,57.47182846069336
2015-09-15,57.7383918762207
2015-09-16,58.01351547241211
2015-09-17,57.63520812988281
2015-09-18,57.68680191040039
2015-09-21,57.65240478515625
2015-09-22,57.248260498046875
2015-09-23,58.297279357910156
2015-09-24,58.39187240600586
2015-09-25,59.50103759765625
2015-09-28,58.4090461730957
2015-09-29,57.996341705322266
2015-09-30,58.79597091674805
2015-10-01,58.262874603271484
2015-10-02,58.81318283081055
2015-10-05,59.973968505859375
2015-10-06,59.492454528808594
2015-10-07,60.008358001708984
2015-10-08,59.75900650024414
2015-10-09,59.13993453979492
2015-10-12,59.69881820678711
2015-10-13,59.36346435546875
2015-10-14,59.07113265991211
2015-10-15,59.56121826171875
2015-10-16,59.5526237487793
2015-10-19,59.35487747192383
2015-10-20,59.741825103759766
2015-10-21,59.733211517333984
2015-10-22,60.601661682128906
2015-10-23,60.601661682128906
2015-10-26,60.231937408447266
2015-10-27,60.154537200927734
2015-10-28,60.507080078125
2015-10-29,60.30070495605469
2015-10-30,60.16314697265625
2015-11-02,60.81663513183594
2015-11-03,61.35831069946289
2015-11-04,56.0960807800293
2015-11-05,57.95331954956055
2015-11-06,58.47786331176758
2015-11-09,58.641204833984375
2015-11-10,58.76158142089844
2015-11-11,60.206119537353516
2015-11-12,59.7074089050293
2015-11-13,59.35487747192383
2015-11-16,60.206119537353516
2015-11-17,61.09177017211914
2015-11-18,61.891422271728516
2015-11-19,62.29553985595703
2015-11-20,62.071998596191406
2015-11-23,62.11497497558594
2015-11-24,61.874210357666016
2015-11-25,61.7624397277832
2015-11-27,61.925811767578125
2015-11-30,61.719451904296875
2015-12-01,61.95161819458008
2015-12-02,61.814048767089844
2015-12-03,61.117549896240234
2015-12-04,62.0031852722168
2015-12-07,60.51567077636719
2015-12-08,59.973968505859375
2015-12-09,59.59563446044922
2015-12-10,59.6472282409668
2015-12-11,59.34449005126953
2015-12-14,58.93794631958008
2015-12-15,59.79425811767578
2015-12-16,60.13159942626953
2015-12-17,59.3012580871582
2015-12-18,58.45358657836914
2015-12-21,58.84282684326172
2015-12-22,59.56937026977539
2015-12-23,59.86345672607422
2015-12-24,59.73371887207031
2015-12-28,59.8375129699707
2015-12-29,60.23539733886719
2015-12-30,59.94129943847656
2015-12-31,59.20608139038086
2016-01-04,58.06436538696289
2016-01-05,57.4243049621582
2016-01-06,56.59394073486328
2016-01-07,55.45219039916992
2016-01-08,55.57331085205078
2016-01-11,55.67708969116211
2016-01-12,56.14417266845703
2016-01-13,54.812137603759766
2016-01-14,54.58724594116211
2016-01-15,53.27251434326172
2016-01-19,52.874637603759766
2016-01-20,52.208621978759766
2016-01-21,52.60650634765625
2016-01-22,53.66175079345703
2016-01-25,53.99042892456055
2016-01-26,54.6304931640625
2016-01-27,56.04903030395508
2016-01-28,55.99711608886719
2016-01-29,57.75298309326172
2016-02-01,57.822174072265625
2016-02-02,55.63383865356445
2016-02-03,56.118221282958984
2016-02-04,55.57331085205078
2016-02-05,54.33640670776367
2016-02-08,53.70499038696289
2016-02-09,53.83474349975586
2016-02-10,52.73624801635742
2016-02-11,52.34701156616211
2016-02-12,53.436859130859375
2016-02-16,54.855377197265625
2016-02-17,56.265262603759766
2016-02-18,56.03172302246094
2016-02-19,57.08695983886719
2016-02-22,57.73568344116211
2016-02-23,61.22145462036133
2016-02-24,63.00324249267578
2016-02-25,64.05847930908203
2016-02-26,64.75047302246094
2016-02-29,63.56547546386719
2016-03-01,61.57606887817383
2016-03-02,61.653926849365234
2016-03-03,61.627967834472656
2016-03-04,61.36846923828125
2016-03-07,61.420406341552734
2016-03-08,61.49823760986328
2016-03-09,61.82691192626953
2016-03-10,61.60203552246094
2016-03-11,61.9412841796875
2016-03-14,62.489383697509766
2016-03-15,62.61117935180664
2016-03-16,62.8460693359375
2016-03-17,63.35932540893555
2016-03-18,63.15055847167969
2016-03-21,63.61164093017578
2016-03-22,64.12491607666016
2016-03-23,63.63775634765625
2016-03-24,63.15055847167969
2016-03-28,63.8291130065918
2016-03-29,64.45548248291016
2016-03-30,65.1514663696289
2016-03-31,65.85614013671875
2016-04-01,66.21283721923828
2016-04-04,66.39551544189453
2016-04-05,65.86485290527344
2016-04-06,66.19544219970703
2016-04-07,65.23846435546875
2016-04-08,65.45594787597656
2016-04-11,65.14276885986328
2016-04-12,65.28196716308594
2016-04-13,65.56905364990234
2016-04-14,65.51686096191406
2016-04-15,65.80393981933594
2016-04-18,65.84745025634766
2016-04-19,66.09102630615234
2016-04-20,65.72564697265625
2016-04-21,65.23846435546875
2016-04-22,65.7343521118164
2016-04-25,65.69084930419922
2016-04-26,66.03013610839844
2016-04-27,66.15193176269531
2016-04-28,65.54298400878906
2016-04-29,65.41246032714844
2016-05-02,66.11712646484375
2016-05-03,65.21237182617188
2016-05-04,64.568603515625
2016-05-05,64.59468078613281
2016-05-06,61.36714172363281
2016-05-09,61.610713958740234
2016-05-10,61.81081771850586
2016-05-11,60.958248138427734
2016-05-12,61.86302185058594
2016-05-13,61.43674850463867
2016-05-16,61.61942672729492
2016-05-17,60.801666259765625
2016-05-18,60.42757797241211
2016-05-19,59.783817291259766
2016-05-20,59.80989456176758
2016-05-23,59.83601379394531
2016-05-24,60.61896514892578
2016-05-25,60.33187484741211
2016-05-26,60.375370025634766
2016-05-27,60.462371826171875
2016-05-31,60.26226043701172
2016-06-01,60.07958221435547
2016-06-02,59.85341262817383
2016-06-03,59.566314697265625
2016-06-06,59.82730484008789
2016-06-07,59.29660415649414
2016-06-08,60.070892333984375
2016-06-09,59.64461898803711
2016-06-10,58.670265197753906
2016-06-13,58.48644256591797
2016-06-14,58.85404968261719
2016-06-15,59.11664962768555
2016-06-16,59.34423065185547
2016-06-17,58.93284225463867
2016-06-20,59.825618743896484
2016-06-21,59.35297393798828
2016-06-22,59.02037048339844
2016-06-23,59.52804183959961
2016-06-24,56.65711212158203
2016-06-27,55.2128791809082
2016-06-28,55.74681091308594
2016-06-29,56.49955368041992
2016-06-30,57.7424430847168
2016-07-01,57.777469635009766
2016-07-05,56.69211196899414
2016-07-06,57.15602111816406
2016-07-07,56.93719482421875
2016-07-08,58.101318359375
2016-07-11,58.31139373779297
2016-07-12,58.994102478027344
2016-07-13,59.0466194152832
2016-07-14,59.15164566040039
2016-07-15,58.994102478027344
2016-07-18,59.12539291381836
2016-07-19,59.08163833618164
2016-07-20,59.45799255371094
2016-07-21,59.12539291381836
2016-07-22,59.738094329833984
2016-07-25,59.598060607910156
2016-07-26,59.88688278198242
2016-07-27,60.62212371826172
2016-07-28,60.902225494384766
2016-07-29,60.727169036865234
2016-08-01,60.94598388671875
2016-08-02,60.25449752807617
2016-08-03,60.64840316772461
2016-08-04,61.479915618896484
2016-08-05,64.33332061767578
2016-08-08,64.70970153808594
2016-08-09,65.01605987548828
2016-08-10,65.01605987548828
2016-08-11,66.10140991210938
2016-08-12,65.2436294555664
2016-08-15,66.03140258789062
2016-08-16,66.15392303466797
2016-08-17,66.2414779663086
2016-08-18,66.5127944946289
2016-08-19,66.81913757324219
2016-08-22,66.950439453125
2016-08-23,67.3880615234375
2016-08-24,67.50186920166016
2016-08-25,67.55438232421875
2016-08-26,67.57189178466797
2016-08-29,67.65067291259766
2016-08-30,67.84322357177734
2016-08-31,67.3880615234375
2016-09-01,67.22177124023438
2016-09-02,68.22835540771484
2016-09-06,68.55220031738281
2016-09-07,68.3421401977539
2016-09-08,67.7206802368164
2016-09-09,67.09048461914062
2016-09-12,67.59814453125
2016-09-13,66.95578002929688
2016-09-14,66.41019439697266
2016-09-15,66.91177368164062
2016-09-16,66.55098724365234
2016-09-19,66.66541290283203
2016-09-20,66.18143463134766
2016-09-21,66.63899230957031
2016-09-22,67.04379272460938
2016-09-23,66.97340393066406
2016-09-26,66.83256530761719
2016-09-27,67.15816497802734
2016-09-28,67.57176208496094
2016-09-29,67.94132232666016
2016-09-30,67.1229476928711
2016-10-03,66.21660614013672
2016-10-04,65.48625183105469
2016-10-05,65.42465209960938
2016-10-06,65.67984008789062
2016-10-07,65.53904724121094
2016-10-10,65.70622253417969
2016-10-11,64.67668151855469
2016-10-12,64.90544891357422
2016-10-13,64.2895278930664
2016-10-14,64.74710083007812
2016-10-17,64.35110473632812
2016-10-18,64.94068145751953
2016-10-19,64.94068145751953
2016-10-20,64.73828125
2016-10-21,64.78226470947266
2016-10-24,65.5478286743164
2016-10-25,65.25745391845703
2016-10-26,64.74710083007812
2016-10-27,64.65909576416016
2016-10-28,64.08712768554688
2016-10-31,63.867149353027344
2016-11-01,63.638336181640625
2016-11-02,62.978389739990234
2016-11-03,62.73201370239258
2016-11-04,66.78858184814453
2016-11-07,68.38130950927734
2016-11-08,69.1292953491211
2016-11-09,69.48123931884766
2016-11-10,69.68363189697266
2016-11-11,70.73078155517578
2016-11-14,70.92436981201172
2016-11-15,71.98033142089844
2016-11-16,70.84517669677734
2016-11-17,70.70438385009766
2016-11-18,70.3787841796875
2016-11-21,70.246826171875
2016-11-22,70.66917419433594
2016-11-23,70.62518310546875
2016-11-25,71.2587661743164
2016-11-28,71.15315246582031
2016-11-29,71.37315368652344
2016-11-30,70.61640167236328
2016-12-01,69.68363189697266
2016-12-02,69.9564208984375
2016-12-05,71.20597076416016
2016-12-06,72.34991455078125
2016-12-07,73.27384185791016
2016-12-08,73.30026245117188
2016-12-09,72.85147857666016
2016-12-12,72.68429565429688
2016-12-13,73.6666030883789
2016-12-14,73.36573028564453
2016-12-15,73.861328125
2016-12-16,73.80824279785156
2016-12-19,74.27727508544922
2016-12-20,74.12679290771484
2016-12-21,74.33918762207031
2016-12-22,74.09140014648438
2016-12-23,73.81707763671875
2016-12-27,73.9144287109375
2016-12-28,73.33033752441406
2016-12-29,73.33916473388672
2016-12-30,73.35688018798828
2017-01-03,73.9852294921875
2017-01-04,73.88787841796875
2017-01-05,73.13563537597656
2017-01-06,73.35688018798828
2017-01-09,73.47193908691406
2017-01-10,73.12677001953125
2017-01-11,73.34801483154297
2017-01-12,72.72852325439453
2017-01-13,72.80818176269531
2017-01-17,71.4453125
2017-01-18,72.25951385498047
2017-01-19,72.44534301757812
2017-01-20,72.8878173828125
2017-01-23,72.9586410522461
2017-01-24,74.64895629882812
2017-01-25,75.4808349609375
2017-01-26,73.7728500366211
2017-01-27,73.43653106689453
2017-01-30,72.3037109375
2017-01-31,71.42760467529297
2017-02-01,70.82579803466797
2017-02-02,71.68424987792969
2017-02-03,72.21521759033203
2017-02-06,72.33030700683594
2017-02-07,68.44518280029297
2017-02-08,69.25048828125
2017-02-09,68.8611068725586
2017-02-10,69.35671997070312
2017-02-13,69.45406341552734
2017-02-14,69.63107299804688
2017-02-15,70.26825714111328
2017-02-16,69.61338806152344
2017-02-17,70.18861389160156
2017-02-21,70.93199920654297
2017-02-22,70.48950958251953
2017-02-23,70.23287200927734
2017-02-24,71.0382080078125
2017-02-27,70.16207885742188
2017-02-28,69.8877182006836
2017-03-01,70.78153991699219
2017-03-02,70.81695556640625
2017-03-03,71.28599548339844
2017-03-06,70.77269744873047
2017-03-07,70.49834442138672
2017-03-08,70.97625732421875
2017-03-09,72.0116958618164
2017-03-10,72.65773010253906
2017-03-13,72.675537109375
2017-03-14,74.19757843017578
2017-03-15,75.87093353271484
2017-03-16,75.79083251953125
2017-03-17,75.40809631347656
2017-03-20,75.03426361083984
2017-03-21,74.55359649658203
2017-03-22,74.40230560302734
2017-03-23,74.53580474853516
2017-03-24,74.4735107421875
2017-03-27,74.7672348022461
2017-03-28,74.7672348022461
2017-03-29,74.88294219970703
2017-03-30,75.54161834716797
2017-03-31,76.74323272705078
2017-04-03,75.5060043334961
2017-04-04,75.23007202148438
2017-04-05,74.61593627929688
2017-04-06,74.94525909423828
2017-04-07,74.98975372314453
2017-04-10,74.50910186767578
2017-04-11,74.27769470214844
2017-04-12,73.73471069335938
2017-04-13,73.2896957397461
2017-04-17,73.94837188720703
2017-04-18,73.55670928955078
2017-04-19,74.20648956298828
2017-04-20,74.85623168945312
2017-04-21,74.51800537109375
2017-04-24,75.40809631347656
2017-04-25,76.00447082519531
2017-04-26,75.99554443359375
2017-04-27,76.60972595214844
2017-04-28,76.52072143554688
2017-05-01,76.68980407714844
2017-05-02,76.47621154785156
2017-05-03,76.87675476074219
2017-05-04,76.63643646240234
2017-05-05,75.15888977050781
2017-05-08,74.40230560302734
2017-05-09,75.45260620117188
2017-05-10,76.34268951416016
2017-05-11,75.97774505615234
2017-05-12,74.95414733886719
2017-05-15,75.19447326660156
2017-05-16,74.5002212524414
2017-05-17,72.85356140136719
2017-05-18,71.94567108154297
2017-05-19,71.94567108154297
2017-05-22,73.81483459472656
2017-05-23,73.08499145507812
2017-05-24,73.18287658691406
2017-05-25,73.22737884521484
2017-05-26,72.86245727539062
2017-05-30,73.725830078125
2017-05-31,74.38449096679688
2017-06-01,76.22696685791016
2017-06-02,77.09925842285156
2017-06-05,77.71343994140625
2017-06-06,77.84695434570312
2017-06-07,76.70762634277344
2017-06-08,77.12598419189453
2017-06-09,76.69873809814453
2017-06-12,76.64530944824219
2017-06-13,77.00330352783203
2017-06-14,75.95618438720703
2017-06-15,75.5802993774414
2017-06-16,75.82194519042969
2017-06-19,77.14649200439453
2017-06-20,76.73480987548828
2017-06-21,77.18230438232422
2017-06-22,78.18466186523438
2017-06-23,79.33025360107422
2017-06-26,79.13335418701172
2017-06-27,78.50687408447266
2017-06-28,78.8738021850586
2017-06-29,77.6834945678711
2017-06-30,77.62979125976562
2017-07-03,77.57609558105469
2017-07-05,77.71033477783203
2017-07-06,76.93169403076172
2017-07-07,78.13993835449219
2017-07-10,78.0683364868164
2017-07-11,78.44420623779297
2017-07-12,79.33917999267578
2017-07-13,79.05281829833984
2017-07-14,79.30337524414062
2017-07-17,79.00806427001953
2017-07-18,79.16018676757812
2017-07-19,80.3504867553711
2017-07-20,80.51158905029297
2017-07-21,81.01277923583984
2017-07-24,81.14702606201172
2017-07-25,81.79138946533203
2017-07-26,82.19413757324219
2017-07-27,82.52529907226562
2017-07-28,81.45130157470703
2017-07-31,81.1559829711914
2017-08-01,82.29259490966797
2017-08-02,80.9322280883789
2017-08-03,80.9053955078125
2017-08-04,80.87854766845703
2017-08-07,79.8313980102539
2017-08-08,79.27655029296875
2017-08-09,79.2138900756836
2017-08-10,77.85352325439453
2017-08-11,78.29205322265625
2017-08-14,79.29444122314453
2017-08-15,78.68584442138672
2017-08-16,78.92748260498047
2017-08-17,77.97883605957031
2017-08-18,78.1936264038086
2017-08-21,78.04148864746094
2017-08-22,77.3344497680664
2017-08-23,77.15545654296875
2017-08-24,77.42393493652344
2017-08-25,77.75511932373047
2017-08-28,78.13098907470703
2017-08-29,77.80879211425781
2017-08-30,78.45314025878906
2017-08-31,78.86483001708984
2017-09-01,78.64109802246094
2017-09-05,77.55818176269531
2017-09-06,76.7169189453125
2017-09-07,77.28074645996094
2017-09-08,76.179931640625
2017-09-11,77.87142181396484
2017-09-12,78.52474975585938
2017-09-13,76.94066619873047
2017-09-14,76.11277770996094
2017-09-15,76.92266845703125
2017-09-18,76.92266845703125
2017-09-19,77.24662017822266
2017-09-20,77.07565307617188
2017-09-21,76.48173522949219
2017-09-22,75.85176849365234
2017-09-25,75.14087677001953
2017-09-26,74.70893096923828
2017-09-27,75.68080139160156
2017-09-28,75.31187438964844
2017-09-29,76.37371826171875
2017-10-02,77.24662017822266
2017-10-03,77.11163330078125
2017-10-04,77.0666275024414
2017-10-05,77.39059448242188
2017-10-06,80.48624420166016
2017-10-09,80.1802749633789
2017-10-10,80.16228485107422
2017-10-11,80.32425689697266
2017-10-12,80.8101806640625
2017-10-13,80.92716217041016
2017-10-16,80.41421508789062
2017-10-17,79.98228454589844
2017-10-18,80.1712646484375
2017-10-19,80.67521667480469
2017-10-20,80.99017333984375
2017-10-23,80.93617248535156
2017-10-24,81.19715881347656
2017-10-25,81.03514099121094
2017-10-26,81.24213409423828
2017-10-27,82.06103515625
2017-10-30,81.3231430053711
2017-10-31,81.47608184814453
2017-11-01,81.49410247802734
2017-11-02,81.00816345214844
2017-11-03,84.81470489501953
2017-11-06,83.17691040039062
2017-11-07,82.88894653320312
2017-11-08,83.3839111328125
2017-11-09,82.43899536132812
2017-11-10,81.95304107666016
2017-11-13,82.22301483154297
2017-11-14,81.90803527832031
2017-11-15,81.34113311767578
2017-11-16,81.86305236816406
2017-11-17,81.84505462646484
2017-11-20,83.08690643310547
2017-11-21,83.19490051269531
2017-11-22,82.63697052001953
2017-11-24,83.1139144897461
2017-11-27,83.58185577392578
2017-11-28,85.066650390625
2017-11-29,84.7426986694336
2017-11-30,84.68871307373047
2017-12-01,83.71682739257812
2017-12-04,84.25677490234375
2017-12-05,81.58412170410156
2017-12-06,82.1510238647461
2017-12-07,83.50984954833984
2017-12-08,83.25790405273438
2017-12-11,83.08690643310547
2017-12-12,84.02281188964844
2017-12-13,84.53572082519531
2017-12-14,83.43177032470703
2017-12-15,84.2914047241211
2017-12-18,85.50397491455078
2017-12-19,84.4090576171875
2017-12-20,83.34125518798828
2017-12-21,82.90692138671875
2017-12-22,82.12869262695312
2017-12-26,82.0472412109375
2017-12-27,82.1648941040039
2017-12-28,81.95675659179688
2017-12-29,81.74864959716797
2018-01-02,81.93865966796875
2018-01-03,81.35954284667969
2018-01-04,82.0382080078125
2018-01-05,83.1421890258789
2018-01-08,83.99278259277344
2018-01-09,83.35936737060547
2018-01-10,83.59461975097656
2018-01-11,84.65336608886719
2018-01-12,87.38615417480469
2018-01-16,86.74369049072266
2018-01-17,88.02864074707031
2018-01-18,88.22772979736328
2018-01-19,88.49920654296875
2018-01-22,88.07386779785156
2018-01-23,87.55809020996094
2018-01-24,86.72557067871094
2018-01-25,88.390625
2018-01-26,89.5850601196289
2018-01-29,89.74796295166016
2018-01-30,90.30900573730469
2018-01-31,90.00132751464844
2018-02-01,89.69366455078125
2018-02-02,93.9919204711914
2018-02-05,91.44914245605469
2018-02-06,92.98751831054688
2018-02-07,92.86986541748047
2018-02-08,89.34979248046875
2018-02-09,89.70269775390625
2018-02-12,91.66634368896484
2018-02-13,92.24547576904297
2018-02-14,95.03257751464844
2018-02-15,96.03703308105469
2018-02-16,95.83792114257812
2018-02-20,95.693115234375
2018-02-21,95.00543212890625
2018-02-22,94.7701644897461
2018-02-23,96.5799331665039
2018-02-26,96.66136932373047
2018-02-27,96.48040771484375
2018-02-28,96.05511474609375
2018-03-01,96.20893096923828
2018-03-02,96.18180084228516
2018-03-05,97.06859588623047
2018-03-06,98.07305145263672
2018-03-07,98.48930358886719
2018-03-08,98.15447998046875
2018-03-09,98.71552276611328
2018-03-12,98.49832153320312
2018-03-13,98.83313751220703
2018-03-14,99.06045532226562
2018-03-15,98.924072265625
2018-03-16,98.95135498046875
2018-03-19,98.87860870361328
2018-03-20,99.46051788330078
2018-03-21,99.18775177001953
2018-03-22,97.46931457519531
2018-03-23,94.81438446044922
2018-03-26,96.18728637695312
2018-03-27,96.31459045410156
2018-03-28,94.52339172363281
2018-03-29,95.74178314208984
2018-04-02,95.03257751464844
2018-04-03,95.40534973144531
2018-04-04,96.4418716430664
2018-04-05,97.00560760498047
2018-04-06,94.5416030883789
2018-04-09,95.20533752441406
2018-04-10,97.78754425048828
2018-04-11,97.86026763916016
2018-04-12,98.49673461914062
2018-04-13,97.91483306884766
2018-04-16,99.03317260742188
2018-04-17,100.60614013671875
2018-04-18,101.3062515258789
2018-04-19,100.66070556640625
2018-04-20,100.53340148925781
2018-04-23,99.85149383544922
2018-04-24,99.6878433227539
2018-04-25,99.48778533935547
2018-04-26,99.86056518554688
2018-04-27,100.15154266357422
2018-04-30,99.86056518554688
2018-05-01,98.63311767578125
2018-05-02,97.86026763916016
2018-05-03,97.91483306884766
2018-05-04,98.22396850585938
2018-05-07,97.56932830810547
2018-05-08,98.05119323730469
2018-05-09,96.17820739746094
2018-05-10,98.87860870361328
2018-05-11,98.53311157226562
2018-05-14,97.63297271728516
2018-05-15,98.17851257324219
2018-05-16,97.56024169921875
2018-05-17,96.60553741455078
2018-05-18,96.75102996826172
2018-05-21,98.54219818115234
2018-05-22,99.38778686523438
2018-05-23,100.77890014648438
2018-05-24,100.79708099365234
2018-05-25,100.53340148925781
2018-05-29,99.72418975830078
2018-05-30,99.53326416015625
2018-05-31,97.59660339355469
2018-06-01,99.2059555053711
2018-06-04,99.93331146240234
2018-06-05,102.14273834228516
2018-06-06,103.27017974853516
2018-06-07,102.03364562988281
2018-06-08,102.10638427734375
2018-06-11,102.29730224609375
2018-06-12,102.9974136352539
2018-06-13,103.31563568115234
2018-06-14,104.03724670410156
2018-06-15,104.60356903076172
2018-06-18,105.49868774414062
2018-06-19,105.77273559570312
2018-06-20,105.9280014038086
2018-06-21,106.91448974609375
2018-06-22,107.517333984375
2018-06-25,106.0010757446289
2018-06-26,105.48043060302734
2018-06-27,105.41648864746094
2018-06-28,106.96929168701172
2018-06-29,106.29335021972656
2018-07-02,106.4212417602539
2018-07-03,105.86405181884766
2018-07-05,107.3072738647461
2018-07-06,108.15672302246094
2018-07-09,108.0562515258789
2018-07-10,108.36679077148438
2018-07-11,109.90132141113281
2018-07-12,110.3123550415039
2018-07-13,110.3123550415039
2018-07-16,110.84213256835938
2018-07-17,111.84688568115234
2018-07-18,112.52281188964844
2018-07-19,111.60027313232422
2018-07-20,111.14356994628906
2018-07-23,111.4541015625
2018-07-24,110.95173645019531
2018-07-25,113.308349609375
2018-07-26,114.31307983398438
2018-07-27,112.76028442382812
2018-07-30,110.04747772216797
2018-07-31,110.79646301269531
2018-08-01,110.43109893798828
2018-08-02,110.99740600585938
2018-08-03,107.48078918457031
2018-08-06,108.89657592773438
2018-08-07,110.52243041992188
2018-08-08,109.44461822509766
2018-08-09,110.93348693847656
2018-08-10,110.53158569335938
2018-08-13,110.84213256835938
2018-08-14,110.52243041992188
2018-08-15,109.8647689819336
2018-08-16,110.80559539794922
2018-08-17,112.34013366699219
2018-08-20,114.16693115234375
2018-08-21,113.71023559570312
2018-08-22,113.63717651367188
2018-08-23,114.25825500488281
2018-08-24,115.68321228027344
2018-08-27,116.23125457763672
2018-08-28,116.76102447509766
2018-08-29,117.57396697998047
2018-08-30,116.49614715576172
2018-08-31,117.24514770507812
2018-09-04,117.07158660888672
2018-09-05,116.38651275634766
2018-09-06,116.56007385253906
2018-09-07,115.81106567382812
2018-09-10,116.12164306640625
2018-09-11,116.4048080444336
2018-09-12,115.08036041259766
2018-09-13,115.69486236572266
2018-09-14,116.26353454589844
2018-09-17,116.01589965820312
2018-09-18,116.1259536743164
2018-09-19,114.21817779541016
2018-09-20,115.64900207519531
2018-09-21,117.77691650390625
2018-09-24,118.28136444091797
2018-09-25,119.161865234375
2018-09-26,118.07957458496094
2018-09-27,117.88697052001953
2018-09-28,119.36363983154297
2018-10-01,117.57511138916016
2018-10-02,116.36443328857422
2018-10-03,116.29105377197266
2018-10-04,115.51143646240234
2018-10-05,115.1904067993164
2018-10-08,113.2734603881836
2018-10-09,114.14482879638672
2018-10-10,110.68699645996094
2018-10-11,108.17388916015625
2018-10-12,110.28343963623047
2018-10-15,110.07247161865234
2018-10-16,113.511962890625
2018-10-17,113.3284912109375
2018-10-18,113.59449005126953
2018-10-19,113.14508056640625
2018-10-22,112.83321380615234
2018-10-23,112.1636734008789
2018-10-24,109.67807006835938
2018-10-25,111.54917907714844
2018-10-26,109.7697982788086
2018-10-29,107.36672973632812
2018-10-30,109.3662338256836
2018-10-31,112.41131591796875
2018-11-01,113.53028869628906
2018-11-02,118.1712875366211
2018-11-05,113.75959777832031
2018-11-06,115.465576171875
2018-11-07,118.01537322998047
2018-11-08,118.85919189453125
2018-11-09,118.91421508789062
2018-11-12,116.47447204589844
2018-11-13,116.39195251464844
2018-11-14,118.07039642333984
2018-11-15,118.67577362060547
2018-11-16,119.25359344482422
2018-11-19,115.83247375488281
2018-11-20,113.33766174316406
2018-11-21,113.83296203613281
2018-11-23,114.0530776977539
2018-11-26,116.8230209350586
2018-11-27,118.59321594238281
2018-11-28,121.13384246826172
2018-11-29,121.60161590576172
2018-11-30,120.3817367553711
2018-12-03,122.71138763427734
2018-12-04,119.30862426757812
2018-12-06,119.0151138305664
2018-12-07,116.96977233886719
2018-12-10,118.86836242675781
2018-12-11,118.73995208740234
2018-12-12,119.46453857421875
2018-12-13,118.8841781616211
2018-12-14,116.6732406616211
2018-12-17,113.53185272216797
2018-12-18,112.28820037841797
2018-12-19,109.67192840576172
2018-12-20,106.40155792236328
2018-12-21,102.92852783203125
2018-12-24,100.38597106933594
2018-12-26,103.33386993408203
2018-12-27,103.55496978759766
2018-12-28,103.40757751464844
2018-12-31,105.97781372070312
2019-01-02,105.73828125
2019-01-03,102.03496551513672
2019-01-04,106.45684051513672
2019-01-07,106.95429992675781
2019-01-08,110.09567260742188
2019-01-09,107.00957489013672
2019-01-10,108.29928588867188
2019-01-11,106.86215209960938
2019-01-14,106.05149841308594
2019-01-15,106.65027618408203
2019-01-16,105.5263900756836
2019-01-17,104.78942108154297
2019-01-18,106.4936752319336
2019-01-22,105.45271301269531
2019-01-23,105.44348907470703
2019-01-24,105.74748229980469
2019-01-25,107.02799987792969
2019-01-28,106.15284729003906
2019-01-29,106.6042251586914
2019-01-30,107.60836029052734
2019-01-31,107.70048522949219
2019-02-01,109.04548645019531
2019-02-04,110.59314727783203
2019-02-05,109.97590637207031
2019-02-06,110.94318389892578
2019-02-07,109.27580261230469
2019-02-08,124.70628356933594
2019-02-11,123.61004638671875
2019-02-12,126.4106216430664
2019-02-13,126.79752349853516
2019-02-14,126.38296508789062
2019-02-15,127.70951080322266
2019-02-19,127.96744537353516
2019-02-20,128.24383544921875
2019-02-21,127.48837280273438
2019-02-22,128.9531707763672
2019-02-25,130.08627319335938
2019-02-26,130.48239135742188
2019-02-27,131.72605895996094
2019-02-28,131.8458251953125
2019-03-01,132.2971954345703
2019-03-04,130.8140106201172
2019-03-05,130.44554138183594
2019-03-06,129.22950744628906
2019-03-07,128.50177001953125
2019-03-08,127.91218566894531
2019-03-11,130.30734252929688
2019-03-12,129.15582275390625
2019-03-13,129.90200805664062
2019-03-14,129.5782928466797
2019-03-15,130.08700561523438
2019-03-18,129.95753479003906
2019-03-19,129.92051696777344
2019-03-20,128.29257202148438
2019-03-21,130.08700561523438
2019-03-22,128.23707580566406
2019-03-25,128.23707580566406
2019-03-26,129.8650360107422
2019-03-27,128.91232299804688
2019-03-28,128.74583435058594
2019-03-29,129.88351440429688
2019-04-01,130.71600341796875
2019-04-02,131.03970336914062
2019-04-03,131.61322021484375
2019-04-04,130.12400817871094
2019-04-05,130.10546875
2019-04-08,130.07777404785156
2019-04-09,130.2165069580078
2019-04-10,131.992431640625
2019-04-11,132.316162109375
2019-04-12,132.48268127441406
2019-04-15,132.79714965820312
2019-04-16,133.94410705566406
2019-04-17,132.8434295654297
2019-04-18,132.6029052734375
2019-04-22,133.30587768554688
2019-04-23,135.10960388183594
2019-04-24,135.96054077148438
2019-04-25,134.61936950683594
2019-04-26,135.2853240966797
2019-04-29,134.36032104492188
2019-04-30,134.03659057617188
2019-05-01,132.02023315429688
2019-05-02,131.66871643066406
2019-05-03,132.8434295654297
2019-05-06,131.60394287109375
2019-05-07,131.11373901367188
2019-05-08,132.316162109375
2019-05-09,134.33262634277344
2019-05-10,137.29248046875
2019-05-13,132.48268127441406
2019-05-14,133.77767944335938
2019-05-15,134.286376953125
2019-05-16,137.25550842285156
2019-05-17,135.9235382080078
2019-05-20,135.87728881835938
2019-05-21,137.56996154785156
2019-05-22,141.17735290527344
2019-05-23,139.1886444091797
2019-05-24,139.327392578125
2019-05-28,139.12391662597656
2019-05-29,138.0694580078125
2019-05-30,139.9378662109375
2019-05-31,138.6984100341797
2019-06-03,140.67782592773438
2019-06-04,145.16395568847656
2019-06-05,148.5770263671875
2019-06-06,148.9008026123047
2019-06-07,151.30572509765625
2019-06-10,149.3910369873047
2019-06-11,148.51234436035156
2019-06-12,149.20602416992188
2019-06-13,148.47271728515625
2019-06-14,148.84405517578125
2019-06-17,152.0835723876953
2019-06-18,153.243896484375
2019-06-19,154.58981323242188
2019-06-20,154.88690185546875
2019-06-21,153.243896484375
2019-06-24,153.72654724121094
2019-06-25,152.408447265625
2019-06-26,153.04893493652344
2019-06-27,152.7891082763672
2019-06-28,154.76620483398438
2019-07-01,154.9147186279297
2019-07-02,156.23284912109375
2019-07-03,158.14503479003906
2019-07-05,158.4049530029297
2019-07-08,156.9290313720703
2019-07-09,158.12646484375
2019-07-10,158.47921752929688
2019-07-11,158.79486083984375
2019-07-12,159.91798400878906
2019-07-15,160.40065002441406
2019-07-16,159.2218017578125
2019-07-17,157.95010375976562
2019-07-18,159.2125244140625
2019-07-19,156.789794921875
2019-07-22,157.78302001953125
2019-07-23,158.54415893554688
2019-07-24,155.5645294189453
2019-07-25,156.80838012695312
2019-07-26,157.89442443847656
2019-07-29,156.6598663330078
2019-07-30,154.08859252929688
2019-07-31,154.05148315429688
2019-08-01,152.9375762939453
2019-08-02,157.8759002685547
2019-08-05,156.6227264404297
2019-08-06,159.26821899414062
2019-08-07,161.5145263671875
2019-08-08,166.2114715576172
2019-08-09,163.64950561523438
2019-08-12,162.9440460205078
2019-08-13,163.41746520996094
2019-08-14,158.75765991210938
2019-08-15,159.7136993408203
2019-08-16,160.88336181640625
2019-08-19,164.1786346435547
2019-08-20,162.80482482910156
2019-08-21,166.34141540527344
2019-08-22,165.90516662597656
2019-08-23,162.69342041015625
2019-08-26,165.55242919921875
2019-08-27,165.70091247558594
2019-08-28,165.45034790039062
2019-08-29,168.16075134277344
2019-08-30,167.92869567871094
2019-09-03,165.7844696044922
2019-09-04,166.08152770996094
2019-09-05,161.1154022216797
2019-09-06,162.2571563720703
2019-09-09,159.35174560546875
2019-09-10,152.63125610351562
2019-09-11,153.44808959960938
2019-09-12,154.7521514892578
2019-09-13,155.5904541015625
2019-09-16,154.6497039794922
2019-09-17,157.26705932617188
2019-09-18,156.9224395751953
2019-09-19,155.9444122314453
2019-09-20,154.81735229492188
2019-09-23,156.9224395751953
2019-09-24,157.63035583496094
2019-09-25,159.85655212402344
2019-09-26,160.5550994873047
2019-09-27,158.5245361328125
2019-09-30,158.72947692871094
2019-10-01,154.10009765625
2019-10-02,153.15936279296875
2019-10-03,153.39222717285156
2019-10-04,156.68026733398438
2019-10-07,156.28903198242188
2019-10-08,159.04617309570312
2019-10-09,159.3721923828125
2019-10-10,158.35687255859375
2019-10-11,156.04690551757812
2019-10-14,155.869873046875
2019-10-15,158.0774383544922
2019-10-16,160.91839599609375
2019-10-17,163.67547607421875
2019-10-18,163.05140686035156
2019-10-21,163.94561767578125
2019-10-22,157.49061584472656
2019-10-23,157.49993896484375
2019-10-24,152.06024169921875
2019-10-25,152.2093048095703
2019-10-28,151.65969848632812
2019-10-29,153.45742797851562
2019-10-30,154.02560424804688
2019-10-31,154.91983032226562
2019-11-01,156.07481384277344
2019-11-04,149.58251953125
2019-11-05,146.32247924804688
2019-11-06,147.72897338867188
2019-11-07,151.08221435546875
2019-11-08,153.65304565429688
2019-11-11,150.1042022705078
2019-11-12,150.0762481689453
2019-11-13,150.52333068847656
2019-11-14,150.65370178222656
2019-11-15,150.97042846679688
2019-11-18,151.79013061523438
2019-11-19,154.62173461914062
2019-11-20,154.9570770263672
2019-11-21,153.74618530273438
2019-11-22,154.48204040527344
2019-11-25,154.36093139648438
2019-11-26,154.9570770263672
2019-11-27,155.92579650878906
2019-11-29,155.83262634277344
2019-12-02,153.72752380371094
2019-12-03,153.55987548828125
2019-12-04,153.82070922851562
2019-12-05,149.44287109375
2019-12-06,149.69436645507812
2019-12-09,150.43020629882812
2019-12-10,149.8899688720703
2019-12-11,150.6909637451172
2019-12-12,151.46717834472656
2019-12-13,150.0924835205078
2019-12-16,150.93409729003906
2019-12-17,150.54136657714844
2019-12-18,149.05445861816406
2019-12-19,150.6629638671875
2019-12-20,150.56942749023438
2019-12-23,151.68226623535156
2019-12-24,151.19598388671875
2019-12-26,150.91543579101562
2019-12-27,150.98089599609375
2019-12-30,150.52267456054688
2019-12-31,150.6909942626953
2020-01-02,151.14918518066406
2020-01-03,153.72091674804688
2020-01-06,156.09619140625
2020-01-07,154.97398376464844
2020-01-08,155.1330108642578
2020-01-09,157.7514190673828
2020-01-10,156.45156860351562
2020-01-13,159.79006958007812
2020-01-14,157.4241180419922
2020-01-15,159.49081420898438
2020-01-16,161.65103149414062
2020-01-17,164.69960021972656
2020-01-21,165.46646118164062
2020-01-22,166.2145538330078
2020-01-23,165.55996704101562
2020-01-24,168.01007080078125
2020-01-27,166.45770263671875
2020-01-28,167.4583282470703
2020-01-29,167.78564453125
2020-01-30,168.3935089111328
2020-01-31,165.5225372314453
2020-02-03,164.615478515625
2020-02-04,166.75698852539062
2020-02-05,165.23268127441406
2020-02-06,167.32742309570312
2020-02-07,167.82302856445312
2020-02-10,172.13409423828125
2020-02-11,172.49879455566406
2020-02-12,172.69522094726562
2020-02-13,172.1808624267578
2020-02-14,172.45205688476562
2020-02-18,172.88223266601562
2020-02-19,174.0511932373047
2020-02-20,173.5648956298828
2020-02-21,173.25631713867188
2020-02-24,170.0113067626953
2020-02-25,166.56057739257812
2020-02-26,166.22390747070312
2020-02-27,157.86361694335938
2020-02-28,154.93661499023438
2020-03-02,162.2401580810547
2020-03-03,163.64292907714844
2020-03-04,170.58175659179688
2020-03-05,168.74887084960938
2020-03-06,164.51260375976562
2020-03-09,154.94590759277344
2020-03-10,159.65914916992188
2020-03-11,150.7564697265625
2020-03-12,132.72991943359375
2020-03-13,145.47991943359375
2020-03-16,136.3634033203125
2020-03-17,140.20343017578125
2020-03-18,139.1424560546875
2020-03-19,140.569580078125
2020-03-20,128.26083374023438
2020-03-23,116.94728088378906
2020-03-24,122.81527709960938
2020-03-25,125.49111938476562
2020-03-26,139.8842010498047
2020-03-27,126.8149185180664
2020-03-30,125.21882629394531
2020-03-31,124.7963638305664
2020-04-01,118.38375091552734
2020-04-02,122.43035125732422
2020-04-03,118.88137817382812
2020-04-06,132.2886199951172
2020-04-07,133.7344970703125
2020-04-08,138.73873901367188
2020-04-09,143.5458221435547
2020-04-13,137.30226135253906
2020-04-14,143.45188903808594
2020-04-15,139.53680419921875
2020-04-16,143.4144287109375
2020-04-17,148.1276092529297
2020-04-20,145.8836669921875
2020-04-21,135.83755493164062
2020-04-22,142.3252716064453
2020-04-23,144.2218475341797
2020-04-24,143.46131896972656
2020-04-27,145.0010528564453
2020-04-28,136.54177856445312
2020-04-29,139.81846618652344
2020-04-30,135.02078247070312
2020-05-01,130.34518432617188
2020-05-04,132.5327606201172
2020-05-05,132.21351623535156
2020-05-06,127.03084564208984
2020-05-07,127.88526153564453
2020-05-08,123.24714660644531
2020-05-11,122.18624114990234
2020-05-12,123.2096176147461
2020-05-13,120.52440643310547
2020-05-14,119.53858947753906
2020-05-15,121.1816635131836
2020-05-18,127.23741149902344
2020-05-19,128.6551513671875
2020-05-20,130.11981201171875
2020-05-21,128.80538940429688
2020-05-22,125.98868560791016
2020-05-26,128.99314880371094
2020-05-27,125.82911682128906
2020-05-28,127.56603240966797
2020-05-29,127.0590591430664
2020-06-01,130.44842529296875
2020-06-02,131.1244354248047
2020-06-03,138.83265686035156
2020-06-04,140.10951232910156
2020-06-05,146.37185668945312
2020-06-08,148.6439971923828
2020-06-09,142.4942626953125
2020-06-10,139.1706085205078
2020-06-11,127.76316833496094
2020-06-12,132.63076782226562
2020-06-15,129.76304626464844
2020-06-16,133.87591552734375
2020-06-17,132.12135314941406
2020-06-18,133.3571014404297
2020-06-19,131.00823974609375
2020-06-22,133.13070678710938
2020-06-23,133.03634643554688
2020-06-24,131.40443420410156
2020-06-25,132.52699279785156
2020-06-26,130.9138946533203
2020-06-29,130.3101806640625
2020-06-30,132.1873779296875
2020-07-01,128.26312255859375
2020-07-02,127.43302917480469
2020-07-06,128.3008575439453
2020-07-07,123.6503677368164
2020-07-08,124.64082336425781
2020-07-09,123.50881958007812
2020-07-10,121.14110565185547
2020-07-13,123.63147735595703
2020-07-14,125.43321228027344
2020-07-15,126.93309783935547
2020-07-16,127.0745849609375
2020-07-17,129.87625122070312
2020-07-20,127.96129608154297
2020-07-21,130.17813110351562
2020-07-22,133.19671630859375
2020-07-23,136.0455322265625
2020-07-24,133.6967010498047
2020-07-27,133.91366577148438
2020-07-28,129.04612731933594
2020-07-29,132.1024627685547
2020-07-30,131.3006591796875
2020-07-31,131.8760986328125
2020-08-03,129.7441864013672
2020-08-04,129.77249145507812
2020-08-05,130.48939514160156
2020-08-06,135.86630249023438
2020-08-07,136.08328247070312
2020-08-10,134.15892028808594
2020-08-11,134.77207946777344
2020-08-12,136.79074096679688
2020-08-13,137.68695068359375
2020-08-14,137.13035583496094
2020-08-17,139.0076141357422
2020-08-18,141.30926513671875
2020-08-19,141.93190002441406
2020-08-20,143.0166778564453
2020-08-21,143.30911254882812
2020-08-24,145.24293518066406
2020-08-25,146.0070037841797
2020-08-26,144.63917541503906
2020-08-27,143.20533752441406
2020-08-28,144.8750457763672
2020-08-31,145.9787139892578
2020-09-01,145.05426025390625
2020-09-02,148.18606567382812
2020-09-03,144.81838989257812
2020-09-04,144.36563110351562
2020-09-08,143.8468017578125
2020-09-09,144.86558532714844
2020-09-10,141.81866455078125
2020-09-11,145.13916015625
2020-09-14,147.7725372314453
2020-09-15,148.5303192138672
2020-09-16,148.80503845214844
2020-09-17,149.83755493164062
2020-09-18,149.0134735107422
2020-09-21,144.52345275878906
2020-09-22,148.97555541992188
2020-09-23,144.17294311523438
2020-09-24,143.68984985351562
2020-09-25,145.8779754638672
2020-09-28,148.3693084716797
2020-09-29,149.3354949951172
2020-09-30,148.539794921875
2020-10-01,148.52084350585938
2020-10-02,148.634521484375
2020-10-05,149.20291137695312
2020-10-06,148.68191528320312
2020-10-07,151.85525512695312
2020-10-08,154.1855010986328
2020-10-09,157.98397827148438
2020-10-12,159.4522705078125
2020-10-13,157.4724884033203
2020-10-14,158.1166229248047
2020-10-15,162.54031372070312
2020-10-16,161.8961639404297
2020-10-19,161.18576049804688
2020-10-20,159.9921417236328
2020-10-21,161.49827575683594
2020-10-22,160.14376831054688
2020-10-23,165.5620880126953
2020-10-26,163.21287536621094
2020-10-27,163.26971435546875
2020-10-28,155.8147735595703
2020-10-29,154.29916381835938
2020-10-30,149.72389221191406
2020-11-02,154.84857177734375
2020-11-03,157.2451171875
2020-11-04,151.8741912841797
2020-11-05,152.3667755126953
2020-11-06,155.8052978515625
2020-11-09,161.2804412841797
2020-11-10,158.00294494628906
2020-11-11,160.77842712402344
2020-11-12,158.69444274902344
2020-11-13,161.50778198242188
2020-11-16,164.7284698486328
2020-11-17,160.6268310546875
2020-11-18,158.61862182617188
2020-11-19,160.23849487304688
2020-11-20,158.47654724121094
2020-11-23,160.44688415527344
2020-11-24,162.80552673339844
2020-11-25,163.0518035888672
2020-11-27,164.3116912841797
2020-11-30,162.4834747314453
2020-12-01,161.50778198242188
2020-12-02,162.0382843017578
2020-12-03,162.0950927734375
2020-12-04,161.41307067871094
2020-12-07,161.4699249267578
2020-12-08,163.3833770751953
2020-12-09,163.78121948242188
2020-12-10,162.7960662841797
2020-12-11,159.5185546875
2020-12-14,157.83477783203125
2020-12-15,159.84197998046875
2020-12-16,158.7860870361328
2020-12-17,161.38304138183594
2020-12-18,161.9633026123047
2020-12-21,157.1688995361328
2020-12-22,159.29022216796875
2020-12-23,160.3937225341797
2020-12-24,160.26055908203125
2020-12-28,161.1547393798828
2020-12-29,158.80514526367188
2020-12-30,158.84315490722656
2020-12-31,161.77308654785156
2021-01-04,159.33782958984375
2021-01-05,158.4911651611328
2021-01-06,162.36285400390625
2021-01-07,162.74337768554688
2021-01-08,166.0442657470703
2021-01-11,165.2261962890625
2021-01-12,165.7493896484375
2021-01-13,165.60670471191406
2021-01-14,165.0168914794922
2021-01-15,165.09303283691406
2021-01-19,163.39974975585938
2021-01-20,164.4936981201172
2021-01-21,163.89442443847656
2021-01-22,165.24520874023438
2021-01-25,165.25469970703125
2021-01-26,164.13221740722656
2021-01-27,163.18093872070312
2021-01-28,161.55426025390625
2021-01-29,159.38539123535156
2021-02-01,166.09182739257812
2021-02-02,170.06813049316406
2021-02-03,170.6769561767578
2021-02-04,173.33099365234375
2021-02-05,173.21685791015625
2021-02-08,173.64491271972656
2021-02-09,174.19664001464844
2021-02-10,174.38690185546875
2021-02-11,172.9314422607422
2021-02-12,172.24656677246094
2021-02-16,174.41546630859375
2021-02-17,172.9314422607422
2021-02-18,174.0444793701172
2021-02-19,173.8446807861328
2021-02-22,171.7519073486328
2021-02-23,169.84934997558594
2021-02-24,172.256103515625
2021-02-25,171.7233428955078
2021-02-26,166.92892456054688
2021-03-01,173.55931091308594
2021-03-02,171.0764923095703
2021-03-03,169.64007568359375
2021-03-04,166.38673400878906
2021-03-05,170.15374755859375
2021-03-08,170.47720336914062
2021-03-09,168.40342712402344
2021-03-10,169.0978546142578
2021-03-11,169.830322265625
2021-03-12,171.06234741210938
2021-03-15,173.6792449951172
2021-03-16,174.28094482421875
2021-03-17,173.19219970703125
2021-03-18,173.259033203125
2021-03-19,174.9877166748047
2021-03-22,177.36581420898438
2021-03-23,175.61805725097656
2021-03-24,172.90567016601562
2021-03-25,175.81861877441406
2021-03-26,181.08103942871094
2021-03-29,180.3933868408203
2021-03-30,178.22535705566406
2021-03-31,179.60069274902344
2021-04-01,179.89674377441406
2021-04-05,182.7428741455078
2021-04-06,180.22149658203125
2021-04-07,181.3961944580078
2021-04-08,181.9024658203125
2021-04-09,182.47543334960938
2021-04-12,179.35235595703125
2021-04-13,180.0209503173828
2021-04-14,178.93214416503906
2021-04-15,179.71527099609375
2021-04-16,180.12599182128906
2021-04-19,179.22824096679688
2021-04-20,176.94558715820312
2021-04-21,178.10122680664062
2021-04-22,179.00852966308594
2021-04-23,181.44395446777344
2021-04-26,181.65408325195312
2021-04-27,181.22430419921875
2021-04-28,180.12599182128906
2021-04-29,180.7276611328125
2021-04-30,179.83944702148438
2021-05-03,180.27877807617188
2021-05-04,178.17764282226562
2021-05-05,177.41355895996094
2021-05-06,179.58157348632812
2021-05-07,190.12551879882812
2021-05-10,191.4053192138672
2021-05-11,192.64695739746094
2021-05-12,185.60806274414062
2021-05-13,188.6642608642578
2021-05-14,192.8092803955078
2021-05-17,191.63458251953125
2021-05-18,190.24014282226562
2021-05-19,189.80081176757812
2021-05-20,194.02220153808594
2021-05-21,193.03851318359375
2021-05-24,193.7261505126953
2021-05-25,194.69076538085938
2021-05-26,193.5542449951172
2021-05-27,194.44247436523438
2021-05-28,196.0851593017578
2021-06-01,195.92279052734375
2021-06-02,198.2627410888672
2021-06-03,200.42120361328125
2021-06-04,200.51670837402344
2021-06-07,198.3582000732422
2021-06-08,200.95602416992188
2021-06-09,199.72398376464844
2021-06-10,203.02850341796875
2021-06-11,202.77064514160156
2021-06-14,202.5789794921875
2021-06-15,202.13819885253906
2021-06-16,200.94992065429688
2021-06-17,202.08070373535156
2021-06-18,198.39134216308594
2021-06-21,202.4927978515625
2021-06-22,205.02259826660156
2021-06-23,204.4188995361328
2021-06-24,205.60716247558594
2021-06-25,206.6228790283203
2021-06-28,206.13418579101562
2021-06-29,207.9549102783203
2021-06-30,207.8015899658203
2021-07-01,209.61270141601562
2021-07-02,211.79757690429688
2021-07-06,213.7045440673828
2021-07-07,215.08448791503906
2021-07-08,213.0337371826172
2021-07-09,215.15158081054688
2021-07-12,213.9153594970703
2021-07-13,212.92835998535156
2021-07-14,213.6087188720703
2021-07-15,213.3404541015625
2021-07-16,210.81056213378906
2021-07-19,207.56202697753906
2021-07-20,209.45941162109375
2021-07-21,210.26434326171875
2021-07-22,210.93515014648438
2021-07-23,212.44920349121094
2021-07-26,213.3787384033203
2021-07-27,212.40130615234375
2021-07-28,212.23837280273438
2021-07-29,214.4424285888672
2021-07-30,214.57656860351562
2021-08-02,214.5861358642578
2021-08-03,215.60194396972656
2021-08-04,213.47457885742188
2021-08-05,212.9954376220703
2021-08-06,218.98464965820312
2021-08-09,218.6492462158203
2021-08-10,220.1345672607422
2021-08-11,217.6717987060547
2021-08-12,220.92034912109375
2021-08-13,223.30645751953125
2021-08-16,225.09840393066406
2021-08-17,224.62890625
2021-08-18,224.1497344970703
2021-08-19,227.50369262695312
2021-08-20,229.98561096191406
2021-08-23,229.0560760498047
2021-08-24,229.14234924316406
2021-08-25,231.2601318359375
2021-08-26,232.90834045410156
2021-08-27,232.67835998535156
2021-08-30,234.3553466796875
2021-08-31,234.02951049804688
2021-09-01,233.30128479003906
2021-09-02,235.76402282714844
2021-09-03,234.63323974609375
2021-09-07,234.65240478515625
2021-09-08,236.15687561035156
2021-09-09,233.81871032714844
2021-09-10,232.55380249023438
2021-09-13,231.66258239746094
2021-09-14,231.4415283203125
2021-09-15,234.47862243652344
2021-09-16,232.89279174804688
2021-09-17,228.18345642089844
2021-09-20,225.13674926757812
2021-09-21,226.36695861816406
2021-09-22,229.8461151123047
2021-09-23,230.8649139404297
2021-09-24,231.40313720703125
2021-09-27,229.56739807128906
2021-09-28,224.5792999267578
2021-09-29,226.49192810058594
2021-09-30,223.2818603515625
2021-10-01,225.19444274902344
2021-10-04,222.46490478515625
2021-10-05,223.2337646484375
2021-10-06,224.66583251953125
2021-10-07,227.63560485839844
2021-10-08,227.54910278320312
2021-10-11,226.49192810058594
2021-10-12,230.00950622558594
2021-10-13,231.9124755859375
2021-10-14,235.57424926757812
2021-10-15,230.49964904785156
2021-10-18,233.61361694335938
2021-10-19,235.59349060058594
2021-10-20,236.84288024902344
2021-10-21,238.6401824951172
2021-10-22,239.82229614257812
2021-10-25,236.34312438964844
2021-10-26,236.23741149902344
2021-10-27,240.3220672607422
2021-10-28,238.47674560546875
2021-10-29,238.9188690185547
2021-11-01,235.49737548828125
2021-11-02,241.72525024414062
2021-11-03,242.8401641845703
2021-11-04,241.629150390625
2021-11-05,237.81362915039062
2021-11-08,239.58200073242188
2021-11-09,239.7261962890625
2021-11-10,237.4387664794922
2021-11-11,238.19801330566406
2021-11-12,241.65798950195312
2021-11-15,241.47537231445312
2021-11-16,244.1664581298828
2021-11-17,242.234619140625
2021-11-18,247.24195861816406
2021-11-19,243.2630157470703
2021-11-22,245.6753387451172
2021-11-23,247.1073760986328
2021-11-24,251.12477111816406
2021-11-26,243.71475219726562
2021-11-29,249.40444946289062
2021-11-30,243.330322265625
2021-12-01,236.38157653808594
2021-12-02,242.69598388671875
2021-12-03,238.35182189941406
2021-12-06,240.8602752685547
2021-12-07,245.05068969726562
2021-12-08,243.8204803466797
2021-12-09,249.09689331054688
2021-12-10,254.61358642578125
2021-12-13,253.0469970703125
2021-12-14,250.18394470214844
2021-12-15,253.1723175048828
2021-12-16,252.3336181640625
2021-12-17,249.78866577148438
2021-12-20,246.68467712402344
2021-12-21,252.18902587890625
2021-12-22,255.06167602539062
2021-12-23,253.43252563476562
2021-12-27,259.23577880859375
2021-12-28,260.09375
2021-12-29,262.9085388183594
2021-12-30,261.32769775390625
2021-12-31,261.9156799316406
2022-01-03,257.7994689941406
2022-01-04,255.26416015625
2022-01-05,249.77903747558594
2022-01-06,248.4102020263672
2022-01-07,243.45530700683594
2022-01-10,246.80996704101562
2022-01-11,246.82923889160156
2022-01-12,247.60044860839844
2022-01-13,241.8647003173828
2022-01-14,242.08642578125
2022-01-18,236.64955139160156
2022-01-19,235.45419311523438
2022-01-20,230.2486572265625
2022-01-21,228.6484375
2022-01-24,230.8848876953125
2022-01-25,225.6118621826172
2022-01-26,219.35562133789062
2022-01-27,215.05618286132812
2022-01-28,218.9410400390625
2022-01-31,223.5874786376953
2022-02-01,223.45254516601562
2022-02-02,229.10150146484375
2022-02-03,227.1253204345703
2022-02-04,227.08677673339844
2022-02-07,228.08934020996094
2022-02-08,227.87725830078125
2022-02-09,229.91127014160156
2022-02-10,213.87051391601562
2022-02-11,208.2214813232422
2022-02-14,206.11038208007812
2022-02-15,214.86338806152344
2022-02-16,213.04144287109375
2022-02-17,208.134765625
2022-02-18,209.96633911132812
2022-02-22,205.4066619873047
2022-02-23,200.16256713867188
2022-02-24,209.47471618652344
2022-02-25,214.58384704589844
2022-02-28,212.49197387695312
2022-03-01,208.42396545410156
2022-03-02,214.67059326171875
2022-03-03,213.59092712402344
2022-03-04,214.93087768554688
2022-03-07,208.713134765625
2022-03-08,206.4188690185547
2022-03-09,213.7162628173828
2022-03-10,214.29464721679688
2022-03-11,213.78375244140625
2022-03-14,211.62637329101562
2022-03-15,217.41160583496094
2022-03-16,219.45291137695312
2022-03-17,223.2645721435547
2022-03-18,225.49935913085938
2022-03-21,224.5126190185547
2022-03-22,224.53195190429688
2022-03-23,219.39486694335938
2022-03-24,223.51612854003906
2022-03-25,224.83184814453125
2022-03-28,227.4632568359375
2022-03-29,230.27850341796875
2022-03-30,232.93896484375
2022-03-31,234.31268310546875
2022-04-01,230.3848876953125
2022-04-04,232.07794189453125
2022-04-05,229.7367706298828
2022-04-06,231.29428100585938
2022-04-07,233.4323272705078
2022-04-08,231.66195678710938
2022-04-11,225.75091552734375
2022-04-12,224.8028106689453
2022-04-13,228.5564727783203
2022-04-14,225.5961151123047
2022-04-18,222.48095703125
2022-04-19,226.59255981445312
2022-04-20,229.2626953125
2022-04-21,225.34457397460938
2022-04-22,217.6051025390625
2022-04-25,217.72119140625
2022-04-26,212.18746948242188
2022-04-27,209.10133361816406
2022-04-28,215.8927459716797
2022-04-29,206.73117065429688
2022-05-02,207.7759552001953
2022-05-03,208.18231201171875
2022-05-04,212.23587036132812
2022-05-05,203.53858947753906
2022-05-06,199.78494262695312
2022-05-09,195.49920654296875
2022-05-10,196.24412536621094
2022-05-11,195.37344360351562
2022-05-12,194.97679138183594
2022-05-13,208.27903747558594
2022-05-16,202.67755126953125
2022-05-17,206.44091796875
2022-05-18,198.77882385253906
2022-05-19,203.41281127929688
2022-05-20,203.4321746826172
2022-05-23,205.86045837402344
2022-05-24,207.6598663330078
2022-05-25,206.4892578125
2022-05-26,210.7847137451172
2022-05-27,215.7476348876953
2022-05-31,212.58413696289062
2022-06-01,210.5331573486328
2022-06-02,216.81178283691406
2022-06-03,218.20494079589844
2022-06-06,214.04495239257812
2022-06-07,214.74151611328125
2022-06-08,210.76535034179688
2022-06-09,207.27288818359375
2022-06-10,202.4357147216797
2022-06-13,196.01194763183594
2022-06-14,197.4590606689453
2022-06-15,197.2648468017578
2022-06-16,191.33065795898438
2022-06-17,197.00259399414062
2022-06-21,199.2752685546875
2022-06-22,203.77198791503906
2022-06-23,205.00547790527344
2022-06-24,211.0756072998047
2022-06-27,210.8716278076172
2022-06-28,204.1896514892578
2022-06-29,203.69430541992188
2022-06-30,203.5680694580078
2022-07-01,204.03424072265625
2022-07-05,206.1223907470703
2022-07-06,210.67738342285156
2022-07-07,213.09571838378906
2022-07-08,208.47271728515625
2022-07-11,207.30728149414062
2022-07-12,202.17922973632812
2022-07-13,204.9569091796875
2022-07-14,203.73318481445312
2022-07-15,208.8320770263672
2022-07-18,205.7921600341797
2022-07-19,211.998291015625
2022-07-20,210.7842559814453
2022-07-21,215.82485961914062
2022-07-22,214.79539489746094
2022-07-25,217.0777587890625
2022-07-26,217.81588745117188
2022-07-27,223.62379455566406
2022-07-28,229.51910400390625
2022-07-29,231.7238006591797
2022-08-01,229.82017517089844
2022-08-02,230.62628173828125
2022-08-03,231.58779907226562
2022-08-04,232.79212951660156
2022-08-05,243.00938415527344
2022-08-08,241.00865173339844
2022-08-09,242.07699584960938
2022-08-10,245.71910095214844
2022-08-11,245.01980590820312
2022-08-12,248.6036376953125
2022-08-15,248.02088928222656
2022-08-16,249.2057647705078
2022-08-17,248.0694580078125
2022-08-18,248.86582946777344
2022-08-19,245.9618682861328
2022-08-22,241.5039825439453
2022-08-23,239.0856475830078
2022-08-24,241.474853515625
2022-08-25,247.0593719482422
2022-08-26,241.1737823486328
2022-08-29,239.95973205566406
2022-08-30,238.07557678222656
2022-08-31,236.40505981445312
2022-09-01,237.14317321777344
2022-09-02,236.7547149658203
2022-09-06,236.56048583984375
2022-09-07,242.36837768554688
2022-09-08,243.1550750732422
2022-09-09,243.01907348632812
2022-09-12,246.2144012451172
2022-09-13,238.99822998046875
2022-09-14,236.09466552734375
2022-09-15,232.05111694335938
2022-09-16,233.064453125
2022-09-19,234.3992919921875
2022-09-20,233.36648559570312
2022-09-21,231.75880432128906
2022-09-22,226.06861877441406
2022-09-23,222.89222717285156
2022-09-26,220.01788330078125
2022-09-27,219.87173461914062
2022-09-28,223.7301788330078
2022-09-29,219.52098083496094
2022-09-30,218.22509765625
2022-10-03,223.0968475341797
2022-10-04,229.38140869140625
2022-10-05,230.7844696044922
2022-10-06,228.1926727294922
2022-10-07,223.9542694091797
2022-10-10,221.19688415527344
2022-10-11,218.4979248046875
2022-10-12,217.6015167236328
2022-10-13,219.5891876220703
2022-10-14,207.80929565429688
2022-10-17,215.07798767089844
2022-10-18,219.52098083496094
2022-10-19,218.10818481445312
2022-10-20,215.49693298339844
2022-10-21,220.57330322265625
2022-10-24,229.02090454101562
2022-10-25,233.5321502685547
2022-10-26,234.13624572753906
2022-10-27,235.96798706054688
2022-10-28,243.70433044433594
2022-10-31,243.3048553466797
2022-11-01,236.65977478027344
2022-11-02,233.7464599609375
2022-11-03,232.07057189941406
2022-11-04,248.33250427246094
2022-11-07,248.97555541992188
2022-11-08,250.21299743652344
2022-11-09,247.1145477294922
2022-11-10,252.95089721679688
2022-11-11,243.12948608398438
2022-11-14,244.51304626464844
2022-11-15,243.98690795898438
2022-11-16,249.19967651367188
2022-11-17,248.95606994628906
2022-11-18,256.195556640625
2022-11-21,255.64990234375
2022-11-22,258.2611389160156
2022-11-23,259.1770324707031
2022-11-25,261.5447082519531
2022-11-28,259.1575622558594
2022-11-29,257.6765441894531
2022-11-30,265.2179870605469
2022-12-01,264.80877685546875
2022-12-02,265.7052001953125
2022-12-05,261.349853515625
2022-12-06,259.3426513671875
2022-12-07,259.94677734375
2022-12-08,262.8697814941406
2022-12-09,258.7580871582031
2022-12-12,263.8928527832031
2022-12-13,260.2974853515625
2022-12-14,259.8674011230469
2022-12-15,251.37232971191406
2022-12-16,246.77774047851562
2022-12-19,248.87950134277344
2022-12-20,250.08193969726562
2022-12-21,251.72422790527344
2022-12-22,249.69091796875
2022-12-23,250.87374877929688
2022-12-27,250.87374877929688
2022-12-28,248.10720825195312
2022-12-29,253.0048828125
2022-12-30,251.92953491210938
2023-01-03,251.62646484375
2023-01-04,252.23255920410156
2023-01-05,249.39761352539062
2023-01-06,257.9219665527344
2023-01-09,254.76446533203125
2023-01-10,256.4654541015625
2023-01-11,258.41082763671875
2023-01-12,258.7724914550781
2023-01-13,260.04339599609375
2023-01-17,257.38433837890625
2023-01-18,251.0985870361328
2023-01-19,246.86572265625
2023-01-20,249.58334350585938
2023-01-23,251.05950927734375
2023-01-24,250.4827117919922
2023-01-25,252.77023315429688
2023-01-26,251.47982788085938
2023-01-27,248.6937713623047
2023-01-30,246.5822296142578
2023-01-31,251.24520874023438
2023-02-01,253.9433135986328
2023-02-02,250.1796875
2023-02-03,250.6880340576172
2023-02-06,252.4476318359375
2023-02-07,252.01748657226562
2023-02-08,252.21299743652344
2023-02-09,251.38209533691406
2023-02-10,265.42974853515625
2023-02-13,265.4786376953125
2023-02-14,264.3545227050781
2023-02-15,265.9087829589844
2023-02-16,261.3630676269531
2023-02-17,263.3768615722656
2023-02-21,262.3993225097656
2023-02-22,258.1860046386719
2023-02-23,258.0784606933594
2023-02-24,255.92779541015625
2023-02-27,257.0422668457031
2023-02-28,256.9150695800781
2023-03-01,257.4429931640625
2023-03-02,257.6483154296875
2023-03-03,260.5810546875
2023-03-06,261.9887390136719
2023-03-07,259.9944763183594
2023-03-08,261.587890625
2023-03-09,259.2319030761719
2023-03-10,255.61497497558594
2023-03-13,255.29237365722656
2023-03-14,261.157958984375
2023-03-15,253.77197265625
2023-03-16,263.4433898925781
2023-03-17,259.1864013671875
2023-03-20,262.982421875
2023-03-21,266.46453857421875
2023-03-22,262.42333984375
2023-03-23,263.0314636230469
2023-03-24,266.4841003417969
2023-03-27,268.9559631347656
2023-03-28,267.6611633300781
2023-03-29,271.5160217285156
2023-03-30,276.263427734375
2023-03-31,280.65777587890625
2023-04-03,279.9711608886719
2023-04-04,280.43218994140625
2023-04-05,280.6676025390625
2023-04-06,278.0388488769531
2023-04-10,278.1958312988281
2023-04-11,278.0780944824219
2023-04-12,280.2556457519531
2023-04-13,283.8652648925781
2023-04-14,285.8858337402344
2023-04-17,285.356201171875
2023-04-18,284.9442443847656
2023-04-19,283.3453674316406
2023-04-20,282.2173767089844
2023-04-21,287.1511535644531
2023-04-24,287.78875732421875
2023-04-25,283.76715087890625
2023-04-26,282.18792724609375
2023-04-27,288.0339660644531
2023-04-28,285.8269958496094
2023-05-01,288.9364013671875
2023-05-02,287.5533752441406
2023-05-03,283.1001892089844
2023-05-04,284.8559265136719
2023-05-05,276.1751708984375
2023-05-08,279.4512939453125
2023-05-09,281.08935546875
2023-05-10,284.0123291015625
2023-05-11,282.90399169921875
2023-05-12,287.357177734375
2023-05-15,286.2978515625
2023-05-16,285.8074035644531
2023-05-17,287.0531311035156
2023-05-18,290.8588562011719
2023-05-19,291.76129150390625
2023-05-22,288.1418762207031
2023-05-23,279.9711608886719
2023-05-24,278.1565246582031
2023-05-25,276.60675048828125
2023-05-26,279.12762451171875
2023-05-30,279.57879638671875
2023-05-31,276.5282897949219
2023-06-01,276.82257080078125
2023-06-02,277.32281494140625
2023-06-05,277.8328857421875
2023-06-06,272.9284973144531
2023-06-07,275.4885559082031
2023-06-08,273.8701171875
2023-06-09,272.6734619140625
2023-06-12,275.9201965332031
2023-06-13,274.63519287109375
2023-06-14,273.8479919433594
2023-06-15,277.7445373535156
2023-06-16,275.7569274902344
2023-06-20,274.63519287109375
2023-06-21,276.6523742675781
2023-06-22,279.1319885253906
2023-06-23,274.1432189941406
2023-06-26,275.89471435546875
2023-06-27,279.3287353515625
2023-06-28,278.9941711425781
2023-06-29,283.9632263183594
2023-06-30,288.5780334472656
2023-07-03,288.0663757324219
2023-07-05,288.04669189453125
2023-07-06,290.8804931640625
2023-07-07,287.1906433105469
2023-07-10,290.240966796875
2023-07-11,291.549560546875
2023-07-12,290.1326599121094
2023-07-13,287.4759826660156
2023-07-14,286.3936462402344
2023-07-17,286.8167419433594
2023-07-18,286.04925537109375
2023-07-19,287.2791748046875
2023-07-20,290.7723083496094
2023-07-21,291.44140625
2023-07-24,290.8215026855469
2023-07-25,293.1830139160156
2023-07-26,290.6640319824219
2023-07-27,287.0135192871094
2023-07-28,286.3837890625
2023-07-31,282.0346374511719
2023-08-01,283.5105895996094
2023-08-02,283.0382995605469
2023-08-03,283.09735107421875
2023-08-04,274.3794250488281
2023-08-07,275.9143981933594
2023-08-08,273.34619140625
2023-08-09,276.71136474609375
2023-08-10,277.4690246582031
2023-08-11,281.3753967285156
2023-08-14,280.47015380859375
2023-08-15,276.7802734375
2023-08-16,277.1246337890625
2023-08-17,273.01165771484375
2023-08-18,273.2281188964844
2023-08-21,272.7165222167969
2023-08-22,271.4668884277344
2023-08-23,273.3363952636719
2023-08-24,271.1815185546875
2023-08-25,274.3105163574219
2023-08-28,276.3768310546875
2023-08-29,277.50836181640625
2023-08-30,278.64984130859375
2023-08-31,279.0237121582031
2023-09-01,279.1319885253906
2023-09-05,276.56378173828125
2023-09-06,276.41619873046875
2023-09-07,277.8822937011719
2023-09-08,277.97088623046875
2023-09-11,278.96466064453125
2023-09-12,276.79010009765625
2023-09-13,275.58966064453125
2023-09-14,281.1468505859375
2023-09-15,279.54779052734375
2023-09-18,283.6836242675781
2023-09-19,282.1043395996094
2023-09-20,282.0450744628906
2023-09-21,275.5600280761719
2023-09-22,274.14849853515625
2023-09-25,273.0824890136719
2023-09-26,269.9633483886719
2023-09-27,269.4500732421875
2023-09-28,270.6444396972656
2023-09-29,268.7196044921875
2023-10-02,269.3908996582031
2023-10-03,267.9793701171875
2023-10-04,270.6839294433594
2023-10-05,269.69683837890625
2023-10-06,272.5691833496094
2023-10-09,282.60772705078125
2023-10-10,281.364013671875
2023-10-11,283.8810729980469
2023-10-12,284.5522155761719
2023-10-13,284.4239196777344
2023-10-16,289.5270690917969
2023-10-17,286.1019592285156
2023-10-18,284.49298095703125
2023-10-19,278.29425048828125
2023-10-20,277.61309814453125
2023-10-23,275.8166809082031
2023-10-24,277.8006896972656
2023-10-25,276.8827209472656
2023-10-26,271.2860412597656
2023-10-27,268.86773681640625
2023-10-30,272.648193359375
2023-10-31,274.8592224121094
2023-11-01,276.87286376953125
2023-11-02,277.5341796875
2023-11-03,295.5482482910156
2023-11-06,300.6414489746094
2023-11-07,301.03631591796875
2023-11-08,305.19183349609375
2023-11-09,304.806884765625
2023-11-10,306.9981994628906
2023-11-13,305.6360168457031
2023-11-14,308.2221374511719
2023-11-15,310.0580749511719
2023-11-16,313.1575012207031
2023-11-17,314.1346740722656
2023-11-20,315.2994384765625
2023-11-21,315.8522033691406
2023-11-22,315.3882751464844
2023-11-24,316.69122314453125
2023-11-27,316.5234069824219
2023-11-28,314.34197998046875
2023-11-29,314.91448974609375
2023-11-30,318.6949462890625
2023-12-01,321.1133117675781
2023-12-04,319.4747619628906
2023-12-05,320.36309814453125
2023-12-06,318.3001403808594
2023-12-07,319.1785888671875
2023-12-08,320.3236083984375
2023-12-11,322.189208984375
2023-12-12,324.70623779296875
2023-12-13,322.7123107910156
2023-12-14,312.6733703613281
2023-12-15,307.4063720703125
2023-12-18,311.82196044921875
2023-12-19,309.85174560546875
2023-12-20,306.3074645996094
2023-12-21,307.45587158203125
2023-12-22,306.7628479003906
2023-12-26,306.9113464355469
2023-12-27,307.3271789550781
2023-12-28,307.970703125
2023-12-29,309.9705810546875
2024-01-02,308.5350036621094
2024-01-03,308.89141845703125
2024-01-04,308.6438903808594
2024-01-05,306.0796813964844
2024-01-08,309.7428283691406
2024-01-09,308.90130615234375
2024-01-10,311.901123046875
2024-01-11,311.1487121582031
2024-01-12,313.158447265625
2024-01-16,312.5050354003906
2024-01-17,313.871337890625
2024-01-18,317.7720642089844
2024-01-19,323.0291442871094
2024-01-22,321.75201416015625
2024-01-23,326.1873779296875
2024-01-24,325.0785217285156
2024-01-25,325.3161315917969
2024-01-26,322.8509521484375
2024-01-29,323.49444580078125
2024-01-30,324.25677490234375
2024-01-31,316.31671142578125
2024-02-01,321.910400390625
2024-02-02,324.35577392578125
2024-02-05,322.05889892578125
2024-02-06,322.1380920410156
2024-02-07,324.6626892089844
2024-02-08,325.0785217285156
2024-02-09,327.5932312011719
2024-02-12,316.9007873535156
2024-02-13,316.0394592285156
2024-02-14,316.2078552246094
2024-02-15,320.6728515625
2024-02-16,317.29681396484375
2024-02-20,319.8214416503906
2024-02-21,321.58367919921875
2024-02-22,327.7417297363281
2024-02-23,326.9793701171875
2024-02-26,325.27655029296875
2024-02-27,325.40521240234375
2024-02-28,327.9496154785156
2024-02-29,327.0981750488281
2024-03-01,332.2167053222656
2024-03-04,332.4245910644531
2024-03-05,328.5040588378906
2024-03-06,334.16705322265625
2024-03-07,330.8702392578125
2024-03-08,332.06817626953125
2024-03-11,334.662109375
2024-03-12,337.02825927734375
2024-03-13,340.25579833984375
2024-03-14,340.245849609375
2024-03-15,341.73516845703125
2024-03-18,337.60479736328125
2024-03-19,343.3336486816406
2024-03-20,343.56201171875
2024-03-21,346.6796569824219
2024-03-22,346.073974609375
2024-03-25,345.4385681152344
2024-03-26,345.1307373046875
2024-03-27,350.8894348144531
2024-03-28,352.4482116699219
2024-04-01,351.0680847167969
2024-04-02,349.5589294433594
2024-04-03,347.8512268066406
2024-04-04,345.448486328125
2024-04-05,349.7873229980469
2024-04-08,349.51922607421875
2024-04-09,350.4425964355469
2024-04-10,344.971923828125
2024-04-11,346.2527160644531
2024-04-12,341.35784912109375
2024-04-15,336.1651306152344
2024-04-16,337.6842346191406
2024-04-17,338.0813903808594
2024-04-18,337.03887939453125
2024-04-19,337.2275085449219
2024-04-22,342.76776123046875
2024-04-23,343.08544921875
2024-04-24,342.6485900878906
2024-04-25,346.53070068359375
2024-04-26,344.00885009765625
2024-04-29,345.2101745605469
2024-04-30,336.7311096191406
2024-05-01,333.60357666015625
2024-05-02,333.84185791015625
2024-05-03,351.1773376464844
2024-05-06,347.1463317871094
2024-05-07,355.615478515625
2024-05-08,356.4593811035156
2024-05-09,357.5415954589844
2024-05-10,360.2620849609375
2024-05-13,355.4466552734375
2024-05-14,358.4748840332031
2024-05-15,362.426513671875
2024-05-16,363.79669189453125
2024-05-17,365.1767578125
2024-05-20,365.8022766113281
2024-05-21,367.1029052734375
2024-05-22,368.4234313964844
2024-05-23,360.7585144042969
2024-05-24,361.9996032714844
2024-05-28,357.32318115234375
2024-05-29,354.56298828125
2024-05-30,357.1246032714844
2024-05-31,362.3074035644531
2024-06-03,363.7867431640625
2024-06-04,366.5866394042969
2024-06-05,368.0064392089844
2024-06-06,367.8277282714844
2024-06-07,368.41351318359375
2024-06-10,371.1339416503906
2024-06-11,374.2118225097656
2024-06-12,376.6444091796875
2024-06-13,374.0232238769531
2024-06-14,373.70465087890625
2024-06-17,381.08099365234375
2024-06-18,381.8574523925781
2024-06-20,382.8529052734375
2024-06-21,384.286376953125
2024-06-24,386.396728515625
2024-06-25,388.58673095703125
2024-06-26,382.4845886230469
2024-06-27,384.6447448730469
2024-06-28,384.2962951660156
2024-07-01,384.6148681640625
2024-07-02,385.0030822753906
2024-07-03,384.0474548339844
2024-07-05,385.1125793457031
2024-07-08,388.7958068847656
2024-07-09,388.9450988769531
2024-07-10,389.2735900878906
2024-07-11,386.9243469238281
2024-07-12,388.3876647949219
2024-07-15,392.59844970703125
2024-07-16,394.27081298828125
2024-07-17,391.9215087890625
2024-07-18,392.6681213378906
2024-07-19,388.4175109863281
2024-07-22,394.3504333496094
2024-07-23,394.7486267089844
2024-07-24,388.8256530761719
2024-07-25,383.8981628417969
2024-07-26,391.9215087890625
2024-07-29,393.623779296875
2024-07-30,393.5341796875
2024-07-31,397.1078796386719
2024-08-01,396.7693786621094
2024-08-02,408.4361572265625
2024-08-05,397.8246154785156
2024-08-06,401.02001953125
2024-08-07,402.50323486328125
2024-08-08,410.3076171875
2024-08-09,408.8940734863281
2024-08-12,410.885009765625
2024-08-13,410.1284484863281
2024-08-14,416.6885070800781
2024-08-15,420.0233154296875
2024-08-16,419.45587158203125
2024-08-19,420.5210266113281
2024-08-20,424.4431457519531
2024-08-21,423.7861328125
2024-08-22,422.5318298339844
2024-08-23,428.4448547363281
2024-08-26,428.275634765625
2024-08-27,430.39593505859375
2024-08-28,433.2330017089844
2024-08-29,435.1641845703125
2024-08-30,440.031982421875
2024-09-03,438.36956787109375
2024-09-04,435.46282958984375
2024-09-05,435.323486328125
2024-09-06,429.5398864746094
2024-09-09,436.87640380859375
2024-09-10,436.1098937988281
2024-09-11,433.9099426269531
2024-09-12,437.8021545410156
2024-09-13,440.7353515625
2024-09-16,442.15203857421875
2024-09-17,437.8919372558594
2024-09-18,435.56732177734375
2024-09-19,437.79217529296875
2024-09-20,441.54345703125
2024-09-23,446.0729064941406
2024-09-24,449.0859069824219
2024-09-25,449.445068359375
2024-09-26,447.0705871582031
2024-09-27,445.32464599609375
2024-09-30,448.5870666503906
2024-10-01,448.038330078125
2024-10-02,448.4573669433594
2024-10-03,448.0682678222656
2024-10-04,449.2555236816406
2024-10-07,448.1481018066406
2024-10-08,456.8478698730469
2024-10-09,465.4678039550781
2024-10-10,463.5522766113281
2024-10-11,466.8546142578125
2024-10-14,471.89288330078125
2024-10-15,472.3119201660156
2024-10-16,475.4446105957031
2024-10-17,476.51214599609375
2024-10-18,474.0977783203125
2024-10-21,475.9933776855469
2024-10-22,469.08941650390625
2024-10-23,465.99658203125
2024-10-24,464.300537109375
2024-10-25,461.2476501464844
2024-10-28,456.3291015625
2024-10-29,457.1671447753906
2024-10-30,451.9492492675781
2024-10-31,448.3077392578125
2024-11-01,452.83721923828125
2024-11-04,457.11724853515625
2024-11-05,461.0181579589844
2024-11-06,468.0418395996094
2024-11-07,468.8599548339844
2024-11-08,503.4295654296875
2024-11-11,495.8072814941406
2024-11-12,496.2961730957031
2024-11-13,495.54791259765625
2024-11-14,492.55487060546875
2024-11-15,487.8657531738281
2024-11-18,489.212646484375
2024-11-19,486.3293151855469
2024-11-20,491.4574279785156
2024-11-21,493.69219970703125
2024-11-22,499.7381591796875
2024-11-25,487.2372131347656
2024-11-26,495.42816162109375
2024-11-27,499.49871826171875
2024-11-29,498.54095458984375
2024-12-02,495.54791259765625
2024-12-03,496.6054382324219
2024-12-04,496.7151794433594
2024-12-05,493.8218994140625
2024-12-06,488.8235168457031
2024-12-09,477.7991638183594
2024-12-10,475.9135437011719
2024-12-11,477.0010070800781
2024-12-12,468.83001708984375
2024-12-13,469.7900085449219
2024-12-16,467.260009765625
2024-12-17,461.75
