,NUE
2014-01-02,40.236637115478516
2014-01-03,40.27478790283203
2014-01-06,40.08402633666992
2014-01-07,40.28242492675781
2014-01-08,40.49607467651367
2014-01-09,40.2442626953125
2014-01-10,40.40450668334961
2014-01-13,39.328590393066406
2014-01-14,39.351470947265625
2014-01-15,39.328590393066406
2014-01-16,39.542236328125
2014-01-17,39.20649337768555
2014-01-21,38.72576141357422
2014-01-22,38.687591552734375
2014-01-23,38.275543212890625
2014-01-24,37.207237243652344
2014-01-27,36.94779968261719
2014-01-28,37.38276290893555
2014-01-29,36.9554328918457
2014-01-30,37.077537536621094
2014-01-31,36.89439392089844
2014-02-03,35.57427978515625
2014-02-04,35.69636917114258
2014-02-05,36.00923156738281
2014-02-06,36.871490478515625
2014-02-07,36.970699310302734
2014-02-10,36.78756332397461
2014-02-11,37.314090728759766
2014-02-12,38.32896423339844
2014-02-13,38.573150634765625
2014-02-14,39.168338775634766
2014-02-18,39.168338775634766
2014-02-19,38.664710998535156
2014-02-20,38.98521041870117
2014-02-21,38.47393035888672
2014-02-24,37.924530029296875
2014-02-25,37.57352066040039
2014-02-26,37.81770324707031
2014-02-27,38.42816162109375
2014-02-28,38.33659362792969
2014-03-03,37.81770324707031
2014-03-04,38.603660583496094
2014-03-05,38.74863815307617
2014-03-06,38.603660583496094
2014-03-07,38.267906188964844
2014-03-10,37.83297348022461
2014-03-11,37.672725677490234
2014-03-12,37.352230072021484
2014-03-13,37.12331771850586
2014-03-14,37.008846282958984
2014-03-17,37.749027252197266
2014-03-18,38.06950378417969
2014-03-19,37.82533264160156
2014-03-20,37.98558044433594
2014-03-21,39.09202194213867
2014-03-24,38.847843170166016
2014-03-25,39.16069793701172
2014-03-26,38.69523620605469
2014-03-27,38.57992935180664
2014-03-28,38.480010986328125
2014-03-31,38.848960876464844
2014-04-01,38.91815185546875
2014-04-02,39.2947883605957
2014-04-03,39.62533187866211
2014-04-04,39.279422760009766
2014-04-07,39.094966888427734
2014-04-08,39.64070510864258
2014-04-09,40.36326599121094
2014-04-10,39.356300354003906
2014-04-11,38.96427917480469
2014-04-14,39.84056091308594
2014-04-15,39.72526931762695
2014-04-16,40.132659912109375
2014-04-17,40.078857421875
2014-04-21,40.009681701660156
2014-04-22,40.155731201171875
2014-04-23,40.386314392089844
2014-04-24,39.5792121887207
2014-04-25,39.28711700439453
2014-04-28,38.995025634765625
2014-04-29,39.709896087646484
2014-04-30,39.77907180786133
2014-05-01,39.88667297363281
2014-05-02,40.240272521972656
2014-05-05,39.75600814819336
2014-05-06,39.51002883911133
2014-05-07,40.32482147216797
2014-05-08,39.994300842285156
2014-05-09,39.709896087646484
2014-05-12,40.86290740966797
2014-05-13,40.44782257080078
2014-05-14,40.70148849487305
2014-05-15,40.10192108154297
2014-05-16,40.078857421875
2014-05-19,40.30176544189453
2014-05-20,39.433170318603516
2014-05-21,39.47928237915039
2014-05-22,39.15644073486328
2014-05-23,39.5638427734375
2014-05-27,39.90204620361328
2014-05-28,39.410099029541016
2014-05-29,39.74065399169922
2014-05-30,38.91815185546875
2014-06-02,38.733673095703125
2014-06-03,38.72597885131836
2014-06-04,38.58763122558594
2014-06-05,39.17951202392578
2014-06-06,39.37934875488281
2014-06-09,39.04115295410156
2014-06-10,38.96427917480469
2014-06-11,39.04115295410156
2014-06-12,38.66448974609375
2014-06-13,39.07957458496094
2014-06-16,38.733673095703125
2014-06-17,39.34093475341797
2014-06-18,39.94049072265625
2014-06-19,39.72526931762695
2014-06-20,38.83359909057617
2014-06-23,38.5568733215332
2014-06-24,38.34931182861328
2014-06-25,38.67217254638672
2014-06-26,38.602481842041016
2014-06-27,38.013946533203125
2014-06-30,38.137847900390625
2014-07-01,38.060428619384766
2014-07-02,38.45534896850586
2014-07-03,39.12904357910156
2014-07-07,38.4708251953125
2014-07-08,38.5947380065918
2014-07-09,38.87351608276367
2014-07-10,38.4708251953125
2014-07-11,38.26949691772461
2014-07-14,38.12236785888672
2014-07-15,38.408878326416016
2014-07-16,39.10582733154297
2014-07-17,38.56376266479492
2014-07-18,38.927711486816406
2014-07-21,39.067108154296875
2014-07-22,39.25295639038086
2014-07-23,39.49300765991211
2014-07-24,39.57818603515625
2014-07-25,39.7485466003418
2014-07-28,39.678855895996094
2014-07-29,39.50850296020508
2014-07-30,39.678855895996094
2014-07-31,38.88900375366211
2014-08-01,38.57150650024414
2014-08-04,38.865753173828125
2014-08-05,38.69540786743164
2014-08-06,39.20648956298828
2014-08-07,38.788330078125
2014-08-08,39.54721450805664
2014-08-11,39.46976089477539
2014-08-12,39.52398681640625
2014-08-13,40.64683151245117
2014-08-14,40.414512634277344
2014-08-15,40.26737976074219
2014-08-18,41.54509735107422
2014-08-19,41.816131591796875
2014-08-20,41.870338439941406
2014-08-21,41.622528076171875
2014-08-22,41.622528076171875
2014-08-25,41.8393440246582
2014-08-26,42.09490966796875
2014-08-27,42.05617904663086
2014-08-28,41.785152435302734
2014-08-29,42.06391525268555
2014-09-02,41.754173278808594
2014-09-03,42.60599136352539
2014-09-04,43.202239990234375
2014-09-05,43.39585494995117
2014-09-08,42.92347717285156
2014-09-09,42.74537658691406
2014-09-10,42.474342346191406
2014-09-11,42.72214126586914
2014-09-12,42.55951690673828
2014-09-15,42.86152267456055
2014-09-16,43.07060623168945
2014-09-17,44.76649856567383
2014-09-18,44.983306884765625
2014-09-19,44.63484573364258
2014-09-22,44.10826110839844
2014-09-23,43.90693283081055
2014-09-24,43.49652099609375
2014-09-25,42.784095764160156
2014-09-26,43.05694580078125
2014-09-29,42.53461837768555
2014-09-30,42.316341400146484
2014-10-01,41.18592834472656
2014-10-02,40.835113525390625
2014-10-03,40.523277282714844
2014-10-06,40.11009216308594
2014-10-07,39.39284896850586
2014-10-08,40.032127380371094
2014-10-09,38.69122314453125
2014-10-10,37.973995208740234
2014-10-13,37.59199905395508
2014-10-14,38.20787048339844
2014-10-15,38.25464630126953
2014-10-16,38.62886428833008
2014-10-17,38.90951156616211
2014-10-20,39.3538818359375
2014-10-21,40.29719161987305
2014-10-22,40.31277847290039
2014-10-23,39.852813720703125
2014-10-24,41.154747009277344
2014-10-27,40.69477844238281
2014-10-28,41.64588928222656
2014-10-29,41.115753173828125
2014-10-30,41.373023986816406
2014-10-31,42.14482116699219
2014-11-03,41.591304779052734
2014-11-04,41.21711349487305
2014-11-05,41.36524200439453
2014-11-06,41.692665100097656
2014-11-07,42.23838424682617
2014-11-10,41.67707061767578
2014-11-11,41.575721740722656
2014-11-12,41.528953552246094
2014-11-13,41.59912109375
2014-11-14,42.02789306640625
2014-11-17,42.20719528198242
2014-11-18,42.378719329833984
2014-11-19,41.856388092041016
2014-11-20,42.27735900878906
2014-11-21,42.40988540649414
2014-11-24,42.02789306640625
2014-11-25,42.60478973388672
2014-11-26,42.27735900878906
2014-11-28,41.809608459472656
2014-12-01,41.536739349365234
2014-12-02,41.42759323120117
2014-12-03,42.8542594909668
2014-12-04,42.97898864746094
2014-12-05,42.44887161254883
2014-12-08,42.1136360168457
2014-12-09,42.58140182495117
2014-12-10,41.52115249633789
2014-12-11,41.295066833496094
2014-12-12,40.44532012939453
2014-12-15,39.87620162963867
2014-12-16,38.0363655090332
2014-12-17,38.58207702636719
2014-12-18,38.49631881713867
2014-12-19,38.51191711425781
2014-12-22,38.153289794921875
2014-12-23,38.62886428833008
2014-12-24,38.45734786987305
2014-12-26,38.25464630126953
2014-12-29,38.664710998535156
2014-12-30,38.89251708984375
2014-12-31,38.53117752075195
2015-01-02,38.49973678588867
2015-01-05,37.030765533447266
2015-01-06,36.49659729003906
2015-01-07,36.83438491821289
2015-01-08,37.729915618896484
2015-01-09,37.53352355957031
2015-01-12,36.13523483276367
2015-01-13,35.868160247802734
2015-01-14,34.8862190246582
2015-01-15,34.72909927368164
2015-01-16,34.89406967163086
2015-01-20,34.634849548339844
2015-01-21,34.571998596191406
2015-01-22,35.23185348510742
2015-01-23,34.40703201293945
2015-01-26,34.82338333129883
2015-01-27,35.20829391479492
2015-01-28,34.59556198120117
2015-01-29,34.3520393371582
2015-01-30,34.2891960144043
2015-02-02,34.72909927368164
2015-02-03,35.92314529418945
2015-02-04,35.74246597290039
2015-02-05,37.415687561035156
2015-02-06,37.918426513671875
2015-02-09,37.74562072753906
2015-02-10,37.55708312988281
2015-02-11,37.47853469848633
2015-02-12,37.981285095214844
2015-02-13,38.41334533691406
2015-02-17,38.24052047729492
2015-02-18,37.90272521972656
2015-02-19,37.81631851196289
2015-02-20,38.083396911621094
2015-02-23,37.706336975097656
2015-02-24,38.216957092285156
2015-02-25,37.47853469848633
2015-02-26,37.125038146972656
2015-02-27,36.94435119628906
2015-03-02,37.022911071777344
2015-03-03,37.03861618041992
2015-03-04,37.242862701416016
2015-03-05,37.42354202270508
2015-03-06,36.94435119628906
2015-03-09,37.07004928588867
2015-03-10,36.2687873840332
2015-03-11,36.51231384277344
2015-03-12,37.062191009521484
2015-03-13,36.75583267211914
2015-03-16,37.15645980834961
2015-03-17,37.242862701416016
2015-03-18,38.7039794921875
2015-03-19,36.21379852294922
2015-03-20,37.030765533447266
2015-03-23,37.42354202270508
2015-03-24,36.93650436401367
2015-03-25,36.73225402832031
2015-03-26,37.0072021484375
2015-03-27,36.818756103515625
2015-03-30,37.475948333740234
2015-03-31,37.634315490722656
2015-04-01,36.66831588745117
2015-04-02,37.4205207824707
2015-04-06,37.0087890625
2015-04-07,37.22257614135742
2015-04-08,37.681819915771484
2015-04-09,37.84018325805664
2015-04-10,38.18065643310547
2015-04-13,37.49970245361328
2015-04-14,37.85600662231445
2015-04-15,38.41818618774414
2015-04-16,37.51554489135742
2015-04-17,36.747493743896484
2015-04-20,37.51554489135742
2015-04-21,37.06421661376953
2015-04-22,37.07213592529297
2015-04-23,38.3390007019043
2015-04-24,38.093570709228516
2015-04-27,38.48153305053711
2015-04-28,39.24166488647461
2015-04-29,38.94868850708008
2015-04-30,38.68739700317383
2015-05-01,38.79824447631836
2015-05-04,38.972450256347656
2015-05-05,38.71908950805664
2015-05-06,38.47362518310547
2015-05-07,38.52904510498047
2015-05-08,38.71908950805664
2015-05-11,38.74283218383789
2015-05-12,38.26775360107422
2015-05-13,38.60822677612305
2015-05-14,39.27333068847656
2015-05-15,39.051631927490234
2015-05-18,38.837852478027344
2015-05-19,37.96686935424805
2015-05-20,38.05396270751953
2015-05-21,37.82434844970703
2015-05-22,38.08563232421875
2015-05-26,37.36510467529297
2015-05-27,37.85600662231445
2015-05-28,37.67388916015625
2015-05-29,37.45219421386719
2015-06-01,37.681819915771484
2015-06-02,39.122901916503906
2015-06-03,39.40795135498047
2015-06-04,38.845767974853516
2015-06-05,38.73491668701172
2015-06-08,38.41818618774414
2015-06-09,38.251922607421875
2015-06-10,38.71908950805664
2015-06-11,38.71908950805664
2015-06-12,38.47362518310547
2015-06-15,37.61054992675781
2015-06-16,38.07771682739258
2015-06-17,38.10146713256836
2015-06-18,37.8797721862793
2015-06-19,37.61054992675781
2015-06-22,37.34926986694336
2015-06-23,38.08563232421875
2015-06-24,37.55513000488281
2015-06-25,37.45219421386719
2015-06-26,36.91189193725586
2015-06-29,35.9222526550293
2015-06-30,35.17203140258789
2015-07-01,35.50724411010742
2015-07-02,35.31570816040039
2015-07-06,34.828857421875
2015-07-07,35.203956604003906
2015-07-08,34.158451080322266
2015-07-09,34.286155700683594
2015-07-10,34.597408294677734
2015-07-13,35.23587417602539
2015-07-14,35.25982666015625
2015-07-15,34.73308563232422
2015-07-16,34.52558517456055
2015-07-17,34.07065963745117
2015-07-20,33.66363525390625
2015-07-21,33.982879638671875
2015-07-22,33.66363525390625
2015-07-23,34.709144592285156
2015-07-24,34.03076934814453
2015-07-27,34.95655822753906
2015-07-28,35.51521682739258
2015-07-29,36.26542663574219
2015-07-30,35.7945556640625
2015-07-31,35.2279052734375
2015-08-03,35.539161682128906
2015-08-04,35.906280517578125
2015-08-05,36.30533981323242
2015-08-06,36.472930908203125
2015-08-07,36.02598571777344
2015-08-10,37.2630500793457
2015-08-11,36.13772201538086
2015-08-12,35.706764221191406
2015-08-13,36.28139114379883
2015-08-14,36.95976638793945
2015-08-17,37.47853088378906
2015-08-18,37.07948684692383
2015-08-19,36.75226593017578
2015-08-20,35.76262664794922
2015-08-21,34.58943176269531
2015-08-24,33.07305145263672
2015-08-25,32.35476303100586
2015-08-26,33.184783935546875
2015-08-27,34.42182159423828
2015-08-28,34.56549072265625
2015-08-31,34.549530029296875
2015-09-01,33.543922424316406
2015-09-02,34.158451080322266
2015-09-03,34.22230911254883
2015-09-04,33.25660705566406
2015-09-08,33.9669189453125
2015-09-09,33.16083526611328
2015-09-10,33.38430404663086
2015-09-11,33.61574935913086
2015-09-14,32.50640106201172
2015-09-15,32.64208221435547
2015-09-16,33.23267364501953
2015-09-17,33.001224517822266
2015-09-18,32.12331771850586
2015-09-21,32.155235290527344
2015-09-22,31.229448318481445
2015-09-23,30.694730758666992
2015-09-24,30.83038902282715
2015-09-25,30.73462677001953
2015-09-28,29.818328857421875
2015-09-29,29.9472599029541
2015-09-30,30.26156997680664
2015-10-01,30.309925079345703
2015-10-02,30.624231338500977
2015-10-05,32.090972900390625
2015-10-06,32.17155075073242
2015-10-07,32.70344924926758
2015-10-08,33.25145721435547
2015-10-09,33.42070388793945
2015-10-12,33.267578125
2015-10-13,33.469058990478516
2015-10-14,33.469058990478516
2015-10-15,33.992889404296875
2015-10-16,33.97677230834961
2015-10-19,33.15475845336914
2015-10-20,32.945220947265625
2015-10-21,32.47780227661133
2015-10-22,34.331363677978516
2015-10-23,35.056671142578125
2015-10-26,34.15406799316406
2015-10-27,34.16212844848633
2015-10-28,34.37166213989258
2015-10-29,34.09764862060547
2015-10-30,34.0895881652832
2015-11-02,35.088924407958984
2015-11-03,34.9680290222168
2015-11-04,34.428077697753906
2015-11-05,34.0734748840332
2015-11-06,33.92842102050781
2015-11-09,33.6705322265625
2015-11-10,33.62217712402344
2015-11-11,33.21921920776367
2015-11-12,32.32467269897461
2015-11-13,32.74374008178711
2015-11-16,33.12252426147461
2015-11-17,32.671207427978516
2015-11-18,33.98483657836914
2015-11-19,33.6947021484375
2015-11-20,33.29981231689453
2015-11-23,32.76792526245117
2015-11-24,33.97677230834961
2015-11-25,33.557708740234375
2015-11-27,33.64635467529297
2015-11-30,33.404579162597656
2015-12-01,33.97677230834961
2015-12-02,33.2433967590332
2015-12-03,32.945220947265625
2015-12-04,33.12252426147461
2015-12-07,32.47780227661133
2015-12-08,31.800838470458984
2015-12-09,32.23603057861328
2015-12-10,33.06610870361328
2015-12-11,32.227962493896484
2015-12-14,32.348846435546875
2015-12-15,32.37302017211914
2015-12-16,31.156112670898438
2015-12-17,31.00299835205078
2015-12-18,31.325359344482422
2015-12-21,32.018428802490234
2015-12-22,33.13861846923828
2015-12-23,33.07415771484375
2015-12-24,33.098331451416016
2015-12-28,32.73567581176758
2015-12-29,32.92683029174805
2015-12-30,32.812957763671875
2015-12-31,32.780418395996094
2016-01-04,32.17036437988281
2016-01-05,32.503868103027344
2016-01-06,32.01581573486328
2016-01-07,30.380863189697266
2016-01-08,29.640655517578125
2016-01-11,29.396629333496094
2016-01-12,29.518640518188477
2016-01-13,28.973663330078125
2016-01-14,29.461706161499023
2016-01-15,28.59136390686035
2016-01-19,28.688961029052734
2016-01-20,28.453081130981445
2016-01-21,28.47747802734375
2016-01-22,28.762170791625977
2016-01-25,28.355478286743164
2016-01-26,29.721994400024414
2016-01-27,29.038728713989258
2016-01-28,29.80333709716797
2016-01-29,31.779924392700195
2016-02-01,31.869409561157227
2016-02-02,31.308151245117188
2016-02-03,32.463191986083984
2016-02-04,32.918701171875
2016-02-05,32.4713249206543
2016-02-08,32.04021453857422
2016-02-09,31.649776458740234
2016-02-10,31.682329177856445
2016-02-11,31.19428253173828
2016-02-12,32.560791015625
2016-02-16,32.68281173706055
2016-02-17,33.15459442138672
2016-02-18,32.560791015625
2016-02-19,32.04021453857422
2016-02-22,32.341190338134766
2016-02-23,31.641647338867188
2016-02-24,31.739242553710938
2016-02-25,32.33304977416992
2016-02-26,32.503868103027344
2016-02-29,31.999544143676758
2016-03-01,33.31726837158203
2016-03-02,34.358436584472656
2016-03-03,34.77328109741211
2016-03-04,34.944095611572266
2016-03-07,36.40821838378906
2016-03-08,36.05032730102539
2016-03-09,35.4158821105957
2016-03-10,36.59531021118164
2016-03-11,36.91254425048828
2016-03-14,36.725467681884766
2016-03-15,36.644126892089844
2016-03-16,37.00202178955078
2016-03-17,37.9455680847168
2016-03-18,37.986244201660156
2016-03-21,37.75034713745117
2016-03-22,37.896759033203125
2016-03-23,37.4575309753418
2016-03-24,37.807289123535156
2016-03-28,38.11638259887695
2016-03-29,38.735469818115234
2016-03-30,39.61283493041992
2016-03-31,38.78465270996094
2016-04-01,38.965057373046875
2016-04-04,38.276275634765625
2016-04-05,38.3582763671875
2016-04-06,38.71906661987305
2016-04-07,38.17789077758789
2016-04-08,38.776458740234375
2016-04-11,39.088050842285156
2016-04-12,39.43244934082031
2016-04-13,40.252410888671875
2016-04-14,40.43281173706055
2016-04-15,40.596805572509766
2016-04-18,40.88379669189453
2016-04-19,41.37576675415039
2016-04-20,41.228179931640625
2016-04-21,40.588619232177734
2016-04-22,40.62960433959961
2016-04-25,40.27701950073242
2016-04-26,40.596805572509766
2016-04-27,41.4987678527832
2016-04-28,40.94939041137695
2016-04-29,40.818199157714844
2016-05-02,41.24458694458008
2016-05-03,39.957237243652344
2016-05-04,39.76863479614258
2016-05-05,39.73583984375
2016-05-06,40.05562210083008
2016-05-09,38.112281799316406
2016-05-10,39.293052673339844
2016-05-11,39.03885269165039
2016-05-12,38.89945983886719
2016-05-13,38.58787536621094
2016-05-16,39.202850341796875
2016-05-17,38.17789077758789
2016-05-18,37.60390853881836
2016-05-19,38.161495208740234
2016-05-20,38.15328598022461
2016-05-23,38.399269104003906
2016-05-24,38.66986846923828
2016-05-25,39.67843246459961
2016-05-26,39.77683639526367
2016-05-27,39.67843246459961
2016-05-31,39.77683639526367
2016-06-01,40.01462936401367
2016-06-02,40.309810638427734
2016-06-03,40.90019989013672
2016-06-06,41.342979431152344
2016-06-07,41.301979064941406
2016-06-08,42.44173812866211
2016-06-09,41.4495735168457
2016-06-10,41.40857696533203
2016-06-13,40.98219680786133
2016-06-14,40.605003356933594
2016-06-15,41.367584228515625
2016-06-16,41.53157424926758
2016-06-17,41.28557205200195
2016-06-20,42.06455612182617
2016-06-21,40.990386962890625
2016-06-22,40.645999908447266
2016-06-23,41.40857696533203
2016-06-24,39.25205612182617
2016-06-27,37.9728889465332
2016-06-28,39.1260986328125
2016-06-29,39.61382293701172
2016-06-30,40.8455696105957
2016-07-01,41.3084831237793
2016-07-05,40.47356033325195
2016-07-06,42.226078033447266
2016-07-07,42.58155059814453
2016-07-08,43.970359802246094
2016-07-11,45.02022933959961
2016-07-12,46.574344635009766
2016-07-13,46.640480041503906
2016-07-14,46.946346282958984
2016-07-15,46.8471565246582
2016-07-18,47.03729248046875
2016-07-19,46.053550720214844
2016-07-20,44.71436309814453
2016-07-21,43.25114822387695
2016-07-22,43.58182907104492
2016-07-25,43.30902099609375
2016-07-26,44.40023422241211
2016-07-27,44.19355773925781
2016-07-28,44.482887268066406
2016-07-29,44.34235382080078
2016-08-01,44.04474639892578
2016-08-02,43.81328201293945
2016-08-03,44.23488998413086
2016-08-04,44.0612907409668
2016-08-05,44.26795959472656
2016-08-08,44.23488998413086
2016-08-09,43.639678955078125
2016-08-10,43.275943756103516
2016-08-11,43.275943756103516
2016-08-12,41.9036865234375
2016-08-15,42.63116455078125
2016-08-16,41.9367561340332
2016-08-17,41.76316833496094
2016-08-18,42.11035919189453
2016-08-19,41.374629974365234
2016-08-22,41.58956527709961
2016-08-23,41.35810470581055
2016-08-24,40.448753356933594
2016-08-25,40.41569137573242
2016-08-26,40.25034713745117
2016-08-29,40.870361328125
2016-08-30,40.17595672607422
2016-08-31,40.1015625
2016-09-01,40.75462341308594
2016-09-02,40.53142547607422
2016-09-06,40.9860954284668
2016-09-07,41.3084831237793
2016-09-08,40.547969818115234
2016-09-09,38.71275329589844
2016-09-12,39.440223693847656
2016-09-13,38.043155670166016
2016-09-14,37.48930358886719
2016-09-15,37.712493896484375
2016-09-16,37.81169509887695
2016-09-19,38.02663803100586
2016-09-20,38.167152404785156
2016-09-21,39.5642204284668
2016-09-22,39.57250213623047
2016-09-23,40.34956359863281
2016-09-26,40.440494537353516
2016-09-27,40.56449508666992
2016-09-28,41.42667770385742
2016-09-29,40.70193862915039
2016-09-30,41.19342803955078
2016-10-03,40.66861343383789
2016-10-04,39.668983459472656
2016-10-05,40.027183532714844
2016-10-06,39.95221710205078
2016-10-07,39.47738265991211
2016-10-10,39.760616302490234
2016-10-11,39.48571014404297
2016-10-12,39.36075973510742
2016-10-13,38.76932144165039
2016-10-14,39.035865783691406
2016-10-17,38.98589324951172
2016-10-18,39.2774543762207
2016-10-19,40.010520935058594
2016-10-20,40.28542709350586
2016-10-21,39.87724304199219
2016-10-24,39.71896743774414
2016-10-25,39.15250015258789
2016-10-26,39.435733795166016
2016-10-27,38.93592834472656
2016-10-28,39.660648345947266
2016-10-31,40.693603515625
2016-11-01,39.84392547607422
2016-11-02,40.1104850769043
2016-11-03,40.63529586791992
2016-11-04,41.60993957519531
2016-11-07,42.75952911376953
2016-11-08,42.79285430908203
2016-11-09,47.999298095703125
2016-11-10,49.26551055908203
2016-11-11,48.94062805175781
2016-11-14,49.648712158203125
2016-11-15,50.25682067871094
2016-11-16,49.85696029663086
2016-11-17,49.52375030517578
2016-11-18,49.01560974121094
2016-11-21,49.698692321777344
2016-11-22,51.90622329711914
2016-11-23,52.07282257080078
2016-11-25,52.356048583984375
2016-11-28,51.62299346923828
2016-11-29,51.33976745605469
2016-11-30,51.80625915527344
2016-12-01,51.6063232421875
2016-12-02,52.506004333496094
2016-12-05,54.23038101196289
2016-12-06,54.6302375793457
2016-12-07,55.604888916015625
2016-12-08,55.321659088134766
2016-12-09,54.455318450927734
2016-12-12,53.39735412597656
2016-12-13,52.83922576904297
2016-12-14,52.51432800292969
2016-12-15,52.372718811035156
2016-12-16,50.52339553833008
2016-12-19,50.42342758178711
2016-12-20,51.74794006347656
2016-12-21,51.76460266113281
2016-12-22,51.33976745605469
2016-12-23,51.22313690185547
2016-12-27,51.5396842956543
2016-12-28,51.06025695800781
2016-12-29,51.06863784790039
2016-12-30,49.8868522644043
2017-01-03,49.96228790283203
2017-01-04,51.33686065673828
2017-01-05,51.04349899291992
2017-01-06,50.532222747802734
2017-01-09,49.987422943115234
2017-01-10,51.311710357666016
2017-01-11,51.286556243896484
2017-01-12,50.80044174194336
2017-01-13,50.599281311035156
2017-01-17,50.4065055847168
2017-01-18,52.283966064453125
2017-01-19,50.41489028930664
2017-01-20,51.11894989013672
2017-01-23,50.33945083618164
2017-01-24,51.06025695800781
2017-01-25,50.046085357666016
2017-01-26,50.884246826171875
2017-01-27,51.13569641113281
2017-01-30,50.37297058105469
2017-01-31,48.68829345703125
2017-02-01,47.716041564941406
2017-02-02,48.18540573120117
2017-02-03,48.06805419921875
2017-02-06,48.48713684082031
2017-02-07,48.31951141357422
2017-02-08,48.847537994384766
2017-02-09,51.102176666259766
2017-02-10,51.11894989013672
2017-02-13,53.29813003540039
2017-02-14,52.879051208496094
2017-02-15,53.53281021118164
2017-02-16,53.31489562988281
2017-02-17,53.55796813964844
2017-02-21,54.05246353149414
2017-02-22,53.00477981567383
2017-02-23,51.035118103027344
2017-02-24,51.00997543334961
2017-02-27,52.501888275146484
2017-02-28,52.44321060180664
2017-03-01,53.65016555786133
2017-03-02,52.501888275146484
2017-03-03,52.501888275146484
2017-03-06,52.64436721801758
2017-03-07,51.06863784790039
2017-03-08,51.102176666259766
2017-03-09,50.741764068603516
2017-03-10,50.80881118774414
2017-03-13,50.884246826171875
2017-03-14,50.90102005004883
2017-03-15,53.18079376220703
2017-03-16,54.14466094970703
2017-03-17,54.24524688720703
2017-03-20,54.20333480834961
2017-03-21,51.40391540527344
2017-03-22,52.08280944824219
2017-03-23,51.34523010253906
2017-03-24,50.088008880615234
2017-03-27,49.870086669921875
2017-03-28,50.465179443359375
2017-03-29,50.41288757324219
2017-03-30,50.69120788574219
2017-03-31,50.37070846557617
2017-04-03,50.78400802612305
2017-04-04,51.02016830444336
2017-04-05,50.37070846557617
2017-04-06,50.69966125488281
2017-04-07,51.25632858276367
2017-04-10,50.67435836791992
2017-04-11,51.028602600097656
2017-04-12,48.81877136230469
2017-04-13,48.042789459228516
2017-04-17,48.25364685058594
2017-04-18,48.3548698425293
2017-04-19,48.59947204589844
2017-04-20,50.90208053588867
2017-04-21,50.60688018798828
2017-04-24,51.602149963378906
2017-04-25,51.39970779418945
2017-04-26,52.29377746582031
2017-04-27,51.96482849121094
2017-04-28,51.72867202758789
2017-05-01,52.04917526245117
2017-05-02,52.04073715209961
2017-05-03,50.84304428100586
2017-05-04,51.52623748779297
2017-05-05,51.0032958984375
2017-05-08,50.497222900390625
2017-05-09,49.59474182128906
2017-05-10,49.097103118896484
2017-05-11,48.5235595703125
2017-05-12,48.346439361572266
2017-05-15,48.591026306152344
2017-05-16,48.734413146972656
2017-05-17,47.33429718017578
2017-05-18,47.131866455078125
2017-05-19,47.78975296020508
2017-05-22,47.87409973144531
2017-05-23,49.45978546142578
2017-05-24,49.46821975708008
2017-05-25,49.23206329345703
2017-05-26,49.04650115966797
2017-05-30,49.19831466674805
2017-05-31,49.004329681396484
2017-06-01,49.82246017456055
2017-06-02,49.510398864746094
2017-06-05,49.738121032714844
2017-06-06,48.75972366333008
2017-06-07,48.25364685058594
2017-06-08,49.88151168823242
2017-06-09,50.42976379394531
2017-06-12,50.522525787353516
2017-06-13,51.02016830444336
2017-06-14,49.85621643066406
2017-06-15,46.05224609375
2017-06-16,46.32216262817383
2017-06-19,47.06439208984375
2017-06-20,47.34272766113281
2017-06-21,47.20779037475586
2017-06-22,47.82350540161133
2017-06-23,48.498260498046875
2017-06-26,48.42234802246094
2017-06-27,47.95845031738281
2017-06-28,49.391727447509766
2017-06-29,49.391727447509766
2017-06-30,49.13698959350586
2017-07-03,49.986087799072266
2017-07-05,50.23231887817383
2017-07-06,50.257789611816406
2017-07-07,49.41719055175781
2017-07-10,49.8502311706543
2017-07-11,49.75682067871094
2017-07-12,50.04550552368164
2017-07-13,51.3701057434082
2017-07-14,50.70781326293945
2017-07-17,51.047454833984375
2017-07-18,50.393646240234375
2017-07-19,51.50596237182617
2017-07-20,50.87762451171875
2017-07-21,51.1408576965332
2017-07-24,51.37858200073242
2017-07-25,51.726715087890625
2017-07-26,49.34925842285156
2017-07-27,49.81626892089844
2017-07-28,48.78886413574219
2017-07-31,48.967166900634766
2017-08-01,48.5256462097168
2017-08-02,48.29638671875
2017-08-03,48.49168014526367
2017-08-04,48.80583953857422
2017-08-07,49.12849807739258
2017-08-08,48.86527633666992
2017-08-09,48.51715087890625
2017-08-10,48.007694244384766
2017-08-11,47.014259338378906
2017-08-14,47.311439514160156
2017-08-15,47.18408203125
2017-08-16,48.16902542114258
2017-08-17,46.14817810058594
2017-08-18,45.944400787353516
2017-08-21,45.62173843383789
2017-08-22,46.40290832519531
2017-08-23,46.6236686706543
2017-08-24,46.35196304321289
2017-08-25,46.453857421875
2017-08-28,46.34347915649414
2017-08-29,46.64065933227539
2017-08-30,47.2774772644043
2017-08-31,46.79349136352539
2017-09-01,47.1246452331543
2017-09-05,46.521793365478516
2017-09-06,46.96332550048828
2017-09-07,46.071754455566406
2017-09-08,46.317996978759766
2017-09-11,45.82552719116211
2017-09-12,45.40946578979492
2017-09-13,45.5113639831543
2017-09-14,45.81703567504883
2017-09-15,45.426456451416016
2017-09-18,46.08025360107422
2017-09-19,46.79349136352539
2017-09-20,47.532203674316406
2017-09-21,46.28403091430664
2017-09-22,46.30100631713867
2017-09-25,46.10572052001953
2017-09-26,45.92742919921875
2017-09-27,47.21804428100586
2017-09-28,47.43860626220703
2017-09-29,47.90878677368164
2017-10-02,47.91734313964844
2017-10-03,47.840415954589844
2017-10-04,47.96864318847656
2017-10-05,48.447391510009766
2017-10-06,48.002838134765625
2017-10-09,47.36166763305664
2017-10-10,47.336021423339844
2017-10-11,49.020179748535156
2017-10-12,49.088565826416016
2017-10-13,49.84943389892578
2017-10-16,48.909034729003906
2017-10-17,48.823543548583984
2017-10-18,48.96887969970703
2017-10-19,50.114444732666016
2017-10-20,51.294219970703125
2017-10-23,50.824031829833984
2017-10-24,51.106143951416016
2017-10-25,50.4307746887207
2017-10-26,51.06339645385742
2017-10-27,50.85822296142578
2017-10-30,49.98621368408203
2017-10-31,49.43907928466797
2017-11-01,50.26833724975586
2017-11-02,49.969112396240234
2017-11-03,49.58441162109375
2017-11-06,49.56730651855469
2017-11-07,49.31938934326172
2017-11-08,49.32794952392578
2017-11-09,48.319149017333984
2017-11-10,47.72926712036133
2017-11-13,47.61813735961914
2017-11-14,46.90001678466797
2017-11-15,46.968406677246094
2017-11-16,46.840179443359375
2017-11-17,46.848716735839844
2017-11-20,47.49843978881836
2017-11-21,47.85750198364258
2017-11-22,48.002838134765625
2017-11-24,47.81475830078125
2017-11-27,47.74636459350586
2017-11-28,48.11397171020508
2017-11-29,49.03727722167969
2017-11-30,49.156959533691406
2017-12-01,48.9859733581543
2017-12-04,50.285430908203125
2017-12-05,49.276649475097656
2017-12-06,49.533111572265625
2017-12-07,50.08880615234375
2017-12-08,51.43955612182617
2017-12-11,52.379947662353516
2017-12-12,52.96127700805664
2017-12-13,52.87579345703125
2017-12-14,50.90096664428711
2017-12-15,51.38825988769531
2017-12-18,53.01258087158203
2017-12-19,53.37164306640625
2017-12-20,54.58560562133789
2017-12-21,55.16693115234375
2017-12-22,55.19257736206055
2017-12-26,55.33791732788086
2017-12-27,55.23533248901367
2017-12-28,55.329917907714844
2017-12-29,54.67634201049805
2018-01-02,57.204612731933594
2018-01-03,57.952796936035156
2018-01-04,57.80660629272461
2018-01-05,58.35699462890625
2018-01-08,58.68375015258789
2018-01-09,58.288185119628906
2018-01-10,59.28575897216797
2018-01-11,60.35209274291992
2018-01-12,59.35454559326172
2018-01-16,59.294342041015625
2018-01-17,59.56092834472656
2018-01-18,59.18254089355469
2018-01-19,59.0965576171875
2018-01-22,59.3287467956543
2018-01-23,59.32014083862305
2018-01-24,59.3459587097168
2018-01-25,58.68375015258789
2018-01-26,59.801734924316406
2018-01-29,59.37174606323242
2018-01-30,57.462615966796875
2018-01-31,57.5830192565918
2018-02-01,57.08424377441406
2018-02-02,55.243927001953125
2018-02-05,53.7819938659668
2018-02-06,54.693546295166016
2018-02-07,54.1087760925293
2018-02-08,51.924468994140625
2018-02-09,53.11981964111328
2018-02-12,54.55595397949219
2018-02-13,55.106327056884766
2018-02-14,56.060890197753906
2018-02-15,56.39627456665039
2018-02-16,58.94175720214844
2018-02-20,58.09899139404297
2018-02-21,57.48841857910156
2018-02-22,57.57441711425781
2018-02-23,57.56581497192383
2018-02-26,58.37417984008789
2018-02-27,57.86681365966797
2018-02-28,56.241485595703125
2018-03-01,58.07319641113281
2018-03-02,58.37417984008789
2018-03-05,58.35699462890625
2018-03-06,58.288185119628906
2018-03-07,59.75011444091797
2018-03-08,58.159183502197266
2018-03-09,57.75503158569336
2018-03-12,58.21080780029297
2018-03-13,58.07319641113281
2018-03-14,56.7574577331543
2018-03-15,56.912254333496094
2018-03-16,57.264835357666016
2018-03-19,56.181278228759766
2018-03-20,55.20951461791992
2018-03-21,56.19847106933594
2018-03-22,52.53504180908203
2018-03-23,51.11610794067383
2018-03-26,52.113651275634766
2018-03-27,51.79548263549805
2018-03-28,51.33680725097656
2018-03-29,52.86859893798828
2018-04-02,51.795475006103516
2018-04-03,52.608978271484375
2018-04-04,52.90321731567383
2018-04-05,54.60810089111328
2018-04-06,52.522430419921875
2018-04-09,52.39262771606445
2018-04-10,53.79459762573242
2018-04-11,52.773399353027344
2018-04-12,53.58689880371094
2018-04-13,53.3359260559082
2018-04-16,54.054222106933594
2018-04-17,55.499481201171875
2018-04-18,56.615875244140625
2018-04-19,56.364891052246094
2018-04-20,54.99753952026367
2018-04-23,54.41770553588867
2018-04-24,53.881141662597656
2018-04-25,54.67733383178711
2018-04-26,54.64271545410156
2018-04-27,53.68208694458008
2018-04-30,53.327266693115234
2018-05-01,52.23683547973633
2018-05-02,52.78207015991211
2018-05-03,52.981117248535156
2018-05-04,54.469635009765625
2018-05-07,54.38309097290039
2018-05-08,54.192691802978516
2018-05-09,54.270591735839844
2018-05-10,55.25717544555664
2018-05-11,54.62540817260742
2018-05-14,54.31385040283203
2018-05-15,54.521549224853516
2018-05-16,56.23509216308594
2018-05-17,56.91012191772461
2018-05-18,56.719722747802734
2018-05-21,56.40817642211914
2018-05-22,56.29567337036133
2018-05-23,55.57737731933594
2018-05-24,55.91489028930664
2018-05-25,55.36102294921875
2018-05-29,54.27924346923828
2018-05-30,55.47351837158203
2018-05-31,55.551414489746094
2018-06-01,56.944740295410156
2018-06-04,56.797611236572266
2018-06-05,57.36014175415039
2018-06-06,58.21690368652344
2018-06-07,57.47264862060547
2018-06-08,57.85342025756836
2018-06-11,58.0524787902832
2018-06-12,58.0438346862793
2018-06-13,57.78419876098633
2018-06-14,59.30735397338867
2018-06-15,57.85342025756836
2018-06-18,57.76689147949219
2018-06-19,56.659149169921875
2018-06-20,57.013973236083984
2018-06-21,56.13990020751953
2018-06-22,57.290916442871094
2018-06-25,54.91965103149414
2018-06-26,55.490821838378906
2018-06-27,54.512908935546875
2018-06-28,54.591251373291016
2018-06-29,54.41713333129883
2018-07-02,54.72186279296875
2018-07-03,53.70317459106445
2018-07-05,54.85245895385742
2018-07-06,55.148494720458984
2018-07-09,55.87114715576172
2018-07-10,56.35873031616211
2018-07-11,55.653480529785156
2018-07-12,55.609954833984375
2018-07-13,55.827613830566406
2018-07-16,55.731849670410156
2018-07-17,56.26295471191406
2018-07-18,57.124935150146484
2018-07-19,56.306488037109375
2018-07-20,57.68216323852539
2018-07-23,58.09137725830078
2018-07-24,59.049095153808594
2018-07-25,59.18840789794922
2018-07-26,58.822731018066406
2018-07-27,58.86626052856445
2018-07-30,58.518001556396484
2018-07-31,58.27421188354492
2018-08-01,57.194580078125
2018-08-02,56.19330596923828
2018-08-03,56.13235855102539
2018-08-06,55.731849670410156
2018-08-07,56.19330596923828
2018-08-08,56.10623550415039
2018-08-09,55.20944595336914
2018-08-10,55.24427032470703
2018-08-13,54.99176788330078
2018-08-14,55.34004592895508
2018-08-15,53.20689392089844
2018-08-16,53.7728271484375
2018-08-17,54.31264877319336
2018-08-20,54.460662841796875
2018-08-21,55.54900360107422
2018-08-22,55.54029846191406
2018-08-23,53.99919891357422
2018-08-24,54.43455123901367
2018-08-27,55.470645904541016
2018-08-28,55.57512283325195
2018-08-29,55.80149459838867
2018-08-30,54.66962432861328
2018-08-31,54.41713333129883
2018-09-04,54.164634704589844
2018-09-05,55.40099334716797
2018-09-06,55.12238311767578
2018-09-07,55.061424255371094
2018-09-10,54.364891052246094
2018-09-11,54.591251373291016
2018-09-12,55.34004592895508
2018-09-13,55.28779983520508
2018-09-14,54.48678207397461
2018-09-17,54.895999908447266
2018-09-18,55.95822525024414
2018-09-19,56.45450973510742
2018-09-20,56.080116271972656
2018-09-21,56.053993225097656
2018-09-24,55.453224182128906
2018-09-25,56.29779052734375
2018-09-26,55.10496139526367
2018-09-27,55.24510955810547
2018-09-28,55.57796096801758
2018-10-01,56.322505950927734
2018-10-02,57.19844436645508
2018-10-03,57.27727127075195
2018-10-04,56.93566131591797
2018-10-05,56.31374740600586
2018-10-08,56.690399169921875
2018-10-09,55.79694366455078
2018-10-10,53.46697235107422
2018-10-11,52.95892333984375
2018-10-12,53.26549530029297
2018-10-15,51.47858810424805
2018-10-16,51.63627243041992
2018-10-17,51.75889205932617
2018-10-18,51.0669059753418
2018-10-19,51.14573669433594
2018-10-22,51.83772277832031
2018-10-23,51.34720993041992
2018-10-24,48.75444793701172
2018-10-25,50.558860778808594
2018-10-26,49.166133880615234
2018-10-29,49.796810150146484
2018-10-30,50.72529602050781
2018-10-31,51.78517532348633
2018-11-01,52.56474304199219
2018-11-02,53.011474609375
2018-11-05,53.74726104736328
2018-11-06,54.68452072143555
2018-11-07,56.24367141723633
2018-11-08,56.16483688354492
2018-11-09,54.991085052490234
2018-11-12,54.44800567626953
2018-11-13,55.253868103027344
2018-11-14,54.39545440673828
2018-11-15,55.05240249633789
2018-11-16,55.38526153564453
2018-11-19,54.43049621582031
2018-11-20,52.71366500854492
2018-11-21,53.13411331176758
2018-11-23,52.04795455932617
2018-11-26,52.03043746948242
2018-11-27,51.04939270019531
2018-11-28,52.249420166015625
2018-11-29,52.53847122192383
2018-11-30,52.915130615234375
2018-12-03,53.59833908081055
2018-12-04,52.2581787109375
2018-12-06,51.83772277832031
2018-12-07,50.37491989135742
2018-12-10,49.910675048828125
2018-12-11,49.45518493652344
2018-12-12,49.3150520324707
2018-12-13,48.78948211669922
2018-12-14,49.393882751464844
2018-12-17,48.01865768432617
2018-12-18,48.15005874633789
2018-12-19,46.96753692626953
2018-12-20,45.77627182006836
2018-12-21,45.487213134765625
2018-12-24,43.82294464111328
2018-12-26,45.820064544677734
2018-12-27,45.951454162597656
2018-12-28,45.810237884521484
2018-12-31,45.730796813964844
2019-01-02,46.08385467529297
2019-01-03,45.28063201904297
2019-01-04,47.513771057128906
2019-01-07,47.151878356933594
2019-01-08,48.77598190307617
2019-01-09,49.35853958129883
2019-01-10,49.861663818359375
2019-01-11,49.949920654296875
2019-01-14,49.65864181518555
2019-01-15,49.3232307434082
2019-01-16,50.19706344604492
2019-01-17,50.96499252319336
2019-01-18,51.83881759643555
2019-01-22,50.9296875
2019-01-23,50.5589599609375
2019-01-24,50.19706344604492
2019-01-25,51.28274917602539
2019-01-28,51.63581085205078
2019-01-29,53.074546813964844
2019-01-30,53.25990676879883
2019-01-31,54.05430603027344
2019-02-01,54.266151428222656
2019-02-04,54.81340408325195
2019-02-05,54.177879333496094
2019-02-06,53.34816360473633
2019-02-07,52.377254486083984
2019-02-08,52.800926208496094
2019-02-11,52.87154006958008
2019-02-12,54.35441207885742
2019-02-13,54.06312942504883
2019-02-14,52.72147750854492
2019-02-15,52.51847457885742
2019-02-19,52.86272048950195
2019-02-20,54.266151428222656
2019-02-21,53.89542770385742
2019-02-22,54.01016616821289
2019-02-25,54.24849319458008
2019-02-26,53.89542770385742
2019-02-27,53.75420379638672
2019-02-28,53.46291732788086
2019-03-01,53.286399841308594
2019-03-04,53.710060119628906
2019-03-05,53.286399841308594
2019-03-06,52.650875091552734
2019-03-07,52.08597183227539
2019-03-08,51.009117126464844
2019-03-11,52.0506591796875
2019-03-12,52.13009262084961
2019-03-13,52.51847457885742
2019-03-14,51.91825485229492
2019-03-15,51.662288665771484
2019-03-18,51.997703552246094
2019-03-19,52.0506591796875
2019-03-20,51.32688522338867
2019-03-21,51.91825485229492
2019-03-22,50.31181716918945
2019-03-25,50.20589065551758
2019-03-26,50.25886154174805
2019-03-27,50.823768615722656
2019-03-28,51.214847564697266
2019-03-29,51.863704681396484
2019-04-01,53.072513580322266
2019-04-02,52.876976013183594
2019-04-03,53.8458137512207
2019-04-04,53.95246887207031
2019-04-05,53.94358444213867
2019-04-08,53.756927490234375
2019-04-09,52.29924011230469
2019-04-10,51.75704574584961
2019-04-11,51.25928497314453
2019-04-12,52.0325813293457
2019-04-15,51.463722229003906
2019-04-16,51.74814987182617
2019-04-17,51.552608489990234
2019-04-18,51.10820007324219
2019-04-22,50.64599609375
2019-04-23,52.10367965698242
2019-04-24,51.83704376220703
2019-04-25,51.01930236816406
2019-04-26,50.12158203125
2019-04-29,50.55710983276367
2019-04-30,50.725990295410156
2019-05-01,49.6416015625
2019-05-02,49.68605041503906
2019-05-03,51.241519927978516
2019-05-06,50.379337310791016
2019-05-07,49.93492889404297
2019-05-08,50.14823532104492
2019-05-09,50.27268600463867
2019-05-10,50.485992431640625
2019-05-13,48.610557556152344
2019-05-14,49.04608154296875
2019-05-15,48.770538330078125
2019-05-16,48.868316650390625
2019-05-17,47.36617660522461
2019-05-20,46.77065658569336
2019-05-21,47.71282958984375
2019-05-22,47.00176239013672
2019-05-23,45.67738342285156
2019-05-24,45.47296142578125
2019-05-28,45.339630126953125
2019-05-29,45.11741638183594
2019-05-30,43.80193328857422
2019-05-31,42.66423034667969
2019-06-03,44.24635314941406
2019-06-04,44.57524108886719
2019-06-05,44.9663200378418
2019-06-06,44.815208435058594
2019-06-07,45.18852615356445
2019-06-10,45.27741241455078
2019-06-11,45.98848342895508
2019-06-12,45.44629669189453
2019-06-13,46.344024658203125
2019-06-14,45.952919006347656
2019-06-17,45.1085319519043
2019-06-18,46.77065658569336
2019-06-19,48.2194709777832
2019-06-20,47.82837677001953
2019-06-21,47.943931579589844
2019-06-24,47.76616287231445
2019-06-25,48.25502395629883
2019-06-26,48.99275588989258
2019-06-27,48.858455657958984
2019-06-28,49.33297348022461
2019-07-01,49.843318939208984
2019-07-02,49.36878967285156
2019-07-03,49.50310134887695
2019-07-05,49.5210075378418
2019-07-08,48.840553283691406
2019-07-09,48.813682556152344
2019-07-10,48.50031280517578
2019-07-11,48.43764877319336
2019-07-12,49.395652770996094
2019-07-15,49.449378967285156
2019-07-16,49.744834899902344
2019-07-17,48.974849700927734
2019-07-18,48.96588897705078
2019-07-19,50.77445983886719
2019-07-22,50.38051223754883
2019-07-23,50.65807342529297
2019-07-24,50.65807342529297
2019-07-25,50.317848205566406
2019-07-26,50.28202819824219
2019-07-29,49.89704895019531
2019-07-30,50.362613677978516
2019-07-31,48.68833541870117
2019-08-01,47.506500244140625
2019-08-02,47.06777572631836
2019-08-05,45.438270568847656
2019-08-06,45.966522216796875
2019-08-07,45.885948181152344
2019-08-08,46.70964813232422
2019-08-09,45.71582794189453
2019-08-12,44.193756103515625
2019-08-13,44.91897201538086
2019-08-14,43.414817810058594
2019-08-15,42.71644973754883
2019-08-16,43.656551361083984
2019-08-19,44.686187744140625
2019-08-20,43.898292541503906
2019-08-21,44.041542053222656
2019-08-22,43.80876159667969
2019-08-23,42.0359992980957
2019-08-26,42.43889617919922
2019-08-27,41.73158645629883
2019-08-28,42.34935760498047
2019-08-29,43.701316833496094
2019-08-30,43.85353469848633
2019-09-03,43.47749328613281
2019-09-04,44.140037536621094
2019-09-05,45.08013153076172
2019-09-06,44.91002655029297
2019-09-09,45.86802291870117
2019-09-10,47.12150573730469
2019-09-11,47.68556213378906
2019-09-12,48.070560455322266
2019-09-13,47.9899787902832
2019-09-16,47.59602737426758
2019-09-17,47.53335189819336
2019-09-18,47.354286193847656
2019-09-19,47.202083587646484
2019-09-20,47.112545013427734
2019-09-23,47.327430725097656
2019-09-24,45.3308219909668
2019-09-25,46.270931243896484
2019-09-26,44.52043533325195
2019-09-27,45.12498474121094
2019-09-30,45.93708038330078
2019-10-01,45.48591995239258
2019-10-02,44.50238800048828
2019-10-03,44.72795867919922
2019-10-04,45.188148498535156
2019-10-07,44.82722854614258
2019-10-08,43.89783477783203
2019-10-09,44.03318405151367
2019-10-10,45.30545425415039
2019-10-11,47.5341796875
2019-10-14,46.676979064941406
2019-10-15,47.65148162841797
2019-10-16,46.48748779296875
2019-10-17,46.69502258300781
2019-10-18,46.63186264038086
2019-10-21,46.73112106323242
2019-10-22,47.949249267578125
2019-10-23,47.795860290527344
2019-10-24,47.56124496459961
2019-10-25,48.56282424926758
2019-10-28,49.383934020996094
2019-10-29,49.29370880126953
2019-10-30,49.05007553100586
2019-10-31,48.58989334106445
2019-11-01,49.94337463378906
2019-11-04,50.44866943359375
2019-11-05,50.051658630371094
2019-11-06,49.75388717651367
2019-11-07,50.09676742553711
2019-11-08,50.13286209106445
2019-11-11,50.042625427246094
2019-11-12,49.898250579833984
2019-11-13,49.32979202270508
2019-11-14,49.167381286621094
2019-11-15,49.58244323730469
2019-11-18,50.042625427246094
2019-11-19,49.44709396362305
2019-11-20,48.81548309326172
2019-11-21,48.941802978515625
2019-11-22,49.84412384033203
2019-11-25,50.457698822021484
2019-11-26,50.538902282714844
2019-11-27,50.890804290771484
2019-11-29,50.85472106933594
2019-12-02,51.10737609863281
2019-12-03,49.88020706176758
2019-12-04,50.37649154663086
2019-12-05,50.97201919555664
2019-12-06,51.98262405395508
2019-12-09,52.10894012451172
2019-12-10,52.09992218017578
2019-12-11,52.44279861450195
2019-12-12,52.433780670166016
2019-12-13,50.95397186279297
2019-12-16,50.97201919555664
2019-12-17,51.58559036254883
2019-12-18,51.468292236328125
2019-12-19,51.00809860229492
2019-12-20,51.332950592041016
2019-12-23,51.224666595458984
2019-12-24,51.12540817260742
2019-12-26,51.25173568725586
2019-12-27,51.143455505371094
2019-12-30,50.96442794799805
2019-12-31,51.14617919921875
2020-01-02,50.09199523925781
2020-01-03,49.428592681884766
2020-01-06,49.01055145263672
2020-01-07,48.90149688720703
2020-01-08,48.783355712890625
2020-01-09,48.619773864746094
2020-01-10,47.95635986328125
2020-01-13,48.50163650512695
2020-01-14,49.07416915893555
2020-01-15,48.55616760253906
2020-01-16,48.48345947265625
2020-01-17,48.90149688720703
2020-01-21,47.583770751953125
2020-01-22,47.229339599609375
2020-01-23,47.0294075012207
2020-01-24,45.73893356323242
2020-01-27,44.693843841552734
2020-01-28,44.95738983154297
2020-01-29,43.676002502441406
2020-01-30,44.40303039550781
2020-01-31,43.157997131347656
2020-02-03,43.56695556640625
2020-02-04,44.384857177734375
2020-02-05,45.002830505371094
2020-02-06,44.57569885253906
2020-02-07,43.54878234863281
2020-02-10,43.3124885559082
2020-02-11,43.93046951293945
2020-02-12,43.95772171020508
2020-02-13,43.576045989990234
2020-02-14,42.8490104675293
2020-02-18,43.0671272277832
2020-02-19,43.35792922973633
2020-02-20,43.485172271728516
2020-02-21,44.13948059082031
2020-02-24,42.97624969482422
2020-02-25,40.867881774902344
2020-02-26,39.686458587646484
2020-02-27,37.99612808227539
2020-02-28,37.57807922363281
2020-03-02,38.804935455322266
2020-03-03,38.050655364990234
2020-03-04,39.250240325927734
2020-03-05,37.050994873046875
2020-03-06,35.99681091308594
2020-03-09,31.552871704101562
2020-03-10,33.743019104003906
2020-03-11,32.19810104370117
2020-03-12,28.871967315673828
2020-03-13,32.570709228515625
2020-03-16,27.845046997070312
2020-03-17,28.16312026977539
2020-03-18,26.672718048095703
2020-03-19,28.00862693786621
2020-03-20,27.835960388183594
2020-03-23,25.827552795410156
2020-03-24,29.062814712524414
2020-03-25,28.353965759277344
2020-03-26,30.480510711669922
2020-03-27,30.316932678222656
2020-03-30,32.1226806640625
2020-03-31,33.134559631347656
2020-04-01,33.024173736572266
2020-04-02,33.060977935791016
2020-04-03,32.7942008972168
2020-04-06,34.50519943237305
2020-04-07,34.33042526245117
2020-04-08,35.921844482421875
2020-04-09,36.27139663696289
2020-04-13,35.68266677856445
2020-04-14,35.30550765991211
2020-04-15,32.68381881713867
2020-04-16,32.66541290283203
2020-04-17,34.33962631225586
2020-04-20,33.603702545166016
2020-04-21,33.16216278076172
2020-04-22,33.4841194152832
2020-04-23,34.698387145996094
2020-04-24,34.836360931396484
2020-04-27,37.25568771362305
2020-04-28,37.246482849121094
2020-04-29,39.0954704284668
2020-04-30,37.890411376953125
2020-05-01,37.71562957763672
2020-05-04,37.770835876464844
2020-05-05,37.48566436767578
2020-05-06,37.25568771362305
2020-05-07,37.632835388183594
2020-05-08,38.81950759887695
2020-05-11,37.37527084350586
2020-05-12,35.885040283203125
2020-05-13,34.33042526245117
2020-05-14,34.4868049621582
2020-05-15,35.02034378051758
2020-05-18,37.58684539794922
2020-05-19,37.172889709472656
2020-05-20,37.4212646484375
2020-05-21,36.79574203491211
2020-05-22,36.31739807128906
2020-05-26,38.18477249145508
2020-05-27,39.64740753173828
2020-05-28,39.14146041870117
2020-05-29,38.87469482421875
2020-06-01,39.058677673339844
2020-06-02,39.76698684692383
2020-06-03,40.567298889160156
2020-06-04,41.06404113769531
2020-06-05,41.82755661010742
2020-06-08,41.845951080322266
2020-06-09,40.70528793334961
2020-06-10,40.567298889160156
2020-06-11,36.482967376708984
2020-06-12,37.89961624145508
2020-06-15,38.56193542480469
2020-06-16,41.01805114746094
2020-06-17,40.475303649902344
2020-06-18,40.03377151489258
2020-06-19,39.279449462890625
2020-06-22,38.911495208740234
2020-06-23,38.8379020690918
2020-06-24,37.41206359863281
2020-06-25,38.101985931396484
2020-06-26,37.3476676940918
2020-06-29,38.00084686279297
2020-06-30,38.474693298339844
2020-07-01,37.5177001953125
2020-07-02,38.46540832519531
2020-07-06,38.69768142700195
2020-07-07,38.260990142822266
2020-07-08,36.8487434387207
2020-07-09,36.04969024658203
2020-07-10,37.582740783691406
2020-07-13,37.10887908935547
2020-07-14,38.14950180053711
2020-07-15,38.725555419921875
2020-07-16,38.79988098144531
2020-07-17,38.335330963134766
2020-07-20,37.81502151489258
2020-07-21,38.92066955566406
2020-07-22,39.26443862915039
2020-07-23,39.571044921875
2020-07-24,39.812618255615234
2020-07-27,40.72315216064453
2020-07-28,39.645381927490234
2020-07-29,40.19355392456055
2020-07-30,39.673248291015625
2020-07-31,38.976417541503906
2020-08-03,39.8219108581543
2020-08-04,39.96126937866211
2020-08-05,40.3979606628418
2020-08-06,40.19355392456055
2020-08-07,41.19700241088867
2020-08-10,42.83224105834961
2020-08-11,42.191158294677734
2020-08-12,42.63712692260742
2020-08-13,42.2747688293457
2020-08-14,42.962318420410156
2020-08-17,43.083099365234375
2020-08-18,43.083099365234375
2020-08-19,42.54421615600586
2020-08-20,42.414146423339844
2020-08-21,41.522193908691406
2020-08-24,42.75790786743164
2020-08-25,42.339813232421875
2020-08-26,42.2747688293457
2020-08-27,42.321224212646484
2020-08-28,42.73004150390625
2020-08-31,42.23760986328125
2020-09-01,43.333961486816406
2020-09-02,44.095848083496094
2020-09-03,43.30609893798828
2020-09-04,43.57553482055664
2020-09-08,42.358394622802734
2020-09-09,42.79507827758789
2020-09-10,42.17256164550781
2020-09-11,42.6743049621582
2020-09-14,43.4175910949707
2020-09-15,43.47333908081055
2020-09-16,44.18875503540039
2020-09-17,45.49879837036133
2020-09-18,45.69392013549805
2020-09-21,42.55351638793945
2020-09-22,42.442012786865234
2020-09-23,41.50360870361328
2020-09-24,41.587223052978516
2020-09-25,42.0424919128418
2020-09-28,42.99019241333008
2020-09-29,41.93388366699219
2020-09-30,42.046356201171875
2020-10-01,42.22443389892578
2020-10-02,43.15234375
2020-10-05,44.314571380615234
2020-10-06,43.98651885986328
2020-10-07,45.5986442565918
2020-10-08,46.339088439941406
2020-10-09,45.79546356201172
2020-10-12,46.189125061035156
2020-10-13,45.61738204956055
2020-10-14,46.282867431640625
2020-10-15,46.17038345336914
2020-10-16,46.235992431640625
2020-10-19,45.898563385009766
2020-10-20,45.46742630004883
2020-10-21,45.40181350708008
2020-10-22,46.77024459838867
2020-10-23,47.042057037353516
2020-10-26,45.25184631347656
2020-10-27,45.195613861083984
2020-10-28,43.658470153808594
2020-10-29,44.93317413330078
2020-10-30,44.76445388793945
2020-11-02,45.80483627319336
2020-11-03,46.910831451416016
2020-11-04,44.005271911621094
2020-11-05,45.73923110961914
2020-11-06,45.3830680847168
2020-11-09,47.5762939453125
2020-11-10,48.532325744628906
2020-11-11,47.623165130615234
2020-11-12,46.49842834472656
2020-11-13,48.41984939575195
2020-11-16,50.89427185058594
2020-11-17,50.481868743896484
2020-11-18,49.600830078125
2020-11-19,49.516475677490234
2020-11-20,49.254032135009766
2020-11-23,50.30377960205078
2020-11-24,52.88129425048828
2020-11-25,51.34415817260742
2020-11-27,51.61598205566406
2020-11-30,50.3319091796875
2020-12-01,51.48476028442383
2020-12-02,51.64409255981445
2020-12-03,51.362911224365234
2020-12-04,52.88129425048828
2020-12-07,52.43141174316406
2020-12-08,52.993778228759766
2020-12-09,52.89067077636719
2020-12-10,53.52802658081055
2020-12-11,53.087501525878906
2020-12-14,52.16897964477539
2020-12-15,53.02189254760742
2020-12-16,52.900047302246094
2020-12-17,51.97214126586914
2020-12-18,50.5474739074707
2020-12-21,50.74430465698242
2020-12-22,49.760162353515625
2020-12-23,49.27278137207031
2020-12-24,49.15092468261719
2020-12-28,48.84162902832031
2020-12-29,48.81351089477539
2020-12-30,50.00845718383789
2020-12-31,50.24462127685547
2021-01-04,49.60226821899414
2021-01-05,51.07589340209961
2021-01-06,53.86252975463867
2021-01-07,53.0784912109375
2021-01-08,52.917903900146484
2021-01-11,53.65470886230469
2021-01-12,54.882728576660156
2021-01-13,53.569698333740234
2021-01-14,53.54136276245117
2021-01-15,52.39836120605469
2021-01-19,52.7856559753418
2021-01-20,52.67230224609375
2021-01-21,51.40650177001953
2021-01-22,51.74657440185547
2021-01-25,51.500972747802734
2021-01-26,49.87620544433594
2021-01-27,48.48762512207031
2021-01-28,47.54298782348633
2021-01-29,46.031593322753906
2021-02-01,46.30553436279297
2021-02-02,47.67523956298828
2021-02-03,48.799339294433594
2021-02-04,49.139404296875
2021-02-05,50.04624938964844
2021-02-08,50.72637939453125
2021-02-09,51.6521110534668
2021-02-10,51.916603088378906
2021-02-11,51.81269073486328
2021-02-12,53.220191955566406
2021-02-16,54.16481399536133
2021-02-17,53.84364318847656
2021-02-18,53.37132263183594
2021-02-19,54.826045989990234
2021-02-22,56.554718017578125
2021-02-23,57.489898681640625
2021-02-24,59.53972625732422
2021-02-25,58.10390090942383
2021-02-26,56.507476806640625
2021-03-01,58.11334991455078
2021-03-02,58.38729476928711
2021-03-03,58.85015106201172
2021-03-04,57.05537033081055
2021-03-05,59.43581771850586
2021-03-08,62.694786071777344
2021-03-09,62.213016510009766
2021-03-10,63.724422454833984
2021-03-11,64.07392883300781
2021-03-12,65.8970718383789
2021-03-15,65.65145874023438
2021-03-16,65.0941390991211
2021-03-17,66.35047912597656
2021-03-18,66.50161743164062
2021-03-19,67.37066650390625
2021-03-22,65.69868469238281
2021-03-23,63.77165985107422
2021-03-24,65.62312316894531
2021-03-25,68.78761291503906
2021-03-26,74.90878295898438
2021-03-29,74.38923645019531
2021-03-30,76.33098602294922
2021-03-31,76.217041015625
2021-04-01,75.84673309326172
2021-04-05,76.44493103027344
2021-04-06,75.80874633789062
2021-04-07,75.78026580810547
2021-04-08,75.58087921142578
2021-04-09,76.23603057861328
2021-04-12,76.46391296386719
2021-04-13,74.32752990722656
2021-04-14,75.068115234375
2021-04-15,74.91621398925781
2021-04-16,75.48592376708984
2021-04-19,75.42896270751953
2021-04-20,74.52690887451172
2021-04-21,76.13158416748047
2021-04-22,72.24809265136719
2021-04-23,73.9002456665039
2021-04-26,76.53038024902344
2021-04-27,76.6158447265625
2021-04-28,77.46089935302734
2021-04-29,78.24899291992188
2021-04-30,78.10655212402344
2021-05-03,81.37286376953125
2021-05-04,85.1329345703125
2021-05-05,88.14286804199219
2021-05-06,90.85845947265625
2021-05-07,93.7734603881836
2021-05-10,96.1852035522461
2021-05-11,96.83087921142578
2021-05-12,91.14330291748047
2021-05-13,95.71045684814453
2021-05-14,97.33411407470703
2021-05-17,100.95172882080078
2021-05-18,98.24563598632812
2021-05-19,96.40359497070312
2021-05-20,96.02378845214844
2021-05-21,96.97329711914062
2021-05-24,98.14120483398438
2021-05-25,94.99832916259766
2021-05-26,95.75792694091797
2021-05-27,95.94783782958984
2021-05-28,97.36259460449219
2021-06-01,105.1485824584961
2021-06-02,99.72686004638672
2021-06-03,101.66387176513672
2021-06-04,103.28752136230469
2021-06-07,101.94872283935547
2021-06-08,104.43643188476562
2021-06-09,102.14813232421875
2021-06-10,100.9422378540039
2021-06-11,101.20811462402344
2021-06-14,97.52400970458984
2021-06-15,96.77391052246094
2021-06-16,94.89388275146484
2021-06-17,90.44068145751953
2021-06-18,88.32327270507812
2021-06-21,91.0198745727539
2021-06-22,90.84896850585938
2021-06-23,91.12432861328125
2021-06-24,92.93788146972656
2021-06-25,91.8079833984375
2021-06-28,90.30775451660156
2021-06-29,90.2362289428711
2021-06-30,91.47586822509766
2021-07-01,92.16244506835938
2021-07-02,92.03845977783203
2021-07-06,88.25281524658203
2021-07-07,91.24701690673828
2021-07-08,89.34941101074219
2021-07-09,92.6583023071289
2021-07-12,93.22090148925781
2021-07-13,90.87513732910156
2021-07-14,90.66535186767578
2021-07-15,90.98954772949219
2021-07-16,87.7664794921875
2021-07-19,85.85934448242188
2021-07-20,87.2706298828125
2021-07-21,88.58654022216797
2021-07-22,89.49246215820312
2021-07-23,89.9501724243164
2021-07-26,93.22090148925781
2021-07-27,93.8121109008789
2021-07-28,94.78475952148438
2021-07-29,98.64669799804688
2021-07-30,99.19024658203125
2021-08-02,97.34032440185547
2021-08-03,101.71719360351562
2021-08-04,100.02938079833984
2021-08-05,96.79678344726562
2021-08-06,99.4667739868164
2021-08-09,102.7756576538086
2021-08-10,112.61649322509766
2021-08-11,117.02198028564453
2021-08-12,119.42497253417969
2021-08-13,120.3117904663086
2021-08-16,118.5095443725586
2021-08-17,114.01821899414062
2021-08-18,115.16251373291016
2021-08-19,111.97760772705078
2021-08-20,111.01451110839844
2021-08-23,114.26616668701172
2021-08-24,117.52738189697266
2021-08-25,114.39012908935547
2021-08-26,112.57835388183594
2021-08-27,114.2852554321289
2021-08-30,115.41999053955078
2021-08-31,112.1015625
2021-09-01,110.86193084716797
2021-09-02,109.92742156982422
2021-09-03,108.75454711914062
2021-09-07,109.43157196044922
2021-09-08,106.97136688232422
2021-09-09,107.34324645996094
2021-09-10,107.03811645507812
2021-09-13,104.12973022460938
2021-09-14,101.2690200805664
2021-09-15,104.53975677490234
2021-09-16,104.720947265625
2021-09-17,100.01985168457031
2021-09-20,92.38175964355469
2021-09-21,91.74288940429688
2021-09-22,92.66785430908203
2021-09-23,94.78475952148438
2021-09-24,96.23417663574219
2021-09-27,99.09488677978516
2021-09-28,98.14131164550781
2021-09-29,95.5325927734375
2021-09-30,94.28804779052734
2021-10-01,93.48389434814453
2021-10-04,92.65098571777344
2021-10-05,94.48905944824219
2021-10-06,91.89468383789062
2021-10-07,94.7284164428711
2021-10-08,93.79022216796875
2021-10-11,94.41249084472656
2021-10-12,95.3506851196289
2021-10-13,96.05911254882812
2021-10-14,96.9111328125
2021-10-15,97.43768310546875
2021-10-18,98.15567779541016
2021-10-19,98.89282989501953
2021-10-20,100.67346954345703
2021-10-21,97.71530151367188
2021-10-22,97.9642105102539
2021-10-25,104.75172424316406
2021-10-26,106.67597198486328
2021-10-27,103.58378601074219
2021-10-28,104.72300720214844
2021-10-29,106.88660430908203
2021-11-01,104.56024169921875
2021-11-02,102.64557647705078
2021-11-03,105.54631042480469
2021-11-04,107.03018188476562
2021-11-05,107.4131088256836
2021-11-08,111.28075408935547
2021-11-09,108.56192016601562
2021-11-10,105.6516342163086
2021-11-11,108.53321075439453
2021-11-12,107.45140075683594
2021-11-15,105.26868438720703
2021-11-16,106.9344482421875
2021-11-17,104.4549560546875
2021-11-18,106.9344482421875
2021-11-19,108.03538513183594
2021-11-22,114.56440734863281
2021-11-23,114.28678131103516
2021-11-24,110.84996032714844
2021-11-26,109.11717987060547
2021-11-29,107.28865814208984
2021-11-30,101.72654724121094
2021-12-01,100.2235336303711
2021-12-02,102.97107696533203
2021-12-03,105.78565216064453
2021-12-06,105.53673553466797
2021-12-07,109.14590454101562
2021-12-08,107.99708557128906
2021-12-09,108.07368469238281
2021-12-10,108.38003540039062
2021-12-13,110.62019348144531
2021-12-14,113.36774444580078
2021-12-15,103.60293579101562
2021-12-16,109.04058837890625
2021-12-17,112.96566772460938
2021-12-20,106.3887710571289
2021-12-21,107.71947479248047
2021-12-22,108.79167938232422
2021-12-23,109.42353057861328
2021-12-27,111.67327117919922
2021-12-28,109.56712341308594
2021-12-29,109.98834991455078
2021-12-30,109.46912384033203
2021-12-31,109.7575912475586
2022-01-03,108.69029998779297
2022-01-04,112.56521606445312
2022-01-05,117.9978256225586
2022-01-06,112.11329650878906
2022-01-07,110.03642272949219
2022-01-10,107.55570220947266
2022-01-11,106.57493591308594
2022-01-12,110.30564880371094
2022-01-13,108.38262176513672
2022-01-14,106.55573272705078
2022-01-18,102.59426879882812
2022-01-19,100.238525390625
2022-01-20,96.4789810180664
2022-01-21,89.4695053100586
2022-01-24,91.64253997802734
2022-01-25,90.56563568115234
2022-01-26,89.45989227294922
2022-01-27,93.01750183105469
2022-01-28,95.95016479492188
2022-01-31,97.49820709228516
2022-02-01,103.32500457763672
2022-02-02,107.67108917236328
2022-02-03,107.93070220947266
2022-02-04,106.97879028320312
2022-02-07,106.84417724609375
2022-02-08,111.12293243408203
2022-02-09,115.45940399169922
2022-02-10,116.91130065917969
2022-02-11,113.8536605834961
2022-02-14,112.8344497680664
2022-02-15,116.90168762207031
2022-02-16,117.94013214111328
2022-02-17,116.28631591796875
2022-02-18,118.19974517822266
2022-02-22,114.1421127319336
2022-02-23,113.44022369384766
2022-02-24,116.24785614013672
2022-02-25,125.04576873779297
2022-02-28,126.55534362792969
2022-03-01,125.95918273925781
2022-03-02,132.699462890625
2022-03-03,132.23794555664062
2022-03-04,133.38214111328125
2022-03-07,126.82459259033203
2022-03-08,121.11315155029297
2022-03-09,125.00729370117188
2022-03-10,128.4207000732422
2022-03-11,130.0457000732422
2022-03-14,126.96881866455078
2022-03-15,130.30528259277344
2022-03-16,129.91107177734375
2022-03-17,129.73797607421875
2022-03-18,130.92066955566406
2022-03-21,137.25709533691406
2022-03-22,138.458984375
2022-03-23,141.47817993164062
2022-03-24,147.61265563964844
2022-03-25,151.55490112304688
2022-03-28,147.9299774169922
2022-03-29,144.7088623046875
2022-03-30,144.19754028320312
2022-03-31,143.40647888183594
2022-04-01,143.99493408203125
2022-04-04,144.2457733154297
2022-04-05,143.55116271972656
2022-04-06,141.3226776123047
2022-04-07,145.58677673339844
2022-04-08,145.4420928955078
2022-04-11,147.4100799560547
2022-04-12,151.69345092773438
2022-04-13,157.47218322753906
2022-04-14,159.48846435546875
2022-04-18,164.32174682617188
2022-04-19,165.76881408691406
2022-04-20,163.27984619140625
2022-04-21,169.3961944580078
2022-04-22,155.36907958984375
2022-04-25,152.96688842773438
2022-04-26,151.4908905029297
2022-04-27,153.38174438476562
2022-04-28,154.9832000732422
2022-04-29,149.32025146484375
2022-05-02,144.69921875
2022-05-03,146.7926788330078
2022-05-04,149.07908630371094
2022-05-05,135.85267639160156
2022-05-06,131.73329162597656
2022-05-09,125.44329071044922
2022-05-10,124.96092224121094
2022-05-11,121.52649688720703
2022-05-12,120.243408203125
2022-05-13,119.42340850830078
2022-05-16,115.52592468261719
2022-05-17,120.65824127197266
2022-05-18,114.97601318359375
2022-05-19,116.45203399658203
2022-05-20,115.73814392089844
2022-05-23,121.85450744628906
2022-05-24,119.83824157714844
2022-05-25,124.1216049194336
2022-05-26,128.37608337402344
2022-05-27,132.88133239746094
2022-05-31,127.78758239746094
2022-06-01,126.09931182861328
2022-06-02,126.98684692382812
2022-06-03,124.16986083984375
2022-06-06,124.90303802490234
2022-06-07,129.06100463867188
2022-06-08,125.27928924560547
2022-06-09,119.29798889160156
2022-06-10,115.93109130859375
2022-06-13,108.30975341796875
2022-06-14,109.7086181640625
2022-06-15,112.35196685791016
2022-06-16,108.59915924072266
2022-06-17,109.96907806396484
2022-06-21,108.30010986328125
2022-06-22,104.03601837158203
2022-06-23,102.29952239990234
2022-06-24,107.14242553710938
2022-06-27,106.17771911621094
2022-06-28,104.16144561767578
2022-06-29,102.97899627685547
2022-06-30,101.19563293457031
2022-07-01,102.38776397705078
2022-07-05,101.37979125976562
2022-07-06,102.64947509765625
2022-07-07,107.08846282958984
2022-07-08,105.6540298461914
2022-07-11,104.5103530883789
2022-07-12,105.80909729003906
2022-07-13,106.33248138427734
2022-07-14,105.03374481201172
2022-07-15,106.9237060546875
2022-07-18,110.94593811035156
2022-07-19,113.6209716796875
2022-07-20,114.12495422363281
2022-07-21,124.56340026855469
2022-07-22,116.17000579833984
2022-07-25,118.47672271728516
2022-07-26,119.5137939453125
2022-07-27,123.41002655029297
2022-07-28,126.385498046875
2022-07-29,131.61927795410156
2022-08-01,130.7081756591797
2022-08-02,128.07192993164062
2022-08-03,127.35472106933594
2022-08-04,130.11700439453125
2022-08-05,132.4333953857422
2022-08-08,132.34617614746094
2022-08-09,134.32337951660156
2022-08-10,137.1341094970703
2022-08-11,137.53146362304688
2022-08-12,138.49098205566406
2022-08-15,137.50241088867188
2022-08-16,138.2583770751953
2022-08-17,136.14552307128906
2022-08-18,138.15179443359375
2022-08-19,133.91629028320312
2022-08-22,131.2412872314453
2022-08-23,133.22817993164062
2022-08-24,133.87754821777344
2022-08-25,139.7703857421875
2022-08-26,136.1842803955078
2022-08-29,135.2635040283203
2022-08-30,131.03773498535156
2022-08-31,128.84732055664062
2022-09-01,126.385498046875
2022-09-02,126.75381469726562
2022-09-06,130.31085205078125
2022-09-07,131.4351348876953
2022-09-08,135.1278533935547
2022-09-09,139.140380859375
2022-09-12,137.3570098876953
2022-09-13,131.91004943847656
2022-09-14,116.99382781982422
2022-09-15,113.65972900390625
2022-09-16,113.4755859375
2022-09-19,115.16201782226562
2022-09-20,110.02519226074219
2022-09-21,107.09815979003906
2022-09-22,105.49895477294922
2022-09-23,102.61068725585938
2022-09-26,100.20704650878906
2022-09-27,102.04854583740234
2022-09-28,103.62837219238281
2022-09-29,102.52800750732422
2022-09-30,104.18343353271484
2022-10-03,111.33087921142578
2022-10-04,116.18022918701172
2022-10-05,114.75853729248047
2022-10-06,114.7195816040039
2022-10-07,111.9930419921875
2022-10-10,114.97276306152344
2022-10-11,115.74205017089844
2022-10-12,116.18022918701172
2022-10-13,120.74720764160156
2022-10-14,115.5959701538086
2022-10-17,118.88731384277344
2022-10-18,121.19514465332031
2022-10-19,118.69255828857422
2022-10-20,121.64308166503906
2022-10-21,132.0039825439453
2022-10-24,131.2152099609375
2022-10-25,132.92904663085938
2022-10-26,133.4256591796875
2022-10-27,131.945556640625
2022-10-28,130.48489379882812
2022-10-31,127.93363189697266
2022-11-01,130.97177124023438
2022-11-02,125.34339904785156
2022-11-03,125.39209747314453
2022-11-04,130.0564422607422
2022-11-07,130.7965087890625
2022-11-08,130.9620361328125
2022-11-09,127.63175201416016
2022-11-10,135.38291931152344
2022-11-11,135.12001037597656
2022-11-14,138.46978759765625
2022-11-15,140.27125549316406
2022-11-16,137.88552856445312
2022-11-17,138.37240600585938
2022-11-18,138.30421447753906
2022-11-21,145.13035583496094
2022-11-22,148.1587677001953
2022-11-23,145.80227661132812
2022-11-25,145.27642822265625
2022-11-28,143.6599884033203
2022-11-29,143.13414001464844
2022-11-30,146.01649475097656
2022-12-01,145.3348388671875
2022-12-02,150.1549835205078
2022-12-05,147.0486602783203
2022-12-06,148.9669952392578
2022-12-07,145.87042236328125
2022-12-08,146.89288330078125
2022-12-09,143.2120361328125
2022-12-12,144.17605590820312
2022-12-13,145.5295867919922
2022-12-14,144.0494842529297
2022-12-15,130.58226013183594
2022-12-16,130.0953826904297
2022-12-19,128.3036346435547
2022-12-20,130.45567321777344
2022-12-21,133.8444061279297
2022-12-22,133.31857299804688
2022-12-23,132.51034545898438
2022-12-27,132.95828247070312
2022-12-28,130.66990661621094
2022-12-29,130.5526123046875
2022-12-30,128.8419952392578
2023-01-03,128.10888671875
2023-01-04,133.91514587402344
2023-01-05,133.96405029296875
2023-01-06,140.6890869140625
2023-01-09,137.8935089111328
2023-01-10,147.75628662109375
2023-01-11,151.02110290527344
2023-01-12,152.20387268066406
2023-01-13,154.01220703125
2023-01-17,151.6369171142578
2023-01-18,148.91952514648438
2023-01-19,147.4044189453125
2023-01-20,150.01431274414062
2023-01-23,150.38575744628906
2023-01-24,150.56167602539062
2023-01-25,153.1422576904297
2023-01-26,165.9961395263672
2023-01-27,163.112548828125
2023-01-30,162.62380981445312
2023-01-31,165.2141571044922
2023-02-01,171.03993225097656
2023-02-02,172.70166015625
2023-02-03,172.6527862548828
2023-02-06,166.0449981689453
2023-02-07,163.41558837890625
2023-02-08,162.56517028808594
2023-02-09,159.90643310546875
2023-02-10,160.41470336914062
2023-02-13,163.8358917236328
2023-02-14,167.40371704101562
2023-02-15,166.25027465820312
2023-02-16,165.9961395263672
2023-02-17,164.2855682373047
2023-02-21,159.8575439453125
2023-02-22,159.78912353515625
2023-02-23,159.6131591796875
2023-02-24,158.8702850341797
2023-02-27,160.5808868408203
2023-02-28,163.6697235107422
2023-03-01,166.89540100097656
2023-03-02,171.82192993164062
2023-03-03,174.35362243652344
2023-03-06,171.5873260498047
2023-03-07,167.35482788085938
2023-03-08,169.38800048828125
2023-03-09,164.0705108642578
2023-03-10,155.30247497558594
2023-03-13,151.9301300048828
2023-03-14,152.721923828125
2023-03-15,141.54930114746094
2023-03-16,142.1455535888672
2023-03-17,140.87481689453125
2023-03-20,144.54037475585938
2023-03-21,148.67515563964844
2023-03-22,144.2275848388672
2023-03-23,144.66744995117188
2023-03-24,145.3028106689453
2023-03-27,145.93817138671875
2023-03-28,144.90206909179688
2023-03-29,146.54421997070312
2023-03-30,148.45681762695312
2023-03-31,151.50718688964844
2023-04-03,151.487548828125
2023-04-04,141.0712432861328
2023-04-05,140.71817016601562
2023-04-06,142.7386474609375
2023-04-10,144.02349853515625
2023-04-11,145.86744689941406
2023-04-12,144.82778930664062
2023-04-13,144.01370239257812
2023-04-14,143.385986328125
2023-04-17,144.8376007080078
2023-04-18,148.1822052001953
2023-04-19,144.77874755859375
2023-04-20,152.7429962158203
2023-04-21,150.50674438476562
2023-04-24,152.06622314453125
2023-04-25,145.1122283935547
2023-04-26,141.72840881347656
2023-04-27,145.44569396972656
2023-04-28,145.33779907226562
2023-05-01,145.1710662841797
2023-05-02,143.74888610839844
2023-05-03,143.385986328125
2023-05-04,137.19703674316406
2023-05-05,139.5902099609375
2023-05-08,138.90362548828125
2023-05-09,137.48146057128906
2023-05-10,134.98036193847656
2023-05-11,134.87246704101562
2023-05-12,136.41236877441406
2023-05-15,137.78550720214844
2023-05-16,134.15647888183594
2023-05-17,136.9616241455078
2023-05-18,137.58935546875
2023-05-19,136.01023864746094
2023-05-22,137.27548217773438
2023-05-23,134.2937774658203
2023-05-24,130.81187438964844
2023-05-25,132.10655212402344
2023-05-26,133.52874755859375
2023-05-30,130.45880126953125
2023-05-31,129.52699279785156
2023-06-01,130.4783935546875
2023-06-02,138.5799560546875
2023-06-05,138.2366943359375
2023-06-06,140.75738525390625
2023-06-07,145.09263610839844
2023-06-08,144.02349853515625
2023-06-09,142.7582550048828
2023-06-12,145.632080078125
2023-06-13,151.4090576171875
2023-06-14,147.75064086914062
2023-06-15,148.2802734375
2023-06-16,148.50584411621094
2023-06-20,146.652099609375
2023-06-21,148.98646545410156
2023-06-22,150.3890380859375
2023-06-23,150.8402099609375
2023-06-26,152.389892578125
2023-06-27,157.68634033203125
2023-06-28,158.0296173095703
2023-06-29,160.70591735839844
2023-06-30,161.34547424316406
2023-07-03,162.9492950439453
2023-07-05,157.8721923828125
2023-07-06,157.54750061035156
2023-07-07,159.3480987548828
2023-07-10,161.52261352539062
2023-07-11,165.6354217529297
2023-07-12,166.94407653808594
2023-07-13,166.54063415527344
2023-07-14,164.0906524658203
2023-07-17,164.74005126953125
2023-07-18,168.52821350097656
2023-07-19,164.43502807617188
2023-07-20,163.3527069091797
2023-07-21,161.1978759765625
2023-07-24,163.9725799560547
2023-07-25,170.1024932861328
2023-07-26,166.19625854492188
2023-07-27,165.72396850585938
2023-07-28,166.2257843017578
2023-07-31,169.32516479492188
2023-08-01,170.22055053710938
2023-08-02,166.86534118652344
2023-08-03,169.02015686035156
2023-08-04,165.0647430419922
2023-08-07,166.54063415527344
2023-08-08,167.18019104003906
2023-08-09,166.6587371826172
2023-08-10,163.58883666992188
2023-08-11,163.8446807861328
2023-08-14,169.27598571777344
2023-08-15,166.53082275390625
2023-08-16,165.773193359375
2023-08-17,165.2320098876953
2023-08-18,165.6354217529297
2023-08-21,164.9663543701172
2023-08-22,165.7141571044922
2023-08-23,164.3267822265625
2023-08-24,162.3687744140625
2023-08-25,162.74264526367188
2023-08-28,164.25791931152344
2023-08-29,168.9611358642578
2023-08-30,167.52455139160156
2023-08-31,169.33502197265625
2023-09-01,169.8073272705078
2023-09-05,167.50491333007812
2023-09-06,165.89125061035156
2023-09-07,166.18641662597656
2023-09-08,162.29005432128906
2023-09-11,160.54847717285156
2023-09-12,160.4009246826172
2023-09-13,158.541259765625
2023-09-14,162.87059020996094
2023-09-15,152.92300415039062
2023-09-18,152.18505859375
2023-09-19,155.64849853515625
2023-09-20,152.89349365234375
2023-09-21,149.10533142089844
2023-09-22,150.6697998046875
2023-09-25,152.75575256347656
2023-09-26,149.30215454101562
2023-09-27,153.20835876464844
2023-09-28,155.73548889160156
2023-09-29,154.34359741210938
2023-10-02,152.79373168945312
2023-10-03,153.96844482421875
2023-10-04,154.91615295410156
2023-10-05,154.42254638671875
2023-10-06,155.2122802734375
2023-10-09,153.66244506835938
2023-10-10,153.89935302734375
2023-10-11,152.87271118164062
2023-10-12,145.65652465820312
2023-10-13,145.17279052734375
2023-10-16,147.08790588378906
2023-10-17,147.64073181152344
2023-10-18,143.2478485107422
2023-10-19,141.9052734375
2023-10-20,139.54595947265625
2023-10-23,138.68711853027344
2023-10-24,145.28138732910156
2023-10-25,142.74436950683594
2023-10-26,146.40676879882812
2023-10-27,146.20933532714844
2023-10-30,147.03854370117188
2023-10-31,145.8934326171875
2023-11-01,146.09088134765625
2023-11-02,149.31890869140625
2023-11-03,150.35543823242188
2023-11-06,151.1649169921875
2023-11-07,149.49659729003906
2023-11-08,150.99710083007812
2023-11-09,149.22021484375
2023-11-10,150.6614532470703
2023-11-13,150.97735595703125
2023-11-14,152.9911651611328
2023-11-15,154.56077575683594
2023-11-16,152.95167541503906
2023-11-17,154.74832153320312
2023-11-20,155.03460693359375
2023-11-21,155.76512145996094
2023-11-22,155.38009643554688
2023-11-24,155.14320373535156
2023-11-27,159.1609649658203
2023-11-28,159.0918731689453
2023-11-29,161.67823791503906
2023-11-30,167.78878784179688
2023-12-01,168.22317504882812
2023-12-04,165.25177001953125
2023-12-05,163.63282775878906
2023-12-06,160.15802001953125
2023-12-07,161.1254425048828
2023-12-08,160.0099334716797
2023-12-11,162.4679718017578
2023-12-12,161.6584930419922
2023-12-13,164.5805206298828
2023-12-14,168.65753173828125
2023-12-15,170.6022491455078
2023-12-18,171.98428344726562
2023-12-19,175.5775604248047
2023-12-20,173.43539428710938
2023-12-21,174.35348510742188
2023-12-22,175.77499389648438
2023-12-26,175.96255493164062
2023-12-27,175.58743286132812
2023-12-28,173.4684600830078
2023-12-29,172.3297576904297
2024-01-02,173.70608520507812
2024-01-03,174.83489990234375
2024-01-04,170.37911987304688
2024-01-05,168.89385986328125
2024-01-08,171.05242919921875
2024-01-09,165.4678497314453
2024-01-10,167.20065307617188
2024-01-11,166.53724670410156
2024-01-12,167.23036193847656
2024-01-16,169.12158203125
2024-01-17,167.3887939453125
2024-01-18,164.7648162841797
2024-01-19,165.15098571777344
2024-01-22,168.76513671875
2024-01-23,170.05235290527344
2024-01-24,170.93360900878906
2024-01-25,172.98326110839844
2024-01-26,173.3793487548828
2024-01-29,174.90420532226562
2024-01-30,187.04373168945312
2024-01-31,185.0930938720703
2024-02-01,183.79595947265625
2024-02-02,181.587890625
2024-02-05,180.5184783935547
2024-02-06,179.56793212890625
2024-02-07,184.3801727294922
2024-02-08,184.45938110351562
2024-02-09,184.7069091796875
2024-02-12,184.27125549316406
2024-02-13,177.71629333496094
2024-02-14,179.28077697753906
2024-02-15,184.52870178222656
2024-02-16,183.75636291503906
2024-02-20,182.18199157714844
2024-02-21,182.54835510253906
2024-02-22,184.8158416748047
2024-02-23,188.12303161621094
2024-02-26,189.70730590820312
2024-02-27,191.22225952148438
2024-02-28,190.30140686035156
2024-02-29,190.4103240966797
2024-03-01,188.8260498046875
2024-03-04,185.32083129882812
2024-03-05,182.9840087890625
2024-03-06,182.83547973632812
2024-03-07,184.5782012939453
2024-03-08,183.9940185546875
2024-03-11,183.00384521484375
2024-03-12,181.09278869628906
2024-03-13,182.29090881347656
2024-03-14,180.30064392089844
2024-03-15,186.6278533935547
2024-03-18,187.9348907470703
2024-03-19,189.07359313964844
2024-03-20,191.59852600097656
2024-03-21,194.45022583007812
2024-03-22,192.529296875
2024-03-25,193.55905151367188
2024-03-26,192.1530303955078
2024-03-27,197.1574249267578
2024-03-28,196.5020751953125
2024-04-01,198.58724975585938
2024-04-02,196.96875
2024-04-03,198.73619079589844
2024-04-04,197.69361877441406
2024-04-05,199.55039978027344
2024-04-08,199.46102905273438
2024-04-09,198.4680938720703
2024-04-10,196.7801055908203
2024-04-11,195.94602966308594
2024-04-12,193.15589904785156
2024-04-15,192.63955688476562
2024-04-16,190.7529754638672
2024-04-17,191.41824340820312
2024-04-18,189.42245483398438
2024-04-19,190.00828552246094
2024-04-22,190.27638244628906
2024-04-23,173.40638732910156
2024-04-24,171.5396728515625
2024-04-25,174.63763427734375
2024-04-26,174.18087768554688
2024-04-29,174.0021514892578
2024-04-30,167.3395538330078
2024-05-01,167.4785614013672
2024-05-02,169.31549072265625
2024-05-03,172.69146728515625
2024-05-06,169.8119659423828
2024-05-07,170.57652282714844
2024-05-08,168.60057067871094
2024-05-09,173.13829040527344
2024-05-10,173.2375946044922
2024-05-13,172.5127410888672
2024-05-14,171.40065002441406
2024-05-15,174.96530151367188
2024-05-16,172.20492553710938
2024-05-17,170.9041748046875
2024-05-20,169.72259521484375
2024-05-21,170.9041748046875
2024-05-22,169.8914031982422
2024-05-23,170.318359375
2024-05-24,170.06019592285156
2024-05-28,167.20054626464844
2024-05-29,165.42318725585938
2024-05-30,165.49269104003906
2024-05-31,167.6573028564453
2024-06-03,165.63169860839844
2024-06-04,160.0414581298828
2024-06-05,160.54786682128906
2024-06-06,162.1862030029297
2024-06-07,159.86273193359375
2024-06-10,156.1988067626953
2024-06-11,154.33206176757812
2024-06-12,153.3490753173828
2024-06-13,153.0313262939453
2024-06-14,153.59730529785156
2024-06-17,156.268310546875
2024-06-18,154.53067016601562
2024-06-20,155.70233154296875
2024-06-21,156.46688842773438
2024-06-24,154.46116638183594
2024-06-25,150.4099884033203
2024-06-26,153.46823120117188
2024-06-27,153.6171875
2024-06-28,157.51315307617188
2024-07-01,156.43701171875
2024-07-02,155.89895629882812
2024-07-03,155.85910034179688
2024-07-05,153.28834533691406
2024-07-08,151.9232635498047
2024-07-09,149.7112274169922
2024-07-10,152.81007385253906
2024-07-11,158.38999938964844
2024-07-12,160.52232360839844
2024-07-15,164.27879333496094
2024-07-16,165.5442352294922
2024-07-17,163.4119110107422
2024-07-18,165.075927734375
2024-07-19,161.91729736328125
2024-07-22,162.7542724609375
2024-07-23,160.970703125
2024-07-24,154.2349395751953
2024-07-25,156.4569549560547
2024-07-26,160.3130645751953
2024-07-29,158.83837890625
2024-07-30,158.85829162597656
2024-07-31,162.355712890625
2024-08-01,155.2213897705078
2024-08-02,150.50836181640625
2024-08-05,149.98025512695312
2024-08-06,149.42227172851562
2024-08-07,144.66937255859375
2024-08-08,145.12771606445312
2024-08-09,144.6195526123047
2024-08-12,140.8431396484375
2024-08-13,142.36766052246094
2024-08-14,140.75344848632812
2024-08-15,144.6992645263672
2024-08-16,144.70921325683594
2024-08-19,143.5533905029297
2024-08-20,142.88577270507812
2024-08-21,145.934814453125
2024-08-22,145.6956787109375
2024-08-23,147.20025634765625
2024-08-26,149.90054321289062
2024-08-27,149.83078002929688
2024-08-28,147.50914001464844
2024-08-29,149.4820556640625
2024-08-30,151.3652801513672
2024-09-03,143.91207885742188
2024-09-04,141.2018585205078
2024-09-05,139.0994110107422
2024-09-06,138.2923126220703
2024-09-09,140.4146728515625
2024-09-10,139.109375
2024-09-11,137.27598571777344
2024-09-12,140.0958251953125
2024-09-13,143.07510375976562
2024-09-16,142.44737243652344
2024-09-17,141.67015075683594
2024-09-18,142.46728515625
2024-09-19,148.4656982421875
2024-09-20,145.7853546142578
2024-09-23,146.47286987304688
2024-09-24,150.06993103027344
2024-09-25,148.3461456298828
2024-09-26,150.0500030517578
2024-09-27,150.1300048828125
2024-09-30,150.33999633789062
2024-10-01,152.7100067138672
2024-10-02,151.4499969482422
2024-10-03,151.2899932861328
2024-10-04,151.44000244140625
2024-10-07,152.75
2024-10-08,148.11000061035156
2024-10-09,151.82000732421875
2024-10-10,150.89999389648438
2024-10-11,151.91000366210938
2024-10-14,152.83999633789062
2024-10-15,151.63999938964844
2024-10-16,154.27000427246094
2024-10-17,158.08999633789062
2024-10-18,158.24000549316406
2024-10-21,156.11000061035156
2024-10-22,146.02000427246094
2024-10-23,141.66000366210938
2024-10-24,141.33999633789062
2024-10-25,141.47000122070312
2024-10-28,147.72999572753906
2024-10-29,147.1999969482422
2024-10-30,142.6999969482422
2024-10-31,141.83999633789062
2024-11-01,143.55999755859375
2024-11-04,142.60000610351562
2024-11-05,144.61000061035156
2024-11-06,167.74000549316406
2024-11-07,161.1699981689453
2024-11-08,158.83999633789062
2024-11-11,159.05999755859375
2024-11-12,153.88999938964844
2024-11-13,152.1999969482422
2024-11-14,146.3800048828125
2024-11-15,147.0800018310547
2024-11-18,147.25
2024-11-19,144.67999267578125
2024-11-20,148.1699981689453
2024-11-21,149.99000549316406
2024-11-22,151.9199981689453
2024-11-25,153.44000244140625
2024-11-26,154.0
2024-11-27,154.77000427246094
2024-11-29,154.69000244140625
2024-12-02,156.3699951171875
2024-12-03,154.97999572753906
2024-12-04,149.30999755859375
2024-12-05,145.57000732421875
2024-12-06,142.57000732421875
2024-12-09,144.5800018310547
2024-12-10,140.55999755859375
2024-12-11,138.44000244140625
2024-12-12,131.41000366210938
2024-12-13,125.25
2024-12-16,124.16000366210938
2024-12-17,120.9800033569336
