,NWS
2014-01-02,15.864556312561035
2014-01-03,15.722674369812012
2014-01-06,15.563054084777832
2014-01-07,15.359098434448242
2014-01-08,15.288151741027832
2014-01-09,15.341358184814453
2014-01-10,15.37682819366455
2014-01-13,15.146265983581543
2014-01-14,15.288151741027832
2014-01-15,15.20833969116211
2014-01-16,15.110797882080078
2014-01-17,15.093058586120605
2014-01-21,14.862494468688965
2014-01-22,14.782684326171875
2014-01-23,14.67626953125
2014-01-24,14.32155704498291
2014-01-27,14.32155704498291
2014-01-28,14.197406768798828
2014-01-29,14.117593765258789
2014-01-30,14.011181831359863
2014-01-31,13.842695236206055
2014-02-03,13.363828659057617
2014-02-04,13.363828659057617
2014-02-05,13.57665729522705
2014-02-06,13.887030601501465
2014-02-07,15.075325012207031
2014-02-10,15.20833969116211
2014-02-11,15.518712997436523
2014-02-12,15.341358184814453
2014-02-13,15.305886268615723
2014-02-14,15.270414352416992
2014-02-18,15.332489013671875
2014-02-19,15.297014236450195
2014-02-20,15.172865867614746
2014-02-21,15.270414352416992
2014-02-24,15.518712997436523
2014-02-25,15.62513256072998
2014-02-26,15.598526954650879
2014-02-27,15.660599708557129
2014-02-28,15.864556312561035
2014-03-03,15.696072578430176
2014-03-04,15.864556312561035
2014-03-05,15.864556312561035
2014-03-06,15.837956428527832
2014-03-07,15.55418586730957
2014-03-10,15.500977516174316
2014-03-11,15.403432846069336
2014-03-12,15.518712997436523
2014-03-13,15.137395858764648
2014-03-14,15.119661331176758
2014-03-17,15.146265983581543
2014-03-18,15.385695457458496
2014-03-19,15.288151741027832
2014-03-20,15.172865867614746
2014-03-21,15.084192276000977
2014-03-24,15.0398530960083
2014-03-25,14.93343734741211
2014-03-26,14.649665832519531
2014-03-27,14.631929397583008
2014-03-28,14.667403221130371
2014-03-31,14.809287071228027
2014-04-01,15.0132474899292
2014-04-02,15.030985832214355
2014-04-03,14.800421714782715
2014-04-04,14.818154335021973
2014-04-07,14.835892677307129
2014-04-08,14.764951705932617
2014-04-09,14.91569995880127
2014-04-10,14.614192962646484
2014-04-11,14.419102668762207
2014-04-14,14.54325008392334
2014-04-15,14.44570541381836
2014-04-16,14.55212116241455
2014-04-17,14.605324745178223
2014-04-21,14.773816108703613
2014-04-22,14.862494468688965
2014-04-23,15.004380226135254
2014-04-24,15.030985832214355
2014-04-25,14.880230903625488
2014-04-28,14.880230903625488
2014-04-29,14.90683364868164
2014-04-30,14.667403221130371
2014-05-01,14.862494468688965
2014-05-02,14.924569129943848
2014-05-05,14.93343734741211
2014-05-06,14.764951705932617
2014-05-07,14.667403221130371
2014-05-08,14.69400405883789
2014-05-09,15.430036544799805
2014-05-12,15.474370956420898
2014-05-13,15.350225448608398
2014-05-14,14.90683364868164
2014-05-15,14.685136795043945
2014-05-16,14.809287071228027
2014-05-19,14.782684326171875
2014-05-20,14.569855690002441
2014-05-21,14.631929397583008
2014-05-22,14.871362686157227
2014-05-23,14.844758033752441
2014-05-27,14.951173782348633
2014-05-28,14.818154335021973
2014-05-29,14.756082534790039
2014-05-30,14.711739540100098
2014-06-02,14.880230903625488
2014-06-03,15.004380226135254
2014-06-04,15.084192276000977
2014-06-05,15.314754486083984
2014-06-06,15.314754486083984
2014-06-09,15.297014236450195
2014-06-10,15.234945297241211
2014-06-11,15.22607707977295
2014-06-12,14.942305564880371
2014-06-13,14.835892677307129
2014-06-16,14.835892677307129
2014-06-17,14.90683364868164
2014-06-18,15.137395858764648
2014-06-19,15.217206954956055
2014-06-20,15.172865867614746
2014-06-23,14.93343734741211
2014-06-24,15.075325012207031
2014-06-25,15.252679824829102
2014-06-26,15.55418586730957
2014-06-27,15.563054084777832
2014-06-30,15.474370956420898
2014-07-01,15.60739517211914
2014-07-02,15.71380615234375
2014-07-03,15.758147239685059
2014-07-07,15.633996963500977
2014-07-08,15.589656829833984
2014-07-09,15.669466018676758
2014-07-10,15.527586936950684
2014-07-11,15.571919441223145
2014-07-14,15.598526954650879
2014-07-15,15.660599708557129
2014-07-16,15.633996963500977
2014-07-17,15.518712997436523
2014-07-18,15.651732444763184
2014-07-21,15.55418586730957
2014-07-22,15.527586936950684
2014-07-23,15.563054084777832
2014-07-24,15.722674369812012
2014-07-25,15.61626148223877
2014-07-28,15.509843826293945
2014-07-29,15.42116641998291
2014-07-30,15.412297248840332
2014-07-31,15.26154613494873
2014-08-01,15.394566535949707
2014-08-04,15.42116641998291
2014-08-05,15.270414352416992
2014-08-06,15.20833969116211
2014-08-07,15.075325012207031
2014-08-08,14.853625297546387
2014-08-11,15.022117614746094
2014-08-12,14.924569129943848
2014-08-13,14.862494468688965
2014-08-14,15.04871940612793
2014-08-15,14.90683364868164
2014-08-18,14.93343734741211
2014-08-19,14.853625297546387
2014-08-20,15.155133247375488
2014-08-21,15.24381160736084
2014-08-22,15.19947338104248
2014-08-25,15.350225448608398
2014-08-26,15.297014236450195
2014-08-27,15.332489013671875
2014-08-28,15.332489013671875
2014-08-29,15.305886268615723
2014-09-02,15.128532409667969
2014-09-03,15.297014236450195
2014-09-04,15.341358184814453
2014-09-05,15.42116641998291
2014-09-08,15.305886268615723
2014-09-09,15.04871940612793
2014-09-10,15.181737899780273
2014-09-11,15.030985832214355
2014-09-12,14.889097213745117
2014-09-15,14.827020645141602
2014-09-16,14.818154335021973
2014-09-17,14.782684326171875
2014-09-18,14.800421714782715
2014-09-19,14.93343734741211
2014-09-22,14.791552543640137
2014-09-23,14.773816108703613
2014-09-24,14.747210502624512
2014-09-25,14.560986518859863
2014-09-26,14.747210502624512
2014-09-29,14.631929397583008
2014-09-30,14.303820610046387
2014-10-01,14.028918266296387
2014-10-02,13.878165245056152
2014-10-03,13.975708961486816
2014-10-06,13.975708961486816
2014-10-07,13.59439468383789
2014-10-08,13.957976341247559
2014-10-09,13.532320022583008
2014-10-10,13.275150299072266
2014-10-13,12.884965896606445
2014-10-14,12.929306030273438
2014-10-15,12.840627670288086
2014-10-16,12.627799034118652
2014-10-17,12.645535469055176
2014-10-20,12.796287536621094
2014-10-21,13.310623168945312
2014-10-22,13.177605628967285
2014-10-23,13.390435218811035
2014-10-24,13.585525512695312
2014-10-27,13.363828659057617
2014-10-28,13.363828659057617
2014-10-29,13.425904273986816
2014-10-30,13.354964256286621
2014-10-31,13.346094131469727
2014-11-03,13.390435218811035
2014-11-04,13.071188926696777
2014-11-05,13.177605628967285
2014-11-06,13.292885780334473
2014-11-07,13.159870147705078
2014-11-10,13.24854850769043
2014-11-11,13.230813980102539
2014-11-12,13.30175495147705
2014-11-13,13.142133712768555
2014-11-14,13.28402042388916
2014-11-17,13.24854850769043
2014-11-18,13.221942901611328
2014-11-19,13.28402042388916
2014-11-20,13.088926315307617
2014-11-21,13.1510009765625
2014-11-24,13.346094131469727
2014-11-25,13.31949234008789
2014-11-26,13.479111671447754
2014-11-28,13.346094131469727
2014-12-01,13.346094131469727
2014-12-02,13.505715370178223
2014-12-03,13.52345085144043
2014-12-04,13.44364070892334
2014-12-05,13.505715370178223
2014-12-08,13.292885780334473
2014-12-09,13.399299621582031
2014-12-10,13.186473846435547
2014-12-11,13.106661796569824
2014-12-12,12.99138069152832
2014-12-15,12.636665344238281
2014-12-16,12.627799034118652
2014-12-17,12.743080139160156
2014-12-18,12.840627670288086
2014-12-19,12.9381742477417
2014-12-22,13.080059051513672
2014-12-23,13.292885780334473
2014-12-24,13.230813980102539
2014-12-26,13.337226867675781
2014-12-29,13.417035102844238
2014-12-30,13.46137809753418
2014-12-31,13.372700691223145
2015-01-02,13.28402042388916
2015-01-05,12.982512474060059
2015-01-06,12.831761360168457
2015-01-07,12.778552055358887
2015-01-08,13.071188926696777
2015-01-09,13.195343017578125
2015-01-12,13.053457260131836
2015-01-13,13.035719871520996
2015-01-14,12.97364616394043
2015-01-15,12.893834114074707
2015-01-16,12.893834114074707
2015-01-20,12.805157661437988
2015-01-21,12.814023971557617
2015-01-22,13.035719871520996
2015-01-23,13.000248908996582
2015-01-26,13.28402042388916
2015-01-27,13.221942901611328
2015-01-28,13.080059051513672
2015-01-29,12.822893142700195
2015-01-30,12.805157661437988
2015-02-02,12.840627670288086
2015-02-03,13.417035102844238
2015-02-04,13.399299621582031
2015-02-05,13.49685001373291
2015-02-06,13.984579086303711
2015-02-09,14.3392915725708
2015-02-10,14.454571723937988
2015-02-11,14.454571723937988
2015-02-12,14.507781982421875
2015-02-13,14.55212116241455
2015-02-17,14.685136795043945
2015-02-18,14.64079761505127
2015-02-19,14.67626953125
2015-02-20,14.782684326171875
2015-02-23,14.98664379119873
2015-02-24,14.995512962341309
2015-02-25,15.084192276000977
2015-02-26,14.951173782348633
2015-02-27,14.91569995880127
2015-03-02,15.075325012207031
2015-03-03,14.827020645141602
2015-03-04,14.738343238830566
2015-03-05,14.764951705932617
2015-03-06,14.55212116241455
2015-03-09,14.44570541381836
2015-03-10,14.12646484375
2015-03-11,14.241744995117188
2015-03-12,14.578723907470703
2015-03-13,14.534383773803711
2015-03-16,14.702872276306152
2015-03-17,14.596458435058594
2015-03-18,14.711739540100098
2015-03-19,14.54325008392334
2015-03-20,14.667403221130371
2015-03-23,14.729475021362305
2015-03-24,14.685136795043945
2015-03-25,14.401368141174316
2015-03-26,14.20627498626709
2015-03-27,14.144201278686523
2015-03-30,14.22400951385498
2015-03-31,14.073256492614746
2015-04-01,14.12646484375
2015-04-02,14.179672241210938
2015-04-06,14.268348693847656
2015-04-07,14.144201278686523
2015-04-08,14.090993881225586
2015-04-09,13.940240859985352
2015-04-10,13.94910717010498
2015-04-13,14.135331153869629
2015-04-14,14.055521965026855
2015-04-15,14.046651840209961
2015-04-16,13.922503471374512
2015-04-17,13.73627758026123
2015-04-20,13.727410316467285
2015-04-21,13.612130165100098
2015-04-22,13.665335655212402
2015-04-23,13.709675788879395
2015-04-24,13.683073997497559
2015-04-27,13.718541145324707
2015-04-28,14.064386367797852
2015-04-29,13.887030601501465
2015-04-30,13.807222366333008
2015-05-01,14.12646484375
2015-05-04,14.25061321258545
2015-05-05,14.117593765258789
2015-05-06,13.221942901611328
2015-05-07,13.221942901611328
2015-05-08,13.381564140319824
2015-05-11,13.824958801269531
2015-05-12,13.46137809753418
2015-05-13,13.390435218811035
2015-05-14,13.425904273986816
2015-05-15,13.567789077758789
2015-05-18,13.612130165100098
2015-05-19,13.647602081298828
2015-05-20,13.59439468383789
2015-05-21,13.620997428894043
2015-05-22,13.52345085144043
2015-05-26,13.337226867675781
2015-05-27,13.417035102844238
2015-05-28,13.390435218811035
2015-05-29,13.25741195678711
2015-06-01,13.30175495147705
2015-06-02,13.221942901611328
2015-06-03,13.24854850769043
2015-06-04,13.053457260131836
2015-06-05,12.982512474060059
2015-06-08,12.92043685913086
2015-06-09,12.681007385253906
2015-06-10,12.672138214111328
2015-06-11,12.645535469055176
2015-06-12,12.574591636657715
2015-06-15,12.459312438964844
2015-06-16,12.406103134155273
2015-06-17,12.370633125305176
2015-06-18,12.618928909301758
2015-06-19,12.929306030273438
2015-06-22,13.017984390258789
2015-06-23,13.000248908996582
2015-06-24,12.831761360168457
2015-06-25,12.716479301452637
2015-06-26,12.964777946472168
2015-06-29,12.44157600402832
2015-06-30,12.627799034118652
2015-07-01,12.681007385253906
2015-07-02,12.601197242736816
2015-07-06,12.264219284057617
2015-07-07,12.44157600402832
2015-07-08,12.246482849121094
2015-07-09,12.193277359008789
2015-07-10,12.264219284057617
2015-07-13,12.414970397949219
2015-07-14,12.432706832885742
2015-07-15,12.50364875793457
2015-07-16,12.672138214111328
2015-07-17,12.725346565246582
2015-07-20,12.840627670288086
2015-07-21,12.627799034118652
2015-07-22,12.645535469055176
2015-07-23,12.778552055358887
2015-07-24,12.796287536621094
2015-07-27,12.725346565246582
2015-07-28,12.672138214111328
2015-07-29,12.716479301452637
2015-07-30,12.672138214111328
2015-07-31,12.654400825500488
2015-08-03,12.468179702758789
2015-08-04,12.530255317687988
2015-08-05,12.592328071594238
2015-08-06,12.157803535461426
2015-08-07,12.264219284057617
2015-08-10,12.432706832885742
2015-08-11,12.184407234191895
2015-08-12,12.28195571899414
2015-08-13,13.20421028137207
2015-08-14,13.221942901611328
2015-08-17,13.354964256286621
2015-08-18,13.28402042388916
2015-08-19,13.20421028137207
2015-08-20,12.565726280212402
2015-08-21,12.299692153930664
2015-08-24,11.563660621643066
2015-08-25,11.678940773010254
2015-08-26,11.909505844116211
2015-08-27,12.246482849121094
2015-08-28,12.432706832885742
2015-08-31,12.264219284057617
2015-09-01,11.803091049194336
2015-09-02,11.82082748413086
2015-09-03,12.042523384094238
2015-09-04,11.607996940612793
2015-09-08,11.93610954284668
2015-09-09,11.82082748413086
2015-09-10,11.66120433807373
2015-09-11,11.66120433807373
2015-09-14,11.527166366577148
2015-09-15,11.598654747009277
2015-09-16,11.616524696350098
2015-09-17,11.750563621520996
2015-09-18,11.464617729187012
2015-09-21,11.527166366577148
2015-09-22,11.536105155944824
2015-09-23,11.464617729187012
2015-09-24,11.509297370910645
2015-09-25,11.491423606872559
2015-09-28,11.116121292114258
2015-09-29,11.098251342773438
2015-09-30,11.455681800842285
2015-10-01,11.500361442565918
2015-10-02,11.741629600524902
2015-10-05,12.04544448852539
2015-10-06,12.107994079589844
2015-10-07,12.233094215393066
2015-10-08,12.599462509155273
2015-10-09,12.608399391174316
2015-10-12,12.590527534484863
2015-10-13,12.53691291809082
2015-10-14,12.679884910583496
2015-10-15,12.912215232849121
2015-10-16,13.108803749084473
2015-10-19,13.189224243164062
2015-10-20,13.216032981872559
2015-10-21,12.885409355163574
2015-10-22,13.260710716247559
2015-10-23,13.537721633911133
2015-10-26,13.269646644592285
2015-10-27,13.162416458129883
2015-10-28,13.42155647277832
2015-10-29,13.55559253692627
2015-10-30,13.832600593566895
2015-11-02,14.020255088806152
2015-11-03,13.913023948669434
2015-11-04,13.948768615722656
2015-11-05,13.752181053161621
2015-11-06,13.52878475189209
2015-11-09,13.117738723754883
2015-11-10,13.081995010375977
2015-11-11,13.037317276000977
2015-11-12,12.760306358337402
2015-11-13,12.474361419677734
2015-11-16,12.742435455322266
2015-11-17,12.715624809265137
2015-11-18,12.831793785095215
2015-11-19,12.742435455322266
2015-11-20,12.885409355163574
2015-11-23,12.921152114868164
2015-11-24,13.04625129699707
2015-11-25,13.04625129699707
2015-11-27,12.840728759765625
2015-11-30,12.921152114868164
2015-12-01,13.207094192504883
2015-12-02,13.055187225341797
2015-12-03,12.54584789276123
2015-12-04,12.787115097045898
2015-12-07,12.662014961242676
2015-12-08,12.322454452514648
2015-12-09,12.349259376525879
2015-12-10,12.608399391174316
2015-12-11,12.206286430358887
2015-12-14,12.18841552734375
2015-12-15,12.340324401855469
2015-12-16,12.581592559814453
2015-12-17,12.286712646484375
2015-12-18,12.170544624328613
2015-12-21,12.358196258544922
2015-12-22,12.376069068908691
2015-12-23,12.733497619628906
2015-12-24,12.715624809265137
2015-12-28,12.563721656799316
2015-12-29,12.769242286682129
2015-12-30,12.599462509155273
2015-12-31,12.474361419677734
2016-01-04,12.21522331237793
2016-01-05,11.71481990814209
2016-01-06,11.822049140930176
2016-01-07,11.62546157836914
2016-01-08,11.62546157836914
2016-01-11,11.31270980834961
2016-01-12,11.464617729187012
2016-01-13,11.196542739868164
2016-01-14,11.696948051452637
2016-01-15,11.446745872497559
2016-01-19,11.375262260437012
2016-01-20,11.151865005493164
2016-01-21,11.366323471069336
2016-01-22,11.652270317077637
2016-01-25,11.464617729187012
2016-01-26,11.759501457214355
2016-01-27,11.670141220092773
2016-01-28,11.777372360229492
2016-01-29,11.929278373718262
2016-02-01,11.723755836486816
2016-02-02,11.23228645324707
2016-02-03,11.339515686035156
2016-02-04,11.419939994812012
2016-02-05,10.651460647583008
2016-02-08,10.061697959899902
2016-02-09,9.909790992736816
2016-02-10,9.94553279876709
2016-02-11,9.731075286865234
2016-02-12,10.070633888244629
2016-02-16,10.311899185180664
2016-02-17,10.365516662597656
2016-02-18,10.231477737426758
2016-02-19,10.356578826904297
2016-02-22,10.499553680419922
2016-02-23,10.38338565826416
2016-02-24,10.320837020874023
2016-02-25,10.26722240447998
2016-02-26,10.34764289855957
2016-02-29,10.195735931396484
2016-03-01,10.186800956726074
2016-03-02,10.338706970214844
2016-03-03,10.34764289855957
2016-03-04,10.481681823730469
2016-03-07,10.770084381103516
2016-03-08,10.445629119873047
2016-03-09,10.67094612121582
2016-03-10,10.571807861328125
2016-03-11,11.175653457641602
2016-03-14,10.950336456298828
2016-03-15,11.076512336730957
2016-03-16,11.518133163452148
2016-03-17,11.806535720825195
2016-03-18,11.635297775268555
2016-03-21,11.725421905517578
2016-03-22,11.896660804748535
2016-03-23,11.73443603515625
2016-03-24,11.761472702026367
2016-03-28,12.040863990783691
2016-03-29,12.07691478729248
2016-03-30,11.94172477722168
2016-03-31,11.94172477722168
2016-04-01,12.194079399108887
2016-04-04,11.905675888061523
2016-04-05,11.761472702026367
2016-04-06,11.94172477722168
2016-04-07,11.707396507263184
2016-04-08,11.50912094116211
2016-04-11,11.464056015014648
2016-04-12,11.635297775268555
2016-04-13,11.797523498535156
2016-04-14,11.878639221191406
2016-04-15,11.806535720825195
2016-04-18,11.644307136535645
2016-04-19,11.698384284973145
2016-04-20,11.689373970031738
2016-04-21,11.905675888061523
2016-04-22,11.986788749694824
2016-04-25,11.788512229919434
2016-04-26,11.959749221801758
2016-04-27,11.887649536132812
2016-04-28,11.779500007629395
2016-04-29,11.68035888671875
2016-05-02,11.878639221191406
2016-05-03,11.563196182250977
2016-05-04,11.437017440795898
2016-05-05,11.473071098327637
2016-05-06,11.860614776611328
2016-05-09,11.464056015014648
2016-05-10,11.50912094116211
2016-05-11,11.382942199707031
2016-05-12,11.130589485168457
2016-05-13,10.860212326049805
2016-05-16,10.977374076843262
2016-05-17,10.896262168884277
2016-05-18,10.815149307250977
2016-05-19,10.761073112487793
2016-05-20,11.040462493896484
2016-05-23,10.923297882080078
2016-05-24,11.01342487335205
2016-05-25,11.184667587280273
2016-05-26,11.031451225280762
2016-05-27,11.085524559020996
2016-05-31,11.121576309204102
2016-06-01,11.166641235351562
2016-06-02,11.22071647644043
2016-06-03,11.112564086914062
2016-06-06,11.283805847167969
2016-06-07,11.022438049316406
2016-06-08,11.022438049316406
2016-06-09,10.93231201171875
2016-06-10,10.67094612121582
2016-06-13,10.725022315979004
2016-06-14,10.616869926452637
2016-06-15,10.806133270263672
2016-06-16,10.56279468536377
2016-06-17,10.472667694091797
2016-06-20,10.607856750488281
2016-06-21,10.688971519470215
2016-06-22,10.869223594665527
2016-06-23,10.995399475097656
2016-06-24,10.364517211914062
2016-06-27,9.859810829162598
2016-06-28,9.931912422180176
2016-06-29,10.382540702819824
2016-06-30,10.517732620239258
2016-07-01,10.607856750488281
2016-07-05,10.49970531463623
2016-07-06,10.526745796203613
2016-07-07,10.616869926452637
2016-07-08,10.851198196411133
2016-07-11,11.040462493896484
2016-07-12,11.355905532836914
2016-07-13,11.48208236694336
2016-07-14,11.563196182250977
2016-07-15,11.536157608032227
2016-07-18,11.65332317352295
2016-07-19,11.698384284973145
2016-07-20,11.743447303771973
2016-07-21,11.626282691955566
2016-07-22,11.743447303771973
2016-07-25,11.770486831665039
2016-07-26,11.93271255493164
2016-07-27,11.860614776611328
2016-07-28,11.860614776611328
2016-07-29,12.112966537475586
2016-08-01,11.99580192565918
2016-08-02,11.842588424682617
2016-08-03,11.81554889678955
2016-08-04,11.896660804748535
2016-08-05,11.96876335144043
2016-08-08,11.93271255493164
2016-08-09,12.410383224487305
2016-08-10,12.37432861328125
2016-08-11,12.518534660339355
2016-08-12,12.653722763061523
2016-08-15,12.77088737487793
2016-08-16,12.761874198913574
2016-08-17,12.779899597167969
2016-08-18,12.752862930297852
2016-08-19,12.716812133789062
2016-08-22,12.824959754943848
2016-08-23,12.815950393676758
2016-08-24,12.806939125061035
2016-08-25,12.824959754943848
2016-08-26,12.924102783203125
2016-08-29,12.960151672363281
2016-08-30,12.933114051818848
2016-08-31,13.005213737487793
2016-09-01,12.897064208984375
2016-09-02,12.842986106872559
2016-09-06,12.653722763061523
2016-09-07,12.698785781860352
2016-09-08,12.77088737487793
2016-09-09,12.383344650268555
2016-09-12,13.164111137390137
2016-09-13,12.93714427947998
2016-09-14,13.018853187561035
2016-09-15,12.864514350891113
2016-09-16,12.710176467895508
2016-09-19,12.710176467895508
2016-09-20,12.773727416992188
2016-09-21,12.964381217956543
2016-09-22,13.191347122192383
2016-09-23,13.136877059936523
2016-09-26,12.882673263549805
2016-09-27,13.000696182250977
2016-09-28,12.955300331115723
2016-09-29,12.828201293945312
2016-09-30,12.909908294677734
2016-10-03,13.554494857788086
2016-10-04,13.336607933044434
2016-10-05,13.772384643554688
2016-10-06,13.69067668914795
2016-10-07,13.182270050048828
2016-10-10,12.93714427947998
2016-10-11,12.710176467895508
2016-10-12,12.483209609985352
2016-10-13,12.573995590209961
2016-10-14,12.483209609985352
2016-10-17,12.528604507446289
2016-10-18,12.619390487670898
2016-10-19,12.710176467895508
2016-10-20,12.528604507446289
2016-10-21,12.437816619873047
2016-10-24,11.983880996704102
2016-10-25,11.802308082580566
2016-10-26,11.938486099243164
2016-10-27,11.43915843963623
2016-10-28,11.348374366760254
2016-10-31,11.257585525512695
2016-11-01,11.257585525512695
2016-11-02,10.985223770141602
2016-11-03,11.03061580657959
2016-11-04,11.03061580657959
2016-11-07,11.348374366760254
2016-11-08,10.985223770141602
2016-11-09,11.21219253540039
2016-11-10,11.21219253540039
2016-11-11,11.21219253540039
2016-11-14,11.348374366760254
2016-11-15,11.21219253540039
2016-11-16,11.21219253540039
2016-11-17,11.21219253540039
2016-11-18,11.076010704040527
2016-11-21,10.939830780029297
2016-11-22,10.894438743591309
2016-11-23,10.985223770141602
2016-11-25,10.985223770141602
2016-11-28,10.985223770141602
2016-11-29,10.803651809692383
2016-11-30,10.849043846130371
2016-12-01,10.894438743591309
2016-12-02,10.939830780029297
2016-12-05,10.939830780029297
2016-12-06,10.939830780029297
2016-12-07,11.03061580657959
2016-12-08,11.076010704040527
2016-12-09,11.257585525512695
2016-12-12,11.166799545288086
2016-12-13,11.121405601501465
2016-12-14,11.076010704040527
2016-12-15,10.939830780029297
2016-12-16,10.894438743591309
2016-12-19,11.03061580657959
2016-12-20,10.849043846130371
2016-12-21,10.939830780029297
2016-12-22,10.939830780029297
2016-12-23,10.939830780029297
2016-12-27,11.121405601501465
2016-12-28,10.939830780029297
2016-12-29,10.939830780029297
2016-12-30,10.71286392211914
2017-01-03,10.939830780029297
2017-01-04,11.121405601501465
2017-01-05,11.121405601501465
2017-01-06,11.121405601501465
2017-01-09,11.257585525512695
2017-01-10,11.348374366760254
2017-01-11,11.393765449523926
2017-01-12,11.302978515625
2017-01-13,11.302978515625
2017-01-17,11.529945373535156
2017-01-18,11.393765449523926
2017-01-19,11.302978515625
2017-01-20,11.21219253540039
2017-01-23,11.257585525512695
2017-01-24,11.43915843963623
2017-01-25,11.529945373535156
2017-01-26,11.393765449523926
2017-01-27,11.484552383422852
2017-01-30,11.529945373535156
2017-01-31,11.484552383422852
2017-02-01,11.529945373535156
2017-02-02,11.43915843963623
2017-02-03,11.43915843963623
2017-02-06,11.393765449523926
2017-02-07,11.393765449523926
2017-02-08,11.302978515625
2017-02-09,11.575339317321777
2017-02-10,12.347029685974121
2017-02-13,12.120061874389648
2017-02-14,12.120061874389648
2017-02-15,12.210848808288574
2017-02-16,12.16545581817627
2017-02-17,12.256242752075195
2017-02-21,12.392420768737793
2017-02-22,12.347029685974121
2017-02-23,12.256242752075195
2017-02-24,12.16545581817627
2017-02-27,12.16545581817627
2017-02-28,11.983880996704102
2017-03-01,12.16545581817627
2017-03-02,12.029274940490723
2017-03-03,12.029274940490723
2017-03-06,12.029274940490723
2017-03-07,11.802308082580566
2017-03-08,11.620735168457031
2017-03-09,11.620735168457031
2017-03-10,11.620735168457031
2017-03-13,11.483480453491211
2017-03-14,11.620732307434082
2017-03-15,11.803736686706543
2017-03-16,11.803736686706543
2017-03-17,11.8494873046875
2017-03-20,11.803736686706543
2017-03-21,11.757986068725586
2017-03-22,11.8494873046875
2017-03-23,11.8494873046875
2017-03-24,11.8494873046875
2017-03-27,11.8494873046875
2017-03-28,12.123993873596191
2017-03-29,12.30699634552002
2017-03-30,12.535752296447754
2017-03-31,12.352747917175293
2017-04-03,12.123993873596191
2017-04-04,12.032489776611328
2017-04-05,11.940988540649414
2017-04-06,11.8494873046875
2017-04-07,11.803736686706543
2017-04-10,11.803736686706543
2017-04-11,11.757986068725586
2017-04-12,11.8494873046875
2017-04-13,11.620732307434082
2017-04-17,11.757986068725586
2017-04-18,11.620732307434082
2017-04-19,11.757986068725586
2017-04-20,12.215495109558105
2017-04-21,12.169742584228516
2017-04-24,12.215495109558105
2017-04-25,12.30699634552002
2017-04-26,12.123993873596191
2017-04-27,12.078242301940918
2017-04-28,11.895238876342773
2017-05-01,11.895238876342773
2017-05-02,11.803736686706543
2017-05-03,11.757986068725586
2017-05-04,11.757986068725586
2017-05-05,11.895238876342773
2017-05-08,11.986741065979004
2017-05-09,12.261246681213379
2017-05-10,11.940988540649414
2017-05-11,11.895238876342773
2017-05-12,11.940988540649414
2017-05-15,12.169742584228516
2017-05-16,12.169742584228516
2017-05-17,11.940988540649414
2017-05-18,11.940988540649414
2017-05-19,12.078242301940918
2017-05-22,12.398500442504883
2017-05-23,12.352747917175293
2017-05-24,12.489999771118164
2017-05-25,12.444250106811523
2017-05-26,12.627253532409668
2017-05-30,12.489999771118164
2017-05-31,12.535752296447754
2017-06-01,12.810256958007812
2017-06-02,12.764508247375488
2017-06-05,12.627253532409668
2017-06-06,12.718755722045898
2017-06-07,12.627253532409668
2017-06-08,12.764508247375488
2017-06-09,12.90176010131836
2017-06-12,12.856008529663086
2017-06-13,12.764508247375488
2017-06-14,12.810256958007812
2017-06-15,12.856008529663086
2017-06-16,12.947511672973633
2017-06-19,13.03901195526123
2017-06-20,12.810256958007812
2017-06-21,12.764508247375488
2017-06-22,12.764508247375488
2017-06-23,12.856008529663086
2017-06-26,12.90176010131836
2017-06-27,12.90176010131836
2017-06-28,13.084763526916504
2017-06-29,12.856008529663086
2017-06-30,12.947511672973633
2017-07-03,13.084763526916504
2017-07-05,12.947511672973633
2017-07-06,12.489999771118164
2017-07-07,12.581504821777344
2017-07-10,12.398500442504883
2017-07-11,12.581504821777344
2017-07-12,12.444250106811523
2017-07-13,12.535752296447754
2017-07-14,12.810256958007812
2017-07-17,12.90176010131836
2017-07-18,12.856008529663086
2017-07-19,13.130514144897461
2017-07-20,13.130514144897461
2017-07-21,13.222016334533691
2017-07-24,13.222016334533691
2017-07-25,13.313516616821289
2017-07-26,13.359269142150879
2017-07-27,13.450769424438477
2017-07-28,13.54227066040039
2017-07-31,13.450769424438477
2017-08-01,13.588022232055664
2017-08-02,13.496520042419434
2017-08-03,13.40501880645752
2017-08-04,13.359269142150879
2017-08-07,13.54227066040039
2017-08-08,13.359269142150879
2017-08-09,13.313516616821289
2017-08-10,12.810256958007812
2017-08-11,12.627253532409668
2017-08-14,12.627253532409668
2017-08-15,12.535752296447754
2017-08-16,12.489999771118164
2017-08-17,12.489999771118164
2017-08-18,12.581504821777344
2017-08-21,12.581504821777344
2017-08-22,12.627253532409668
2017-08-23,12.352747917175293
2017-08-24,12.444250106811523
2017-08-25,12.581504821777344
2017-08-28,12.627253532409668
2017-08-29,12.535752296447754
2017-08-30,12.444250106811523
2017-08-31,12.535752296447754
2017-09-01,12.627253532409668
2017-09-05,12.398500442504883
2017-09-06,12.489999771118164
2017-09-07,12.627253532409668
2017-09-08,12.261246681213379
2017-09-11,12.489999771118164
2017-09-12,12.443912506103516
2017-09-13,12.259557723999023
2017-09-14,12.305646896362305
2017-09-15,12.397823333740234
2017-09-18,12.397823333740234
2017-09-19,12.443912506103516
2017-09-20,12.536088943481445
2017-09-21,12.397823333740234
2017-09-22,12.35173511505127
2017-09-25,12.536088943481445
2017-09-26,12.35173511505127
2017-09-27,12.490001678466797
2017-09-28,12.582175254821777
2017-09-29,12.582175254821777
2017-10-02,12.628267288208008
2017-10-03,12.628267288208008
2017-10-04,12.628267288208008
2017-10-05,12.628267288208008
2017-10-06,12.582175254821777
2017-10-09,12.490001678466797
2017-10-10,12.766530990600586
2017-10-11,12.674355506896973
2017-10-12,12.766530990600586
2017-10-13,12.950885772705078
2017-10-16,12.950885772705078
2017-10-17,12.858708381652832
2017-10-18,12.996975898742676
2017-10-19,12.812621116638184
2017-10-20,12.996975898742676
2017-10-23,12.904797554016113
2017-10-24,12.858708381652832
2017-10-25,12.904797554016113
2017-10-26,12.904797554016113
2017-10-27,12.858708381652832
2017-10-30,13.04306411743164
2017-10-31,12.812621116638184
2017-11-01,12.950885772705078
2017-11-02,12.950885772705078
2017-11-03,13.089152336120605
2017-11-06,13.411770820617676
2017-11-07,13.273506164550781
2017-11-08,13.319597244262695
2017-11-09,13.5961275100708
2017-11-10,14.33354377746582
2017-11-13,14.379631996154785
2017-11-14,14.33354377746582
2017-11-15,14.33354377746582
2017-11-16,14.74834156036377
2017-11-17,14.932696342468262
2017-11-20,14.702251434326172
2017-11-21,14.702251434326172
2017-11-22,14.656161308288574
2017-11-24,14.656161308288574
2017-11-27,14.702251434326172
2017-11-28,15.070959091186523
2017-11-29,15.163137435913086
2017-11-30,15.117048263549805
2017-12-01,15.163137435913086
2017-12-04,15.43967056274414
2017-12-05,15.2553129196167
2017-12-06,15.2553129196167
2017-12-07,15.2553129196167
2017-12-08,15.485755920410156
2017-12-11,15.577935218811035
2017-12-12,15.2553129196167
2017-12-13,15.209227561950684
2017-12-14,15.163137435913086
2017-12-15,15.070959091186523
2017-12-18,15.30140495300293
2017-12-19,15.34749698638916
2017-12-20,15.30140495300293
2017-12-21,15.34749698638916
2017-12-22,15.485755920410156
2017-12-26,15.30140495300293
2017-12-27,15.34749698638916
2017-12-28,15.34749698638916
2017-12-29,15.30140495300293
2018-01-02,15.485755920410156
2018-01-03,15.577935218811035
2018-01-04,15.6055908203125
2018-01-05,15.854467391967773
2018-01-08,15.854467391967773
2018-01-09,15.900551795959473
2018-01-10,15.808380126953125
2018-01-11,16.130996704101562
2018-01-12,16.17708969116211
2018-01-16,15.94664192199707
2018-01-17,16.17708969116211
2018-01-18,16.0388240814209
2018-01-19,16.17708969116211
2018-01-22,16.17708969116211
2018-01-23,15.9927339553833
2018-01-24,16.0388240814209
2018-01-25,15.94664192199707
2018-01-26,16.130996704101562
2018-01-29,15.9927339553833
2018-01-30,15.94664192199707
2018-01-31,16.08490562438965
2018-02-01,15.808380126953125
2018-02-02,15.43967056274414
2018-02-05,14.8405179977417
2018-02-06,15.209227561950684
2018-02-07,15.024869918823242
2018-02-08,14.610074043273926
2018-02-09,14.74834156036377
2018-02-12,14.886603355407715
2018-02-13,15.2553129196167
2018-02-14,15.39358139038086
2018-02-15,15.30140495300293
2018-02-16,15.163137435913086
2018-02-20,14.8405179977417
2018-02-21,14.886603355407715
2018-02-22,15.209227561950684
2018-02-23,15.43967056274414
2018-02-26,15.577935218811035
2018-02-27,15.39358139038086
2018-02-28,15.117048263549805
2018-03-01,14.8405179977417
2018-03-02,14.886603355407715
2018-03-05,15.117048263549805
2018-03-06,15.30140495300293
2018-03-07,15.209227561950684
2018-03-08,15.117048263549805
2018-03-09,15.485755920410156
2018-03-12,15.531845092773438
2018-03-13,15.439122200012207
2018-03-14,15.439122200012207
2018-03-15,15.53184700012207
2018-03-16,15.763664245605469
2018-03-19,15.53184700012207
2018-03-20,15.53184700012207
2018-03-21,15.670936584472656
2018-03-22,15.485482215881348
2018-03-23,14.836390495300293
2018-03-26,14.929118156433105
2018-03-27,14.790026664733887
2018-03-28,14.650935173034668
2018-03-29,14.929118156433105
2018-04-02,14.51184368133545
2018-04-03,14.836390495300293
2018-04-04,14.836390495300293
2018-04-05,14.836390495300293
2018-04-06,14.650935173034668
2018-04-09,14.69729995727539
2018-04-10,15.021846771240234
2018-04-11,14.836390495300293
2018-04-12,14.929118156433105
2018-04-13,14.743661880493164
2018-04-16,15.021846771240234
2018-04-17,15.068206787109375
2018-04-18,15.068206787109375
2018-04-19,15.207298278808594
2018-04-20,15.160935401916504
2018-04-23,15.160935401916504
2018-04-24,14.975480079650879
2018-04-25,14.975480079650879
2018-04-26,15.021846771240234
2018-04-27,15.068206787109375
2018-04-30,15.068206787109375
2018-05-01,15.021846771240234
2018-05-02,14.69729995727539
2018-05-03,15.021846771240234
2018-05-04,15.160935401916504
2018-05-07,15.392756462097168
2018-05-08,15.392756462097168
2018-05-09,15.439122200012207
2018-05-10,15.466936111450195
2018-05-11,14.372751235961914
2018-05-14,15.068206787109375
2018-05-15,15.068206787109375
2018-05-16,15.068206787109375
2018-05-17,15.021846771240234
2018-05-18,14.929118156433105
2018-05-21,15.021846771240234
2018-05-22,14.882753372192383
2018-05-23,14.836390495300293
2018-05-24,14.836390495300293
2018-05-25,14.882753372192383
2018-05-29,14.419116020202637
2018-05-30,14.725117683410645
2018-05-31,14.32638931274414
2018-06-01,14.465479850769043
2018-06-04,14.51184368133545
2018-06-05,14.882753372192383
2018-06-06,14.929118156433105
2018-06-07,14.929118156433105
2018-06-08,14.975480079650879
2018-06-11,15.021846771240234
2018-06-12,15.207298278808594
2018-06-13,14.929118156433105
2018-06-14,14.975480079650879
2018-06-15,15.068206787109375
2018-06-18,15.114571571350098
2018-06-19,14.929118156433105
2018-06-20,14.975480079650879
2018-06-21,14.836390495300293
2018-06-22,14.882753372192383
2018-06-25,14.604572296142578
2018-06-26,14.558206558227539
2018-06-27,14.604572296142578
2018-06-28,14.650935173034668
2018-06-29,14.69729995727539
2018-07-02,14.32638931274414
2018-07-03,14.419116020202637
2018-07-05,14.372751235961914
2018-07-06,14.465479850769043
2018-07-09,14.558206558227539
2018-07-10,14.882753372192383
2018-07-11,14.650935173034668
2018-07-12,14.604572296142578
2018-07-13,14.650935173034668
2018-07-16,14.51184368133545
2018-07-17,14.419116020202637
2018-07-18,14.51184368133545
2018-07-19,14.465479850769043
2018-07-20,14.372751235961914
2018-07-23,14.372751235961914
2018-07-24,14.140934944152832
2018-07-25,14.280023574829102
2018-07-26,14.140934944152832
2018-07-27,14.001843452453613
2018-07-30,14.048205375671387
2018-07-31,14.187297821044922
2018-08-01,14.140934944152832
2018-08-02,14.094571113586426
2018-08-03,14.187297821044922
2018-08-06,14.233662605285645
2018-08-07,14.187297821044922
2018-08-08,14.187297821044922
2018-08-09,14.280023574829102
2018-08-10,12.471840858459473
2018-08-13,12.935476303100586
2018-08-14,13.120933532714844
2018-08-15,13.074569702148438
2018-08-16,13.260025024414062
2018-08-17,13.399116516113281
2018-08-20,13.028204917907715
2018-08-21,13.028204917907715
2018-08-22,13.16729736328125
2018-08-23,12.84274959564209
2018-08-24,12.84274959564209
2018-08-27,12.79638671875
2018-08-28,12.750022888183594
2018-08-29,12.84274959564209
2018-08-30,12.703660011291504
2018-08-31,12.610932350158691
2018-09-04,12.42547607421875
2018-09-05,12.42547607421875
2018-09-06,12.193655967712402
2018-09-07,12.147294044494629
2018-09-10,12.100929260253906
2018-09-11,12.147652626037598
2018-09-12,12.054208755493164
2018-09-13,12.19437313079834
2018-09-14,12.007486343383789
2018-09-17,11.914043426513672
2018-09-18,12.054208755493164
2018-09-19,12.100930213928223
2018-09-20,12.241095542907715
2018-09-21,12.334540367126465
2018-09-24,12.381261825561523
2018-09-25,12.474703788757324
2018-09-26,12.5214262008667
2018-09-27,12.474703788757324
2018-09-28,12.708313941955566
2018-10-01,12.642902374267578
2018-10-02,12.51208209991455
2018-10-03,12.829789161682129
2018-10-04,12.764378547668457
2018-10-05,12.74569034576416
2018-10-08,12.736346244812012
2018-10-09,12.829789161682129
2018-10-10,12.297163009643555
2018-10-11,12.166342735290527
2018-10-12,12.334540367126465
2018-10-15,12.4186372756958
2018-10-16,12.568148612976074
2018-10-17,12.624215126037598
2018-10-18,12.540115356445312
2018-10-19,12.502738952636719
2018-10-22,12.5214262008667
2018-10-23,12.36257266998291
2018-10-24,12.166342735290527
2018-10-25,12.175684928894043
2018-10-26,11.998141288757324
2018-10-29,11.857976913452148
2018-10-30,12.175684928894043
2018-10-31,12.465360641479492
2018-11-01,12.43733024597168
2018-11-02,12.484047889709473
2018-11-05,12.484047889709473
2018-11-06,12.586836814880371
2018-11-07,12.708313941955566
2018-11-08,13.371764183044434
2018-11-09,13.45586109161377
2018-11-12,12.979299545288086
2018-11-13,12.997987747192383
2018-11-14,13.138153076171875
2018-11-15,12.94192123413086
2018-11-16,12.969955444335938
2018-11-19,12.755032539367676
2018-11-20,12.100930213928223
2018-11-21,12.138306617736816
2018-11-23,12.110273361206055
2018-11-26,12.540115356445312
2018-11-27,12.39995002746582
2018-11-28,12.633559226989746
2018-11-29,12.708313941955566
2018-11-30,12.5214262008667
2018-12-03,12.792410850524902
2018-12-04,12.39995002746582
2018-12-06,12.016830444335938
2018-12-07,11.876667022705078
2018-12-10,11.951421737670898
2018-12-11,11.829944610595703
2018-12-12,12.119621276855469
2018-12-13,11.970109939575195
2018-12-14,11.643060684204102
2018-12-17,11.46551513671875
2018-12-18,11.362727165222168
2018-12-19,11.222562789916992
2018-12-20,10.811409950256348
2018-12-21,10.512391090393066
2018-12-24,10.334850311279297
2018-12-26,10.615179061889648
2018-12-27,10.633868217468262
2018-12-28,10.708624839782715
2018-12-31,10.792722702026367
2019-01-02,10.848786354064941
2019-01-03,10.708624839782715
2019-01-04,11.175840377807617
2019-01-07,11.400104522705078
2019-01-08,11.512237548828125
2019-01-09,11.558958053588867
2019-01-10,11.558958053588867
2019-01-11,11.66174602508545
2019-01-14,11.633712768554688
2019-01-15,11.689778327941895
2019-01-16,11.717812538146973
2019-01-17,11.773879051208496
2019-01-18,11.8486328125
2019-01-22,11.680434226989746
2019-01-23,11.549612998962402
2019-01-24,11.736502647399902
2019-01-25,11.960766792297363
2019-01-28,11.942075729370117
2019-01-29,12.016830444335938
2019-01-30,11.988799095153809
2019-01-31,12.082242965698242
2019-02-01,12.016830444335938
2019-02-04,12.138306617736816
2019-02-05,12.259783744812012
2019-02-06,12.213062286376953
2019-02-07,11.97945499420166
2019-02-08,11.839287757873535
2019-02-11,11.596335411071777
2019-02-12,11.801913261413574
2019-02-13,11.829944610595703
2019-02-14,11.857976913452148
2019-02-15,12.082242965698242
2019-02-19,12.166342735290527
2019-02-20,12.287816047668457
2019-02-21,12.19437313079834
2019-02-22,12.343884468078613
2019-02-25,12.39995002746582
2019-02-26,12.446671485900879
2019-02-27,12.446671485900879
2019-02-28,12.43733024597168
2019-03-01,12.670936584472656
2019-03-04,12.670936584472656
2019-03-05,12.540115356445312
2019-03-06,12.484047889709473
2019-03-07,12.287816047668457
2019-03-08,12.19437313079834
2019-03-11,12.4186372756958
2019-03-12,12.29624080657959
2019-03-13,12.20208740234375
2019-03-14,12.032614707946777
2019-03-15,11.994954109191895
2019-03-18,11.985541343688965
2019-03-19,11.881972312927246
2019-03-20,11.872556686401367
2019-03-21,12.098520278930664
2019-03-22,11.900803565979004
2019-03-25,11.853726387023926
2019-03-26,11.768990516662598
2019-03-27,11.665424346923828
2019-03-28,11.72191333770752
2019-03-29,11.759574890136719
2019-04-01,11.872556686401367
2019-04-02,11.75015926361084
2019-04-03,11.816065788269043
2019-04-04,11.844310760498047
2019-04-05,11.900803565979004
2019-04-08,11.891388893127441
2019-04-09,11.891388893127441
2019-04-10,12.013784408569336
2019-04-11,11.900803565979004
2019-04-12,12.004368782043457
2019-04-15,11.91021728515625
2019-04-16,12.004368782043457
2019-04-17,11.96670913696289
2019-04-18,11.891388893127441
2019-04-22,11.787821769714355
2019-04-23,11.863142013549805
2019-04-24,11.881972312927246
2019-04-25,11.731330871582031
2019-04-26,11.834896087646484
2019-04-29,11.787821769714355
2019-04-30,11.759574890136719
2019-05-01,11.712498664855957
2019-05-02,11.646592140197754
2019-05-03,11.703083992004395
2019-05-06,11.458287239074707
2019-05-07,11.053434371948242
2019-05-08,10.931036949157715
2019-05-09,10.978113174438477
2019-05-10,11.32647705078125
2019-05-13,10.902791023254395
2019-05-14,10.968698501586914
2019-05-15,11.044020652770996
2019-05-16,10.996944427490234
2019-05-17,10.883960723876953
2019-05-20,11.119341850280762
2019-05-21,11.307646751403809
2019-05-22,11.288814544677734
2019-05-23,11.29823112487793
2019-05-24,11.354721069335938
2019-05-28,11.288814544677734
2019-05-29,11.17583179473877
2019-05-30,11.081681251525879
2019-05-31,10.968698501586914
2019-06-03,11.034603118896484
2019-06-04,11.194664001464844
2019-06-05,11.269984245300293
2019-06-06,11.23232364654541
2019-06-07,11.364136695861816
2019-06-10,11.411211967468262
2019-06-11,11.42062759399414
2019-06-12,11.364136695861816
2019-06-13,11.448872566223145
2019-06-14,11.495949745178223
2019-06-17,11.872556686401367
2019-06-18,12.42805290222168
2019-06-19,12.917643547058105
2019-06-20,13.13419246673584
2019-06-21,13.105947494506836
2019-06-24,12.927058219909668
2019-06-25,12.861151695251465
2019-06-26,12.898813247680664
2019-06-27,13.049456596374512
2019-06-28,13.143607139587402
2019-07-01,13.171852111816406
2019-07-02,13.096531867980957
2019-07-03,13.087118148803711
2019-07-05,13.096531867980957
2019-07-08,12.90822696685791
2019-07-09,12.898813247680664
2019-07-10,12.889396667480469
2019-07-11,12.842320442199707
2019-07-12,12.927058219909668
2019-07-15,12.94588851928711
2019-07-16,13.068286895751953
2019-07-17,12.738754272460938
2019-07-18,12.861151695251465
2019-07-19,12.719924926757812
2019-07-22,12.795247077941895
2019-07-23,12.861151695251465
2019-07-24,13.021209716796875
2019-07-25,12.861151695251465
2019-07-26,12.898813247680664
2019-07-29,12.85173511505127
2019-07-30,12.879982948303223
2019-07-31,12.672847747802734
2019-08-01,12.559865951538086
2019-08-02,12.522204399108887
2019-08-05,12.324485778808594
2019-08-06,12.42805290222168
2019-08-07,12.352730751037598
2019-08-08,12.578696250915527
2019-08-09,13.247175216674805
2019-08-12,13.557875633239746
2019-08-13,13.614367485046387
2019-08-14,12.94588851928711
2019-08-15,13.171852111816406
2019-08-16,13.313080787658691
2019-08-19,13.520215034484863
2019-08-20,13.454309463500977
2019-08-21,13.614367485046387
2019-08-22,13.623784065246582
2019-08-23,13.13419246673584
2019-08-26,13.2189302444458
2019-08-27,13.105947494506836
2019-08-28,13.303666114807129
2019-08-29,13.360157012939453
2019-08-30,13.331910133361816
2019-09-03,13.115363121032715
2019-09-04,13.369571685791016
2019-09-05,13.501385688781738
2019-09-06,13.661445617675781
2019-09-09,13.887408256530762
2019-09-10,14.06751823425293
2019-09-11,14.095956802368164
2019-09-12,14.048559188842773
2019-09-13,14.124396324157715
2019-09-16,13.726256370544434
2019-09-17,13.85897159576416
2019-09-18,13.84001350402832
2019-09-19,13.60302448272705
2019-09-20,13.574585914611816
2019-09-23,13.640942573547363
2019-09-24,13.517709732055664
2019-09-25,13.621983528137207
2019-09-26,13.489270210266113
2019-09-27,13.432394027709961
2019-09-30,13.555627822875977
2019-10-01,13.508230209350586
2019-10-02,13.32812213897705
2019-10-03,13.242805480957031
2019-10-04,13.384997367858887
2019-10-07,13.21436595916748
2019-10-08,12.512886047363281
2019-10-09,12.664557456970215
2019-10-10,12.768832206726074
2019-10-11,13.04373836517334
2019-10-14,13.081653594970703
2019-10-15,12.929983139038086
2019-10-16,13.148011207580566
2019-10-17,13.185929298400879
2019-10-18,13.072175979614258
2019-10-21,13.27124309539795
2019-10-22,13.4513521194458
2019-10-23,13.508230209350586
2019-10-24,13.489270210266113
2019-10-25,13.470314025878906
2019-10-28,13.555627822875977
2019-10-29,13.584066390991211
2019-10-30,13.290203094482422
2019-10-31,13.384997367858887
2019-11-01,13.441874504089355
2019-11-04,13.489270210266113
2019-11-05,13.4513521194458
2019-11-06,13.252284049987793
2019-11-07,13.072175979614258
2019-11-08,12.541324615478516
2019-11-11,12.664557456970215
2019-11-12,12.617162704467773
2019-11-13,12.617162704467773
2019-11-14,12.512886047363281
2019-11-15,12.626641273498535
2019-11-18,12.56976318359375
2019-11-19,12.579242706298828
2019-11-20,12.456009864807129
2019-11-21,12.22850227355957
2019-11-22,12.304338455200195
2019-11-25,12.48444938659668
2019-11-26,12.626641273498535
2019-11-27,12.683517456054688
2019-11-29,12.48444938659668
2019-12-02,12.48444938659668
2019-12-03,12.237983703613281
2019-12-04,12.389655113220215
2019-12-05,12.58872127532959
2019-12-06,12.778311729431152
2019-12-09,12.787790298461914
2019-12-10,12.749873161315918
2019-12-11,12.835187911987305
2019-12-12,13.299681663513184
2019-12-13,13.185929298400879
2019-12-16,13.356558799743652
2019-12-17,13.4229154586792
2019-12-18,13.631463050842285
2019-12-19,13.565108299255371
2019-12-20,13.565108299255371
2019-12-23,13.565108299255371
2019-12-24,13.546149253845215
2019-12-26,13.77365493774414
2019-12-27,13.716779708862305
2019-12-30,13.707298278808594
2019-12-31,13.754697799682617
2020-01-02,14.039080619812012
2020-01-03,14.048559188842773
2020-01-06,14.0011625289917
2020-01-07,14.15283489227295
2020-01-08,14.190752983093262
2020-01-09,14.039080619812012
2020-01-10,13.953765869140625
2020-01-13,14.124396324157715
2020-01-14,14.26658821105957
2020-01-15,14.351901054382324
2020-01-16,14.456175804138184
2020-01-17,14.437216758728027
2020-01-21,14.06751823425293
2020-01-22,14.020119667053223
2020-01-23,13.94428539276123
2020-01-24,13.60302448272705
2020-01-27,13.366039276123047
2020-01-28,13.195408821105957
2020-01-29,13.072175979614258
2020-01-30,13.280723571777344
2020-01-31,13.242805480957031
2020-02-03,13.290203094482422
2020-02-04,13.413435935974121
2020-02-05,13.650422096252441
2020-02-06,13.972723007202148
2020-02-07,13.688339233398438
2020-02-10,13.347078323364258
2020-02-11,13.726256370544434
2020-02-12,14.029601097106934
2020-02-13,14.039080619812012
2020-02-14,14.200228691101074
2020-02-18,14.143354415893555
2020-02-19,14.26658821105957
2020-02-20,14.200228691101074
2020-02-21,14.020119667053223
2020-02-24,13.299681663513184
2020-02-25,12.550803184509277
2020-02-26,12.067354202270508
2020-02-27,11.640777587890625
2020-02-28,11.79244613647461
2020-03-02,12.000995635986328
2020-03-03,11.46066665649414
2020-03-04,11.470148086547852
2020-03-05,10.740227699279785
2020-03-06,10.673872947692871
2020-03-09,9.943954467773438
2020-03-10,10.585190773010254
2020-03-11,9.905670166015625
2020-03-12,9.015595436096191
2020-03-13,10.154508590698242
2020-03-16,9.838674545288086
2020-03-17,10.259786605834961
2020-03-18,8.766757011413574
2020-03-19,8.919889450073242
2020-03-20,8.336077690124512
2020-03-23,7.790546894073486
2020-03-24,8.27865219116211
2020-03-25,8.240368843078613
2020-03-26,8.766757011413574
2020-03-27,8.058525085449219
2020-03-30,8.479636192321777
2020-03-31,8.60405445098877
2020-04-01,8.221227645874023
2020-04-02,7.819258213043213
2020-04-03,7.886251926422119
2020-04-06,8.594486236572266
2020-04-07,8.613627433776855
2020-04-08,8.747615814208984
2020-04-09,9.274003028869629
2020-04-13,9.168725967407227
2020-04-14,9.254862785339355
2020-04-15,8.728473663330078
2020-04-16,8.326504707336426
2020-04-17,8.776329040527344
2020-04-20,8.632769584655762
2020-04-21,8.249940872192383
2020-04-22,8.27865219116211
2020-04-23,8.441354751586914
2020-04-24,8.60405445098877
2020-04-27,9.187868118286133
2020-04-28,9.484559059143066
2020-04-29,10.34592342376709
2020-04-30,9.781251907348633
2020-05-01,9.283575057983398
2020-05-04,9.484559059143066
2020-05-05,9.38885498046875
2020-05-06,9.561124801635742
2020-05-07,9.503701210021973
2020-05-08,10.767033576965332
2020-05-11,10.508623123168945
2020-05-12,10.336352348327637
2020-05-13,10.460771560668945
2020-05-14,10.527764320373535
2020-05-15,10.537335395812988
2020-05-18,10.795744895935059
2020-05-19,10.795744895935059
2020-05-20,11.149860382080078
2020-05-21,11.054153442382812
2020-05-22,11.130719184875488
2020-05-26,11.484835624694824
2020-05-27,11.771957397460938
2020-05-28,11.50397777557373
2020-05-29,11.733674049377441
2020-06-01,11.714531898498535
2020-06-02,11.791097640991211
2020-06-03,12.413192749023438
2020-06-04,12.288773536682129
2020-06-05,12.48018741607666
2020-06-08,12.84387493133545
2020-06-09,12.365339279174805
2020-06-10,11.905943870544434
2020-06-11,10.948875427246094
2020-06-12,11.24556827545166
2020-06-15,11.331703186035156
2020-06-16,11.59968376159668
2020-06-17,11.84852123260498
2020-06-18,11.465692520141602
2020-06-19,11.369986534118652
2020-06-22,11.475263595581055
2020-06-23,11.551830291748047
2020-06-24,11.188143730163574
2020-06-25,11.264710426330566
2020-06-26,11.04458236694336
2020-06-29,11.226426124572754
2020-06-30,11.436982154846191
2020-07-01,11.59968376159668
2020-07-02,11.580543518066406
2020-07-06,11.685819625854492
2020-07-07,11.513547897338867
2020-07-08,11.369986534118652
2020-07-09,11.226426124572754
2020-07-10,11.465692520141602
2020-07-13,11.446553230285645
2020-07-14,11.84852123260498
2020-07-15,12.173925399780273
2020-07-16,12.24091911315918
2020-07-17,12.250493049621582
2020-07-20,12.183497428894043
2020-07-21,12.212209701538086
2020-07-22,12.298343658447266
2020-07-23,12.183497428894043
2020-07-24,12.164355278015137
2020-07-27,12.355769157409668
2020-07-28,12.183497428894043
2020-07-29,12.307914733886719
2020-07-30,12.365339279174805
2020-07-31,12.212209701538086
2020-08-03,12.422762870788574
2020-08-04,12.805591583251953
2020-08-05,12.738597869873047
2020-08-06,12.920440673828125
2020-08-07,13.705236434936523
2020-08-10,14.308191299438477
2020-08-11,14.298619270324707
2020-08-12,14.604883193969727
2020-08-13,14.767583847045898
2020-08-14,14.767583847045898
2020-08-17,14.537887573242188
2020-08-18,14.633593559265137
2020-08-19,14.595311164855957
2020-08-20,14.537887573242188
2020-08-21,14.001928329467773
2020-08-24,14.212482452392578
2020-08-25,14.317761421203613
2020-08-26,14.33690071105957
2020-08-27,14.375186920166016
2020-08-28,14.585740089416504
2020-08-31,14.423038482666016
2020-09-01,14.451751708984375
2020-09-02,14.547457695007324
2020-09-03,14.509174346923828
2020-09-04,14.289050102233887
2020-09-08,13.982786178588867
2020-09-09,14.499605178833008
2020-09-10,14.222055435180664
2020-09-11,14.403898239135742
2020-09-14,14.547457695007324
2020-09-15,14.672698974609375
2020-09-16,14.43184757232666
2020-09-17,14.60526180267334
2020-09-18,14.913552284240723
2020-09-21,13.940511703491211
2020-09-22,14.13319206237793
2020-09-23,13.641854286193848
2020-09-24,13.458806037902832
2020-09-25,13.478074073791504
2020-09-28,13.757462501525879
2020-09-29,13.26612663269043
2020-09-30,13.468441009521484
2020-10-01,13.632220268249512
2020-10-02,13.6514892578125
2020-10-05,13.795998573303223
2020-10-06,13.69965934753418
2020-10-07,13.641854286193848
2020-10-08,13.815268516540527
2020-10-09,13.641854286193848
2020-10-12,13.632220268249512
2020-10-13,13.709291458129883
2020-10-14,13.603317260742188
2020-10-15,13.381733894348145
2020-10-16,13.429903984069824
2020-10-19,13.179418563842773
2020-10-20,13.295026779174805
2020-10-21,13.352831840515137
2020-10-22,13.362466812133789
2020-10-23,13.401001930236816
2020-10-26,13.09271240234375
2020-10-27,12.861494064331055
2020-10-28,12.408692359924316
2020-10-29,12.485763549804688
2020-10-30,12.543570518493652
2020-11-02,12.707347869873047
2020-11-03,12.890396118164062
2020-11-04,12.880762100219727
2020-11-05,13.391368865966797
2020-11-06,14.585993766784668
2020-11-09,15.250743865966797
2020-11-10,15.876957893371582
2020-11-11,16.60915184020996
2020-11-12,15.982934951782227
2020-11-13,16.55134391784668
2020-11-16,16.955976486206055
2020-11-17,17.15829086303711
2020-11-18,16.984878540039062
2020-11-19,16.984878540039062
2020-11-20,16.91744041442871
2020-11-23,17.28353500366211
2020-11-24,17.514753341674805
2020-11-25,17.350971221923828
2020-11-27,17.15829086303711
2020-11-30,17.15829086303711
2020-12-01,17.582189559936523
2020-12-02,17.765241622924805
2020-12-03,17.890480041503906
2020-12-04,17.98682403564453
2020-12-07,17.79414176940918
2020-12-08,17.765241622924805
2020-12-09,17.611095428466797
2020-12-10,17.582189559936523
2020-12-11,17.206464767456055
2020-12-14,16.984878540039062
2020-12-15,17.360607147216797
2020-12-16,16.994516372680664
2020-12-17,16.94634437561035
2020-12-18,16.65732192993164
2020-12-21,16.869272232055664
2020-12-22,16.87890625
2020-12-23,16.859636306762695
2020-12-24,17.033050537109375
2020-12-28,17.42804527282715
2020-12-29,17.196828842163086
2020-12-30,17.2546329498291
2020-12-31,17.1197566986084
2021-01-04,17.302804946899414
2021-01-05,17.39914321899414
2021-01-06,18.1216983795166
2021-01-07,17.611095428466797
2021-01-08,17.4954833984375
2021-01-11,17.601459503173828
2021-01-12,17.40877914428711
2021-01-13,17.302804946899414
2021-01-14,17.65926170349121
2021-01-15,17.649629592895508
2021-01-19,17.65926170349121
2021-01-20,17.948287963867188
2021-01-21,18.054262161254883
2021-01-22,17.572555541992188
2021-01-25,17.67853355407715
2021-01-26,18.06389617919922
2021-01-27,18.32401466369629
2021-01-28,18.208406448364258
2021-01-29,18.189136505126953
2021-02-01,18.102434158325195
2021-02-02,18.526330947875977
2021-02-03,18.555233001708984
2021-02-04,18.902063369750977
2021-02-05,20.058149337768555
2021-02-08,20.616924285888672
2021-02-09,21.16606903076172
2021-02-10,21.78265380859375
2021-02-11,22.12947654724121
2021-02-12,22.64008140563965
2021-02-16,22.35106086730957
2021-02-17,22.06203842163086
2021-02-18,21.763378143310547
2021-02-19,21.589967727661133
2021-02-22,22.26435661315918
2021-02-23,22.235450744628906
2021-02-24,22.389598846435547
2021-02-25,21.82118797302246
2021-02-26,22.081308364868164
2021-03-01,22.861665725708008
2021-03-02,22.254718780517578
2021-03-03,22.2065486907959
2021-03-04,21.936792373657227
2021-03-05,22.64008140563965
2021-03-08,22.379962921142578
2021-03-09,22.929105758666992
2021-03-10,23.47825050354004
2021-03-11,23.613126754760742
2021-03-12,24.017759323120117
2021-03-15,23.815441131591797
2021-03-16,24.39583396911621
2021-03-17,24.105636596679688
2021-03-18,24.37648582458496
2021-03-19,24.308773040771484
2021-03-22,23.921844482421875
2021-03-23,23.380146026611328
2021-03-24,22.91583251953125
2021-03-25,23.621978759765625
2021-03-26,23.225374221801758
2021-03-29,22.625635147094727
2021-03-30,23.051258087158203
2021-03-31,22.693349838256836
2021-04-01,23.215700149536133
2021-04-05,23.718706130981445
2021-04-06,23.738056182861328
2021-04-07,23.563940048217773
2021-04-08,23.892826080322266
2021-04-09,23.82511329650879
2021-04-12,23.97021484375
2021-04-13,23.46720314025879
2021-04-14,23.77674674987793
2021-04-15,23.98955726623535
2021-04-16,24.086288452148438
2021-04-19,24.06694221496582
2021-04-20,23.90250015258789
2021-04-21,24.57962417602539
2021-04-22,24.27008056640625
2021-04-23,24.076618194580078
2021-04-26,24.0089054107666
2021-04-27,23.79609489440918
2021-04-28,23.51556968688965
2021-04-29,23.660667419433594
2021-04-30,23.51556968688965
2021-05-03,23.573612213134766
2021-05-04,22.799753189086914
2021-05-05,23.273740768432617
2021-05-06,23.157663345336914
2021-05-07,24.540931701660156
2021-05-10,24.434526443481445
2021-05-11,24.802108764648438
2021-05-12,23.447856903076172
2021-05-13,23.563940048217773
2021-05-14,24.105636596679688
2021-05-17,24.289426803588867
2021-05-18,24.095964431762695
2021-05-19,23.81544303894043
2021-05-20,24.850473403930664
2021-05-21,24.42485237121582
2021-05-24,24.753742218017578
2021-05-25,24.637662887573242
2021-05-26,24.860145568847656
2021-05-27,25.10197639465332
2021-05-28,24.850473403930664
2021-06-01,24.26041030883789
2021-06-02,23.738056182861328
2021-06-03,23.68001365661621
2021-06-04,23.97021484375
2021-06-07,23.563940048217773
2021-06-08,24.453874588012695
2021-06-09,24.434526443481445
2021-06-10,24.289426803588867
2021-06-11,24.715049743652344
2021-06-14,24.26041030883789
2021-06-15,23.921844482421875
2021-06-16,23.805768966674805
2021-06-17,23.40916633605957
2021-06-18,23.041584014892578
2021-06-21,23.50589370727539
2021-06-22,23.36079978942871
2021-06-23,23.196353912353516
2021-06-24,23.370471954345703
2021-06-25,23.399492263793945
2021-06-28,23.389820098876953
2021-06-29,23.30276107788086
2021-06-30,23.554264068603516
2021-07-01,23.950864791870117
2021-07-02,23.660667419433594
2021-07-06,23.30276107788086
2021-07-07,23.080276489257812
2021-07-08,22.673999786376953
2021-07-09,23.370471954345703
2021-07-12,23.563940048217773
2021-07-13,23.080276489257812
2021-07-14,22.925506591796875
2021-07-15,22.877140045166016
2021-07-16,22.23870849609375
2021-07-19,21.909820556640625
2021-07-20,22.306421279907227
2021-07-21,22.6159610748291
2021-07-22,22.432172775268555
2021-07-23,22.76106071472168
2021-07-26,22.896482467651367
2021-07-27,22.741716384887695
2021-07-28,22.828773498535156
2021-07-29,22.664331436157227
2021-07-30,22.741716384887695
2021-08-02,22.877140045166016
2021-08-03,22.306421279907227
2021-08-04,22.64497947692871
2021-08-05,23.01256561279297
2021-08-06,22.98354721069336
2021-08-09,22.848119735717773
2021-08-10,22.664331436157227
2021-08-11,22.557924270629883
2021-08-12,22.432172775268555
2021-08-13,22.035572052001953
2021-08-16,22.16132354736328
2021-08-17,21.590600967407227
2021-08-18,20.874784469604492
2021-08-19,20.594263076782227
2021-08-20,20.787723541259766
2021-08-23,21.10694122314453
2021-08-24,21.077922821044922
2021-08-25,21.271385192871094
2021-08-26,21.23269271850586
2021-08-27,21.435832977294922
2021-08-30,21.2617130279541
2021-08-31,21.310081481933594
2021-09-01,21.658313751220703
2021-09-02,21.522890090942383
2021-09-03,21.406808853149414
2021-09-07,21.039228439331055
2021-09-08,20.971515655517578
2021-09-09,20.826419830322266
2021-09-10,20.739360809326172
2021-09-13,20.729684829711914
2021-09-14,20.80743408203125
2021-09-15,20.96293067932129
2021-09-16,21.380828857421875
2021-09-17,21.118427276611328
2021-09-20,20.729684829711914
2021-09-21,21.09899139404297
2021-09-22,21.89591407775879
2021-09-23,23.052419662475586
2021-09-24,23.460601806640625
2021-09-27,23.334259033203125
2021-09-28,23.091299057006836
2021-09-29,22.906644821166992
2021-09-30,22.57621192932129
2021-10-01,22.916364669799805
2021-10-04,22.644241333007812
2021-10-05,22.92608070373535
2021-10-06,22.683116912841797
2021-10-07,23.120452880859375
2021-10-08,23.256511688232422
2021-10-11,23.19820213317871
2021-10-12,23.314823150634766
2021-10-13,23.178762435913086
2021-10-14,23.480037689208984
2021-10-15,23.441164016723633
2021-10-18,23.19820213317871
2021-10-19,23.295381546020508
2021-10-20,23.509193420410156
2021-10-21,23.392574310302734
2021-10-22,23.67441177368164
2021-10-25,23.76187515258789
2021-10-26,23.324541091918945
2021-10-27,21.827884674072266
2021-10-28,22.168031692504883
2021-10-29,21.925067901611328
2021-11-01,22.692834854125977
2021-11-02,22.48874282836914
2021-11-03,22.274940490722656
2021-11-04,22.731708526611328
2021-11-05,23.577224731445312
2021-11-08,23.275949478149414
2021-11-09,23.03298568725586
2021-11-10,22.828895568847656
2021-11-11,22.906644821166992
2021-11-12,23.110733032226562
2021-11-15,22.75114631652832
2021-11-16,23.003828048706055
2021-11-17,22.84833526611328
2021-11-18,22.70255470275879
2021-11-19,21.691822052001953
2021-11-22,22.03197479248047
2021-11-23,21.740419387817383
2021-11-24,21.662668228149414
2021-11-26,21.00180435180664
2021-11-29,21.264205932617188
2021-11-30,20.943496704101562
2021-12-01,20.60334587097168
2021-12-02,21.25448989868164
2021-12-03,21.25448989868164
2021-12-06,21.400266647338867
2021-12-07,21.614072799682617
2021-12-08,21.740419387817383
2021-12-09,21.33223533630371
2021-12-10,20.96293067932129
2021-12-13,20.85602569580078
2021-12-14,20.51587677001953
2021-12-15,20.85602569580078
2021-12-16,21.00180435180664
2021-12-17,20.8949031829834
2021-12-20,20.51587677001953
2021-12-21,21.341955184936523
2021-12-22,21.458580017089844
2021-12-23,21.91534996032715
2021-12-27,22.236059188842773
2021-12-28,22.284658432006836
2021-12-29,22.129159927368164
2021-12-30,22.090282440185547
2021-12-31,21.866758346557617
2022-01-03,22.236059188842773
2022-01-04,22.138877868652344
2022-01-05,21.419706344604492
2022-01-06,22.119441986083984
2022-01-07,22.051410675048828
2022-01-10,21.79872703552246
2022-01-11,22.070846557617188
2022-01-12,22.21662712097168
2022-01-13,22.537338256835938
2022-01-14,22.294376373291016
2022-01-18,21.77928924560547
2022-01-19,21.672386169433594
2022-01-20,21.29336166381836
2022-01-21,21.050399780273438
2022-01-24,21.57520294189453
2022-01-25,21.176740646362305
2022-01-26,20.953214645385742
2022-01-27,20.447847366333008
2022-01-28,21.1475830078125
2022-01-31,21.614072799682617
2022-02-01,21.62379264831543
2022-02-02,21.78900909423828
2022-02-03,21.905630111694336
2022-02-04,22.090282440185547
2022-02-07,22.158315658569336
2022-02-08,22.624807357788086
2022-02-09,23.22735595703125
2022-02-10,22.93579864501953
2022-02-11,22.323530197143555
2022-02-14,21.963943481445312
2022-02-15,22.75114631652832
2022-02-16,23.28566551208496
2022-02-17,22.410995483398438
2022-02-18,21.740419387817383
2022-02-22,21.400266647338867
2022-02-23,21.00180435180664
2022-02-24,21.079553604125977
2022-02-25,21.711261749267578
2022-02-28,21.79872703552246
2022-03-01,20.93377685546875
2022-03-02,22.002819061279297
2022-03-03,21.283645629882812
2022-03-04,20.749122619628906
2022-03-07,19.942480087280273
2022-03-08,19.981355667114258
2022-03-09,20.91434097290039
2022-03-10,20.729684829711914
2022-03-11,20.80743408203125
2022-03-14,20.875465393066406
2022-03-15,20.93404769897461
2022-03-16,21.578472137451172
2022-03-17,22.213132858276367
2022-03-18,21.900684356689453
2022-03-21,21.76399040222168
2022-03-22,21.949504852294922
2022-03-23,21.724931716918945
2022-03-24,22.310773849487305
2022-03-25,22.408418655395508
2022-03-28,22.320539474487305
2022-03-29,22.66227912902832
2022-03-30,22.515817642211914
2022-03-31,21.988563537597656
2022-04-01,21.783517837524414
2022-04-04,21.920215606689453
2022-04-05,21.822574615478516
2022-04-06,21.5198917388916
2022-04-07,21.168384552001953
2022-04-08,21.168384552001953
2022-04-11,20.97310447692871
2022-04-12,20.875463485717773
2022-04-13,21.55894660949707
2022-04-14,20.97310447692871
2022-04-18,20.963340759277344
2022-04-19,21.607765197753906
2022-04-20,21.666351318359375
2022-04-21,21.197677612304688
2022-04-22,20.611835479736328
2022-04-25,20.63136100769043
2022-04-26,19.811187744140625
2022-04-27,19.95764923095703
2022-04-28,19.9869384765625
2022-04-29,19.440155029296875
2022-05-02,19.830713272094727
2022-05-03,19.772132873535156
2022-05-04,20.289623260498047
2022-05-05,19.12770652770996
2022-05-06,16.510948181152344
2022-05-09,17.174903869628906
2022-05-10,17.204195022583008
2022-05-11,16.608591079711914
2022-05-12,17.184667587280273
2022-05-13,17.52640724182129
2022-05-16,17.428770065307617
2022-05-17,18.19036102294922
2022-05-18,17.32136344909668
2022-05-19,17.36041831970215
2022-05-20,17.467824935913086
2022-05-23,17.35065460205078
2022-05-24,16.471893310546875
2022-05-25,16.745283126831055
2022-05-26,16.9893856048584
2022-05-27,17.428770065307617
2022-05-31,17.16514015197754
2022-06-01,16.969858169555664
2022-06-02,17.594755172729492
2022-06-03,17.05773162841797
2022-06-06,17.272544860839844
2022-06-07,17.419002532958984
2022-06-08,17.096792221069336
2022-06-09,16.725757598876953
2022-06-10,16.413307189941406
2022-06-13,15.515020370483398
2022-06-14,15.427144050598145
2022-06-15,15.427144050598145
2022-06-16,15.280683517456055
2022-06-17,15.358795166015625
2022-06-21,15.134222984313965
2022-06-22,15.01705551147461
2022-06-23,15.153753280639648
2022-06-24,15.700536727905273
2022-06-27,15.671243667602539
2022-06-28,15.436907768249512
2022-06-29,15.270919799804688
2022-06-30,15.515020370483398
2022-07-01,15.720065116882324
2022-07-05,15.573603630065918
2022-07-06,15.524784088134766
2022-07-07,15.749356269836426
2022-07-08,15.651716232299805
2022-07-11,15.290447235107422
2022-07-12,15.5443115234375
2022-07-13,15.407615661621094
2022-07-14,15.143987655639648
2022-07-15,15.641953468322754
2022-07-18,15.602895736694336
2022-07-19,16.159442901611328
2022-07-20,16.54024314880371
2022-07-21,16.725757598876953
2022-07-22,16.73552131652832
2022-07-25,16.715993881225586
2022-07-26,16.520715713500977
2022-07-27,16.81363296508789
2022-07-28,16.833162307739258
2022-07-29,16.87221908569336
2022-08-01,16.88198471069336
2022-08-02,16.794105529785156
2022-08-03,17.30183219909668
2022-08-04,17.135847091674805
2022-08-05,16.784339904785156
2022-08-08,17.16514015197754
2022-08-09,18.10248565673828
2022-08-10,18.219654083251953
2022-08-11,18.45398712158203
2022-08-12,18.619976043701172
2022-08-15,18.30752944946289
2022-08-16,18.45398712158203
2022-08-17,18.20012664794922
2022-08-18,18.141538619995117
2022-08-19,17.790037155151367
2022-08-22,17.36041831970215
2022-08-23,17.24325180053711
2022-08-24,17.39947509765625
2022-08-25,17.682632446289062
2022-08-26,17.292068481445312
2022-08-29,17.204195022583008
2022-08-30,17.038206100463867
2022-08-31,16.833162307739258
2022-09-01,16.862455368041992
2022-09-02,16.89174461364746
2022-09-06,16.393783569335938
2022-09-07,16.696468353271484
2022-09-08,16.637882232666016
2022-09-09,17.30183219909668
2022-09-12,17.52640724182129
2022-09-13,16.799821853637695
2022-09-14,16.8194580078125
2022-09-15,17.133657455444336
2022-09-16,16.60344696044922
2022-09-19,16.61326789855957
2022-09-20,16.554353713989258
2022-09-21,16.033960342407227
2022-09-22,15.739400863647461
2022-09-23,15.385927200317383
2022-09-26,15.071728706359863
2022-09-27,14.993178367614746
2022-09-28,15.395746231079102
2022-09-29,15.042271614074707
2022-09-30,15.140458106994629
2022-10-03,15.611757278442383
2022-10-04,16.37761878967285
2022-10-05,16.132152557373047
2022-10-06,15.896500587463379
2022-10-07,15.562664031982422
2022-10-10,15.533207893371582
2022-10-11,15.474296569824219
2022-10-12,15.572482109069824
2022-10-13,15.984869956970215
2022-10-14,15.670668601989746
2022-10-17,16.063419342041016
2022-10-18,16.171422958374023
2022-10-19,16.446348190307617
2022-10-20,16.60344696044922
2022-10-21,17.025651931762695
2022-10-24,16.701635360717773
2022-10-25,17.05510902404785
2022-10-26,16.8881893157959
2022-10-27,16.632905960083008
2022-10-28,16.82927703857422
2022-10-31,16.8194580078125
2022-11-01,16.907827377319336
2022-11-02,16.41689109802246
2022-11-03,16.37761878967285
2022-11-04,16.61326789855957
2022-11-07,16.642724990844727
2022-11-08,17.025651931762695
2022-11-09,16.161605834960938
2022-11-10,17.16311264038086
2022-11-11,17.95842933654785
2022-11-14,18.066436767578125
2022-11-15,18.076255798339844
2022-11-16,17.879878997802734
2022-11-17,17.978065490722656
2022-11-18,17.840606689453125
2022-11-21,17.398761749267578
2022-11-22,17.801328659057617
2022-11-23,18.144987106323242
2022-11-25,18.24317169189453
2022-11-28,18.125347137451172
2022-11-29,18.478822708129883
2022-11-30,19.097402572631836
2022-12-01,19.077762603759766
2022-12-02,19.077762603759766
2022-12-05,18.61628532409668
2022-12-06,18.390453338623047
2022-12-07,18.13516616821289
2022-12-08,18.056617736816406
2022-12-09,17.948610305786133
2022-12-12,18.046798706054688
2022-12-13,18.6261043548584
2022-12-14,18.635921478271484
2022-12-15,17.712963104248047
2022-12-16,17.742420196533203
2022-12-19,17.379127502441406
2022-12-20,17.428218841552734
2022-12-21,17.644229888916016
2022-12-22,17.742420196533203
2022-12-23,18.223535537719727
2022-12-27,18.223535537719727
2022-12-28,17.87006187438965
2022-12-29,18.125347137451172
2022-12-30,18.105710983276367
2023-01-03,18.15480613708496
2023-01-04,18.89120864868164
2023-01-05,18.54755210876465
2023-01-06,18.85193634033203
2023-01-09,18.92066764831543
2023-01-10,19.23486328125
2023-01-11,19.264320373535156
2023-01-12,19.362504959106445
2023-01-13,19.460693359375
2023-01-17,19.264320373535156
2023-01-18,18.881389617919922
2023-01-19,18.71446990966797
2023-01-20,19.28395652770996
2023-01-23,19.568700790405273
2023-01-24,19.549062728881836
2023-01-25,20.481840133666992
2023-01-26,20.629119873046875
2023-01-27,20.334558486938477
2023-01-30,19.99090576171875
2023-01-31,20.069456100463867
2023-02-01,20.530935287475586
2023-02-02,21.277156829833984
2023-02-03,21.01205062866211
2023-02-06,20.55057144165039
2023-02-07,20.756763458251953
2023-02-08,20.71748924255371
2023-02-09,20.472021102905273
2023-02-10,18.469003677368164
2023-02-13,18.685016632080078
2023-02-14,18.675195693969727
2023-02-15,18.969757080078125
2023-02-16,18.498458862304688
2023-02-17,18.763565063476562
2023-02-21,18.076255798339844
2023-02-22,17.526409149169922
2023-02-23,17.379127502441406
2023-02-24,17.29075813293457
2023-02-27,17.133657455444336
2023-02-28,16.94710350036621
2023-03-01,16.79000473022461
2023-03-02,17.074745178222656
2023-03-03,17.11402130126953
2023-03-06,16.87837028503418
2023-03-07,16.711454391479492
2023-03-08,16.60344696044922
2023-03-09,16.132152557373047
2023-03-10,15.88668155670166
2023-03-13,15.474296569824219
2023-03-14,15.879432678222656
2023-03-15,15.800381660461426
2023-03-16,16.185754776000977
2023-03-17,15.869550704956055
2023-03-20,15.99800968170166
2023-03-21,16.106704711914062
2023-03-22,15.721330642700195
2023-03-23,16.067180633544922
2023-03-24,16.146230697631836
2023-03-27,16.383386611938477
2023-03-28,16.541486740112305
2023-03-29,16.857690811157227
2023-03-30,16.88733673095703
2023-03-31,17.223304748535156
2023-04-03,17.39129066467285
2023-04-04,17.252948760986328
2023-04-05,17.24306869506836
2023-04-06,17.233186721801758
2023-04-10,17.332000732421875
2023-04-11,17.509864807128906
2023-04-12,17.26283073425293
2023-04-13,17.579036712646484
2023-04-14,17.341880798339844
2023-04-17,17.282594680786133
2023-04-18,17.24306869506836
2023-04-19,17.332000732421875
2023-04-20,17.24306869506836
2023-04-21,17.233186721801758
2023-04-24,17.213422775268555
2023-04-25,16.87745475769043
2023-04-26,16.62053871154785
2023-04-27,17.144254684448242
2023-04-28,17.539508819580078
2023-05-01,17.322120666503906
2023-05-02,16.907100677490234
2023-05-03,16.98615264892578
2023-05-04,16.650182723999023
2023-05-05,17.055322647094727
2023-05-08,17.075084686279297
2023-05-09,16.87745475769043
2023-05-10,16.630420684814453
2023-05-11,16.630420684814453
2023-05-12,18.073108673095703
2023-05-15,18.656110763549805
2023-05-16,18.2509708404541
2023-05-17,18.596820831298828
2023-05-18,18.636348724365234
2023-05-19,18.47824478149414
2023-05-22,18.418956756591797
2023-05-23,18.2509708404541
2023-05-24,18.11263084411621
2023-05-25,18.102750778198242
2023-05-26,18.418956756591797
2023-05-30,18.695636749267578
2023-05-31,18.260852813720703
2023-06-01,18.656110763549805
2023-06-02,18.784568786621094
2023-06-05,18.596820831298828
2023-06-06,18.88338279724121
2023-06-07,19.318164825439453
2023-06-08,19.10077476501465
2023-06-09,19.189706802368164
2023-06-12,18.982196807861328
2023-06-13,19.41697883605957
2023-06-14,19.25887680053711
2023-06-15,19.52567481994629
2023-06-16,19.56519889831543
2023-06-20,19.12053680419922
2023-06-21,19.268756866455078
2023-06-22,18.85373878479004
2023-06-23,18.774686813354492
2023-06-26,18.92290687561035
2023-06-27,19.248994827270508
2023-06-28,19.515792846679688
2023-06-29,19.505910873413086
2023-06-30,19.486148834228516
2023-07-03,19.53555679321289
2023-07-05,19.476266860961914
2023-07-06,19.456504821777344
2023-07-07,19.67389678955078
2023-07-10,19.52567481994629
2023-07-11,19.84187889099121
2023-07-12,20.08891487121582
2023-07-13,20.266780853271484
2023-07-14,20.158084869384766
2023-07-17,20.395240783691406
2023-07-18,20.563222885131836
2023-07-19,20.148202896118164
2023-07-20,19.871524810791016
2023-07-21,19.644250869750977
2023-07-24,19.337928771972656
2023-07-25,19.298402786254883
2023-07-26,19.239112854003906
2023-07-27,19.308284759521484
2023-07-28,19.426860809326172
2023-07-31,19.871524810791016
2023-08-01,19.881406784057617
2023-08-02,19.80235481262207
2023-08-03,19.901166915893555
2023-08-04,20.05927276611328
2023-08-07,20.395240783691406
2023-08-08,20.543460845947266
2023-08-09,20.533578872680664
2023-08-10,20.46440887451172
2023-08-11,21.432788848876953
2023-08-14,21.82804298400879
2023-08-15,21.126462936401367
2023-08-16,21.333972930908203
2023-08-17,20.938716888427734
2023-08-18,20.938716888427734
2023-08-21,20.790496826171875
2023-08-22,20.879426956176758
2023-08-23,21.077058792114258
2023-08-24,20.85966682434082
2023-08-25,20.948598861694336
2023-08-28,21.067176818847656
2023-08-29,21.383380889892578
2023-08-30,21.600770950317383
2023-08-31,21.739112854003906
2023-09-01,21.53160285949707
2023-09-05,21.442670822143555
2023-09-06,21.501956939697266
2023-09-07,21.28456687927246
2023-09-08,21.40314483642578
2023-09-11,21.40314483642578
2023-09-12,21.303871154785156
2023-09-13,20.747943878173828
2023-09-14,21.025907516479492
2023-09-15,20.827363967895508
2023-09-18,20.479909896850586
2023-09-19,20.489837646484375
2023-09-20,20.251583099365234
2023-09-21,20.509689331054688
2023-09-22,20.21187400817871
2023-09-25,20.311145782470703
2023-09-26,20.201946258544922
2023-09-27,20.241655349731445
2023-09-28,20.62881851196289
2023-09-29,20.718164443969727
2023-10-02,20.648672103881836
2023-10-03,19.993473052978516
2023-10-04,20.420345306396484
2023-10-05,20.311145782470703
2023-10-06,20.827363967895508
2023-10-09,20.906780242919922
2023-10-10,21.35350799560547
2023-10-11,21.542125701904297
2023-10-12,21.46270751953125
2023-10-13,21.5719051361084
2023-10-16,22.514995574951172
2023-10-17,22.822738647460938
2023-10-18,22.46535873413086
2023-10-19,22.197324752807617
2023-10-20,21.80023193359375
2023-10-23,21.730741500854492
2023-10-24,22.098051071166992
2023-10-25,21.16489028930664
2023-10-26,21.08547019958496
2023-10-27,20.797582626342773
2023-10-30,21.20459747314453
2023-10-31,21.28401756286621
2023-11-01,21.33365249633789
2023-11-02,21.9392147064209
2023-11-03,22.495140075683594
2023-11-06,22.296594619750977
2023-11-07,22.068267822265625
2023-11-08,22.137758255004883
2023-11-09,21.959070205688477
2023-11-10,21.621543884277344
2023-11-13,21.145034790039062
2023-11-14,21.710887908935547
2023-11-15,21.730741500854492
2023-11-16,21.81015968322754
2023-11-17,21.76052474975586
2023-11-20,22.018632888793945
2023-11-21,22.207252502441406
2023-11-22,22.673831939697266
2023-11-24,22.773103713989258
2023-11-27,23.299245834350586
2023-11-28,23.11063003540039
2023-11-29,23.22975730895996
2023-11-30,22.872377395629883
2023-12-01,22.98157501220703
2023-12-04,22.912084579467773
2023-12-05,22.554704666137695
2023-12-06,22.673831939697266
2023-12-07,22.773103713989258
2023-12-08,22.773103713989258
2023-12-11,22.93193817138672
2023-12-12,22.872377395629883
2023-12-13,23.606992721557617
2023-12-14,24.24233627319336
2023-12-15,24.35153579711914
2023-12-18,24.272119522094727
2023-12-19,24.669206619262695
2023-12-20,24.29197120666504
2023-12-21,24.629497528076172
2023-12-22,24.758554458618164
2023-12-26,25.115934371948242
2023-12-27,25.42367935180664
2023-12-28,25.632150650024414
2023-12-29,25.53287696838379
2024-01-02,25.42367935180664
2024-01-03,25.29462432861328
2024-01-04,25.195350646972656
2024-01-05,25.393896102905273
2024-01-08,25.60236930847168
2024-01-09,25.1854248046875
2024-01-10,25.135786056518555
2024-01-11,25.1854248046875
2024-01-12,25.155641555786133
2024-01-16,24.619569778442383
2024-01-17,24.331680297851562
2024-01-18,24.411100387573242
2024-01-19,24.82804298400879
2024-01-22,25.016660690307617
2024-01-23,25.106008529663086
2024-01-24,25.443532943725586
2024-01-25,25.493167877197266
2024-01-26,25.562660217285156
2024-01-29,25.959749221801758
2024-01-30,25.60236930847168
2024-01-31,25.383968353271484
2024-02-01,25.513023376464844
2024-02-02,25.513023376464844
2024-02-05,24.996807098388672
2024-02-06,25.513023376464844
2024-02-07,25.115934371948242
2024-02-08,26.813493728637695
2024-02-09,27.01203727722168
2024-02-12,27.051746368408203
2024-02-13,26.753929138183594
2024-02-14,27.01203727722168
2024-02-15,27.468690872192383
2024-02-16,27.210580825805664
2024-02-20,27.200654983520508
2024-02-21,27.031890869140625
2024-02-22,27.42898178100586
2024-02-23,27.379344940185547
2024-02-26,27.319782257080078
2024-02-27,27.369417190551758
2024-02-28,27.280073165893555
2024-02-29,27.786361694335938
2024-03-01,27.200654983520508
2024-03-04,26.843276977539062
2024-03-05,26.72414779663086
2024-03-06,26.89291000366211
2024-03-07,27.01203727722168
2024-03-08,27.151020050048828
2024-03-11,27.210580825805664
2024-03-12,27.17072868347168
2024-03-13,27.20061683654785
2024-03-14,26.931602478027344
2024-03-15,26.34375
2024-03-18,26.264039993286133
2024-03-19,26.543020248413086
2024-03-20,26.71240234375
2024-03-21,27.120908737182617
2024-03-22,26.702438354492188
2024-03-25,26.802074432373047
2024-03-26,26.792110443115234
2024-03-27,27.03123664855957
2024-03-28,26.961490631103516
2024-04-01,26.582876205444336
2024-04-02,26.234149932861328
2024-04-03,26.433422088623047
2024-04-04,26.283966064453125
2024-04-05,26.363676071166992
2024-04-08,26.423458099365234
2024-04-09,26.24411392211914
2024-04-10,25.536697387695312
2024-04-11,25.62636947631836
2024-04-12,25.018590927124023
2024-04-15,24.90899085998535
2024-04-16,24.729646682739258
2024-04-17,24.859174728393555
2024-04-18,24.719682693481445
2024-04-19,24.68979263305664
2024-04-22,25.09830093383789
2024-04-23,25.337425231933594
2024-04-24,25.237789154052734
2024-04-25,24.849210739135742
2024-04-26,24.869136810302734
2024-04-29,24.89902687072754
2024-04-30,24.450666427612305
2024-05-01,24.450666427612305
2024-05-02,24.68979263305664
2024-05-03,25.168045043945312
2024-05-06,25.277645111083984
2024-05-07,25.1580810546875
2024-05-08,24.83924674987793
2024-05-09,25.536697387695312
2024-05-10,25.76586151123047
2024-05-13,26.19429588317871
2024-05-14,26.30389404296875
2024-05-15,26.692476272583008
2024-05-16,27.02127456665039
2024-05-17,26.98141860961914
2024-05-20,27.13087272644043
2024-05-21,26.991382598876953
2024-05-22,26.632692337036133
2024-05-23,26.59284019470215
2024-05-24,27.419816970825195
2024-05-28,27.38992691040039
2024-05-29,27.310216903686523
2024-05-30,27.579235076904297
2024-05-31,27.778505325317383
2024-06-03,27.937925338745117
2024-06-04,27.65894317626953
2024-06-05,28.396249771118164
2024-06-06,28.206941604614258
2024-06-07,27.68883514404297
2024-06-10,27.728689193725586
2024-06-11,27.788469314575195
2024-06-12,28.047523498535156
2024-06-13,27.678871154785156
2024-06-14,27.569271087646484
2024-06-17,27.350072860717773
2024-06-18,27.54934310913086
2024-06-20,27.409854888916016
2024-06-21,28.1073055267334
2024-06-24,28.206941604614258
2024-06-25,28.605484008789062
2024-06-26,28.615447998046875
2024-06-27,28.525775909423828
2024-06-28,28.286649703979492
2024-07-01,28.047523498535156
2024-07-02,28.31654167175293
2024-07-03,28.406213760375977
2024-07-05,28.226869583129883
2024-07-08,27.99770736694336
2024-07-09,28.456031799316406
2024-07-10,28.525775909423828
2024-07-11,28.53573989868164
2024-07-12,28.2667236328125
2024-07-15,28.236831665039062
2024-07-16,29.183374404907227
2024-07-17,28.764904022216797
2024-07-18,28.565631866455078
2024-07-19,28.087379455566406
2024-07-22,28.53573989868164
2024-07-23,28.95421028137207
2024-07-24,28.1073055267334
2024-07-25,27.90803337097168
2024-07-26,28.256759643554688
2024-07-29,28.456031799316406
2024-07-30,28.256759643554688
2024-07-31,28.38628578186035
2024-08-01,27.888105392456055
2024-08-02,27.041200637817383
2024-08-05,26.234149932861328
2024-08-06,26.81203842163086
2024-08-07,26.88178253173828
2024-08-08,27.65894317626953
2024-08-09,28.645339965820312
2024-08-12,27.99770736694336
2024-08-13,28.41617774963379
2024-08-14,28.226869583129883
2024-08-15,28.41617774963379
2024-08-16,28.346433639526367
2024-08-19,28.7947940826416
2024-08-20,28.406213760375977
2024-08-21,28.73501205444336
2024-08-22,28.7947940826416
2024-08-23,29.09370231628418
2024-08-26,28.99406623840332
2024-08-27,28.934284210205078
2024-08-28,29.05384635925293
2024-08-29,28.83464813232422
2024-08-30,29.322864532470703
2024-09-03,27.878143310546875
2024-09-04,28.12723159790039
2024-09-05,27.947887420654297
2024-09-06,27.54934310913086
2024-09-09,27.539379119873047
2024-09-10,27.369998931884766
2024-09-11,27.049999237060547
2024-09-12,27.170000076293945
2024-09-13,27.3799991607666
2024-09-16,27.350000381469727
2024-09-17,27.649999618530273
2024-09-18,27.780000686645508
2024-09-19,27.8799991607666
2024-09-20,27.68000030517578
2024-09-23,27.829999923706055
2024-09-24,28.100000381469727
2024-09-25,27.6299991607666
2024-09-26,27.75
2024-09-27,27.8700008392334
2024-09-30,27.950000762939453
2024-10-01,27.770000457763672
2024-10-02,27.549999237060547
2024-10-03,27.360000610351562
2024-10-04,27.510000228881836
2024-10-07,27.389999389648438
2024-10-08,27.200000762939453
2024-10-09,27.68000030517578
2024-10-10,27.030000686645508
2024-10-11,27.399999618530273
2024-10-14,27.479999542236328
2024-10-15,27.920000076293945
2024-10-16,27.8700008392334
2024-10-17,27.940000534057617
2024-10-18,27.899999618530273
2024-10-21,27.93000030517578
2024-10-22,27.850000381469727
2024-10-23,27.649999618530273
2024-10-24,27.700000762939453
2024-10-25,27.75
2024-10-28,28.239999771118164
2024-10-29,29.149999618530273
2024-10-30,29.149999618530273
2024-10-31,29.040000915527344
2024-11-01,29.079999923706055
2024-11-04,29.290000915527344
2024-11-05,29.790000915527344
2024-11-06,30.979999542236328
2024-11-07,31.31999969482422
2024-11-08,32.220001220703125
2024-11-11,31.81999969482422
2024-11-12,32.220001220703125
2024-11-13,31.690000534057617
2024-11-14,31.829999923706055
2024-11-15,31.690000534057617
2024-11-18,31.450000762939453
2024-11-19,31.780000686645508
2024-11-20,31.690000534057617
2024-11-21,32.11000061035156
2024-11-22,32.060001373291016
2024-11-25,32.119998931884766
2024-11-26,32.0099983215332
2024-11-27,31.719999313354492
2024-11-29,32.09000015258789
2024-12-02,32.2400016784668
2024-12-03,32.790000915527344
2024-12-04,32.47999954223633
2024-12-05,32.40999984741211
2024-12-06,32.29999923706055
2024-12-09,32.369998931884766
2024-12-10,32.189998626708984
2024-12-11,32.13999938964844
2024-12-12,31.850000381469727
2024-12-13,31.43000030517578
2024-12-16,31.350000381469727
2024-12-17,31.110000610351562
