,PSA
2014-01-02,97.9648208618164
2014-01-03,98.72776794433594
2014-01-06,98.67511749267578
2014-01-07,98.56332397460938
2014-01-08,98.74090576171875
2014-01-09,100.6613998413086
2014-01-10,101.45719909667969
2014-01-13,101.25991821289062
2014-01-14,102.42405700683594
2014-01-15,101.9702377319336
2014-01-16,102.60816955566406
2014-01-17,101.92418670654297
2014-01-21,101.96365356445312
2014-01-22,102.15438079833984
2014-01-23,101.58876037597656
2014-01-24,100.24701690673828
2014-01-27,100.38516998291016
2014-01-28,101.7663345336914
2014-01-29,101.62162780761719
2014-01-30,103.13438415527344
2014-01-31,103.6473617553711
2014-02-03,102.50955963134766
2014-02-04,104.29192352294922
2014-02-05,103.85128784179688
2014-02-06,104.18667602539062
2014-02-07,105.39684295654297
2014-02-10,106.58073425292969
2014-02-11,107.45543670654297
2014-02-12,107.54093933105469
2014-02-13,108.20523071289062
2014-02-14,109.01419067382812
2014-02-18,109.77717590332031
2014-02-19,109.47464752197266
2014-02-20,109.64558410644531
2014-02-21,109.46802520751953
2014-02-24,109.63904571533203
2014-02-25,110.27046966552734
2014-02-26,109.90867614746094
2014-02-27,109.53382110595703
2014-02-28,111.1517562866211
2014-03-03,110.9478988647461
2014-03-04,112.39482116699219
2014-03-05,112.5789566040039
2014-03-06,111.36882781982422
2014-03-07,110.19812774658203
2014-03-10,109.85609436035156
2014-03-11,110.36906433105469
2014-03-12,110.62774658203125
2014-03-13,110.8598861694336
2014-03-14,111.5363998413086
2014-03-17,111.48997497558594
2014-03-18,111.66239166259766
2014-03-19,110.6874008178711
2014-03-20,111.15168762207031
2014-03-21,112.32561492919922
2014-03-24,111.35731506347656
2014-03-25,112.00728607177734
2014-03-26,111.31088256835938
2014-03-27,111.15168762207031
2014-03-28,111.44352722167969
2014-03-31,111.74859619140625
2014-04-01,112.41185760498047
2014-04-02,112.7169189453125
2014-04-03,112.29910278320312
2014-04-04,112.45166015625
2014-04-07,112.60417175292969
2014-04-08,113.65873718261719
2014-04-09,112.83634185791016
2014-04-10,112.29910278320312
2014-04-11,111.74198913574219
2014-04-14,112.40522003173828
2014-04-15,113.34699249267578
2014-04-16,114.12298583984375
2014-04-17,114.26229858398438
2014-04-21,114.84593200683594
2014-04-22,114.9454345703125
2014-04-23,114.9454345703125
2014-04-24,115.40966796875
2014-04-25,115.12445831298828
2014-04-28,116.46420288085938
2014-04-29,116.69634246826172
2014-04-30,116.404541015625
2014-05-01,116.85553741455078
2014-05-02,113.10823059082031
2014-05-05,114.0301284790039
2014-05-06,113.32049560546875
2014-05-07,114.87249755859375
2014-05-08,113.74497985839844
2014-05-09,113.83781433105469
2014-05-12,113.9903335571289
2014-05-13,113.03530883789062
2014-05-14,113.84442901611328
2014-05-15,113.1148681640625
2014-05-16,114.32200622558594
2014-05-19,114.0301284790039
2014-05-20,113.2873306274414
2014-05-21,112.96231842041016
2014-05-22,112.56436157226562
2014-05-23,113.65873718261719
2014-05-27,114.33525085449219
2014-05-28,113.04190063476562
2014-05-29,112.74349975585938
2014-05-30,114.3285903930664
2014-06-02,114.16280364990234
2014-06-03,113.41996765136719
2014-06-04,114.13626098632812
2014-06-05,115.80101776123047
2014-06-06,114.62706756591797
2014-06-09,113.63218688964844
2014-06-10,113.81127166748047
2014-06-11,113.6307144165039
2014-06-12,113.29638671875
2014-06-13,113.36324310302734
2014-06-16,113.0021743774414
2014-06-17,113.53041076660156
2014-06-18,114.25261688232422
2014-06-19,114.58696746826172
2014-06-20,115.09518432617188
2014-06-23,114.53347778320312
2014-06-24,114.31282043457031
2014-06-25,113.47693634033203
2014-06-26,113.24288177490234
2014-06-27,115.12860870361328
2014-06-30,114.58026123046875
2014-07-01,115.0683822631836
2014-07-02,114.76751708984375
2014-07-03,114.25926971435547
2014-07-07,114.1255111694336
2014-07-08,114.02525329589844
2014-07-09,114.04530334472656
2014-07-10,114.52008819580078
2014-07-11,114.55351257324219
2014-07-14,115.10851287841797
2014-07-15,115.13529968261719
2014-07-16,115.33587646484375
2014-07-17,115.00153350830078
2014-07-18,115.82404327392578
2014-07-21,115.61671447753906
2014-07-22,115.7772445678711
2014-07-23,116.35227966308594
2014-07-24,117.12129211425781
2014-07-25,116.13162231445312
2014-07-28,117.34866333007812
2014-07-29,116.70003509521484
2014-07-30,117.19489288330078
2014-07-31,114.75411987304688
2014-08-01,115.4830093383789
2014-08-04,115.509765625
2014-08-05,114.42642211914062
2014-08-06,115.54987335205078
2014-08-07,115.20882415771484
2014-08-08,115.8975830078125
2014-08-11,116.15168762207031
2014-08-12,116.24533081054688
2014-08-13,117.50247955322266
2014-08-14,117.3285903930664
2014-08-15,117.02767181396484
2014-08-18,117.50247955322266
2014-08-19,118.00399017333984
2014-08-20,118.51888275146484
2014-08-21,118.14436340332031
2014-08-22,116.98086547851562
2014-08-25,116.3456039428711
2014-08-26,116.05140686035156
2014-08-27,116.26539611816406
2014-08-28,116.25202178955078
2014-08-29,117.14134979248047
2014-09-02,117.22162628173828
2014-09-03,117.30184936523438
2014-09-04,116.52617645263672
2014-09-05,118.11767578125
2014-09-08,117.6829833984375
2014-09-09,117.17477416992188
2014-09-10,115.41613006591797
2014-09-11,115.40265655517578
2014-09-12,111.96443939208984
2014-09-15,112.09251403808594
2014-09-16,112.69925689697266
2014-09-17,112.30824279785156
2014-09-18,111.31724548339844
2014-09-19,111.20940399169922
2014-09-22,110.25881958007812
2014-09-23,109.9217300415039
2014-09-24,109.9688949584961
2014-09-25,110.22509765625
2014-09-26,111.22962188720703
2014-09-29,111.8565444946289
2014-09-30,111.80264282226562
2014-10-01,111.74870300292969
2014-10-02,111.83634948730469
2014-10-03,112.98916625976562
2014-10-06,112.49028778076172
2014-10-07,111.60711669921875
2014-10-08,114.18243408203125
2014-10-09,114.26334381103516
2014-10-10,113.60265350341797
2014-10-13,113.46781921386719
2014-10-14,115.146484375
2014-10-15,114.52625274658203
2014-10-16,114.53971862792969
2014-10-17,115.63188171386719
2014-10-20,116.73076629638672
2014-10-21,118.17343139648438
2014-10-22,118.79369354248047
2014-10-23,119.13749694824219
2014-10-24,118.63188934326172
2014-10-27,120.70829010009766
2014-10-28,121.1734619140625
2014-10-29,120.72850036621094
2014-10-30,121.200439453125
2014-10-31,124.27458190917969
2014-11-03,125.77796936035156
2014-11-04,125.83190155029297
2014-11-05,126.1015625
2014-11-06,125.77796936035156
2014-11-07,125.58917236328125
2014-11-10,126.82290649414062
2014-11-11,126.30386352539062
2014-11-12,125.36670684814453
2014-11-13,126.0948257446289
2014-11-14,125.13751983642578
2014-11-17,125.5285415649414
2014-11-18,125.70380401611328
2014-11-19,123.99141693115234
2014-11-20,124.03193664550781
2014-11-21,125.04312896728516
2014-11-24,124.84087371826172
2014-11-25,124.9892349243164
2014-11-26,125.81842041015625
2014-11-28,126.49260711669922
2014-12-01,125.56898498535156
2014-12-02,125.38021087646484
2014-12-03,125.48135375976562
2014-12-04,125.05661010742188
2014-12-05,124.4228515625
2014-12-08,125.07682037353516
2014-12-09,125.33301544189453
2014-12-10,125.16448974609375
2014-12-11,125.30716705322266
2014-12-12,123.7243881225586
2014-12-15,122.31829833984375
2014-12-16,121.48957824707031
2014-12-17,124.22026824951172
2014-12-18,125.89812469482422
2014-12-19,125.63316345214844
2014-12-22,128.044677734375
2014-12-23,128.1193389892578
2014-12-24,127.31779479980469
2014-12-26,127.67781066894531
2014-12-29,128.62203979492188
2014-12-30,128.1260986328125
2014-12-31,125.56526184082031
2015-01-02,127.18194580078125
2015-01-05,127.7796859741211
2015-01-06,129.960205078125
2015-01-07,132.62298583984375
2015-01-08,134.4298858642578
2015-01-09,134.8374481201172
2015-01-12,134.5996856689453
2015-01-13,135.1227569580078
2015-01-14,135.05482482910156
2015-01-15,135.4759979248047
2015-01-16,137.38482666015625
2015-01-20,137.6089324951172
2015-01-21,136.54244995117188
2015-01-22,139.40225219726562
2015-01-23,137.72438049316406
2015-01-26,138.83843994140625
2015-01-27,139.02862548828125
2015-01-28,137.7311553955078
2015-01-29,138.70252990722656
2015-01-30,136.427001953125
2015-02-02,137.0451202392578
2015-02-03,137.91458129882812
2015-02-04,137.6632537841797
2015-02-05,140.4482879638672
2015-02-06,138.89276123046875
2015-02-09,137.62252807617188
2015-02-10,138.35609436035156
2015-02-11,137.77874755859375
2015-02-12,138.4308624267578
2015-02-13,137.62928771972656
2015-02-17,137.98251342773438
2015-02-18,138.0028839111328
2015-02-19,135.03443908691406
2015-02-20,135.97862243652344
2015-02-23,136.54244995117188
2015-02-24,134.8374481201172
2015-02-25,134.68798828125
2015-02-26,133.6554718017578
2015-02-27,133.9679718017578
2015-03-02,134.192138671875
2015-03-03,133.76417541503906
2015-03-04,132.58226013183594
2015-03-05,132.86758422851562
2015-03-06,127.80690002441406
2015-03-09,127.67781066894531
2015-03-10,126.78797912597656
2015-03-11,126.25128173828125
2015-03-12,128.83168029785156
2015-03-13,129.2423095703125
2015-03-16,130.5701446533203
2015-03-17,130.17315673828125
2015-03-18,132.59605407714844
2015-03-19,132.94515991210938
2015-03-20,136.28514099121094
2015-03-23,137.9552459716797
2015-03-24,136.4631805419922
2015-03-25,134.7178497314453
2015-03-26,134.54672241210938
2015-03-27,135.16270446777344
2015-03-30,136.3330535888672
2015-03-31,134.9299774169922
2015-04-01,134.11553955078125
2015-04-02,135.0462646484375
2015-04-06,136.45626831054688
2015-04-07,134.86839294433594
2015-04-08,134.8341827392578
2015-04-09,132.86985778808594
2015-04-10,132.56871032714844
2015-04-13,131.03555297851562
2015-04-14,131.45994567871094
2015-04-15,130.69332885742188
2015-04-16,131.1450958251953
2015-04-17,130.0910186767578
2015-04-20,131.13136291503906
2015-04-21,131.16561889648438
2015-04-22,131.96636962890625
2015-04-23,132.12374877929688
2015-04-24,132.50709533691406
2015-04-27,132.2196044921875
2015-04-28,131.76104736328125
2015-04-29,129.06436157226562
2015-04-30,128.61265563964844
2015-05-01,130.13209533691406
2015-05-04,130.8302459716797
2015-05-05,128.36627197265625
2015-05-06,128.2362060546875
2015-05-07,131.28195190429688
2015-05-08,134.51254272460938
2015-05-11,132.89036560058594
2015-05-12,134.27976989746094
2015-05-13,132.25384521484375
2015-05-14,135.09426879882812
2015-05-15,136.93540954589844
2015-05-18,136.53155517578125
2015-05-19,134.9368133544922
2015-05-20,134.25244140625
2015-05-21,133.36264038085938
2015-05-22,133.5269012451172
2015-05-26,132.67138671875
2015-05-27,134.2729034423828
2015-05-28,133.82125854492188
2015-05-29,132.4659881591797
2015-06-01,134.36874389648438
2015-06-02,133.57479858398438
2015-06-03,132.11013793945312
2015-06-04,131.1997833251953
2015-06-05,128.81112670898438
2015-06-08,127.94873809814453
2015-06-09,127.26429748535156
2015-06-10,128.147216796875
2015-06-11,129.0727996826172
2015-06-12,128.96917724609375
2015-06-15,128.19558715820312
2015-06-16,129.6046142578125
2015-06-17,130.45419311523438
2015-06-18,132.93385314941406
2015-06-19,131.93923950195312
2015-06-22,130.088134765625
2015-06-23,128.9415740966797
2015-06-24,127.75350189208984
2015-06-25,126.82796478271484
2015-06-26,128.09201049804688
2015-06-29,126.38590240478516
2015-06-30,127.34601593017578
2015-07-01,129.21096801757812
2015-07-02,129.3283233642578
2015-07-06,130.1157684326172
2015-07-07,133.0858154296875
2015-07-08,133.50021362304688
2015-07-09,133.81103515625
2015-07-10,135.46875
2015-07-13,135.86245727539062
2015-07-14,136.53932189941406
2015-07-15,137.27838134765625
2015-07-16,138.27297973632812
2015-07-17,137.0366668701172
2015-07-20,138.2384490966797
2015-07-21,138.71507263183594
2015-07-22,139.1709747314453
2015-07-23,138.9015655517578
2015-07-24,139.4748992919922
2015-07-27,140.15863037109375
2015-07-28,140.4971160888672
2015-07-29,140.16558837890625
2015-07-30,140.2277069091797
2015-07-31,141.7196502685547
2015-08-03,141.95449829101562
2015-08-04,141.85777282714844
2015-08-05,142.03048706054688
2015-08-06,143.315185546875
2015-08-07,144.2269287109375
2015-08-10,143.28753662109375
2015-08-11,144.42724609375
2015-08-12,145.41493225097656
2015-08-13,146.81019592285156
2015-08-14,147.6251983642578
2015-08-17,148.74420166015625
2015-08-18,149.78025817871094
2015-08-19,149.78712463378906
2015-08-20,148.71652221679688
2015-08-21,146.7825164794922
2015-08-24,139.66824340820312
2015-08-25,136.0420379638672
2015-08-26,140.35203552246094
2015-08-27,143.67434692382812
2015-08-28,142.3965301513672
2015-08-31,139.01901245117188
2015-09-01,137.45111083984375
2015-09-02,139.76495361328125
2015-09-03,140.38661193847656
2015-09-04,137.8310089111328
2015-09-08,140.8217315673828
2015-09-09,138.30751037597656
2015-09-10,138.28684997558594
2015-09-11,140.85040283203125
2015-09-14,140.49510192871094
2015-09-15,142.0555419921875
2015-09-16,143.1352996826172
2015-09-17,144.4867706298828
2015-09-18,144.18026733398438
2015-09-21,145.95664978027344
2015-09-22,144.36839294433594
2015-09-23,145.17642211914062
2015-09-24,143.2677459716797
2015-09-25,145.7755584716797
2015-09-28,144.3196258544922
2015-09-29,145.7755584716797
2015-09-30,147.4265594482422
2015-10-01,149.04275512695312
2015-10-02,150.61709594726562
2015-10-05,153.3339080810547
2015-10-06,151.27191162109375
2015-10-07,151.23013305664062
2015-10-08,152.39346313476562
2015-10-09,151.29281616210938
2015-10-12,152.74879455566406
2015-10-13,151.20919799804688
2015-10-14,151.2022705078125
2015-10-15,152.95773315429688
2015-10-16,154.16986083984375
2015-10-19,157.38128662109375
2015-10-20,158.23118591308594
2015-10-21,158.4332275390625
2015-10-22,160.24444580078125
2015-10-23,160.15383911132812
2015-10-26,160.64849853515625
2015-10-27,162.27162170410156
2015-10-28,161.33811950683594
2015-10-29,159.45724487304688
2015-10-30,159.8473358154297
2015-11-02,163.88772583007812
2015-11-03,162.7731170654297
2015-11-04,161.37295532226562
2015-11-05,161.68641662597656
2015-11-06,158.23817443847656
2015-11-09,158.21026611328125
2015-11-10,159.7847137451172
2015-11-11,159.41543579101562
2015-11-12,159.1298065185547
2015-11-13,157.61813354492188
2015-11-16,159.7567901611328
2015-11-17,161.2057647705078
2015-11-18,162.12527465820312
2015-11-19,163.2259521484375
2015-11-20,164.87696838378906
2015-11-23,165.12777709960938
2015-11-24,165.67807006835938
2015-11-25,166.72994995117188
2015-11-27,167.7470703125
2015-11-30,167.23155212402344
2015-12-01,169.3562469482422
2015-12-02,167.2942352294922
2015-12-03,164.98143005371094
2015-12-04,168.5133056640625
2015-12-07,169.38412475585938
2015-12-08,171.5088653564453
2015-12-09,169.1124267578125
2015-12-10,167.8166961669922
2015-12-11,169.76010131835938
2015-12-14,174.75527954101562
2015-12-15,173.15567016601562
2015-12-16,175.2814178466797
2015-12-17,173.68191528320312
2015-12-18,174.50978088378906
2015-12-21,175.84274291992188
2015-12-22,174.3343963623047
2015-12-23,174.43255615234375
2015-12-24,174.16600036621094
2015-12-28,176.21456909179688
2015-12-29,176.94422912597656
2015-12-30,175.7164764404297
2015-12-31,173.78005981445312
2016-01-04,171.4439239501953
2016-01-05,176.2847442626953
2016-01-06,176.56539916992188
2016-01-07,174.72723388671875
2016-01-08,173.4503631591797
2016-01-11,175.1622314453125
2016-01-12,175.51300048828125
2016-01-13,174.93771362304688
2016-01-14,175.20431518554688
2016-01-15,174.37644958496094
2016-01-19,175.70245361328125
2016-01-20,168.5813751220703
2016-01-21,169.1217041015625
2016-01-22,173.80117797851562
2016-01-25,173.64682006835938
2016-01-26,177.8282470703125
2016-01-27,174.11685180664062
2016-01-28,174.7342529296875
2016-01-29,177.891357421875
2016-02-01,178.25616455078125
2016-02-02,179.05592346191406
2016-02-03,177.57566833496094
2016-02-04,172.7417755126953
2016-02-05,166.3644256591797
2016-02-08,160.64659118652344
2016-02-09,163.41082763671875
2016-02-10,165.48049926757812
2016-02-11,164.75088500976562
2016-02-12,163.89491271972656
2016-02-16,167.1011505126953
2016-02-17,172.66458129882812
2016-02-18,173.09255981445312
2016-02-19,176.7758331298828
2016-02-22,177.94741821289062
2016-02-23,178.00357055664062
2016-02-24,175.3376007080078
2016-02-25,178.9717559814453
2016-02-26,178.2281036376953
2016-02-29,175.03594970703125
2016-03-01,178.8314666748047
2016-03-02,179.7224578857422
2016-03-03,177.6457977294922
2016-03-04,175.35865783691406
2016-03-07,175.79367065429688
2016-03-08,174.63604736328125
2016-03-09,175.31655883789062
2016-03-10,175.3937530517578
2016-03-11,180.17845153808594
2016-03-14,183.42019653320312
2016-03-15,186.1039276123047
2016-03-16,189.296142578125
2016-03-17,190.5108642578125
2016-03-18,190.29904174804688
2016-03-21,186.6336212158203
2016-03-22,186.37936401367188
2016-03-23,187.29745483398438
2016-03-24,188.34268188476562
2016-03-28,190.58863830566406
2016-03-29,193.87265014648438
2016-03-30,192.9545440673828
2016-03-31,194.804931640625
2016-04-01,194.58595275878906
2016-04-04,195.11566162109375
2016-04-05,193.40652465820312
2016-04-06,193.3218231201172
2016-04-07,193.3923797607422
2016-04-08,193.54779052734375
2016-04-11,192.27651977539062
2016-04-12,195.03797912597656
2016-04-13,192.036376953125
2016-04-14,188.67465209960938
2016-04-15,189.2326202392578
2016-04-18,192.52369689941406
2016-04-19,186.0826873779297
2016-04-20,185.59542846679688
2016-04-21,180.15728759765625
2016-04-22,181.4638214111328
2016-04-25,182.55850219726562
2016-04-26,181.37205505371094
2016-04-27,175.2982940673828
2016-04-28,175.8633270263672
2016-04-29,172.8970489501953
2016-05-02,178.3775177001953
2016-05-03,178.8577880859375
2016-05-04,181.84523010253906
2016-05-05,183.66729736328125
2016-05-06,185.96266174316406
2016-05-09,187.00086975097656
2016-05-10,187.1138153076172
2016-05-11,183.11648559570312
2016-05-12,186.93731689453125
2016-05-13,184.9597930908203
2016-05-16,187.13504028320312
2016-05-17,182.38197326660156
2016-05-18,179.26036071777344
2016-05-19,176.42123413085938
2016-05-20,178.24337768554688
2016-05-23,177.88319396972656
2016-05-24,179.66287231445312
2016-05-25,178.9213409423828
2016-05-26,179.48634338378906
2016-05-27,180.2561492919922
2016-05-31,179.18267822265625
2016-06-01,181.35789489746094
2016-06-02,182.19833374023438
2016-06-03,183.80857849121094
2016-06-06,181.7957763671875
2016-06-07,180.58111572265625
2016-06-08,177.97499084472656
2016-06-09,173.33489990234375
2016-06-10,170.76417541503906
2016-06-13,171.0203094482422
2016-06-14,169.43357849121094
2016-06-15,173.2119140625
2016-06-16,173.852294921875
2016-06-17,171.72479248046875
2016-06-20,171.44728088378906
2016-06-21,171.56820678710938
2016-06-22,170.86378479003906
2016-06-23,171.48281860351562
2016-06-24,171.71051025390625
2016-06-27,178.03616333007812
2016-06-28,180.12100219726562
2016-06-29,180.74002075195312
2016-06-30,181.8642578125
2016-07-01,180.6190948486328
2016-07-05,184.81723022460938
2016-07-06,183.671630859375
2016-07-07,180.57640075683594
2016-07-08,183.1095428466797
2016-07-11,182.55450439453125
2016-07-12,182.01368713378906
2016-07-13,182.47622680664062
2016-07-14,180.78273010253906
2016-07-15,179.03944396972656
2016-07-18,178.77621459960938
2016-07-19,179.40943908691406
2016-07-20,179.2529296875
2016-07-21,179.06077575683594
2016-07-22,180.5479736328125
2016-07-25,179.2814178466797
2016-07-26,178.1927490234375
2016-07-27,176.5917205810547
2016-07-28,169.7893524169922
2016-07-29,170.00283813476562
2016-08-01,170.03839111328125
2016-08-02,166.7510528564453
2016-08-03,166.11065673828125
2016-08-04,164.0471649169922
2016-08-05,165.61972045898438
2016-08-08,164.0115509033203
2016-08-09,164.96507263183594
2016-08-10,165.27102661132812
2016-08-11,164.24639892578125
2016-08-12,163.77679443359375
2016-08-15,163.00833129882812
2016-08-16,161.9053955078125
2016-08-17,162.16156005859375
2016-08-18,161.336181640625
2016-08-19,159.40786743164062
2016-08-22,161.36463928222656
2016-08-23,161.17251586914062
2016-08-24,159.33670043945312
2016-08-25,160.62464904785156
2016-08-26,159.38650512695312
2016-08-29,160.62464904785156
2016-08-30,159.22288513183594
2016-08-31,159.34381103515625
2016-09-01,160.88787841796875
2016-09-02,161.37173461914062
2016-09-06,159.64984130859375
2016-09-07,160.75978088378906
2016-09-08,158.6749725341797
2016-09-09,155.5299530029297
2016-09-12,157.1227264404297
2016-09-13,154.07350158691406
2016-09-14,154.3246307373047
2016-09-15,154.10939025878906
2016-09-16,154.22418212890625
2016-09-19,155.0205535888672
2016-09-20,155.572998046875
2016-09-21,156.06805419921875
2016-09-22,159.13156127929688
2016-09-23,159.3611602783203
2016-09-26,160.67410278320312
2016-09-27,159.94949340820312
2016-09-28,162.02294921875
2016-09-29,161.42025756835938
2016-09-30,160.0929718017578
2016-10-03,155.37210083007812
2016-10-04,152.5740203857422
2016-10-05,149.8692169189453
2016-10-06,151.55523681640625
2016-10-07,152.1363983154297
2016-10-10,151.80633544921875
2016-10-11,150.4647216796875
2016-10-12,152.65298461914062
2016-10-13,153.7003936767578
2016-10-14,153.67892456054688
2016-10-17,154.3318328857422
2016-10-18,154.84835815429688
2016-10-19,154.38919067382812
2016-10-20,153.6215057373047
2016-10-21,151.4189453125
2016-10-24,151.7417755126953
2016-10-25,152.35162353515625
2016-10-26,153.01881408691406
2016-10-27,145.1053009033203
2016-10-28,149.05133056640625
2016-10-31,153.33456420898438
2016-11-01,147.59490966796875
2016-11-02,147.2648468017578
2016-11-03,146.18873596191406
2016-11-04,147.3939971923828
2016-11-07,151.9068145751953
2016-11-08,155.24295043945312
2016-11-09,156.017822265625
2016-11-10,154.0663299560547
2016-11-11,153.66458129882812
2016-11-14,155.2931671142578
2016-11-15,152.1865692138672
2016-11-16,149.3813934326172
2016-11-17,146.7985382080078
2016-11-18,146.33932495117188
2016-11-21,144.87570190429688
2016-11-22,147.15008544921875
2016-11-23,146.9061737060547
2016-11-25,147.60205078125
2016-11-28,150.29969787597656
2016-11-29,150.3857879638672
2016-11-30,150.16336059570312
2016-12-01,149.13023376464844
2016-12-02,150.2925262451172
2016-12-05,152.42335510253906
2016-12-06,154.04483032226562
2016-12-07,158.56475830078125
2016-12-08,158.60064697265625
2016-12-09,157.21600341796875
2016-12-12,157.6070098876953
2016-12-13,158.1210479736328
2016-12-14,155.8185272216797
2016-12-15,156.60777282714844
2016-12-16,158.3744659423828
2016-12-19,159.56190490722656
2016-12-20,157.73007202148438
2016-12-21,155.7678680419922
2016-12-22,157.31005859375
2016-12-23,158.36724853515625
2016-12-27,159.39540100097656
2016-12-28,158.04864501953125
2016-12-29,159.58363342285156
2016-12-30,161.82826232910156
2017-01-03,161.84275817871094
2017-01-04,163.03021240234375
2017-01-05,164.7679443359375
2017-01-06,165.33995056152344
2017-01-09,164.21041870117188
2017-01-10,163.131591796875
2017-01-11,159.12025451660156
2017-01-12,157.33905029296875
2017-01-13,155.03651428222656
2017-01-17,157.6214599609375
2017-01-18,156.10816955566406
2017-01-19,155.91268920898438
2017-01-20,157.82418823242188
2017-01-23,159.4750518798828
2017-01-24,161.02455139160156
2017-01-25,158.50477600097656
2017-01-26,158.02694702148438
2017-01-27,156.81048583984375
2017-01-30,155.66650390625
2017-01-31,155.67373657226562
2017-02-01,154.43557739257812
2017-02-02,155.68820190429688
2017-02-03,156.7815399169922
2017-02-06,156.17335510253906
2017-02-07,156.74533081054688
2017-02-08,159.0767822265625
2017-02-09,158.18621826171875
2017-02-10,159.14198303222656
2017-02-13,159.3374786376953
2017-02-14,157.04942321777344
2017-02-15,157.17974853515625
2017-02-16,159.75747680664062
2017-02-17,163.464599609375
2017-02-21,164.8910675048828
2017-02-22,163.81222534179688
2017-02-23,164.41317749023438
2017-02-24,165.3833770751953
2017-02-27,165.11550903320312
2017-02-28,164.695556640625
2017-03-01,166.04954528808594
2017-03-02,164.34075927734375
2017-03-03,164.08009338378906
2017-03-06,165.02857971191406
2017-03-07,165.09378051757812
2017-03-08,162.0599365234375
2017-03-09,160.98834228515625
2017-03-10,159.34469604492188
2017-03-13,158.75283813476562
2017-03-14,160.27999877929688
2017-03-15,163.04208374023438
2017-03-16,161.14956665039062
2017-03-17,162.5744171142578
2017-03-20,163.41473388671875
2017-03-21,163.8823699951172
2017-03-22,164.9711456298828
2017-03-23,165.08074951171875
2017-03-24,162.88134765625
2017-03-27,161.419921875
2017-03-28,162.33328247070312
2017-03-29,160.71844482421875
2017-03-30,160.31654357910156
2017-03-31,159.95852661132812
2017-04-03,160.2508087158203
2017-04-04,160.98150634765625
2017-04-05,162.42828369140625
2017-04-06,162.6840362548828
2017-04-07,163.38551330566406
2017-04-10,165.0222625732422
2017-04-11,165.40956115722656
2017-04-12,163.89698791503906
2017-04-13,165.11727905273438
2017-04-17,168.9315643310547
2017-04-18,168.92430114746094
2017-04-19,168.05474853515625
2017-04-20,167.6235809326172
2017-04-21,166.87100219726562
2017-04-24,165.48255920410156
2017-04-25,164.8030548095703
2017-04-26,163.6266326904297
2017-04-27,155.64004516601562
2017-04-28,152.9949188232422
2017-05-01,151.42388916015625
2017-05-02,151.45314025878906
2017-05-03,150.18170166015625
2017-05-04,151.7161102294922
2017-05-05,152.16917419433594
2017-05-08,152.3153533935547
2017-05-09,152.03768920898438
2017-05-10,152.65875244140625
2017-05-11,152.32998657226562
2017-05-12,152.45420837402344
2017-05-15,153.25062561035156
2017-05-16,152.0888671875
2017-05-17,155.603515625
2017-05-18,157.91983032226562
2017-05-19,156.72149658203125
2017-05-22,157.53988647460938
2017-05-23,158.70899963378906
2017-05-24,158.97938537597656
2017-05-25,158.6286163330078
2017-05-26,158.11715698242188
2017-05-30,156.6265106201172
2017-05-31,157.35719299316406
2017-06-01,155.1066436767578
2017-06-02,156.31231689453125
2017-06-05,154.43438720703125
2017-06-06,151.91348266601562
2017-06-07,153.3529815673828
2017-06-08,154.1128692626953
2017-06-09,151.6650390625
2017-06-12,152.75694274902344
2017-06-13,153.7603759765625
2017-06-14,154.85238647460938
2017-06-15,156.918212890625
2017-06-16,157.6412811279297
2017-06-19,156.2542266845703
2017-06-20,156.23207092285156
2017-06-21,156.6378631591797
2017-06-22,155.81149291992188
2017-06-23,157.2355499267578
2017-06-26,156.77806091308594
2017-06-27,155.14016723632812
2017-06-28,154.5277557373047
2017-06-29,153.14801025390625
2017-06-30,153.85629272460938
2017-07-03,156.95510864257812
2017-07-05,153.50955200195312
2017-07-06,151.51748657226562
2017-07-07,152.74957275390625
2017-07-10,150.04917907714844
2017-07-11,149.968017578125
2017-07-12,152.2921905517578
2017-07-13,151.11903381347656
2017-07-14,153.2291717529297
2017-07-17,153.1627960205078
2017-07-18,152.8824005126953
2017-07-19,153.29559326171875
2017-07-20,153.11846923828125
2017-07-21,154.15882873535156
2017-07-24,154.20306396484375
2017-07-25,153.25865173339844
2017-07-26,154.98519897460938
2017-07-27,146.29368591308594
2017-07-28,149.65818786621094
2017-07-31,151.67237854003906
2017-08-01,149.6508026123047
2017-08-02,149.20074462890625
2017-08-03,147.8136444091797
2017-08-04,148.66213989257812
2017-08-07,148.35960388183594
2017-08-08,148.06446838378906
2017-08-09,148.21206665039062
2017-08-10,148.04238891601562
2017-08-11,146.55194091796875
2017-08-14,147.96115112304688
2017-08-15,148.72853088378906
2017-08-16,146.83233642578125
2017-08-17,145.887939453125
2017-08-18,144.82545471191406
2017-08-21,147.83572387695312
2017-08-22,148.7358856201172
2017-08-23,151.5617218017578
2017-08-24,151.0083770751953
2017-08-25,150.41812133789062
2017-08-28,150.7353973388672
2017-08-29,151.67237854003906
2017-08-30,151.9454345703125
2017-08-31,151.50271606445312
2017-09-01,151.90113830566406
2017-09-05,152.47662353515625
2017-09-06,153.38412475585938
2017-09-07,158.09872436523438
2017-09-08,161.0720977783203
2017-09-11,157.44947814941406
2017-09-12,154.6043701171875
2017-09-13,155.46832275390625
2017-09-14,158.3134307861328
2017-09-15,159.4976348876953
2017-09-18,160.76377868652344
2017-09-19,160.66696166992188
2017-09-20,159.46786499023438
2017-09-21,160.03390502929688
2017-09-22,159.16990661621094
2017-09-25,159.54238891601562
2017-09-26,159.48277282714844
2017-09-27,157.88148498535156
2017-09-28,158.45492553710938
2017-09-29,159.37847900390625
2017-10-02,159.59449768066406
2017-10-03,158.58154296875
2017-10-04,159.2891387939453
2017-10-05,159.1475830078125
2017-10-06,158.95394897460938
2017-10-09,159.25929260253906
2017-10-10,158.65603637695312
2017-10-11,159.8923797607422
2017-10-12,161.47877502441406
2017-10-13,162.7821502685547
2017-10-16,162.0374298095703
2017-10-17,160.78616333007812
2017-10-18,159.8849334716797
2017-10-19,160.2871551513672
2017-10-20,160.19773864746094
2017-10-23,159.9668731689453
2017-10-24,156.48866271972656
2017-10-25,156.40676879882812
2017-10-26,152.09442138671875
2017-10-27,154.09791564941406
2017-10-30,155.47576904296875
2017-10-31,154.3585662841797
2017-11-01,153.81491088867188
2017-11-02,155.16294860839844
2017-11-03,155.63963317871094
2017-11-06,155.9003448486328
2017-11-07,157.51649475097656
2017-11-08,158.78265380859375
2017-11-09,157.42713928222656
2017-11-10,157.53884887695312
2017-11-13,158.8273162841797
2017-11-14,158.58154296875
2017-11-15,156.44400024414062
2017-11-16,159.14012145996094
2017-11-17,157.78468322753906
2017-11-20,157.23350524902344
2017-11-21,157.38987731933594
2017-11-22,157.3675079345703
2017-11-24,158.48475646972656
2017-11-27,160.0785675048828
2017-11-28,155.98220825195312
2017-11-29,156.6003875732422
2017-11-30,158.73048400878906
2017-12-01,157.94847106933594
2017-12-04,156.38442993164062
2017-12-05,157.18873596191406
2017-12-06,157.7473602294922
2017-12-07,155.17041015625
2017-12-08,157.03237915039062
2017-12-11,157.65802001953125
2017-12-12,159.19186401367188
2017-12-13,159.823486328125
2017-12-14,158.66555786132812
2017-12-15,159.07159423828125
2017-12-18,159.47007751464844
2017-12-19,156.552734375
2017-12-20,154.25192260742188
2017-12-21,153.1766815185547
2017-12-22,154.8684539794922
2017-12-26,156.41737365722656
2017-12-27,157.3572235107422
2017-12-28,157.3271942138672
2017-12-29,157.146728515625
2018-01-02,155.13165283203125
2018-01-03,155.46998596191406
2018-01-04,152.71800231933594
2018-01-05,151.82325744628906
2018-01-08,153.0338897705078
2018-01-09,151.2443084716797
2018-01-10,147.4547576904297
2018-01-11,147.4622802734375
2018-01-12,145.52987670898438
2018-01-16,145.6802978515625
2018-01-17,147.1389923095703
2018-01-18,145.3043212890625
2018-01-19,145.53741455078125
2018-01-22,145.70286560058594
2018-01-23,148.9434814453125
2018-01-24,146.5600128173828
2018-01-25,144.7930145263672
2018-01-26,145.00360107421875
2018-01-29,144.7704620361328
2018-01-30,145.56747436523438
2018-01-31,147.19161987304688
2018-02-01,143.59751892089844
2018-02-02,143.09375
2018-02-05,139.0861358642578
2018-02-06,139.4019317626953
2018-02-07,139.36431884765625
2018-02-08,135.71011352539062
2018-02-09,140.7252655029297
2018-02-12,141.22149658203125
2018-02-13,142.25914001464844
2018-02-14,140.43959045410156
2018-02-15,143.22154235839844
2018-02-16,141.92079162597656
2018-02-20,140.086181640625
2018-02-21,143.42459106445312
2018-02-22,145.22161865234375
2018-02-23,147.13143920898438
2018-02-26,147.2818603515625
2018-02-27,145.05616760253906
2018-02-28,146.19908142089844
2018-03-01,147.4547576904297
2018-03-02,146.62014770507812
2018-03-05,148.38711547851562
2018-03-06,148.9961700439453
2018-03-07,148.88333129882812
2018-03-08,150.23675537109375
2018-03-09,150.34959411621094
2018-03-12,149.93603515625
2018-03-13,149.9284210205078
2018-03-14,147.80938720703125
2018-03-15,148.23468017578125
2018-03-16,150.39169311523438
2018-03-19,149.4119873046875
2018-03-20,150.40692138671875
2018-03-21,150.77906799316406
2018-03-22,148.62966918945312
2018-03-23,146.62454223632812
2018-03-26,149.3284149169922
2018-03-27,150.4600830078125
2018-03-28,153.51333618164062
2018-03-29,152.19937133789062
2018-04-02,151.45504760742188
2018-04-03,152.3740692138672
2018-04-04,154.9716339111328
2018-04-05,152.93612670898438
2018-04-06,151.3563232421875
2018-04-09,151.76646423339844
2018-04-10,152.24496459960938
2018-04-11,150.90060424804688
2018-04-12,149.10057067871094
2018-04-13,149.8372802734375
2018-04-16,149.6929931640625
2018-04-17,150.8170623779297
2018-04-18,150.32337951660156
2018-04-19,147.1865692138672
2018-04-20,146.39671325683594
2018-04-23,146.50303649902344
2018-04-24,147.16380310058594
2018-04-25,147.1258087158203
2018-04-26,151.76646423339844
2018-04-27,153.76400756835938
2018-04-30,153.25514221191406
2018-05-01,155.32098388671875
2018-05-02,155.46530151367188
2018-05-03,156.3919219970703
2018-05-04,157.5159912109375
2018-05-07,159.48313903808594
2018-05-08,159.52110290527344
2018-05-09,160.66799926757812
2018-05-10,160.90342712402344
2018-05-11,160.7135467529297
2018-05-14,159.0730438232422
2018-05-15,156.3919219970703
2018-05-16,156.15646362304688
2018-05-17,154.8197021484375
2018-05-18,154.62982177734375
2018-05-21,155.62478637695312
2018-05-22,155.0247802734375
2018-05-23,156.9691619873047
2018-05-24,157.32614135742188
2018-05-25,158.35150146484375
2018-05-29,159.38441467285156
2018-05-30,161.19203186035156
2018-05-31,160.8958740234375
2018-06-01,160.72872924804688
2018-06-04,162.5743408203125
2018-06-05,161.68576049804688
2018-06-06,162.2325897216797
2018-06-07,163.40225219726562
2018-06-08,164.47315979003906
2018-06-11,164.54151916503906
2018-06-12,165.52273559570312
2018-06-13,162.76300048828125
2018-06-14,164.40353393554688
2018-06-15,164.06622314453125
2018-06-18,164.5721893310547
2018-06-19,166.40431213378906
2018-06-20,167.52354431152344
2018-06-21,170.0609588623047
2018-06-22,173.21932983398438
2018-06-25,172.981689453125
2018-06-26,175.54977416992188
2018-06-27,174.16995239257812
2018-06-28,175.49610900878906
2018-06-29,173.90927124023438
2018-07-02,173.51065063476562
2018-07-03,175.8870849609375
2018-07-05,178.39385986328125
2018-07-06,178.01058959960938
2018-07-09,176.0404052734375
2018-07-10,176.86068725585938
2018-07-11,175.98675537109375
2018-07-12,175.94847106933594
2018-07-13,174.84454345703125
2018-07-16,172.89735412597656
2018-07-17,168.43580627441406
2018-07-18,167.99118041992188
2018-07-19,170.53631591796875
2018-07-20,170.27561950683594
2018-07-23,169.12576293945312
2018-07-24,168.1444854736328
2018-07-25,168.39747619628906
2018-07-26,167.94522094726562
2018-07-27,165.09344482421875
2018-07-30,164.43418884277344
2018-07-31,166.9869384765625
2018-08-01,166.71861267089844
2018-08-02,161.1455078125
2018-08-03,164.03555297851562
2018-08-06,165.4461212158203
2018-08-07,166.23570251464844
2018-08-08,166.5193328857422
2018-08-09,165.42308044433594
2018-08-10,164.6105499267578
2018-08-13,164.97080993652344
2018-08-14,165.53045654296875
2018-08-15,168.04483032226562
2018-08-16,169.3173828125
2018-08-17,171.38719177246094
2018-08-20,170.5515899658203
2018-08-21,169.3097381591797
2018-08-22,161.78176879882812
2018-08-23,162.26475524902344
2018-08-24,163.51429748535156
2018-08-27,163.27667236328125
2018-08-28,164.55682373046875
2018-08-29,163.03895568847656
2018-08-30,162.24942016601562
2018-08-31,162.9623260498047
2018-09-04,163.36097717285156
2018-09-05,165.3540496826172
2018-09-06,164.6258544921875
2018-09-07,160.30221557617188
2018-09-10,162.29539489746094
2018-09-11,161.23512268066406
2018-09-12,162.3418426513672
2018-09-13,162.45794677734375
2018-09-14,159.8730926513672
2018-09-17,161.1422882080078
2018-09-18,158.99081420898438
2018-09-19,157.95376586914062
2018-09-20,158.66580200195312
2018-09-21,158.0543975830078
2018-09-24,156.2744140625
2018-09-25,156.607177734375
2018-09-26,155.67074584960938
2018-09-27,154.38612365722656
2018-09-28,156.042236328125
2018-10-01,154.15391540527344
2018-10-02,154.9665069580078
2018-10-03,152.99310302734375
2018-10-04,153.04722595214844
2018-10-05,154.0146026611328
2018-10-08,155.70175170898438
2018-10-09,155.50830078125
2018-10-10,153.75927734375
2018-10-11,151.43751525878906
2018-10-12,152.34298706054688
2018-10-15,153.44192504882812
2018-10-16,154.09201049804688
2018-10-17,153.33358764648438
2018-10-18,153.34129333496094
2018-10-19,154.7498321533203
2018-10-22,152.12632751464844
2018-10-23,152.93890380859375
2018-10-24,155.3302459716797
2018-10-25,156.11961364746094
2018-10-26,155.41537475585938
2018-10-29,159.4551544189453
2018-10-30,160.7476043701172
2018-10-31,159.01402282714844
2018-11-01,159.5093231201172
2018-11-02,154.18487548828125
2018-11-05,156.01902770996094
2018-11-06,156.9477081298828
2018-11-07,157.45848083496094
2018-11-08,158.68128967285156
2018-11-09,159.695068359375
2018-11-12,160.8327178955078
2018-11-13,161.26609802246094
2018-11-14,161.83876037597656
2018-11-15,160.468994140625
2018-11-16,163.58006286621094
2018-11-19,164.11407470703125
2018-11-20,163.47171020507812
2018-11-21,161.51373291015625
2018-11-23,160.70889282226562
2018-11-26,159.93499755859375
2018-11-27,161.44412231445312
2018-11-28,162.80616760253906
2018-11-29,163.95928955078125
2018-11-30,165.04273986816406
2018-12-03,164.3926544189453
2018-12-04,163.9206085205078
2018-12-06,167.34127807617188
2018-12-07,165.7238006591797
2018-12-10,165.56900024414062
2018-12-11,164.6315460205078
2018-12-12,159.59283447265625
2018-12-13,155.49925231933594
2018-12-14,158.95220947265625
2018-12-17,155.9054718017578
2018-12-18,159.47557067871094
2018-12-19,158.7803192138672
2018-12-20,158.53033447265625
2018-12-21,158.8193817138672
2018-12-24,153.6399688720703
2018-12-26,156.5538787841797
2018-12-27,157.57728576660156
2018-12-28,157.72569274902344
2018-12-31,158.1240997314453
2019-01-02,152.38221740722656
2019-01-03,155.30397033691406
2019-01-04,153.5852813720703
2019-01-07,153.15560913085938
2019-01-08,155.9054718017578
2019-01-09,154.8196258544922
2019-01-10,156.96009826660156
2019-01-11,156.78822326660156
2019-01-14,156.98355102539062
2019-01-15,159.37405395507812
2019-01-16,159.60838317871094
2019-01-17,160.10060119628906
2019-01-18,158.68655395507812
2019-01-22,157.42100524902344
2019-01-23,157.67100524902344
2019-01-24,158.29598999023438
2019-01-25,160.64743041992188
2019-01-28,162.6472930908203
2019-01-29,164.36595153808594
2019-01-30,164.24876403808594
2019-01-31,166.02207946777344
2019-02-01,163.6628875732422
2019-02-04,163.41290283203125
2019-02-05,163.2566375732422
2019-02-06,162.9129180908203
2019-02-07,163.92845153808594
2019-02-08,164.4987335205078
2019-02-11,164.4518585205078
2019-02-12,162.28794860839844
2019-02-13,162.45982360839844
2019-02-14,162.60821533203125
2019-02-15,162.28794860839844
2019-02-19,162.42074584960938
2019-02-20,160.6317901611328
2019-02-21,156.61634826660156
2019-02-22,157.1319580078125
2019-02-25,157.34288024902344
2019-02-26,158.35064697265625
2019-02-27,163.748779296875
2019-02-28,165.21749877929688
2019-03-01,165.61585998535156
2019-03-04,165.88931274414062
2019-03-05,166.51426696777344
2019-03-06,166.56112670898438
2019-03-07,167.3110809326172
2019-03-08,167.42825317382812
2019-03-11,170.95933532714844
2019-03-12,172.0867462158203
2019-03-13,172.77268981933594
2019-03-14,172.32330322265625
2019-03-15,171.57431030273438
2019-03-18,171.6846923828125
2019-03-19,171.46389770507812
2019-03-20,172.54405212402344
2019-03-21,175.04330444335938
2019-03-22,175.12213134765625
2019-03-25,176.79359436035156
2019-03-26,173.62417602539062
2019-03-27,172.82000732421875
2019-03-28,172.66233825683594
2019-03-29,171.70046997070312
2019-04-01,172.1182861328125
2019-04-02,173.00132751464844
2019-04-03,172.59132385253906
2019-04-04,171.65313720703125
2019-04-05,172.32330322265625
2019-04-08,171.87388610839844
2019-04-09,172.97764587402344
2019-04-10,173.0565185546875
2019-04-11,173.16688537597656
2019-04-12,174.83831787109375
2019-04-15,173.88438415527344
2019-04-16,171.43238830566406
2019-04-17,170.84103393554688
2019-04-18,171.4402618408203
2019-04-22,168.99618530273438
2019-04-23,170.2970733642578
2019-04-24,172.04733276367188
2019-04-25,170.91990661621094
2019-04-26,172.6228790283203
2019-04-29,171.23529052734375
2019-04-30,174.38104248046875
2019-05-01,175.03538513183594
2019-05-02,178.85922241210938
2019-05-03,178.77249145507812
2019-05-06,178.82769775390625
2019-05-07,175.52423095703125
2019-05-08,175.27194213867188
2019-05-09,175.72923278808594
2019-05-10,177.79486083984375
2019-05-13,180.30987548828125
2019-05-14,179.52146911621094
2019-05-15,180.11279296875
2019-05-16,180.64102172851562
2019-05-17,181.429443359375
2019-05-20,181.76055908203125
2019-05-21,182.0680694580078
2019-05-22,182.7224578857422
2019-05-23,184.82748413085938
2019-05-24,186.2466583251953
2019-05-28,183.91293334960938
2019-05-29,182.5253448486328
2019-05-30,183.9050750732422
2019-05-31,187.5475311279297
2019-06-03,189.1716766357422
2019-06-04,187.40562438964844
2019-06-05,193.07432556152344
2019-06-06,192.94027709960938
2019-06-07,193.32659912109375
2019-06-10,192.15187072753906
2019-06-11,191.4602813720703
2019-06-12,192.31878662109375
2019-06-13,192.5811004638672
2019-06-14,193.41578674316406
2019-06-17,194.12330627441406
2019-06-18,191.96905517578125
2019-06-19,192.62887573242188
2019-06-20,192.75601196289062
2019-06-21,191.18203735351562
2019-06-24,190.67330932617188
2019-06-25,189.52857971191406
2019-06-26,186.11038208007812
2019-06-27,188.4315643310547
2019-06-28,189.329833984375
2019-07-01,187.9625244140625
2019-07-02,192.77987670898438
2019-07-03,196.818115234375
2019-07-05,194.93414306640625
2019-07-08,196.06292724609375
2019-07-09,196.75453186035156
2019-07-10,198.3921356201172
2019-07-11,197.6448516845703
2019-07-12,197.6846160888672
2019-07-15,198.43978881835938
2019-07-16,197.92308044433594
2019-07-17,197.71640014648438
2019-07-18,196.78631591796875
2019-07-19,194.0279083251953
2019-07-22,192.85939025878906
2019-07-23,194.1868896484375
2019-07-24,192.54136657714844
2019-07-25,192.45396423339844
2019-07-26,190.3314666748047
2019-07-29,192.97067260742188
2019-07-30,193.24888610839844
2019-07-31,192.9785614013672
2019-08-01,195.84828186035156
2019-08-02,198.36825561523438
2019-08-05,195.35546875
2019-08-06,198.79751586914062
2019-08-07,202.08856201171875
2019-08-08,203.5035400390625
2019-08-09,204.33819580078125
2019-08-12,205.6418914794922
2019-08-13,205.31597900390625
2019-08-14,203.2173614501953
2019-08-15,206.64356994628906
2019-08-16,205.7134552001953
2019-08-19,207.5259246826172
2019-08-20,207.11253356933594
2019-08-21,207.5259246826172
2019-08-22,208.1857147216797
2019-08-23,206.28579711914062
2019-08-26,207.708740234375
2019-08-27,208.45599365234375
2019-08-28,208.2254180908203
2019-08-29,208.4639129638672
2019-08-30,210.45127868652344
2019-09-03,208.3923797607422
2019-09-04,209.91867065429688
2019-09-05,205.30010986328125
2019-09-06,204.69593811035156
2019-09-09,202.5575714111328
2019-09-10,198.7339324951172
2019-09-11,200.08822631835938
2019-09-12,200.0000762939453
2019-09-13,195.0878143310547
2019-09-16,198.2130889892578
2019-09-17,201.00177001953125
2019-09-18,200.71327209472656
2019-09-19,200.64913940429688
2019-09-20,198.5736541748047
2019-09-23,196.6905059814453
2019-09-24,198.56565856933594
2019-09-25,197.13125610351562
2019-09-26,197.5078887939453
2019-09-27,196.33792114257812
2019-09-30,196.54624938964844
2019-10-01,192.49945068359375
2019-10-02,194.1502227783203
2019-10-03,197.01905822753906
2019-10-04,197.78836059570312
2019-10-07,197.62808227539062
2019-10-08,197.78836059570312
2019-10-09,198.19703674316406
2019-10-10,197.69219970703125
2019-10-11,197.09915161132812
2019-10-14,196.5943603515625
2019-10-15,194.63902282714844
2019-10-16,193.96591186523438
2019-10-17,192.8760528564453
2019-10-18,193.56524658203125
2019-10-21,195.36024475097656
2019-10-22,192.7559051513672
2019-10-23,192.65972900390625
2019-10-24,193.42098999023438
2019-10-25,187.51507568359375
2019-10-28,186.39317321777344
2019-10-29,188.07603454589844
2019-10-30,178.90859985351562
2019-10-31,178.58807373046875
2019-11-01,175.70321655273438
2019-11-04,173.18698120117188
2019-11-05,172.505859375
2019-11-06,171.8808135986328
2019-11-07,171.86480712890625
2019-11-08,169.3645782470703
2019-11-11,169.46070861816406
2019-11-12,167.61764526367188
2019-11-13,169.6290740966797
2019-11-14,170.64671325683594
2019-11-15,170.85507202148438
2019-11-18,171.11953735351562
2019-11-19,171.27980041503906
2019-11-20,171.07949829101562
2019-11-21,168.9558868408203
2019-11-22,167.49745178222656
2019-11-25,167.00865173339844
2019-11-26,169.9736328125
2019-11-27,169.9816131591797
2019-11-29,168.82769775390625
2019-12-02,167.5054931640625
2019-12-03,169.83737182617188
2019-12-04,170.64671325683594
2019-12-05,171.055419921875
2019-12-06,171.3679656982422
2019-12-09,170.9752960205078
2019-12-10,169.3645782470703
2019-12-11,168.21868896484375
2019-12-12,165.24945068359375
2019-12-13,166.20411682128906
2019-12-16,166.81089782714844
2019-12-17,166.05043029785156
2019-12-18,168.45327758789062
2019-12-19,169.9986114501953
2019-12-20,171.11505126953125
2019-12-23,170.08761596679688
2019-12-24,169.78822326660156
2019-12-26,171.0018310546875
2019-12-27,171.22833251953125
2019-12-30,170.8804473876953
2019-12-31,172.2962646484375
2020-01-02,171.0503692626953
2020-01-03,172.89500427246094
2020-01-06,173.50987243652344
2020-01-07,172.82215881347656
2020-01-08,173.13771057128906
2020-01-09,173.2104949951172
2020-01-10,174.6101531982422
2020-01-13,175.38687133789062
2020-01-14,175.00662231445312
2020-01-15,176.57620239257812
2020-01-16,178.00820922851562
2020-01-17,178.59881591796875
2020-01-21,180.13604736328125
2020-01-22,178.79302978515625
2020-01-23,180.5810089111328
2020-01-24,181.60850524902344
2020-01-27,181.43858337402344
2020-01-28,181.05026245117188
2020-01-29,179.6748809814453
2020-01-30,181.30914306640625
2020-01-31,181.0340576171875
2020-02-03,181.3738555908203
2020-02-04,180.54055786132812
2020-02-05,179.72341918945312
2020-02-06,181.25253295898438
2020-02-07,182.223388671875
2020-02-10,183.18617248535156
2020-02-11,183.13760375976562
2020-02-12,183.85769653320312
2020-02-13,184.91754150390625
2020-02-14,188.36412048339844
2020-02-18,187.50653076171875
2020-02-19,177.02117919921875
2020-02-20,179.91757202148438
2020-02-21,182.66024780273438
2020-02-24,183.2266082763672
2020-02-25,178.70399475097656
2020-02-26,184.65057373046875
2020-02-27,170.96136474609375
2020-02-28,169.1894989013672
2020-03-02,177.38523864746094
2020-03-03,176.1473846435547
2020-03-04,182.9110565185547
2020-03-05,185.3220672607422
2020-03-06,185.22500610351562
2020-03-09,180.8722686767578
2020-03-10,185.9935760498047
2020-03-11,178.3480224609375
2020-03-12,163.03260803222656
2020-03-13,172.69964599609375
2020-03-16,152.78536987304688
2020-03-17,162.09286499023438
2020-03-18,155.2287139892578
2020-03-19,153.30018615722656
2020-03-20,139.91500854492188
2020-03-23,131.244873046875
2020-03-24,137.81488037109375
2020-03-25,144.26235961914062
2020-03-26,153.43910217285156
2020-03-27,156.50347900390625
2020-03-30,164.76502990722656
2020-03-31,162.29718017578125
2020-04-01,160.6710205078125
2020-04-02,157.60662841796875
2020-04-03,158.59539794921875
2020-04-06,166.48104858398438
2020-04-07,161.1940155029297
2020-04-08,162.67308044433594
2020-04-09,170.4524383544922
2020-04-13,164.60157775878906
2020-04-14,167.41259765625
2020-04-15,159.59234619140625
2020-04-16,158.4973602294922
2020-04-17,160.5565948486328
2020-04-20,157.9744110107422
2020-04-21,155.99681091308594
2020-04-22,157.72103881835938
2020-04-23,153.21844482421875
2020-04-24,152.997802734375
2020-04-27,157.68019104003906
2020-04-28,156.08673095703125
2020-04-29,152.5810546875
2020-04-30,151.54330444335938
2020-05-01,150.65255737304688
2020-05-04,147.9804229736328
2020-05-05,146.63209533691406
2020-05-06,143.89463806152344
2020-05-07,149.9579620361328
2020-05-08,155.53921508789062
2020-05-11,152.752685546875
2020-05-12,145.8394775390625
2020-05-13,144.31137084960938
2020-05-14,146.2725830078125
2020-05-15,143.7965545654297
2020-05-18,149.83538818359375
2020-05-19,150.01516723632812
2020-05-20,150.2930145263672
2020-05-21,149.353271484375
2020-05-22,152.37677001953125
2020-05-26,157.28794860839844
2020-05-27,160.95703125
2020-05-28,164.4053955078125
2020-05-29,165.67205810546875
2020-06-01,167.3309326171875
2020-06-02,169.7578582763672
2020-06-03,169.93765258789062
2020-06-04,163.95602416992188
2020-06-05,168.63836669921875
2020-06-08,168.89169311523438
2020-06-09,172.72422790527344
2020-06-10,167.90292358398438
2020-06-11,160.10719299316406
2020-06-12,162.20416259765625
2020-06-15,164.44981384277344
2020-06-16,164.17733764648438
2020-06-17,163.2691650390625
2020-06-18,162.03907775878906
2020-06-19,157.34967041015625
2020-06-22,157.0854949951172
2020-06-23,155.4095458984375
2020-06-24,156.40847778320312
2020-06-25,157.71295166015625
2020-06-26,156.26812744140625
2020-06-29,157.77076721191406
2020-06-30,158.4229736328125
2020-07-01,164.4250030517578
2020-07-02,164.5901336669922
2020-07-06,162.25367736816406
2020-07-07,160.54473876953125
2020-07-08,159.63656616210938
2020-07-09,161.2960205078125
2020-07-10,160.51992797851562
2020-07-13,159.2485809326172
2020-07-14,160.0328826904297
2020-07-15,159.17425537109375
2020-07-16,155.52511596679688
2020-07-17,158.7614288330078
2020-07-20,155.0380401611328
2020-07-21,154.25369262695312
2020-07-22,155.46734619140625
2020-07-23,154.40232849121094
2020-07-24,153.03182983398438
2020-07-27,153.20523071289062
2020-07-28,160.05763244628906
2020-07-29,162.5096435546875
2020-07-30,163.22789001464844
2020-07-31,165.0194549560547
2020-08-03,161.68406677246094
2020-08-04,166.2578125
2020-08-05,162.61697387695312
2020-08-06,161.88218688964844
2020-08-07,164.4993133544922
2020-08-10,167.1742401123047
2020-08-11,164.28466796875
2020-08-12,163.7810516357422
2020-08-13,162.889404296875
2020-08-14,165.31663513183594
2020-08-17,165.1350555419922
2020-08-18,165.89456176757812
2020-08-19,162.99671936035156
2020-08-20,167.8099365234375
2020-08-21,170.52615356445312
2020-08-24,170.53439331054688
2020-08-25,170.69952392578125
2020-08-26,172.1443328857422
2020-08-27,174.42295837402344
2020-08-28,176.2144775390625
2020-08-31,175.35585021972656
2020-09-01,176.18142700195312
2020-09-02,176.80889892578125
2020-09-03,175.79342651367188
2020-09-04,175.14120483398438
2020-09-08,176.63552856445312
2020-09-09,178.9224395751953
2020-09-10,180.09475708007812
2020-09-11,182.1174774169922
2020-09-14,187.24130249023438
2020-09-15,184.1336212158203
2020-09-16,187.0496826171875
2020-09-17,185.13343811035156
2020-09-18,184.1336212158203
2020-09-21,180.20123291015625
2020-09-22,182.76730346679688
2020-09-23,177.38519287109375
2020-09-24,178.82652282714844
2020-09-25,182.01747131347656
2020-09-28,184.23362731933594
2020-09-29,184.0503692626953
2020-09-30,185.558349609375
2020-10-01,188.50767517089844
2020-10-02,192.11520385742188
2020-10-05,193.42324829101562
2020-10-06,190.19898986816406
2020-10-07,191.65699768066406
2020-10-08,193.30661010742188
2020-10-09,194.96458435058594
2020-10-12,195.85604858398438
2020-10-13,196.1143035888672
2020-10-14,194.53968811035156
2020-10-15,195.23948669433594
2020-10-16,194.1230926513672
2020-10-19,192.61509704589844
2020-10-20,194.22308349609375
2020-10-21,194.1314239501953
2020-10-22,195.8810272216797
2020-10-23,196.38925170898438
2020-10-26,196.8141632080078
2020-10-27,195.46446228027344
2020-10-28,192.5567626953125
2020-10-29,192.3401641845703
2020-10-30,190.84881591796875
2020-11-02,193.96481323242188
2020-11-03,196.18930053710938
2020-11-04,196.00599670410156
2020-11-05,192.17352294921875
2020-11-06,192.73171997070312
2020-11-09,185.02513122558594
2020-11-10,194.98956298828125
2020-11-11,196.4725799560547
2020-11-12,193.13165283203125
2020-11-13,194.99789428710938
2020-11-16,194.697998046875
2020-11-17,195.40614318847656
2020-11-18,191.59031677246094
2020-11-19,190.61553955078125
2020-11-20,186.32484436035156
2020-11-23,182.5673828125
2020-11-24,185.0167999267578
2020-11-25,186.04159545898438
2020-11-27,183.31716918945312
2020-11-30,187.00807189941406
2020-12-01,187.74951171875
2020-12-02,187.05799865722656
2020-12-03,188.32437133789062
2020-12-04,187.04135131835938
2020-12-07,187.19134521484375
2020-12-08,184.8585205078125
2020-12-09,182.99224853515625
2020-12-10,180.44285583496094
2020-12-11,183.34217834472656
2020-12-14,188.1178436279297
2020-12-15,189.3118133544922
2020-12-16,189.98443603515625
2020-12-17,195.53358459472656
2020-12-18,192.4815216064453
2020-12-21,192.29661560058594
2020-12-22,195.22251892089844
2020-12-23,190.85882568359375
2020-12-24,192.41427612304688
2020-12-28,192.6581573486328
2020-12-29,191.53147888183594
2020-12-30,192.4815216064453
2020-12-31,194.16311645507812
2021-01-04,185.14146423339844
2021-01-05,182.76202392578125
2021-01-06,179.77728271484375
2021-01-07,182.8292999267578
2021-01-08,187.17616271972656
2021-01-11,186.0242919921875
2021-01-12,186.85667419433594
2021-01-13,189.00071716308594
2021-01-14,186.0074920654297
2021-01-15,188.66436767578125
2021-01-19,185.49459838867188
2021-01-20,189.1604461669922
2021-01-21,186.6296844482422
2021-01-22,187.31910705566406
2021-01-25,189.86672973632812
2021-01-26,191.56509399414062
2021-01-27,191.74166870117188
2021-01-28,191.2876434326172
2021-01-29,191.38011169433594
2021-02-01,195.64291381835938
2021-02-02,193.6334228515625
2021-02-03,194.47421264648438
2021-02-04,194.09588623046875
2021-02-05,192.82626342773438
2021-02-08,195.4915771484375
2021-02-09,198.7370147705078
2021-02-10,196.8284454345703
2021-02-11,195.96241760253906
2021-02-12,194.94505310058594
2021-02-16,193.33914184570312
2021-02-17,196.80322265625
2021-02-18,197.58514404296875
2021-02-19,197.3329315185547
2021-02-22,199.9057159423828
2021-02-23,203.75653076171875
2021-02-24,203.98355102539062
2021-02-25,204.61412048339844
2021-02-26,196.69390869140625
2021-03-01,195.0375518798828
2021-03-02,197.1058807373047
2021-03-03,194.09588623046875
2021-03-04,194.5162811279297
2021-03-05,197.6271514892578
2021-03-08,200.6540069580078
2021-03-09,201.81431579589844
2021-03-10,201.654541015625
2021-03-11,200.62039184570312
2021-03-12,204.35348510742188
2021-03-15,205.56581115722656
2021-03-16,207.98190307617188
2021-03-17,204.87062072753906
2021-03-18,205.16732788085938
2021-03-19,197.9189453125
2021-03-22,200.66566467285156
2021-03-23,205.92184448242188
2021-03-24,204.42979431152344
2021-03-25,204.56541442871094
2021-03-26,207.35455322265625
2021-03-29,210.23696899414062
2021-03-30,209.42311096191406
2021-03-31,209.1942138671875
2021-04-01,213.58563232421875
2021-04-05,216.40869140625
2021-04-06,216.44256591796875
2021-04-07,216.79017639160156
2021-04-08,217.67185974121094
2021-04-09,218.6213836669922
2021-04-12,221.14767456054688
2021-04-13,226.31057739257812
2021-04-14,223.54684448242188
2021-04-15,226.98878479003906
2021-04-16,226.18336486816406
2021-04-19,229.2183837890625
2021-04-20,231.75318908691406
2021-04-21,231.91429138183594
2021-04-22,234.43214416503906
2021-04-23,234.63560485839844
2021-04-26,233.23678588867188
2021-04-27,233.18592834472656
2021-04-28,231.6345672607422
2021-04-29,236.93309020996094
2021-04-30,238.35726928710938
2021-05-03,235.7038116455078
2021-05-04,236.82284545898438
2021-05-05,232.81288146972656
2021-05-06,233.31309509277344
2021-05-07,235.05950927734375
2021-05-10,234.96624755859375
2021-05-11,232.55859375
2021-05-12,228.65036010742188
2021-05-13,232.24488830566406
2021-05-14,231.821044921875
2021-05-17,234.47450256347656
2021-05-18,233.6182861328125
2021-05-19,234.4406280517578
2021-05-20,236.77195739746094
2021-05-21,234.60174560546875
2021-05-24,236.05984497070312
2021-05-25,236.3311004638672
2021-05-26,237.01780700683594
2021-05-27,237.26364135742188
2021-05-28,239.4763946533203
2021-06-01,242.0874481201172
2021-06-02,244.1475067138672
2021-06-03,244.87660217285156
2021-06-04,244.7578887939453
2021-06-07,246.88580322265625
2021-06-08,248.73390197753906
2021-06-09,249.10691833496094
2021-06-10,250.48878479003906
2021-06-11,250.77703857421875
2021-06-14,251.47686767578125
2021-06-15,250.24777221679688
2021-06-16,249.41136169433594
2021-06-17,252.33897399902344
2021-06-18,254.66062927246094
2021-06-21,259.0904235839844
2021-06-22,258.151611328125
2021-06-23,259.2697448730469
2021-06-24,257.63092041015625
2021-06-25,260.11468505859375
2021-06-28,259.90130615234375
2021-06-29,259.03070068359375
2021-06-30,256.6493225097656
2021-07-01,256.3506164550781
2021-07-02,258.38201904296875
2021-07-06,262.8374938964844
2021-07-07,263.05938720703125
2021-07-08,262.1887512207031
2021-07-09,266.0296936035156
2021-07-12,267.7879333496094
2021-07-13,264.8347473144531
2021-07-14,267.1392822265625
2021-07-15,267.5660400390625
2021-07-16,267.9586486816406
2021-07-19,263.33245849609375
2021-07-20,266.4649658203125
2021-07-21,263.1361389160156
2021-07-22,263.9556579589844
2021-07-23,267.8392028808594
2021-07-26,267.7196960449219
2021-07-27,267.9245300292969
2021-07-28,267.1563415527344
2021-07-29,266.14056396484375
2021-07-30,266.7125549316406
2021-08-02,265.45782470703125
2021-08-03,264.2372741699219
2021-08-04,261.61688232421875
2021-08-05,263.6654357910156
2021-08-06,260.0976867675781
2021-08-09,264.4079895019531
2021-08-10,265.44927978515625
2021-08-11,266.3028259277344
2021-08-12,268.86346435546875
2021-08-13,268.5816955566406
2021-08-16,271.5179138183594
2021-08-17,272.7128601074219
2021-08-18,273.3188781738281
2021-08-19,275.2393493652344
2021-08-20,276.7842102050781
2021-08-23,274.1809997558594
2021-08-24,271.2789306640625
2021-08-25,270.0412902832031
2021-08-26,269.9474182128906
2021-08-27,271.1594543457031
2021-08-30,273.60052490234375
2021-08-31,276.21234130859375
2021-09-01,281.40191650390625
2021-09-02,282.55413818359375
2021-09-03,282.31512451171875
2021-09-07,278.84979248046875
2021-09-08,282.1188659667969
2021-09-09,276.6903381347656
2021-09-10,275.8880615234375
2021-09-13,274.1553649902344
2021-09-14,272.62652587890625
2021-09-15,274.4216003417969
2021-09-16,272.6007995605469
2021-09-17,267.1468200683594
2021-09-20,268.09161376953125
2021-09-21,267.9112854003906
2021-09-22,265.55792236328125
2021-09-23,262.3199157714844
2021-09-24,260.99725341796875
2021-09-27,254.86485290527344
2021-09-28,257.25250244140625
2021-09-29,259.6574401855469
2021-09-30,255.1740264892578
2021-10-01,255.25994873046875
2021-10-04,255.98995971679688
2021-10-05,253.5937042236328
2021-10-06,258.8843994140625
2021-10-07,258.9788513183594
2021-10-08,257.42425537109375
2021-10-11,259.46844482421875
2021-10-12,267.3787841796875
2021-10-13,272.5406799316406
2021-10-14,279.8927001953125
2021-10-15,274.3442687988281
2021-10-18,276.7491149902344
2021-10-19,275.70135498046875
2021-10-20,276.9381103515625
2021-10-21,276.99822998046875
2021-10-22,280.2791442871094
2021-10-25,282.1515197753906
2021-10-26,280.7515869140625
2021-10-27,276.9381103515625
2021-10-28,284.8226623535156
2021-10-29,285.3036804199219
2021-11-01,284.8398742675781
2021-11-02,290.05322265625
2021-11-03,285.7845458984375
2021-11-04,285.6214294433594
2021-11-05,277.3160095214844
2021-11-08,277.8141784667969
2021-11-09,279.1368408203125
2021-11-10,280.9833984375
2021-11-11,282.5895080566406
2021-11-12,282.7270202636719
2021-11-15,284.9171447753906
2021-11-16,281.86810302734375
2021-11-17,286.4717102050781
2021-11-18,288.45574951171875
2021-11-19,284.9256896972656
2021-11-22,282.735595703125
2021-11-23,283.7576904296875
2021-11-24,287.76861572265625
2021-11-26,280.8717956542969
2021-11-29,285.0545959472656
2021-11-30,281.1810302734375
2021-12-01,279.6780090332031
2021-12-02,287.71710205078125
2021-12-03,288.0177307128906
2021-12-06,291.5906677246094
2021-12-07,292.243408203125
2021-12-08,294.94891357421875
2021-12-09,293.9955139160156
2021-12-10,298.8911437988281
2021-12-13,305.08367919921875
2021-12-14,304.2890930175781
2021-12-15,312.2441711425781
2021-12-16,313.539794921875
2021-12-17,312.451416015625
2021-12-20,316.1051330566406
2021-12-21,312.4946594238281
2021-12-22,315.638671875
2021-12-23,313.06475830078125
2021-12-27,318.5495300292969
2021-12-28,320.12158203125
2021-12-29,321.8489685058594
2021-12-30,321.7108459472656
2021-12-31,323.52471923828125
2022-01-03,315.5091247558594
2022-01-04,315.29315185546875
2022-01-05,312.4774169921875
2022-01-06,315.5609436035156
2022-01-07,307.415771484375
2022-01-10,310.7930603027344
2022-01-11,313.41021728515625
2022-01-12,317.3661804199219
2022-01-13,314.7317199707031
2022-01-14,312.4946594238281
2022-01-18,310.71533203125
2022-01-19,308.39190673828125
2022-01-20,304.4013977050781
2022-01-21,305.2046813964844
2022-01-24,304.1508483886719
2022-01-25,304.4704895019531
2022-01-26,300.7390441894531
2022-01-27,299.0806884765625
2022-01-28,311.4408874511719
2022-01-31,309.6788024902344
2022-02-01,306.92352294921875
2022-02-02,319.89697265625
2022-02-03,317.2798156738281
2022-02-04,313.41021728515625
2022-02-07,313.3238220214844
2022-02-08,313.0560302734375
2022-02-09,318.88641357421875
2022-02-10,310.16253662109375
2022-02-11,309.367919921875
2022-02-14,307.18267822265625
2022-02-15,303.6844177246094
2022-02-16,303.7967224121094
2022-02-17,298.907958984375
2022-02-18,296.7485046386719
2022-02-22,295.7294006347656
2022-02-23,305.291015625
2022-02-24,303.7190246582031
2022-02-25,313.2806701660156
2022-02-28,306.64703369140625
2022-03-01,310.0675048828125
2022-03-02,315.5177307128906
2022-03-03,322.1427001953125
2022-03-04,325.94317626953125
2022-03-07,324.8980407714844
2022-03-08,317.1675109863281
2022-03-09,319.2663879394531
2022-03-10,319.30096435546875
2022-03-11,316.12237548828125
2022-03-14,311.009033203125
2022-03-15,308.4641418457031
2022-03-16,310.70501708984375
2022-03-17,317.7056579589844
2022-03-18,317.64483642578125
2022-03-21,319.2517395019531
2022-03-22,321.7011413574219
2022-03-23,319.6773376464844
2022-03-24,324.08099365234375
2022-03-25,326.58245849609375
2022-03-28,332.9752197265625
2022-03-29,344.3621520996094
2022-03-30,344.09283447265625
2022-03-31,338.9856872558594
2022-04-01,344.3968505859375
2022-04-04,342.30364990234375
2022-04-05,343.7106628417969
2022-04-06,354.8804626464844
2022-04-07,355.4190368652344
2022-04-08,355.20184326171875
2022-04-11,348.9915771484375
2022-04-12,353.3083801269531
2022-04-13,352.3356018066406
2022-04-14,354.81103515625
2022-04-18,355.7751159667969
2022-04-19,358.8673095703125
2022-04-20,364.7127380371094
2022-04-21,358.3460998535156
2022-04-22,349.47796630859375
2022-04-25,346.55963134765625
2022-04-26,342.3905029296875
2022-04-27,339.9411315917969
2022-04-28,346.53350830078125
2022-04-29,322.6739196777344
2022-05-02,312.7287292480469
2022-05-03,310.08831787109375
2022-05-04,308.4901428222656
2022-05-05,303.3655700683594
2022-05-06,292.6040344238281
2022-05-09,272.4618225097656
2022-05-10,271.3153381347656
2022-05-11,271.68011474609375
2022-05-12,272.8527526855469
2022-05-13,276.66571044921875
2022-05-16,277.2216491699219
2022-05-17,274.8677978515625
2022-05-18,266.56427001953125
2022-05-19,269.0570373535156
2022-05-20,271.78436279296875
2022-05-23,278.02935791015625
2022-05-24,283.1452941894531
2022-05-25,282.1724548339844
2022-05-26,283.067138671875
2022-05-27,291.6398620605469
2022-05-31,287.18408203125
2022-06-01,287.166748046875
2022-06-02,289.1644592285156
2022-06-03,287.25360107421875
2022-06-06,280.12261962890625
2022-06-07,287.1928405761719
2022-06-08,274.95465087890625
2022-06-09,269.04840087890625
2022-06-10,267.024658203125
2022-06-13,258.3823547363281
2022-06-14,260.446044921875
2022-06-15,265.9813232421875
2022-06-16,263.0256652832031
2022-06-17,261.0581970214844
2022-06-21,264.1624450683594
2022-06-22,267.7826843261719
2022-06-23,269.47918701171875
2022-06-24,274.7432861328125
2022-06-27,274.3235168457031
2022-06-28,272.3559875488281
2022-06-29,272.0062561035156
2022-06-30,273.4140930175781
2022-07-01,277.5240478515625
2022-07-05,275.1979675292969
2022-07-06,277.2179870605469
2022-07-07,275.2679443359375
2022-07-08,276.1773681640625
2022-07-11,274.4022521972656
2022-07-12,268.779541015625
2022-07-13,267.6515197753906
2022-07-14,267.9575500488281
2022-07-15,273.9825134277344
2022-07-18,270.169921875
2022-07-19,276.5709228515625
2022-07-20,276.3260192871094
2022-07-21,279.1942443847656
2022-07-22,279.23797607421875
2022-07-25,283.2516784667969
2022-07-26,285.6913757324219
2022-07-27,285.31536865234375
2022-07-28,294.77691650390625
2022-07-29,297.015380859375
2022-08-01,295.20465087890625
2022-08-02,292.0379943847656
2022-08-03,298.8261413574219
2022-08-04,300.80078125
2022-08-05,301.37408447265625
2022-08-08,305.4779357910156
2022-08-09,312.0476989746094
2022-08-10,314.8321533203125
2022-08-11,315.2416076660156
2022-08-12,320.02789306640625
2022-08-15,323.34014892578125
2022-08-16,321.4110107421875
2022-08-17,323.2763977050781
2022-08-18,321.07440185546875
2022-08-19,319.6002502441406
2022-08-22,315.15972900390625
2022-08-23,310.3734436035156
2022-08-24,312.1205139160156
2022-08-25,318.70849609375
2022-08-26,313.4944763183594
2022-08-29,309.9912109375
2022-08-30,302.5569763183594
2022-08-31,301.0373229980469
2022-09-01,307.3614807128906
2022-09-02,303.00286865234375
2022-09-06,308.8173828125
2022-09-07,311.4653625488281
2022-09-08,308.8265075683594
2022-09-09,308.6172180175781
2022-09-12,308.9356994628906
2022-09-13,300.03863525390625
2022-09-14,297.19189453125
2022-09-15,287.1048889160156
2022-09-16,286.6380310058594
2022-09-19,286.0430908203125
2022-09-20,280.3497009277344
2022-09-21,276.1849060058594
2022-09-22,273.6036376953125
2022-09-23,270.0887451171875
2022-09-26,266.1986083984375
2022-09-27,263.1504821777344
2022-09-28,267.8004455566406
2022-09-29,263.1504821777344
2022-09-30,268.0201110839844
2022-10-03,269.0635986328125
2022-10-04,271.8553771972656
2022-10-05,269.0361633300781
2022-10-06,263.5806884765625
2022-10-07,259.6539611816406
2022-10-10,263.251220703125
2022-10-11,265.3656005859375
2022-10-12,262.6195983886719
2022-10-13,264.7523193359375
2022-10-14,257.9330749511719
2022-10-17,267.0406799316406
2022-10-18,272.0384826660156
2022-10-19,266.2717590332031
2022-10-20,268.2763671875
2022-10-21,267.9010314941406
2022-10-24,266.6745300292969
2022-10-25,274.7020568847656
2022-10-26,272.84393310546875
2022-10-27,272.6242370605469
2022-10-28,285.1643981933594
2022-10-31,283.52593994140625
2022-11-01,281.5945739746094
2022-11-02,259.05889892578125
2022-11-03,253.24658203125
2022-11-04,254.21681213378906
2022-11-07,251.10462951660156
2022-11-08,262.4365234375
2022-11-09,260.6058349609375
2022-11-10,277.17340087890625
2022-11-11,270.1894226074219
2022-11-14,266.1253356933594
2022-11-15,264.6241760253906
2022-11-16,266.4548645019531
2022-11-17,264.8804931640625
2022-11-18,268.6607971191406
2022-11-21,272.349609375
2022-11-22,274.00640869140625
2022-11-23,271.96514892578125
2022-11-25,273.3290100097656
2022-11-28,264.1207580566406
2022-11-29,265.9971618652344
2022-11-30,272.7340393066406
2022-12-01,270.46405029296875
2022-12-02,270.7569274902344
2022-12-05,264.944580078125
2022-12-06,264.5234375
2022-12-07,271.69061279296875
2022-12-08,277.0544738769531
2022-12-09,272.404541015625
2022-12-12,275.90118408203125
2022-12-13,278.2048034667969
2022-12-14,276.6014404296875
2022-12-15,275.33905029296875
2022-12-16,263.9683532714844
2022-12-19,262.08856201171875
2022-12-20,260.0890197753906
2022-12-21,261.3883361816406
2022-12-22,257.997314453125
2022-12-23,260.9643859863281
2022-12-27,260.8077392578125
2022-12-28,256.1544189453125
2022-12-29,260.3838806152344
2022-12-30,258.181640625
2023-01-03,252.64369201660156
2023-01-04,256.2649841308594
2023-01-05,249.96224975585938
2023-01-06,255.0210418701172
2023-01-09,259.1214904785156
2023-01-10,259.0938720703125
2023-01-11,270.6028137207031
2023-01-12,272.8234558105469
2023-01-13,268.0227355957031
2023-01-17,268.6954040527344
2023-01-18,263.33251953125
2023-01-19,264.9634704589844
2023-01-20,266.3917236328125
2023-01-23,268.0043029785156
2023-01-24,270.7317810058594
2023-01-25,269.3311767578125
2023-01-26,274.03057861328125
2023-01-27,275.8089599609375
2023-01-30,275.41278076171875
2023-01-31,280.4346618652344
2023-02-01,281.9089660644531
2023-02-02,286.99542236328125
2023-02-03,284.2402648925781
2023-02-06,283.5767822265625
2023-02-07,278.3061218261719
2023-02-08,278.2784423828125
2023-02-09,275.0810241699219
2023-02-10,276.3526916503906
2023-02-13,278.7392272949219
2023-02-14,277.2464904785156
2023-02-15,277.27410888671875
2023-02-16,276.03021240234375
2023-02-17,275.52337646484375
2023-02-21,275.4219970703125
2023-02-22,269.34039306640625
2023-02-23,271.1832580566406
2023-02-24,270.20654296875
2023-02-27,272.03106689453125
2023-02-28,275.4681091308594
2023-03-01,272.47332763671875
2023-03-02,277.5690002441406
2023-03-03,280.8769836425781
2023-03-06,281.706298828125
2023-03-07,278.60101318359375
2023-03-08,277.2372131347656
2023-03-09,272.47332763671875
2023-03-10,259.3518371582031
2023-03-13,266.84326171875
2023-03-14,267.8209228515625
2023-03-15,268.6775207519531
2023-03-16,274.54345703125
2023-03-17,275.2976379394531
2023-03-20,277.81158447265625
2023-03-21,272.7371520996094
2023-03-22,265.33489990234375
2023-03-23,262.7929992675781
2023-03-24,266.85260009765625
2023-03-27,266.6197814941406
2023-03-28,262.56951904296875
2023-03-29,270.24176025390625
2023-03-30,274.3385925292969
2023-03-31,281.32183837890625
2023-04-03,286.498779296875
2023-04-04,287.0201416015625
2023-04-05,286.08905029296875
2023-04-06,289.3758544921875
2023-04-10,289.9996643066406
2023-04-11,292.41119384765625
2023-04-12,291.5732727050781
2023-04-13,283.5285339355469
2023-04-14,270.34417724609375
2023-04-17,274.189697265625
2023-04-18,270.5583190917969
2023-04-19,269.208251953125
2023-04-20,267.8209228515625
2023-04-21,268.61236572265625
2023-04-24,268.2492370605469
2023-04-25,270.0182800292969
2023-04-26,268.74267578125
2023-04-27,272.2809143066406
2023-04-28,274.5155029296875
2023-05-01,272.4298400878906
2023-05-02,267.048095703125
2023-05-03,262.858154296875
2023-05-04,270.2976379394531
2023-05-05,275.5211181640625
2023-05-08,276.8525390625
2023-05-09,278.6682434082031
2023-05-10,279.3385925292969
2023-05-11,274.673828125
2023-05-12,275.5955810546875
2023-05-15,273.7333984375
2023-05-16,268.94757080078125
2023-05-17,267.2436218261719
2023-05-18,265.17657470703125
2023-05-19,265.2696838378906
2023-05-22,264.9066162109375
2023-05-23,267.6905822753906
2023-05-24,263.86376953125
2023-05-25,263.60302734375
2023-05-26,266.9364013671875
2023-05-30,268.9940490722656
2023-05-31,263.7799377441406
2023-06-01,263.9009704589844
2023-06-02,268.5192565917969
2023-06-05,263.6402893066406
2023-06-06,260.7166748046875
2023-06-07,271.75946044921875
2023-06-08,270.2231750488281
2023-06-09,267.0853271484375
2023-06-12,267.8674621582031
2023-06-13,268.177978515625
2023-06-14,267.3311462402344
2023-06-15,270.6431579589844
2023-06-16,270.13507080078125
2023-06-20,268.177978515625
2023-06-21,270.7560729980469
2023-06-22,266.5596008300781
2023-06-23,266.8230285644531
2023-06-26,271.7722473144531
2023-06-27,272.39324951171875
2023-06-28,272.03570556640625
2023-06-29,271.5370178222656
2023-06-30,274.6325988769531
2023-07-03,275.677001953125
2023-07-05,274.66082763671875
2023-07-06,273.7575988769531
2023-07-07,270.1256408691406
2023-07-10,273.7199401855469
2023-07-11,276.49560546875
2023-07-12,278.77264404296875
2023-07-13,281.1625061035156
2023-07-14,283.8158874511719
2023-07-17,282.80914306640625
2023-07-18,276.9754638671875
2023-07-19,275.6487731933594
2023-07-20,271.9510192871094
2023-07-21,274.491455078125
2023-07-24,278.1798400878906
2023-07-25,276.3638916015625
2023-07-26,278.1045837402344
2023-07-27,271.2923278808594
2023-07-28,264.89422607421875
2023-07-31,265.1012268066406
2023-08-01,262.843017578125
2023-08-02,262.2972412109375
2023-08-03,270.02215576171875
2023-08-04,259.3992919921875
2023-08-07,266.2867736816406
2023-08-08,265.17645263671875
2023-08-09,269.4105529785156
2023-08-10,267.8769226074219
2023-08-11,269.96575927734375
2023-08-14,266.71954345703125
2023-08-15,263.1629333496094
2023-08-16,262.2972412109375
2023-08-17,256.284912109375
2023-08-18,257.2822570800781
2023-08-21,257.1034851074219
2023-08-22,257.52691650390625
2023-08-23,259.0417175292969
2023-08-24,257.59271240234375
2023-08-25,259.9732666015625
2023-08-28,260.8953552246094
2023-08-29,262.44775390625
2023-08-30,264.3955383300781
2023-08-31,260.04852294921875
2023-09-01,259.5028076171875
2023-09-05,255.16522216796875
2023-09-06,252.85060119628906
2023-09-07,256.9999694824219
2023-09-08,257.4892272949219
2023-09-11,260.24609375
2023-09-12,259.1997375488281
2023-09-13,258.7241516113281
2023-09-14,262.6241760253906
2023-09-15,260.74072265625
2023-09-18,256.7170715332031
2023-09-19,257.1831359863281
2023-09-20,257.5636291503906
2023-09-21,250.31527709960938
2023-09-22,251.10482788085938
2023-09-25,250.8670196533203
2023-09-26,251.0477752685547
2023-09-27,252.05606079101562
2023-09-28,251.3901824951172
2023-09-29,250.667236328125
2023-10-02,248.02285766601562
2023-10-03,243.23817443847656
2023-10-04,246.41526794433594
2023-10-05,246.25357055664062
2023-10-06,251.09530639648438
2023-10-09,257.2402038574219
2023-10-10,258.24853515625
2023-10-11,262.32928466796875
2023-10-12,259.6468200683594
2023-10-13,258.84783935546875
2023-10-16,262.2817687988281
2023-10-17,259.7038879394531
2023-10-18,253.6255645751953
2023-10-19,245.89208984375
2023-10-20,238.93862915039062
2023-10-23,235.83763122558594
2023-10-24,230.8151397705078
2023-10-25,226.38243103027344
2023-10-26,227.1339111328125
2023-10-27,226.93414306640625
2023-10-30,227.1719512939453
2023-10-31,227.0673370361328
2023-11-01,230.75807189941406
2023-11-02,236.15155029296875
2023-11-03,240.90765380859375
2023-11-06,236.0183563232422
2023-11-07,235.8851776123047
2023-11-08,238.46299743652344
2023-11-09,234.58201599121094
2023-11-10,232.84127807617188
2023-11-13,234.31568908691406
2023-11-14,247.3189697265625
2023-11-15,247.88015747070312
2023-11-16,246.85287475585938
2023-11-17,245.13111877441406
2023-11-20,245.49256896972656
2023-11-21,244.66500854492188
2023-11-22,242.2964630126953
2023-11-24,242.59133911132812
2023-11-27,244.1038055419922
2023-11-28,244.141845703125
2023-11-29,245.3213653564453
2023-11-30,246.13941955566406
2023-12-01,253.0262908935547
2023-12-04,256.16534423828125
2023-12-05,255.71826171875
2023-12-06,256.5078125
2023-12-07,259.7704772949219
2023-12-08,260.4554138183594
2023-12-11,263.32806396484375
2023-12-12,262.5299377441406
2023-12-13,271.713623046875
2023-12-14,279.93572998046875
2023-12-15,278.9356384277344
2023-12-18,277.916259765625
2023-12-19,283.5515441894531
2023-12-20,281.7532653808594
2023-12-21,285.7441101074219
2023-12-22,286.5037841796875
2023-12-26,290.3023376464844
2023-12-27,293.5719299316406
2023-12-28,295.9952392578125
2023-12-29,293.30267333984375
2024-01-02,299.8706970214844
2024-01-03,291.38897705078125
2024-01-04,288.66748046875
2024-01-05,287.15771484375
2024-01-08,288.60980224609375
2024-01-09,285.5132751464844
2024-01-10,283.8977355957031
2024-01-11,279.2145080566406
2024-01-12,283.71502685546875
2024-01-16,283.54193115234375
2024-01-17,283.205322265625
2024-01-18,279.8106994628906
2024-01-19,280.7243347167969
2024-01-22,282.387939453125
2024-01-23,280.656982421875
2024-01-24,277.6374206542969
2024-01-25,280.4934997558594
2024-01-26,278.7625427246094
2024-01-29,278.6951904296875
2024-01-30,273.8388977050781
2024-01-31,272.3291320800781
2024-02-01,275.47369384765625
2024-02-02,269.7999572753906
2024-02-05,263.64544677734375
2024-02-06,267.9632263183594
2024-02-07,270.425048828125
2024-02-08,273.9735412597656
2024-02-09,273.17535400390625
2024-02-12,270.550048828125
2024-02-13,266.0303039550781
2024-02-14,269.7230529785156
2024-02-15,275.2813415527344
2024-02-16,270.7231140136719
2024-02-20,273.22344970703125
2024-02-21,277.55084228515625
2024-02-22,274.4447021484375
2024-02-23,273.858154296875
2024-02-26,267.9343566894531
2024-02-27,268.8575439453125
2024-02-28,269.5403137207031
2024-02-29,272.9830017089844
2024-03-01,272.377197265625
2024-03-04,274.1466369628906
2024-03-05,268.79022216796875
2024-03-06,272.848388671875
2024-03-07,275.1082458496094
2024-03-08,281.88787841796875
2024-03-11,280.4934997558594
2024-03-12,282.3201904296875
2024-03-13,280.65869140625
2024-03-14,272.6815185546875
2024-03-15,269.18359375
2024-03-18,269.708251953125
2024-03-19,269.4459228515625
2024-03-20,274.0320739746094
2024-03-21,273.86688232421875
2024-03-22,271.447509765625
2024-03-25,267.9593200683594
2024-03-26,267.48321533203125
2024-03-27,279.9299621582031
2024-03-28,281.8343505859375
2024-04-01,278.37530517578125
2024-04-02,275.34381103515625
2024-04-03,272.3705749511719
2024-04-04,272.6815185546875
2024-04-05,274.5567932128906
2024-04-08,279.46356201171875
2024-04-09,285.0213623046875
2024-04-10,268.02734375
2024-04-11,267.3763427734375
2024-04-12,264.4225769042969
2024-04-15,258.2234802246094
2024-04-16,254.78387451171875
2024-04-17,254.38548278808594
2024-04-18,252.89886474609375
2024-04-19,252.99603271484375
2024-04-22,254.02598571777344
2024-04-23,254.78387451171875
2024-04-24,254.73529052734375
2024-04-25,251.34423828125
2024-04-26,250.42120361328125
2024-04-29,255.4737091064453
2024-04-30,252.09242248535156
2024-05-01,252.7725830078125
2024-05-02,256.44537353515625
2024-05-03,258.2234802246094
2024-05-06,261.55621337890625
2024-05-07,265.4524841308594
2024-05-08,261.3910217285156
2024-05-09,267.5804138183594
2024-05-10,268.1147766113281
2024-05-13,269.05731201171875
2024-05-14,271.8944396972656
2024-05-15,278.52105712890625
2024-05-16,278.88055419921875
2024-05-17,280.4837951660156
2024-05-20,277.7923583984375
2024-05-21,275.00372314453125
2024-05-22,274.9842834472656
2024-05-23,266.5795593261719
2024-05-24,264.6654357910156
2024-05-28,262.8193054199219
2024-05-29,256.31903076171875
2024-05-30,260.6331481933594
2024-05-31,266.06463623046875
2024-06-03,266.6087646484375
2024-06-04,271.0588684082031
2024-06-05,269.28076171875
2024-06-06,268.3091125488281
2024-06-07,266.054931640625
2024-06-10,266.24920654296875
2024-06-11,266.8516540527344
2024-06-12,270.8793640136719
2024-06-13,277.61846923828125
2024-06-14,278.2569885253906
2024-06-17,278.79730224609375
2024-06-18,286.3124694824219
2024-06-20,286.8232727050781
2024-06-21,285.91949462890625
2024-06-24,287.15728759765625
2024-06-25,284.465576171875
2024-06-26,283.0411376953125
2024-06-27,281.4988098144531
2024-06-28,282.5794372558594
2024-07-01,278.13909912109375
2024-07-02,280.3592834472656
2024-07-03,282.27490234375
2024-07-05,284.5638427734375
2024-07-08,285.32025146484375
2024-07-09,283.89581298828125
2024-07-10,282.3338317871094
2024-07-11,291.4011535644531
2024-07-12,297.2953796386719
2024-07-15,296.7157897949219
2024-07-16,300.2621154785156
2024-07-17,304.51580810546875
2024-07-18,298.2679138183594
2024-07-19,296.3326416015625
2024-07-22,299.0538330078125
2024-07-23,296.6470031738281
2024-07-24,290.34014892578125
2024-07-25,289.7213134765625
2024-07-26,295.4386901855469
2024-07-29,297.4623718261719
2024-07-30,299.00469970703125
2024-07-31,290.70367431640625
2024-08-01,294.7903137207031
2024-08-02,306.4019775390625
2024-08-05,298.3072204589844
2024-08-06,307.1289367675781
2024-08-07,304.6828308105469
2024-08-08,307.64959716796875
2024-08-09,311.4513854980469
2024-08-12,308.7989501953125
2024-08-13,310.87176513671875
2024-08-14,315.2236633300781
2024-08-15,311.6380310058594
2024-08-16,313.77960205078125
2024-08-19,317.3848571777344
2024-08-20,319.81134033203125
2024-08-21,322.0118713378906
2024-08-22,327.36578369140625
2024-08-23,334.9300537109375
2024-08-26,333.6726379394531
2024-08-27,336.5509948730469
2024-08-28,334.7630615234375
2024-08-29,335.6963195800781
2024-08-30,337.6610412597656
2024-09-03,335.6570129394531
2024-09-04,337.8869934082031
2024-09-05,335.156005859375
2024-09-06,339.53741455078125
2024-09-09,345.3039245605469
2024-09-10,352.8092346191406
2024-09-11,353.06463623046875
2024-09-12,352.7895812988281
2024-09-13,355.8011779785156
2024-09-16,359.5953369140625
2024-09-17,354.2260437011719
2024-09-18,357.3465881347656
2024-09-19,355.2662048339844
2024-09-20,358.33721923828125
2024-09-23,361.5964660644531
2024-09-24,358.6047058105469
2024-09-25,356.21722412109375
2024-09-26,353.1660461425781
2024-09-27,353.30474853515625
2024-09-30,360.46710205078125
2024-10-01,356.6927490234375
2024-10-02,351.9772644042969
2024-10-03,349.6987609863281
2024-10-04,342.1698303222656
2024-10-07,343.46759033203125
2024-10-08,344.68609619140625
2024-10-09,344.7059020996094
2024-10-10,338.8710021972656
2024-10-11,339.6238708496094
2024-10-14,340.50555419921875
2024-10-15,341.763671875
2024-10-16,344.388916015625
2024-10-17,342.1698303222656
2024-10-18,342.3877868652344
2024-10-21,328.74658203125
2024-10-22,331.7878723144531
2024-10-23,336.5924987792969
2024-10-24,335.2452392578125
2024-10-25,333.194580078125
2024-10-28,333.4620361328125
2024-10-29,328.162109375
2024-10-30,332.6893310546875
2024-10-31,325.982666015625
2024-11-01,320.6331787109375
2024-11-04,329.4499206542969
2024-11-05,337.41473388671875
2024-11-06,322.2677307128906
2024-11-07,330.0146179199219
2024-11-08,336.24578857421875
2024-11-11,333.74932861328125
2024-11-12,327.151611328125
2024-11-13,331.80767822265625
2024-11-14,328.6871337890625
2024-11-15,331.87701416015625
2024-11-18,334.1357116699219
2024-11-19,331.322265625
2024-11-20,329.7471008300781
2024-11-21,332.70916748046875
2024-11-22,334.4229736328125
2024-11-25,344.5771179199219
2024-11-26,346.7664794921875
2024-11-27,348.0740966796875
2024-11-29,344.7950439453125
2024-12-02,340.852294921875
2024-12-03,332.9468994140625
2024-12-04,331.4807434082031
2024-12-05,329.55889892578125
2024-12-06,330.87646484375
2024-12-09,332.4317932128906
2024-12-10,324.92266845703125
2024-12-11,320.316162109375
2024-12-12,317.7900085449219
2024-12-13,317.6199951171875
2024-12-16,315.20001220703125
2024-12-17,313.3599853515625
