,ROL
2014-01-02,7.558896541595459
2014-01-03,7.640809059143066
2014-01-06,7.6254496574401855
2014-01-07,7.628010272979736
2014-01-08,7.633127212524414
2014-01-09,7.594730854034424
2014-01-10,7.576816082000732
2014-01-13,7.466745853424072
2014-01-14,7.53585958480835
2014-01-15,7.528180122375488
2014-01-16,7.512821197509766
2014-01-17,7.487225532531738
2014-01-21,7.5204997062683105
2014-01-22,7.512821197509766
2014-01-23,7.5204997062683105
2014-01-24,7.448827266693115
2014-01-27,7.430912494659424
2014-01-28,7.3566789627075195
2014-01-29,7.428352355957031
2014-01-30,7.510261058807373
2014-01-31,7.377156734466553
2014-02-03,6.949680805206299
2014-02-04,7.080228328704834
2014-02-05,7.034151077270508
2014-02-06,7.156207084655762
2014-02-07,7.289820671081543
2014-02-10,7.2744035720825195
2014-02-11,7.3617706298828125
2014-02-12,7.459413528442383
2014-02-13,7.523651599884033
2014-02-14,7.600736618041992
2014-02-18,7.703516960144043
2014-02-19,7.654698848724365
2014-02-20,7.600736618041992
2014-02-21,7.60587739944458
2014-02-24,7.590459823608398
2014-02-25,7.551915645599365
2014-02-26,7.60330867767334
2014-02-27,7.575042724609375
2014-02-28,7.672685146331787
2014-03-03,7.616154670715332
2014-03-04,7.767760276794434
2014-03-05,7.718935489654541
2014-03-06,7.7112274169921875
2014-03-07,7.7985944747924805
2014-03-10,7.7343525886535645
2014-03-11,7.652129173278809
2014-03-12,7.613584041595459
2014-03-13,7.559625625610352
2014-03-14,7.672685146331787
2014-03-17,7.747201919555664
2014-03-18,7.8165812492370605
2014-03-19,7.7343525886535645
2014-03-20,7.7497711181640625
2014-03-21,7.85769510269165
2014-03-24,7.726645469665527
2014-03-25,7.739491939544678
2014-03-26,7.70095157623291
2014-03-27,7.680394649505615
2014-03-28,7.677825450897217
2014-03-31,7.770328521728516
2014-04-01,7.94762659072876
2014-04-02,7.903945446014404
2014-04-03,7.875677585601807
2014-04-04,7.760047912597656
2014-04-07,7.736922264099121
2014-04-08,7.772897720336914
2014-04-09,7.821720123291016
2014-04-10,7.626430034637451
2014-04-11,7.621291160583496
2014-04-14,7.6084465980529785
2014-04-15,7.587890148162842
2014-04-16,7.6418538093566895
2014-04-17,7.682962417602539
2014-04-21,7.70866060256958
2014-04-22,7.731786251068115
2014-04-23,7.760047912597656
2014-04-24,7.736922264099121
2014-04-25,7.667545318603516
2014-04-28,7.7574782371521
2014-04-29,7.6855363845825195
2014-04-30,7.7292160987854
2014-05-01,7.7343525886535645
2014-05-02,7.742064476013184
2014-05-05,7.724076747894287
2014-05-06,7.664975166320801
2014-05-07,7.795198917388916
2014-05-08,7.6946306228637695
2014-05-09,7.777145862579346
2014-05-12,7.851928234100342
2014-05-13,7.771990776062012
2014-05-14,7.686894416809082
2014-05-15,7.72815465927124
2014-05-16,7.777145862579346
2014-05-19,7.8287224769592285
2014-05-20,7.712684154510498
2014-05-21,7.746201515197754
2014-05-22,7.771990776062012
2014-05-23,7.872554779052734
2014-05-27,7.911231994628906
2014-05-28,7.918970584869385
2014-05-29,7.880294322967529
2014-05-30,7.908656597137451
2014-06-02,7.988595962524414
2014-06-03,8.040169715881348
2014-06-04,7.988595962524414
2014-06-05,8.050479888916016
2014-06-06,8.019537925720215
2014-06-09,8.055638313293457
2014-06-10,8.055638313293457
2014-06-11,8.029851913452148
2014-06-12,7.96538782119751
2014-06-13,7.960228443145752
2014-06-16,7.91639518737793
2014-06-17,7.924127101898193
2014-06-18,7.90608024597168
2014-06-19,7.867400646209717
2014-06-20,7.841614246368408
2014-06-23,7.76683235168457
2014-06-24,7.702368259429932
2014-06-25,7.702368259429932
2014-06-26,7.653369426727295
2014-06-27,7.65079402923584
2014-06-30,7.735888481140137
2014-07-01,7.800356388092041
2014-07-02,7.826142311096191
2014-07-03,7.857085227966309
2014-07-07,7.7926177978515625
2014-07-08,7.704946041107178
2014-07-09,7.637903690338135
2014-07-10,7.622430324554443
2014-07-11,7.630166530609131
2014-07-14,7.617272853851318
2014-07-15,7.55280876159668
2014-07-16,7.5167059898376465
2014-07-17,7.462553024291992
2014-07-18,7.514126300811768
2014-07-21,7.503811359405518
2014-07-22,7.527018070220947
2014-07-23,7.527018070220947
2014-07-24,7.578592777252197
2014-07-25,7.519285678863525
2014-07-28,7.506392955780029
2014-07-29,7.449661731719971
2014-07-30,7.408403396606445
2014-07-31,7.300100326538086
2014-08-01,7.269155502319336
2014-08-04,7.3413567543029785
2014-08-05,7.372302055358887
2014-08-06,7.38394832611084
2014-08-07,7.365832328796387
2014-08-08,7.438300132751465
2014-08-11,7.464181900024414
2014-08-12,7.484885215759277
2014-08-13,7.559943199157715
2014-08-14,7.5677056312561035
2014-08-15,7.580648899078369
2014-08-18,7.660879611968994
2014-08-19,7.691938877105713
2014-08-20,7.69711446762085
2014-08-21,7.707465648651123
2014-08-22,7.691938877105713
2014-08-25,7.678995609283447
2014-08-26,7.69711446762085
2014-08-27,7.678995609283447
2014-08-28,7.673819541931152
2014-08-29,7.699703216552734
2014-09-02,7.854990482330322
2014-09-03,7.821342468261719
2014-09-04,7.83428430557251
2014-09-05,7.880871295928955
2014-09-08,7.891224384307861
2014-09-09,7.852403163909912
2014-09-10,7.862752437591553
2014-09-11,7.857579708099365
2014-09-12,7.821342468261719
2014-09-15,7.821342468261719
2014-09-16,7.810989856719971
2014-09-17,7.8006391525268555
2014-09-18,7.774755477905273
2014-09-19,7.722994327545166
2014-09-22,7.673819541931152
2014-09-23,7.575473785400391
2014-09-24,7.622056484222412
2014-09-25,7.510768890380859
2014-09-26,7.565117359161377
2014-09-29,7.5987629890441895
2014-09-30,7.578059673309326
2014-10-01,7.440886974334717
2014-10-02,7.415006160736084
2014-10-03,7.425359725952148
2014-10-06,7.417595386505127
2014-10-07,7.350301265716553
2014-10-08,7.443473815917969
2014-10-09,7.399477481842041
2014-10-10,7.285599231719971
2014-10-13,7.161369323730469
2014-10-14,7.244190216064453
2014-10-15,7.283011436462402
2014-10-16,7.391713619232178
2014-10-17,7.456415176391602
2014-10-20,7.513357639312744
2014-10-21,7.694523334503174
2014-10-22,7.668642520904541
2014-10-23,7.7281694412231445
2014-10-24,7.7281694412231445
2014-10-27,7.748877048492432
2014-10-28,7.930045127868652
2014-10-29,8.05945110321045
2014-10-30,8.173327445983887
2014-10-31,8.248384475708008
2014-11-03,8.240622520446777
2014-11-04,8.318264961242676
2014-11-05,8.34155559539795
2014-11-06,8.47309684753418
2014-11-07,8.457467079162598
2014-11-10,8.457467079162598
2014-11-11,8.460074424743652
2014-11-12,8.467889785766602
2014-11-13,8.598121643066406
2014-11-14,8.55644416809082
2014-11-17,8.56947135925293
2014-11-18,8.56947135925293
2014-11-19,8.574677467346191
2014-11-20,8.595516204833984
2014-11-21,8.43663215637207
2014-11-24,8.538219451904297
2014-11-25,8.517374038696289
2014-11-26,8.46528434753418
2014-11-28,8.47309684753418
2014-12-01,8.384536743164062
2014-12-02,8.462677955627441
2014-12-03,8.496537208557129
2014-12-04,8.483513832092285
2014-12-05,8.660638809204102
2014-12-08,8.559053421020508
2014-12-09,8.566863059997559
2014-12-10,8.457467079162598
2014-12-11,8.509562492370605
2014-12-12,8.535611152648926
2014-12-15,8.48872184753418
2014-12-16,8.48872184753418
2014-12-17,8.616354942321777
2014-12-18,8.725751876831055
2014-12-19,8.582493782043457
2014-12-22,8.671053886413574
2014-12-23,8.741381645202637
2014-12-24,8.69449234008789
2014-12-26,8.707517623901367
2014-12-29,8.801287651062012
2014-12-30,8.74919605255127
2014-12-31,8.621565818786621
2015-01-02,8.45225715637207
2015-01-05,8.444442749023438
2015-01-06,8.311601638793945
2015-01-07,8.493929862976074
2015-01-08,8.684078216552734
2015-01-09,8.572073936462402
2015-01-12,8.447046279907227
2015-01-13,8.517374038696289
2015-01-14,8.48872184753418
2015-01-15,8.381929397583008
2015-01-16,8.519979476928711
2015-01-20,8.48090934753418
2015-01-21,8.543426513671875
2015-01-22,8.684078216552734
2015-01-23,8.678866386413574
2015-01-26,8.76221752166748
2015-01-27,8.76221752166748
2015-01-28,9.077387809753418
2015-01-29,8.84817123413086
2015-01-30,8.608541488647461
2015-02-02,8.655426025390625
2015-02-03,8.75440502166748
2015-02-04,8.624167442321777
2015-02-05,8.798684120178223
2015-02-06,8.756860733032227
2015-02-09,8.798684120178223
2015-02-10,8.701966285705566
2015-02-11,8.756860733032227
2015-02-12,8.822209358215332
2015-02-13,8.819596290588379
2015-02-17,8.80129623413086
2015-02-18,8.856192588806152
2015-02-19,8.796069145202637
2015-02-20,8.856192588806152
2015-02-23,8.83005142211914
2015-02-24,8.8692626953125
2015-02-25,8.790840148925781
2015-02-26,8.803908348083496
2015-02-27,8.767316818237305
2015-03-02,8.931994438171387
2015-03-03,8.924155235290527
2015-03-04,8.864036560058594
2015-03-05,8.887560844421387
2015-03-06,8.83266544342041
2015-03-09,8.890172958374023
2015-03-10,8.66536808013916
2015-03-11,8.798684120178223
2015-03-12,8.81436824798584
2015-03-13,9.065309524536133
2015-03-16,9.253518104553223
2015-03-17,9.394672393798828
2015-03-18,9.46132755279541
2015-03-19,9.559355735778809
2015-03-20,9.68090534210205
2015-03-23,9.759324073791504
2015-03-24,9.708352088928223
2015-03-25,9.531906127929688
2015-03-26,9.543668746948242
2015-03-27,9.618171691894531
2015-03-30,9.684823989868164
2015-03-31,9.696587562561035
2015-04-01,9.673062324523926
2015-04-02,9.77892780303955
2015-04-06,9.888718605041504
2015-04-07,9.802452087402344
2015-04-08,9.865191459655762
2015-04-09,9.876952171325684
2015-04-10,9.81029987335205
2015-04-13,9.75540542602539
2015-04-14,9.724035263061523
2015-04-15,9.696587562561035
2015-04-16,9.64953899383545
2015-04-17,9.551512718200684
2015-04-20,9.653458595275879
2015-04-21,9.696587562561035
2015-04-22,9.87303352355957
2015-04-23,10.018113136291504
2015-04-24,9.927925109863281
2015-04-27,9.845586776733398
2015-04-28,9.876952171325684
2015-04-29,9.716190338134766
2015-04-30,9.724035263061523
2015-05-01,9.720113754272461
2015-05-04,9.731873512268066
2015-05-05,9.633853912353516
2015-05-06,9.606316566467285
2015-05-07,9.570911407470703
2015-05-08,9.578782081604004
2015-05-11,9.582716941833496
2015-05-12,9.531572341918945
2015-05-13,9.527641296386719
2015-05-14,9.673194885253906
2015-05-15,9.669257164001465
2015-05-18,9.653523445129395
2015-05-19,9.704660415649414
2015-05-20,9.700728416442871
2015-05-21,9.653523445129395
2015-05-22,9.673194885253906
2015-05-26,9.62991714477539
2015-05-27,9.724329948425293
2015-05-28,9.767601013183594
2015-05-29,9.763668060302734
2015-06-01,9.771535873413086
2015-06-02,9.763668060302734
2015-06-03,9.976093292236328
2015-06-04,9.952488899230957
2015-06-05,10.02723217010498
2015-06-08,10.074433326721191
2015-06-09,10.243592262268066
2015-06-10,10.373405456542969
2015-06-11,10.483551025390625
2015-06-12,10.491421699523926
2015-06-15,10.432413101196289
2015-06-16,10.538626670837402
2015-06-17,10.640905380249023
2015-06-18,10.719579696655273
2015-06-19,10.668439865112305
2015-06-22,10.59369945526123
2015-06-23,10.581899642944336
2015-06-24,10.515024185180664
2015-06-25,10.845460891723633
2015-06-26,10.935937881469727
2015-06-29,11.1680326461792
2015-06-30,11.223106384277344
2015-07-01,10.888731956481934
2015-07-02,10.664506912231445
2015-07-06,10.817922592163086
2015-07-07,10.900532722473145
2015-07-08,10.786455154418945
2015-07-09,10.743180274963379
2015-07-10,10.837593078613281
2015-07-13,10.884799003601074
2015-07-14,10.998880386352539
2015-07-15,11.057887077331543
2015-07-16,11.246708869934082
2015-07-17,11.164098739624023
2015-07-20,11.2545747756958
2015-07-21,11.097221374511719
2015-07-22,11.266377449035645
2015-07-23,11.2545747756958
2015-07-24,11.140493392944336
2015-07-27,11.128693580627441
2015-07-28,11.17983341217041
2015-07-29,11.360784530639648
2015-07-30,11.54961109161377
2015-07-31,11.40799331665039
2015-08-03,11.356854438781738
2015-08-04,11.651886940002441
2015-08-05,11.876113891601562
2015-08-06,11.615795135498047
2015-08-07,11.667069435119629
2015-08-10,11.714400291442871
2015-08-11,11.603963851928711
2015-08-12,11.663126945495605
2015-08-13,11.722290992736816
2015-08-14,11.773566246032715
2015-08-17,11.970772743225098
2015-08-18,11.903725624084473
2015-08-19,11.79328727722168
2015-08-20,11.461967468261719
2015-08-21,11.122761726379395
2015-08-24,10.499573707580566
2015-08-25,10.81905746459961
2015-08-26,11.028101921081543
2015-08-27,11.110932350158691
2015-08-28,11.047823905944824
2015-08-31,11.012325286865234
2015-09-01,10.8032808303833
2015-09-02,11.028101921081543
2015-09-03,11.18981647491455
2015-09-04,11.103042602539062
2015-09-08,11.264756202697754
2015-09-09,11.288421630859375
2015-09-10,11.16220474243164
2015-09-11,11.252922058105469
2015-09-14,11.154317855834961
2015-09-15,11.284477233886719
2015-09-16,11.331808090209961
2015-09-17,11.316033363342285
2015-09-18,11.099102020263672
2015-09-21,11.20559310913086
2015-09-22,11.05571460723877
2015-09-23,10.988659858703613
2015-09-24,10.878222465515137
2015-09-25,10.870331764221191
2015-09-28,10.54295825958252
2015-09-29,10.357580184936523
2015-09-30,10.59817886352539
2015-10-01,10.566625595092773
2015-10-02,10.606070518493652
2015-10-05,10.657344818115234
2015-10-06,10.432523727416992
2015-10-07,10.77566909790039
2015-10-08,10.893997192382812
2015-10-09,11.012325286865234
2015-10-12,11.075430870056152
2015-10-13,10.984711647033691
2015-10-14,10.890050888061523
2015-10-15,10.826945304870605
2015-10-16,10.846664428710938
2015-10-19,10.696786880493164
2015-10-20,10.74806022644043
2015-10-21,10.696786880493164
2015-10-22,10.763837814331055
2015-10-23,10.917664527893066
2015-10-26,10.85060977935791
2015-10-27,10.7401762008667
2015-10-28,10.657344818115234
2015-10-29,10.665231704711914
2015-10-30,10.578457832336426
2015-11-02,10.50351619720459
2015-11-03,10.515349388122559
2015-11-04,10.448295593261719
2015-11-05,10.436466217041016
2015-11-06,10.551633834838867
2015-11-09,10.400726318359375
2015-11-10,10.496034622192383
2015-11-11,10.460295677185059
2015-11-12,10.32129955291748
2015-11-13,10.265704154968262
2015-11-16,10.32129955291748
2015-11-17,10.289528846740723
2015-11-18,10.519862174987793
2015-11-19,10.59929084777832
2015-11-20,10.694597244262695
2015-11-23,10.849475860595703
2015-11-24,10.666800498962402
2015-11-25,10.75019645690918
2015-11-27,10.813738822937012
2015-11-30,10.781963348388672
2015-12-01,10.909045219421387
2015-12-02,10.821677207946777
2015-12-03,10.686655044555664
2015-12-04,10.758135795593262
2015-12-07,10.793882369995117
2015-12-08,10.718426704406738
2015-12-09,10.658852577209473
2015-12-10,10.730340957641602
2015-12-11,10.48015022277832
2015-12-14,10.293502807617188
2015-12-15,10.329240798950195
2015-12-16,10.623112678527832
2015-12-17,10.527804374694824
2015-12-18,10.392783164978027
2015-12-21,10.237902641296387
2015-12-22,10.285558700561523
2015-12-23,10.456321716308594
2015-12-24,10.353070259094238
2015-12-28,10.563546180725098
2015-12-29,10.551633834838867
2015-12-30,10.603260040283203
2015-12-31,10.285558700561523
2016-01-04,10.047283172607422
2016-01-05,10.011540412902832
2016-01-06,9.876519203186035
2016-01-07,9.642216682434082
2016-01-08,9.578673362731934
2016-01-11,9.562788963317871
2016-01-12,10.281585693359375
2016-01-13,10.047283172607422
2016-01-14,10.182304382324219
2016-01-15,10.11876392364502
2016-01-19,10.130681037902832
2016-01-20,10.198188781738281
2016-01-21,10.122735977172852
2016-01-22,10.364984512329102
2016-01-25,10.269674301147461
2016-01-26,10.503978729248047
2016-01-27,10.39675235748291
2016-01-28,10.46823787689209
2016-01-29,10.940817832946777
2016-02-01,10.833588600158691
2016-02-02,10.742253303527832
2016-02-03,10.801822662353516
2016-02-04,10.690627098083496
2016-02-05,10.404695510864258
2016-02-08,10.165506362915039
2016-02-09,9.91834831237793
2016-02-10,10.041927337646484
2016-02-11,9.906386375427246
2016-02-12,10.241249084472656
2016-02-16,10.695707321166992
2016-02-17,10.735573768615723
2016-02-18,10.715639114379883
2016-02-19,10.827261924743652
2016-02-22,10.926922798156738
2016-02-23,10.791382789611816
2016-02-24,10.958816528320312
2016-02-25,11.034557342529297
2016-02-26,11.066452026367188
2016-02-29,10.974762916564941
2016-03-01,11.233880996704102
2016-03-02,11.233880996704102
2016-03-03,11.393342018127441
2016-03-04,11.429216384887695
2016-03-07,11.59266471862793
2016-03-08,11.27773380279541
2016-03-09,11.174084663391113
2016-03-10,11.042533874511719
2016-03-11,11.070439338684082
2016-03-14,10.998682022094727
2016-03-15,10.982733726501465
2016-03-16,11.010640144348145
2016-03-17,11.042533874511719
2016-03-18,11.150166511535645
2016-03-21,10.683749198913574
2016-03-22,10.80334186553955
2016-03-23,10.691720962524414
2016-03-24,10.679760932922363
2016-03-28,10.683749198913574
2016-03-29,11.022599220275879
2016-03-30,10.863138198852539
2016-03-31,10.811315536499023
2016-04-01,10.906991004943848
2016-04-04,10.8790864944458
2016-04-05,10.687734603881836
2016-04-06,10.759491920471191
2016-04-07,10.731586456298828
2016-04-08,10.74753189086914
2016-04-11,10.687734603881836
2016-04-12,10.711653709411621
2016-04-13,10.77145004272461
2016-04-14,10.69969367980957
2016-04-15,10.799358367919922
2016-04-18,10.807329177856445
2016-04-19,10.779425621032715
2016-04-20,10.827261924743652
2016-04-21,10.667802810668945
2016-04-22,10.739561080932617
2016-04-25,10.667802810668945
2016-04-26,10.671788215637207
2016-04-27,10.580102920532227
2016-04-28,10.715639114379883
2016-04-29,10.711653709411621
2016-05-02,10.77543830871582
2016-05-03,10.763479232788086
2016-05-04,10.763479232788086
2016-05-05,10.77543830871582
2016-05-06,10.935484886169434
2016-05-09,10.91948127746582
2016-05-10,11.043521881103516
2016-05-11,10.907478332519531
2016-05-12,11.06752872467041
2016-05-13,10.911481857299805
2016-05-16,10.899478912353516
2016-05-17,10.847457885742188
2016-05-18,10.903478622436523
2016-05-19,10.983501434326172
2016-05-20,11.039523124694824
2016-05-23,11.01151180267334
2016-05-24,11.331615447998047
2016-05-25,11.215576171875
2016-05-26,11.283598899841309
2016-05-27,11.371625900268555
2016-05-31,11.371625900268555
2016-06-01,11.423641204833984
2016-06-02,11.479660987854004
2016-06-03,11.47566032409668
2016-06-06,11.53968334197998
2016-06-07,11.51567268371582
2016-06-08,11.511673927307129
2016-06-09,11.523674011230469
2016-06-10,11.443650245666504
2016-06-13,11.36362361907959
2016-06-14,11.29160213470459
2016-06-15,11.267596244812012
2016-06-16,11.283598899841309
2016-06-17,11.119548797607422
2016-06-20,11.199570655822754
2016-06-21,11.235584259033203
2016-06-22,11.227581977844238
2016-06-23,11.283598899841309
2016-06-24,11.01151180267334
2016-06-27,10.899478912353516
2016-06-28,11.031519889831543
2016-06-29,11.339618682861328
2016-06-30,11.711735725402832
2016-07-01,11.691727638244629
2016-07-05,11.707736015319824
2016-07-06,11.635712623596191
2016-07-07,11.607702255249023
2016-07-08,11.723738670349121
2016-07-11,11.767755508422852
2016-07-12,11.783759117126465
2016-07-13,11.763752937316895
2016-07-14,11.695731163024902
2016-07-15,11.639714241027832
2016-07-18,11.599699020385742
2016-07-19,11.583700180053711
2016-07-20,11.703733444213867
2016-07-21,11.683727264404297
2016-07-22,11.739745140075684
2016-07-25,11.687728881835938
2016-07-26,11.66772174835205
2016-07-27,11.207575798034668
2016-07-28,11.131551742553711
2016-07-29,11.275595664978027
2016-08-01,11.2795991897583
2016-08-02,11.227581977844238
2016-08-03,11.219576835632324
2016-08-04,11.04751968383789
2016-08-05,11.071532249450684
2016-08-08,10.999247550964355
2016-08-09,11.208067893981934
2016-08-10,11.308465003967285
2016-08-11,11.264291763305664
2016-08-12,11.256258010864258
2016-08-15,11.260273933410645
2016-08-16,11.244210243225098
2016-08-17,11.264291763305664
2016-08-18,11.280352592468262
2016-08-19,11.284369468688965
2016-08-22,11.272320747375488
2016-08-23,11.288385391235352
2016-08-24,11.268305778503418
2016-08-25,11.276337623596191
2016-08-26,11.272320747375488
2016-08-29,11.304448127746582
2016-08-30,11.308465003967285
2016-08-31,11.445000648498535
2016-09-01,11.565472602844238
2016-09-02,11.681931495666504
2016-09-06,11.722089767456055
2016-09-07,11.854610443115234
2016-09-08,11.65783405303955
2016-09-09,11.509252548217773
2016-09-12,11.63373851776123
2016-09-13,11.396809577941895
2016-09-14,11.549409866333008
2016-09-15,11.665867805480957
2016-09-16,11.63373851776123
2016-09-19,11.641772270202637
2016-09-20,11.613663673400879
2016-09-21,11.617679595947266
2016-09-22,11.802407264709473
2016-09-23,11.68996524810791
2016-09-26,11.533348083496094
2016-09-27,11.561457633972168
2016-09-28,11.625714302062988
2016-09-29,11.597599983215332
2016-09-30,11.75822925567627
2016-10-03,11.730120658874512
2016-10-04,11.63373851776123
2016-10-05,11.549409866333008
2016-10-06,11.497204780578613
2016-10-07,11.396809577941895
2016-10-10,11.424918174743652
2016-10-11,11.292402267456055
2016-10-12,11.328542709350586
2016-10-13,11.352636337280273
2016-10-14,11.32452392578125
2016-10-17,11.320509910583496
2016-10-18,11.348624229431152
2016-10-19,11.336573600769043
2016-10-20,11.32452392578125
2016-10-21,11.304448127746582
2016-10-24,11.348624229431152
2016-10-25,11.300434112548828
2016-10-26,12.027290344238281
2016-10-27,12.332493782043457
2016-10-28,12.316428184509277
2016-10-31,12.376662254333496
2016-11-01,12.264220237731934
2016-11-02,12.3043794631958
2016-11-03,12.252174377441406
2016-11-04,12.191936492919922
2016-11-07,12.332493782043457
2016-11-08,12.465879440307617
2016-11-09,12.635650634765625
2016-11-10,12.603313446044922
2016-11-11,12.518426895141602
2016-11-14,12.514384269714355
2016-11-15,12.61948013305664
2016-11-16,12.696279525756836
2016-11-17,12.752869606018066
2016-11-18,12.987311363220215
2016-11-21,12.918596267700195
2016-11-22,13.116657257080078
2016-11-23,13.06411075592041
2016-11-25,13.169205665588379
2016-11-28,13.185373306274414
2016-11-29,13.09644889831543
2016-11-30,12.987311363220215
2016-12-01,13.084320068359375
2016-12-02,13.153038024902344
2016-12-05,13.270257949829102
2016-12-06,13.391521453857422
2016-12-07,13.553204536437988
2016-12-08,13.779565811157227
2016-12-09,13.718934059143066
2016-12-12,13.545122146606445
2016-12-13,13.484489440917969
2016-12-14,13.41577434539795
2016-12-15,13.444068908691406
2016-12-16,13.41577434539795
2016-12-19,13.500659942626953
2016-12-20,13.581503868103027
2016-12-21,13.541083335876465
2016-12-22,13.488536834716797
2016-12-23,13.609796524047852
2016-12-27,13.658302307128906
2016-12-28,13.6461763381958
2016-12-29,13.718934059143066
2016-12-30,13.654260635375977
2017-01-03,13.53703784942627
2017-01-04,13.658302307128906
2017-01-05,13.589584350585938
2017-01-06,13.516827583312988
2017-01-09,13.391521453857422
2017-01-10,13.383437156677246
2017-01-11,13.427902221679688
2017-01-12,13.30259895324707
2017-01-13,13.508746147155762
2017-01-17,13.431947708129883
2017-01-18,13.52895450592041
2017-01-19,13.492574691772461
2017-01-20,13.759356498718262
2017-01-23,13.47640609741211
2017-01-24,13.694681167602539
2017-01-25,14.119101524353027
2017-01-26,14.349503517150879
2017-01-27,14.361628532409668
2017-01-30,14.220155715942383
2017-01-31,14.252490997314453
2017-02-01,14.139313697814941
2017-02-02,14.155482292175293
2017-02-03,14.377799034118652
2017-02-06,14.369715690612793
2017-02-07,14.535439491271973
2017-02-08,14.488808631896973
2017-02-09,14.695616722106934
2017-02-10,14.874042510986328
2017-02-13,14.898372650146484
2017-02-14,14.825379371643066
2017-02-15,14.886204719543457
2017-02-16,14.983527183532715
2017-02-17,14.975418090820312
2017-02-21,14.947028160095215
2017-02-22,14.947028160095215
2017-02-23,14.967307090759277
2017-02-24,14.963254928588867
2017-02-27,14.983527183532715
2017-02-28,14.825379371643066
2017-03-01,14.975418090820312
2017-03-02,14.760497093200684
2017-03-03,14.80510425567627
2017-03-06,14.728056907653809
2017-03-07,14.667231559753418
2017-03-08,14.655061721801758
2017-03-09,14.610458374023438
2017-03-10,14.788885116577148
2017-03-13,14.784831047058105
2017-03-14,14.82132339477539
2017-03-15,14.955142974853516
2017-03-16,14.947028160095215
2017-03-17,14.963254928588867
2017-03-20,14.853764533996582
2017-03-21,14.602350234985352
2017-03-22,14.610458374023438
2017-03-23,14.606404304504395
2017-03-24,14.622624397277832
2017-03-27,14.569910049438477
2017-03-28,14.711836814880371
2017-03-29,14.853764533996582
2017-03-30,14.975418090820312
2017-03-31,15.056517601013184
2017-04-03,14.58613109588623
2017-04-04,14.728056907653809
2017-04-05,14.687504768371582
2017-04-06,14.72400188446045
2017-04-07,14.776716232299805
2017-04-10,14.841597557067871
2017-04-11,14.959199905395508
2017-04-12,14.784831047058105
2017-04-13,14.675342559814453
2017-04-17,14.914593696594238
2017-04-18,15.007861137390137
2017-04-19,15.149785041809082
2017-04-20,15.389037132263184
2017-04-21,15.32821273803711
2017-04-24,15.502583503723145
2017-04-25,15.466082572937012
2017-04-26,15.405251502990723
2017-04-27,15.887810707092285
2017-04-28,15.74588680267334
2017-05-01,15.895920753479004
2017-05-02,15.867532730102539
2017-05-03,15.839149475097656
2017-05-04,16.062183380126953
2017-05-05,16.220335006713867
2017-05-08,16.10442352294922
2017-05-09,16.206096649169922
2017-05-10,16.328100204467773
2017-05-11,16.437896728515625
2017-05-12,16.515174865722656
2017-05-15,16.616832733154297
2017-05-16,16.60870361328125
2017-05-17,16.543636322021484
2017-05-18,16.600563049316406
2017-05-19,16.885242462158203
2017-05-22,17.198387145996094
2017-05-23,17.287853240966797
2017-05-24,17.41799545288086
2017-05-25,17.58879852294922
2017-05-26,17.519662857055664
2017-05-30,17.21465301513672
2017-05-31,17.515586853027344
2017-06-01,17.295989990234375
2017-06-02,17.51152992248535
2017-06-05,17.409860610961914
2017-06-06,17.271589279174805
2017-06-07,17.25531768798828
2017-06-08,17.340721130371094
2017-06-09,17.271589279174805
2017-06-12,17.381391525268555
2017-06-13,17.51152992248535
2017-06-14,17.58066749572754
2017-06-15,17.609128952026367
2017-06-16,17.600990295410156
2017-06-19,17.75552749633789
2017-06-20,17.59286117553711
2017-06-21,17.361055374145508
2017-06-22,16.990982055664062
2017-06-23,17.084522247314453
2017-06-26,17.015380859375
2017-06-27,16.746973037719727
2017-06-28,16.69817543029785
2017-06-29,16.437896728515625
2017-06-30,16.555831909179688
2017-07-03,16.38096809387207
2017-07-05,16.620906829833984
2017-07-06,16.38096809387207
2017-07-07,16.6412353515625
2017-07-10,16.600563049316406
2017-07-11,16.576171875
2017-07-12,16.75917625427246
2017-07-13,16.624969482421875
2017-07-14,16.592437744140625
2017-07-17,16.612770080566406
2017-07-18,16.812040328979492
2017-07-19,16.828311920166016
2017-07-20,16.779504776000977
2017-07-21,16.82424545288086
2017-07-24,16.885242462158203
2017-07-25,16.921846389770508
2017-07-26,17.686391830444336
2017-07-27,17.596933364868164
2017-07-28,17.702667236328125
2017-07-31,17.65386390686035
2017-08-01,17.6741943359375
2017-08-02,17.686391830444336
2017-08-03,17.8938045501709
2017-08-04,17.85313606262207
2017-08-07,17.950742721557617
2017-08-08,18.066946029663086
2017-08-09,17.97724151611328
2017-08-10,17.761140823364258
2017-08-11,17.720367431640625
2017-08-14,17.94054412841797
2017-08-15,17.92015838623047
2017-08-16,18.018014907836914
2017-08-17,17.936466217041016
2017-08-18,17.79783821105957
2017-08-21,18.0017032623291
2017-08-22,18.250423431396484
2017-08-23,18.185184478759766
2017-08-24,18.20557403564453
2017-08-25,18.250423431396484
2017-08-28,18.274890899658203
2017-08-29,18.058794021606445
2017-08-30,17.850841522216797
2017-08-31,18.107723236083984
2017-09-01,18.119951248168945
2017-09-05,18.071025848388672
2017-09-06,18.115875244140625
2017-09-07,18.144412994384766
2017-09-08,18.201501846313477
2017-09-11,18.16887664794922
2017-09-12,18.05471420288086
2017-09-13,17.903846740722656
2017-09-14,18.128108978271484
2017-09-15,17.944623947143555
2017-09-18,17.86714744567871
2017-09-19,18.018014907836914
2017-09-20,18.111793518066406
2017-09-21,18.124027252197266
2017-09-22,18.234119415283203
2017-09-25,18.30750846862793
2017-09-26,18.59292984008789
2017-09-27,18.564388275146484
2017-09-28,18.66224479675293
2017-09-29,18.813106536865234
2017-10-02,18.641857147216797
2017-10-03,18.809024810791016
2017-10-04,18.84572410583496
2017-10-05,18.813106536865234
2017-10-06,19.11075782775879
2017-10-09,19.175992965698242
2017-10-10,19.298320770263672
2017-10-11,19.359477996826172
2017-10-12,19.404329299926758
2017-10-13,19.412487030029297
2017-10-16,19.436948776245117
2017-10-17,19.49403190612793
2017-10-18,19.432870864868164
2017-10-19,19.432870864868164
2017-10-20,19.449182510375977
2017-10-23,19.416561126708984
2017-10-24,19.224929809570312
2017-10-25,17.9813175201416
2017-10-26,17.95685577392578
2017-10-27,17.71221160888672
2017-10-30,17.6265869140625
2017-10-31,17.903846740722656
2017-11-01,17.818220138549805
2017-11-02,18.225961685180664
2017-11-03,18.462448120117188
2017-11-06,18.39313507080078
2017-11-07,18.499149322509766
2017-11-08,18.446138381958008
2017-11-09,18.321191787719727
2017-11-10,18.431806564331055
2017-11-13,18.575199127197266
2017-11-14,18.55471420288086
2017-11-15,18.407222747802734
2017-11-16,18.56290054321289
2017-11-17,18.43999481201172
2017-11-20,18.51373863220215
2017-11-21,18.599775314331055
2017-11-22,18.566999435424805
2017-11-24,18.526033401489258
2017-11-27,18.534221649169922
2017-11-28,18.57929229736328
2017-11-29,18.890653610229492
2017-11-30,18.988977432250977
2017-12-01,19.132369995117188
2017-12-04,18.886560440063477
2017-12-05,18.6776123046875
2017-12-06,18.915233612060547
2017-12-07,19.03404426574707
2017-12-08,18.84558868408203
2017-12-11,18.575199127197266
2017-12-12,18.558805465698242
2017-12-13,18.759546279907227
2017-12-14,18.722681045532227
2017-12-15,19.18153190612793
2017-12-18,19.19382095336914
2017-12-19,19.222497940063477
2017-12-20,19.316728591918945
2017-12-21,19.20201301574707
2017-12-22,19.029943466186523
2017-12-26,19.120079040527344
2017-12-27,19.173337936401367
2017-12-28,19.08320426940918
2017-12-29,19.06272315979004
2018-01-02,19.11187744140625
2018-01-03,19.042234420776367
2018-01-04,19.398662567138672
2018-01-05,19.30034065246582
2018-01-08,19.492891311645508
2018-01-09,19.517467498779297
2018-01-10,19.33311653137207
2018-01-11,19.53795623779297
2018-01-12,19.509275436401367
2018-01-16,19.45602035522461
2018-01-17,19.53795623779297
2018-01-18,19.501081466674805
2018-01-19,19.61579704284668
2018-01-22,19.61579704284668
2018-01-23,19.61579704284668
2018-01-24,20.685081481933594
2018-01-25,20.685081481933594
2018-01-26,20.73423957824707
2018-01-29,20.582658767700195
2018-01-30,20.361427307128906
2018-01-31,20.21394157409668
2018-02-01,20.140199661254883
2018-02-02,19.746898651123047
2018-02-05,19.173337936401367
2018-02-06,19.197917938232422
2018-02-07,19.517467498779297
2018-02-08,18.679250717163086
2018-02-09,18.835386276245117
2018-02-12,19.344900131225586
2018-02-13,19.385982513427734
2018-02-14,19.80510139465332
2018-02-15,20.031091690063477
2018-02-16,20.499507904052734
2018-02-20,20.524166107177734
2018-02-21,20.536489486694336
2018-02-22,20.70084571838379
2018-02-23,21.02956199645996
2018-02-26,21.128175735473633
2018-02-27,20.922731399536133
2018-02-28,20.65565299987793
2018-03-01,20.318716049194336
2018-03-02,20.405006408691406
2018-03-05,20.647432327270508
2018-03-06,21.054216384887695
2018-03-07,21.452783584594727
2018-03-08,21.461002349853516
2018-03-09,21.723976135253906
2018-03-12,21.703432083129883
2018-03-13,21.461002349853516
2018-03-14,21.247337341308594
2018-03-15,21.091196060180664
2018-03-16,21.144611358642578
2018-03-19,21.148723602294922
2018-03-20,21.354169845581055
2018-03-21,21.284320831298828
2018-03-22,20.840547561645508
2018-03-23,20.56114959716797
2018-03-26,21.210359573364258
2018-03-27,20.71728515625
2018-03-28,20.73782730102539
2018-03-29,20.96792984008789
2018-04-02,20.548818588256836
2018-04-03,20.8857479095459
2018-04-04,21.128175735473633
2018-04-05,21.07476043701172
2018-04-06,20.64332389831543
2018-04-09,20.828227996826172
2018-04-10,21.08708953857422
2018-04-11,20.992586135864258
2018-04-12,21.08708953857422
2018-04-13,21.078868865966797
2018-04-16,21.629467010498047
2018-04-17,22.167739868164062
2018-04-18,22.044471740722656
2018-04-19,21.71164894104004
2018-04-20,21.43224334716797
2018-04-23,21.259668350219727
2018-04-24,20.82411766052246
2018-04-25,20.277624130249023
2018-04-26,20.191341400146484
2018-04-27,20.158464431762695
2018-04-30,19.936586380004883
2018-05-01,20.063961029052734
2018-05-02,19.936586380004883
2018-05-03,19.961238861083984
2018-05-04,20.35569953918457
2018-05-07,20.573469161987305
2018-05-08,20.507728576660156
2018-05-09,20.454160690307617
2018-05-10,20.48712730407715
2018-05-11,20.829133987426758
2018-05-14,20.721988677978516
2018-05-15,20.660186767578125
2018-05-16,20.62722396850586
2018-05-17,20.602497100830078
2018-05-18,20.647823333740234
2018-05-21,20.940372467041016
2018-05-22,20.6313419342041
2018-05-23,20.643701553344727
2018-05-24,20.73435401916504
2018-05-25,20.651945114135742
2018-05-29,20.742597579956055
2018-05-30,21.051639556884766
2018-05-31,20.507726669311523
2018-06-01,20.606616973876953
2018-06-04,21.17524528503418
2018-06-05,21.360673904418945
2018-06-06,21.653228759765625
2018-06-07,21.756237030029297
2018-06-08,21.760358810424805
2018-06-11,21.52549171447754
2018-06-12,21.752117156982422
2018-06-13,21.364788055419922
2018-06-14,21.537853240966797
2018-06-15,21.682069778442383
2018-06-18,21.8098087310791
2018-06-19,21.723276138305664
2018-06-20,21.6079044342041
2018-06-21,21.603776931762695
2018-06-22,21.595542907714844
2018-06-25,21.484281539916992
2018-06-26,21.44719696044922
2018-06-27,21.344188690185547
2018-06-28,21.620258331298828
2018-06-29,21.66558837890625
2018-07-02,21.88809585571289
2018-07-03,21.768598556518555
2018-07-05,21.896337509155273
2018-07-06,22.22597312927246
2018-07-09,22.654510498046875
2018-07-10,22.662748336791992
2018-07-11,22.699832916259766
2018-07-12,23.00887107849121
2018-07-13,22.761642456054688
2018-07-16,22.67511749267578
2018-07-17,22.633907318115234
2018-07-18,22.868776321411133
2018-07-19,22.868776321411133
2018-07-20,23.02123260498047
2018-07-23,23.095401763916016
2018-07-24,22.83169174194336
2018-07-25,23.00887107849121
2018-07-26,23.11188316345215
2018-07-27,22.99650764465332
2018-07-30,22.456722259521484
2018-07-31,22.63802146911621
2018-08-01,23.09128189086914
2018-08-02,23.317909240722656
2018-08-03,23.22726058959961
2018-08-06,23.43740463256836
2018-08-07,23.22313690185547
2018-08-08,23.177814483642578
2018-08-09,23.132373809814453
2018-08-10,23.227378845214844
2018-08-13,23.19846534729004
2018-08-14,23.44217872619629
2018-08-15,23.413259506225586
2018-08-16,23.61566734313965
2018-08-17,23.623939514160156
2018-08-20,23.739593505859375
2018-08-21,23.834609985351562
2018-08-22,23.892431259155273
2018-08-23,24.012229919433594
2018-08-24,24.19398307800293
2018-08-27,24.578144073486328
2018-08-28,24.6070613861084
2018-08-29,24.681411743164062
2018-08-30,24.79707908630371
2018-08-31,24.817731857299805
2018-09-04,24.991220474243164
2018-09-05,24.958175659179688
2018-09-06,25.2514591217041
2018-09-07,25.41670036315918
2018-09-10,25.685195922851562
2018-09-11,25.875207901000977
2018-09-12,26.222190856933594
2018-09-13,26.32133674621582
2018-09-14,26.197412490844727
2018-09-17,26.131315231323242
2018-09-18,26.503093719482422
2018-09-19,25.79672622680664
2018-09-20,25.920652389526367
2018-09-21,25.82151222229004
2018-09-24,25.49931526184082
2018-09-25,25.80912208557129
2018-09-26,24.916873931884766
2018-09-27,24.4790096282959
2018-09-28,25.069711685180664
2018-10-01,24.379863739013672
2018-10-02,24.5574893951416
2018-10-03,24.293121337890625
2018-10-04,24.392261505126953
2018-10-05,24.48727035522461
2018-10-08,24.342695236206055
2018-10-09,24.417041778564453
2018-10-10,23.392608642578125
2018-10-11,22.94648551940918
2018-10-12,23.194334030151367
2018-10-15,23.264554977416992
2018-10-16,23.772645950317383
2018-10-17,23.698286056518555
2018-10-18,23.334779739379883
2018-10-19,23.500015258789062
2018-10-22,23.54545021057129
2018-10-23,23.30999755859375
2018-10-24,23.665241241455078
2018-10-25,23.43804931640625
2018-10-26,23.537185668945312
2018-10-29,23.714813232421875
2018-10-30,24.07006072998047
2018-10-31,24.454225540161133
2018-11-01,24.268333435058594
2018-11-02,24.516183853149414
2018-11-05,24.549232482910156
2018-11-06,24.50379180908203
2018-11-07,25.41670036315918
2018-11-08,25.697200775146484
2018-11-09,25.427885055541992
2018-11-12,25.013545989990234
2018-11-13,24.839519500732422
2018-11-14,24.860239028930664
2018-11-15,25.229000091552734
2018-11-16,25.618478775024414
2018-11-19,25.427885055541992
2018-11-20,25.15027618408203
2018-11-21,24.988683700561523
2018-11-23,24.860239028930664
2018-11-26,25.320152282714844
2018-11-27,25.59776496887207
2018-11-28,26.302127838134766
2018-11-29,26.413999557495117
2018-11-30,26.335281372070312
2018-12-03,26.430580139160156
2018-12-04,25.90022850036621
2018-12-06,24.425189971923828
2018-12-07,23.72081184387207
2018-12-10,23.770530700683594
2018-12-11,23.760175704956055
2018-12-12,23.79124641418457
2018-12-13,23.3499755859375
2018-12-14,22.747119903564453
2018-12-17,22.28099250793457
2018-12-18,22.19398307800293
2018-12-19,21.93915557861328
2018-12-20,21.821075439453125
2018-12-21,21.51032257080078
2018-12-24,21.000680923461914
2018-12-26,21.87079620361328
2018-12-27,22.2747745513916
2018-12-28,22.16912078857422
2018-12-31,22.436363220214844
2019-01-02,22.23126983642578
2019-01-03,21.970237731933594
2019-01-04,22.68497085571289
2019-01-07,22.747119903564453
2019-01-08,23.15731430053711
2019-01-09,23.623435974121094
2019-01-10,24.02741813659668
2019-01-11,23.80368423461914
2019-01-14,23.847183227539062
2019-01-15,23.983919143676758
2019-01-16,23.7104549407959
2019-01-17,23.555072784423828
2019-01-18,24.039852142333984
2019-01-22,23.86583137512207
2019-01-23,23.12002182006836
2019-01-24,23.480493545532227
2019-01-25,23.698026657104492
2019-01-28,23.219467163085938
2019-01-29,22.952219009399414
2019-01-30,23.020580291748047
2019-01-31,23.144882202148438
2019-02-01,23.25675392150879
2019-02-04,22.939790725708008
2019-02-05,23.399700164794922
2019-02-06,23.244325637817383
2019-02-07,23.374839782714844
2019-02-08,23.596092224121094
2019-02-11,23.85785675048828
2019-02-12,24.29412841796875
2019-02-13,24.53719711303711
2019-02-14,24.73040008544922
2019-02-15,24.998394012451172
2019-02-19,24.749101638793945
2019-02-20,24.52473258972168
2019-02-21,24.69300651550293
2019-02-22,24.5745906829834
2019-02-25,24.41254234313965
2019-02-26,24.406314849853516
2019-02-27,24.487329483032227
2019-02-28,24.71793556213379
2019-03-01,24.792728424072266
2019-03-04,25.11681365966797
2019-03-05,25.09188461303711
2019-03-06,25.060718536376953
2019-03-07,24.91114616394043
2019-03-08,24.998394012451172
2019-03-11,25.36610984802246
2019-03-12,25.35365104675293
2019-03-13,25.584243774414062
2019-03-14,25.5655517578125
2019-03-15,25.21653175354004
2019-03-18,25.54685401916504
2019-03-19,25.447132110595703
2019-03-20,25.27262306213379
2019-03-21,25.609174728393555
2019-03-22,25.16667366027832
2019-03-25,25.285091400146484
2019-03-26,25.54685401916504
2019-03-27,25.683969497680664
2019-03-28,25.983121871948242
2019-03-29,25.93950080871582
2019-04-01,26.151399612426758
2019-04-02,26.09531021118164
2019-04-03,26.276050567626953
2019-04-04,25.989356994628906
2019-04-05,26.01428985595703
2019-04-08,26.057910919189453
2019-04-09,25.97066307067871
2019-04-10,26.076614379882812
2019-04-11,26.431861877441406
2019-04-12,26.755952835083008
2019-04-15,26.836973190307617
2019-04-16,26.893068313598633
2019-04-17,26.768415451049805
2019-04-18,26.986549377441406
2019-04-22,27.080039978027344
2019-04-23,27.267013549804688
2019-04-24,24.52473258972168
2019-04-25,24.375146865844727
2019-04-26,24.368921279907227
2019-04-29,24.2442626953125
2019-04-30,24.100923538208008
2019-05-01,23.147356033325195
2019-05-02,23.384191513061523
2019-05-03,23.596092224121094
2019-05-06,23.41535186767578
2019-05-07,22.90428924560547
2019-05-08,22.89182472229004
2019-05-09,22.801197052001953
2019-05-10,22.776195526123047
2019-05-13,22.31367301940918
2019-05-14,22.582435607910156
2019-05-15,22.701189041137695
2019-05-16,23.06370735168457
2019-05-17,23.051210403442383
2019-05-20,23.13871192932129
2019-05-21,23.463726043701172
2019-05-22,23.438730239868164
2019-05-23,23.03870964050293
2019-05-24,23.144968032836914
2019-05-28,22.86370086669922
2019-05-29,23.07621192932129
2019-05-30,23.582490921020508
2019-05-31,23.482479095458984
2019-06-03,23.326231002807617
2019-06-04,23.73249626159668
2019-06-05,23.744998931884766
2019-06-06,23.73249626159668
2019-06-07,24.057506561279297
2019-06-10,23.888750076293945
2019-06-11,23.463726043701172
2019-06-12,23.61998748779297
2019-06-13,23.59499168395996
2019-06-14,23.532482147216797
2019-06-17,23.426231384277344
2019-06-18,23.557483673095703
2019-06-19,23.657495498657227
2019-06-20,23.73249626159668
2019-06-21,23.488731384277344
2019-06-24,22.90744972229004
2019-06-25,22.901203155517578
2019-06-26,22.132410049438477
2019-06-27,22.89495086669922
2019-06-28,22.419923782348633
2019-07-01,22.651185989379883
2019-07-02,22.92620086669922
2019-07-03,23.163715362548828
2019-07-05,23.244964599609375
2019-07-08,23.163715362548828
2019-07-09,23.13871192932129
2019-07-10,23.269969940185547
2019-07-11,23.294965744018555
2019-07-12,23.413724899291992
2019-07-15,23.54498291015625
2019-07-16,23.60749053955078
2019-07-17,23.626239776611328
2019-07-18,23.688739776611328
2019-07-19,23.63873863220215
2019-07-22,23.76999282836914
2019-07-23,23.845001220703125
2019-07-24,21.351119995117188
2019-07-25,21.26361656188965
2019-07-26,21.413619995117188
2019-07-29,21.17611312866211
2019-07-30,21.25736427307129
2019-07-31,20.957351684570312
2019-08-01,20.669836044311523
2019-08-02,20.6323299407959
2019-08-05,20.094802856445312
2019-08-06,20.319808959960938
2019-08-07,20.45107078552246
2019-08-08,20.82416534423828
2019-08-09,20.648591995239258
2019-08-12,20.378957748413086
2019-08-13,20.416584014892578
2019-08-14,20.19084930419922
2019-08-15,20.410316467285156
2019-08-16,20.723838806152344
2019-08-19,20.8492488861084
2019-08-20,20.792810440063477
2019-08-21,20.836702346801758
2019-08-22,20.698755264282227
2019-08-23,20.046627044677734
2019-08-26,19.889869689941406
2019-08-27,19.770729064941406
2019-08-28,20.059171676635742
2019-08-29,20.46674919128418
2019-08-30,20.573345184326172
2019-09-03,20.780269622802734
2019-09-04,21.056167602539062
2019-09-05,21.444936752319336
2019-09-06,21.269359588623047
2019-09-09,21.52018165588379
2019-09-10,21.670673370361328
2019-09-11,21.827438354492188
2019-09-12,21.770999908447266
2019-09-13,21.658130645751953
2019-09-16,21.720834732055664
2019-09-17,21.946571350097656
2019-09-18,21.676942825317383
2019-09-19,21.796085357666016
2019-09-20,21.664400100708008
2019-09-23,21.369691848754883
2019-09-24,21.375961303710938
2019-09-25,21.313257217407227
2019-09-26,21.2066593170166
2019-09-27,20.968385696411133
2019-09-30,21.36341667175293
2019-10-01,21.006004333496094
2019-10-02,20.94957160949707
2019-10-03,21.3257999420166
2019-10-04,21.60797119140625
2019-10-07,21.45747947692871
2019-10-08,21.350879669189453
2019-10-09,21.62678337097168
2019-10-10,21.83370590209961
2019-10-11,22.053173065185547
2019-10-14,21.98419952392578
2019-10-15,22.128419876098633
2019-10-16,22.19112205505371
2019-10-17,22.341609954833984
2019-10-18,22.548540115356445
2019-10-21,22.96238899230957
2019-10-22,22.561079025268555
2019-10-23,24.160043716430664
2019-10-24,24.203937530517578
2019-10-25,24.06598663330078
2019-10-28,23.827709197998047
2019-10-29,23.934307098388672
2019-10-30,23.9029541015625
2019-10-31,23.89668846130371
2019-11-01,24.24782943725586
2019-11-04,24.222747802734375
2019-11-05,24.254098892211914
2019-11-06,24.091068267822266
2019-11-07,24.4782657623291
2019-11-08,24.352346420288086
2019-11-11,24.138288497924805
2019-11-12,23.60943603515625
2019-11-13,23.571659088134766
2019-11-14,23.596843719482422
2019-11-15,23.093175888061523
2019-11-18,23.105770111083984
2019-11-19,23.055404663085938
2019-11-20,23.03021812438965
2019-11-21,22.520252227783203
2019-11-22,22.337671279907227
2019-11-25,22.23064613342285
2019-11-26,22.52655029296875
2019-11-27,22.58951187133789
2019-11-29,22.570619583129883
2019-12-02,22.3124942779541
2019-12-03,22.255830764770508
2019-12-04,22.11102294921875
2019-12-05,21.676610946655273
2019-12-06,21.56328773498535
2019-12-09,21.789936065673828
2019-12-10,21.204421997070312
2019-12-11,21.072214126586914
2019-12-12,20.92740249633789
2019-12-13,20.744827270507812
2019-12-16,20.75741195678711
2019-12-17,20.770009994506836
2019-12-18,20.744827270507812
2019-12-19,20.618911743164062
2019-12-20,20.946292877197266
2019-12-23,21.015544891357422
2019-12-24,20.763715744018555
2019-12-26,20.675565719604492
2019-12-27,20.56224822998047
2019-12-30,20.70075225830078
2019-12-31,20.87704086303711
2020-01-02,20.9903621673584
2020-01-03,20.921106338500977
2020-01-06,20.921106338500977
2020-01-07,20.933704376220703
2020-01-08,20.91481590270996
2020-01-09,21.248491287231445
2020-01-10,21.865482330322266
2020-01-13,22.02288055419922
2020-01-14,22.066953659057617
2020-01-15,22.186573028564453
2020-01-16,22.43840789794922
2020-01-17,22.576915740966797
2020-01-21,22.595800399780273
2020-01-22,22.71542739868164
2020-01-23,23.049110412597656
2020-01-24,23.049110412597656
2020-01-27,22.8161563873291
2020-01-28,23.12465476989746
2020-01-29,23.798309326171875
2020-01-30,24.062734603881836
2020-01-31,23.892744064331055
2020-02-03,24.226428985595703
2020-02-04,24.541217803955078
2020-02-05,24.541217803955078
2020-02-06,24.761573791503906
2020-02-07,24.370038986206055
2020-02-10,24.610010147094727
2020-02-11,24.944713592529297
2020-02-12,25.045751571655273
2020-02-13,25.140483856201172
2020-02-14,25.14679718017578
2020-02-18,24.881567001342773
2020-02-19,25.083646774291992
2020-02-20,25.24152374267578
2020-02-21,25.532020568847656
2020-02-24,25.045751571655273
2020-02-25,24.414241790771484
2020-02-26,24.54686164855957
2020-02-27,23.782733917236328
2020-02-28,23.643798828125
2020-03-02,24.698423385620117
2020-03-03,24.08586311340332
2020-03-04,25.310989379882812
2020-03-05,25.715160369873047
2020-03-06,25.10259246826172
2020-03-09,24.17426872253418
2020-03-10,25.48149871826172
2020-03-11,24.268993377685547
2020-03-12,21.705059051513672
2020-03-13,23.883769989013672
2020-03-16,22.5765438079834
2020-03-17,24.066917419433594
2020-03-18,23.378564834594727
2020-03-19,22.48181915283203
2020-03-20,22.1029109954834
2020-03-23,19.936830520629883
2020-03-24,21.35141944885254
2020-03-25,20.58097267150879
2020-03-26,21.275630950927734
2020-03-27,21.63559341430664
2020-03-30,22.63338279724121
2020-03-31,22.822837829589844
2020-04-01,22.203950881958008
2020-04-02,22.53234100341797
2020-04-03,22.766002655029297
2020-04-06,23.492237091064453
2020-04-07,22.696533203125
2020-04-08,22.677589416503906
2020-04-09,22.747047424316406
2020-04-13,22.652328491210938
2020-04-14,23.73221206665039
2020-04-15,23.271209716796875
2020-04-16,24.212162017822266
2020-04-17,24.60369300842285
2020-04-20,23.98481559753418
2020-04-21,23.403827667236328
2020-04-22,23.807992935180664
2020-04-23,23.713266372680664
2020-04-24,24.08586311340332
2020-04-27,24.93840217590332
2020-04-28,25.689897537231445
2020-04-29,25.329933166503906
2020-04-30,25.260473251342773
2020-05-01,25.260473251342773
2020-05-04,25.689897537231445
2020-05-05,26.169843673706055
2020-05-06,26.106693267822266
2020-05-07,26.340354919433594
2020-05-08,26.757951736450195
2020-05-11,26.859188079833984
2020-05-12,26.042972564697266
2020-05-13,25.334321975708008
2020-05-14,25.47351837158203
2020-05-15,25.30901336669922
2020-05-18,24.935699462890625
2020-05-19,24.80282974243164
2020-05-20,24.752214431762695
2020-05-21,24.448509216308594
2020-05-22,24.505451202392578
2020-05-26,24.669960021972656
2020-05-27,25.13184928894043
2020-05-28,25.359630584716797
2020-05-29,26.447921752929688
2020-06-01,26.713665008544922
2020-06-02,27.1439151763916
2020-06-03,28.225873947143555
2020-06-04,27.536205291748047
2020-06-05,27.479263305664062
2020-06-08,28.2005672454834
2020-06-09,27.523550033569336
2020-06-10,27.51089859008789
2020-06-11,26.593446731567383
2020-06-12,26.201156616210938
2020-06-15,26.542831420898438
2020-06-16,26.808568954467773
2020-06-17,26.8022403717041
2020-06-18,26.8022403717041
2020-06-19,26.47955322265625
2020-06-22,26.523845672607422
2020-06-23,26.378314971923828
2020-06-24,26.0050106048584
2020-06-25,26.416282653808594
2020-06-26,26.125228881835938
2020-06-29,26.34035301208496
2020-06-30,26.821226119995117
2020-07-01,27.06165885925293
2020-07-02,27.245153427124023
2020-07-06,27.04900550842285
2020-07-07,28.86492919921875
2020-07-08,28.447328567504883
2020-07-09,28.972497940063477
2020-07-10,28.40936279296875
2020-07-13,28.13096809387207
2020-07-14,28.694089889526367
2020-07-15,29.807689666748047
2020-07-16,29.73809051513672
2020-07-17,30.23161506652832
2020-07-20,30.23161506652832
2020-07-21,30.098745346069336
2020-07-22,30.794742584228516
2020-07-23,30.851694107055664
2020-07-24,30.801069259643555
2020-07-27,31.18070411682129
2020-07-28,30.908626556396484
2020-07-29,32.42717361450195
2020-07-30,32.667606353759766
2020-07-31,33.15481185913086
2020-08-03,33.49647903442383
2020-08-04,33.850807189941406
2020-08-05,34.10388946533203
2020-08-06,33.93306350708008
2020-08-07,34.7631721496582
2020-08-10,34.71247863769531
2020-08-11,34.37662887573242
2020-08-12,34.56039047241211
2020-08-13,34.85187530517578
2020-08-14,34.680789947509766
2020-08-17,34.76950454711914
2020-08-18,34.5477180480957
2020-08-19,34.44633483886719
2020-08-20,34.75049591064453
2020-08-21,34.81386184692383
2020-08-24,35.03564453125
2020-08-25,34.680789947509766
2020-08-26,35.42852020263672
2020-08-27,34.9659423828125
2020-08-28,34.864559173583984
2020-08-31,34.940589904785156
2020-09-01,35.30812454223633
2020-09-02,36.106544494628906
2020-09-03,34.55405807495117
2020-09-04,34.592071533203125
2020-09-08,34.123165130615234
2020-09-09,35.175052642822266
2020-09-10,34.275238037109375
2020-09-11,34.29425048828125
2020-09-14,34.4019775390625
2020-09-15,34.71247863769531
2020-09-16,33.96474075317383
2020-09-17,33.977413177490234
2020-09-18,33.21701431274414
2020-09-21,33.16632080078125
2020-09-22,33.52117156982422
2020-09-23,33.14097595214844
2020-09-24,33.5528564453125
2020-09-25,33.996429443359375
2020-09-28,34.636436462402344
2020-09-29,34.53504180908203
2020-09-30,34.33860778808594
2020-10-01,34.097801208496094
2020-10-02,34.51604080200195
2020-10-05,35.28278350830078
2020-10-06,35.48554992675781
2020-10-07,36.18891906738281
2020-10-08,36.13188171386719
2020-10-09,36.41704559326172
2020-10-12,37.01903533935547
2020-10-13,37.22180938720703
2020-10-14,37.25349044799805
2020-10-15,37.68439483642578
2020-10-16,37.87449264526367
2020-10-19,37.52596664428711
2020-10-20,37.86181640625
2020-10-21,37.51963424682617
2020-10-22,37.67171859741211
2020-10-23,38.14695739746094
2020-10-26,37.70339584350586
2020-10-27,37.57032775878906
2020-10-28,38.882022857666016
2020-10-29,37.5132942199707
2020-10-30,36.6578369140625
2020-11-02,36.84794235229492
2020-11-03,37.652706146240234
2020-11-04,38.863014221191406
2020-11-05,40.10501480102539
2020-11-06,40.02263259887695
2020-11-09,36.20156478881836
2020-11-10,36.11891555786133
2020-11-11,37.75923538208008
2020-11-12,37.21882247924805
2020-11-13,37.4032096862793
2020-11-16,37.466773986816406
2020-11-17,36.875492095947266
2020-11-18,36.6466064453125
2020-11-19,37.32054138183594
2020-11-20,36.6338996887207
2020-11-23,36.29058074951172
2020-11-24,35.940895080566406
2020-11-25,35.5657844543457
2020-11-27,36.258785247802734
2020-11-30,36.354156494140625
2020-12-01,36.58304214477539
2020-12-02,35.06986999511719
2020-12-03,35.063514709472656
2020-12-04,35.31782150268555
2020-12-07,35.61029052734375
2020-12-08,35.92182540893555
2020-12-09,34.68840026855469
2020-12-10,34.42137145996094
2020-12-11,34.97132110595703
2020-12-14,36.67839813232422
2020-12-15,37.12662887573242
2020-12-16,37.384124755859375
2020-12-17,38.34733200073242
2020-12-18,38.71928024291992
2020-12-21,37.9277229309082
2020-12-22,38.95768737792969
2020-12-23,37.99448013305664
2020-12-24,38.19474792480469
2020-12-28,37.01219177246094
2020-12-29,36.354156494140625
2020-12-30,36.47812271118164
2020-12-31,37.26014709472656
2021-01-04,36.468589782714844
2021-01-05,37.06941604614258
2021-01-06,37.679771423339844
2021-01-07,38.30918502807617
2021-01-08,38.910011291503906
2021-01-11,39.01491165161133
2021-01-12,39.58710861206055
2021-01-13,38.0135498046875
2021-01-14,35.7342643737793
2021-01-15,35.51491928100586
2021-01-19,35.15252685546875
2021-01-20,36.010833740234375
2021-01-21,35.476776123046875
2021-01-22,35.30510711669922
2021-01-25,35.42909240722656
2021-01-26,35.32419204711914
2021-01-27,33.33100128173828
2021-01-28,34.313289642333984
2021-01-29,34.351436614990234
2021-02-01,34.542171478271484
2021-02-02,35.28603744506836
2021-02-03,34.914100646972656
2021-02-04,35.457698822021484
2021-02-05,35.8105583190918
2021-02-08,35.50537872314453
2021-02-09,36.241294860839844
2021-02-10,36.2508544921875
2021-02-11,35.98324203491211
2021-02-12,35.925899505615234
2021-02-16,35.2091064453125
2021-02-17,34.97972869873047
2021-02-18,34.941505432128906
2021-02-19,34.22470474243164
2021-02-22,33.52702713012695
2021-02-23,33.82329559326172
2021-02-24,33.89019775390625
2021-02-25,32.494842529296875
2021-02-26,31.701583862304688
2021-03-01,32.56173324584961
2021-03-02,32.016971588134766
2021-03-03,31.023006439208984
2021-03-04,30.487796783447266
2021-03-05,31.481760025024414
2021-03-08,31.05168342590332
2021-03-09,31.46263885498047
2021-03-10,31.797157287597656
2021-03-11,31.77803611755371
2021-03-12,31.577333450317383
2021-03-15,32.131649017333984
2021-03-16,31.519983291625977
2021-03-17,31.223712921142578
2021-03-18,31.548656463623047
2021-03-19,32.28457260131836
2021-03-22,32.848453521728516
2021-03-23,32.456600189208984
2021-03-24,32.313255310058594
2021-03-25,32.408817291259766
2021-03-26,32.67641830444336
2021-03-29,32.666866302490234
2021-03-30,32.418373107910156
2021-03-31,32.896236419677734
2021-04-01,33.288089752197266
2021-04-05,33.82329559326172
2021-04-06,33.72772979736328
2021-04-07,32.953582763671875
2021-04-08,33.41232681274414
2021-04-09,33.861534118652344
2021-04-12,34.04310989379883
2021-04-13,33.36455535888672
2021-04-14,33.163848876953125
2021-04-15,33.67037582397461
2021-04-16,33.708614349365234
2021-04-19,33.268978118896484
2021-04-20,33.62259292602539
2021-04-21,33.62259292602539
2021-04-22,33.72772979736328
2021-04-23,34.215145111083984
2021-04-26,34.32027816772461
2021-04-27,34.329830169677734
2021-04-28,34.79814529418945
2021-04-29,35.70608901977539
2021-04-30,35.62963104248047
2021-05-03,36.07881546020508
2021-05-04,35.94501495361328
2021-05-05,35.45760726928711
2021-05-06,35.33335876464844
2021-05-07,35.55364227294922
2021-05-10,35.6494255065918
2021-05-11,35.39081954956055
2021-05-12,34.241458892822266
2021-05-13,34.80656051635742
2021-05-14,35.36207962036133
2021-05-17,34.57667541503906
2021-05-18,33.906227111816406
2021-05-19,33.46563720703125
2021-05-20,33.580570220947266
2021-05-21,33.570987701416016
2021-05-24,32.948429107666016
2021-05-25,32.59402847290039
2021-05-26,32.43120574951172
2021-05-27,32.43120574951172
2021-05-28,32.6515007019043
2021-06-01,32.33543014526367
2021-06-02,32.48867416381836
2021-06-03,31.693700790405273
2021-06-04,31.789478302001953
2021-06-07,31.415935516357422
2021-06-08,31.72243309020996
2021-06-09,31.655384063720703
2021-06-10,31.789478302001953
2021-06-11,31.913991928100586
2021-06-14,32.220489501953125
2021-06-15,32.36416244506836
2021-06-16,31.770328521728516
2021-06-17,31.961881637573242
2021-06-18,31.693700790405273
2021-06-21,32.30669021606445
2021-06-22,32.50782775878906
2021-06-23,32.20132827758789
2021-06-24,32.46952438354492
2021-06-25,32.603614807128906
2021-06-28,32.53656768798828
2021-06-29,32.96757507324219
2021-06-30,32.756858825683594
2021-07-01,33.149566650390625
2021-07-02,33.197452545166016
2021-07-06,33.47521209716797
2021-07-07,34.078636169433594
2021-07-08,33.532676696777344
2021-07-09,33.896644592285156
2021-07-12,33.867916107177734
2021-07-13,33.848758697509766
2021-07-14,33.867916107177734
2021-07-15,34.03073501586914
2021-07-16,34.452171325683594
2021-07-19,34.73950958251953
2021-07-20,35.74520492553711
2021-07-21,35.82183074951172
2021-07-22,36.05170440673828
2021-07-23,36.30073165893555
2021-07-26,35.7930908203125
2021-07-27,35.58237838745117
2021-07-28,35.285465240478516
2021-07-29,36.23369216918945
2021-07-30,36.712589263916016
2021-08-02,36.913726806640625
2021-08-03,37.3447380065918
2021-08-04,37.35432434082031
2021-08-05,36.78921127319336
2021-08-06,36.54976272583008
2021-08-09,36.16583251953125
2021-08-10,35.877891540527344
2021-08-11,35.887481689453125
2021-08-12,35.69552230834961
2021-08-13,35.657127380371094
2021-08-16,36.069847106933594
2021-08-17,36.42498779296875
2021-08-18,36.309810638427734
2021-08-19,37.212032318115234
2021-08-20,37.7495231628418
2021-08-23,36.837703704833984
2021-08-24,36.520965576171875
2021-08-25,36.68412780761719
2021-08-26,36.799312591552734
2021-08-27,37.058467864990234
2021-08-30,37.58635711669922
2021-08-31,37.35600280761719
2021-09-01,37.35600280761719
2021-09-02,37.999080657958984
2021-09-03,38.1142578125
2021-09-07,37.01047134399414
2021-09-08,37.65354537963867
2021-09-09,37.02967071533203
2021-09-10,37.38480758666992
2021-09-13,36.3865966796875
2021-09-14,36.21382522583008
2021-09-15,35.70512390136719
2021-09-16,36.13704299926758
2021-09-17,35.64752960205078
2021-09-20,35.58993911743164
2021-09-21,35.887481689453125
2021-09-22,36.03145980834961
2021-09-23,36.0218620300293
2021-09-24,35.98346710205078
2021-09-27,35.11003494262695
2021-09-28,34.2462043762207
2021-09-29,34.6013298034668
2021-09-30,33.91026306152344
2021-10-01,34.19821548461914
2021-10-04,34.0350456237793
2021-10-05,34.46696472167969
2021-10-06,34.91807174682617
2021-10-07,35.263607025146484
2021-10-08,35.215614318847656
2021-10-11,34.6589241027832
2021-10-12,34.59173583984375
2021-10-13,35.11003494262695
2021-10-14,35.70512390136719
2021-10-15,35.80109786987305
2021-10-18,36.58815002441406
2021-10-19,36.78011703491211
2021-10-20,36.88569259643555
2021-10-21,37.039268493652344
2021-10-22,37.51917266845703
2021-10-25,37.6727409362793
2021-10-26,37.7495231628418
2021-10-27,33.670318603515625
2021-10-28,33.42076110839844
2021-10-29,33.81428146362305
2021-11-01,32.82567596435547
2021-11-02,33.71831130981445
2021-11-03,33.708702087402344
2021-11-04,34.83168411254883
2021-11-05,34.41897201538086
2021-11-08,34.31339645385742
2021-11-09,34.19763946533203
2021-11-10,34.496673583984375
2021-11-11,34.371273040771484
2021-11-12,34.71855545043945
2021-11-15,34.61244201660156
2021-11-16,34.76678466796875
2021-11-17,34.689613342285156
2021-11-18,34.380916595458984
2021-11-19,34.16868591308594
2021-11-22,33.995052337646484
2021-11-23,34.631744384765625
2021-11-24,34.728206634521484
2021-11-26,34.207279205322266
2021-11-29,34.08186721801758
2021-11-30,32.104286193847656
2021-12-01,30.811630249023438
2021-12-02,31.129972457885742
2021-12-03,30.64763832092285
2021-12-06,31.05279541015625
2021-12-07,31.34220314025879
2021-12-08,31.901708602905273
2021-12-09,31.110679626464844
2021-12-10,30.78269386291504
2021-12-13,31.168556213378906
2021-12-14,31.197498321533203
2021-12-15,31.371135711669922
2021-12-16,31.776304244995117
2021-12-17,31.6123046875
2021-12-20,31.03350257873535
2021-12-21,31.429019927978516
2021-12-22,31.486900329589844
2021-12-23,31.621952056884766
2021-12-27,31.930654525756836
2021-12-28,32.335811614990234
2021-12-29,32.3647575378418
2021-12-30,32.451568603515625
2021-12-31,33.001441955566406
2022-01-03,32.41299057006836
2022-01-04,32.69274139404297
2022-01-05,31.73771858215332
2022-01-06,32.3647575378418
2022-01-07,32.49980545043945
2022-01-10,32.586631774902344
2022-01-11,32.41299057006836
2022-01-12,32.67344665527344
2022-01-13,32.31652069091797
2022-01-14,31.457962036132812
2022-01-18,30.589754104614258
2022-01-19,30.85986328125
2022-01-20,30.531875610351562
2022-01-21,30.21353530883789
2022-01-24,30.773042678833008
2022-01-25,30.155658721923828
2022-01-26,28.650766372680664
2022-01-27,27.946548461914062
2022-01-28,28.901573181152344
2022-01-31,29.760141372680664
2022-02-01,29.93377685546875
2022-02-02,30.348587036132812
2022-02-03,29.634729385375977
2022-02-04,29.374271392822266
2022-02-07,29.412853240966797
2022-02-08,29.335681915283203
2022-02-09,30.34225082397461
2022-02-10,29.935752868652344
2022-02-11,29.742177963256836
2022-02-14,29.848648071289062
2022-02-15,30.293853759765625
2022-02-16,30.361608505249023
2022-02-17,30.187395095825195
2022-02-18,30.129322052001953
2022-02-22,29.993824005126953
2022-02-23,29.335681915283203
2022-02-24,30.584213256835938
2022-02-25,31.097177505493164
2022-02-28,31.581106185913086
2022-03-01,32.09406661987305
2022-03-02,32.984500885009766
2022-03-03,32.403778076171875
2022-03-04,32.916744232177734
2022-03-07,32.86835479736328
2022-03-08,31.523038864135742
2022-03-09,31.6682186126709
2022-03-10,31.552066802978516
2022-03-11,31.164926528930664
2022-03-14,32.28764724731445
2022-03-15,32.355384826660156
2022-03-16,32.67478561401367
2022-03-17,33.14903259277344
2022-03-18,33.10063552856445
2022-03-21,32.742530822753906
2022-03-22,32.62638854980469
2022-03-23,32.3457145690918
2022-03-24,32.461856842041016
2022-03-25,32.723182678222656
2022-03-28,33.31356430053711
2022-03-29,34.02009963989258
2022-03-30,34.30077362060547
2022-03-31,33.92331314086914
2022-04-01,33.6910285949707
2022-04-04,33.962032318115234
2022-04-05,33.729740142822266
2022-04-06,33.86524200439453
2022-04-07,34.39756393432617
2022-04-08,34.252384185791016
2022-04-11,34.41692352294922
2022-04-12,34.29110336303711
2022-04-13,34.33948516845703
2022-04-14,33.77814483642578
2022-04-18,33.187744140625
2022-04-19,33.47810363769531
2022-04-20,33.47810363769531
2022-04-21,33.400672912597656
2022-04-22,32.50056457519531
2022-04-25,32.32635498046875
2022-04-26,31.6682186126709
2022-04-27,32.43281555175781
2022-04-28,33.323246002197266
2022-04-29,32.461856842041016
2022-05-02,32.132781982421875
2022-05-03,31.658533096313477
2022-05-04,32.974815368652344
2022-05-05,32.3457145690918
2022-05-06,32.936100006103516
2022-05-09,32.6254768371582
2022-05-10,31.916858673095703
2022-05-11,32.22748565673828
2022-05-12,32.25660705566406
2022-05-13,33.052589416503906
2022-05-16,33.79032516479492
2022-05-17,34.35333251953125
2022-05-18,33.39234161376953
2022-05-19,33.32438659667969
2022-05-20,34.24655532836914
2022-05-23,34.1786003112793
2022-05-24,34.16889572143555
2022-05-25,34.28538513183594
2022-05-26,35.188140869140625
2022-05-27,35.537593841552734
2022-05-31,34.42128372192383
2022-06-01,33.965049743652344
2022-06-02,33.77091598510742
2022-06-03,33.89710235595703
2022-06-06,34.013587951660156
2022-06-07,34.460113525390625
2022-06-08,33.8194465637207
2022-06-09,33.15936279296875
2022-06-10,32.945804595947266
2022-06-13,32.01392364501953
2022-06-14,31.81978416442871
2022-06-15,31.810077667236328
2022-06-16,31.08205223083496
2022-06-17,30.849082946777344
2022-06-21,31.499454498291016
2022-06-22,32.08187484741211
2022-06-23,33.149658203125
2022-06-24,34.081539154052734
2022-06-27,34.24655532836914
2022-06-28,33.49911117553711
2022-06-29,33.94563293457031
2022-06-30,33.89710235595703
2022-07-01,33.97475814819336
2022-07-05,33.95534133911133
2022-07-06,34.83868408203125
2022-07-07,35.518184661865234
2022-07-08,35.63466262817383
2022-07-11,35.867637634277344
2022-07-12,34.84840393066406
2022-07-13,34.29508972167969
2022-07-14,34.13006591796875
2022-07-15,34.557186126708984
2022-07-18,34.14948272705078
2022-07-19,35.372581481933594
2022-07-20,35.372581481933594
2022-07-21,35.48906707763672
2022-07-22,35.401695251464844
2022-07-25,35.421119689941406
2022-07-26,35.159027099609375
2022-07-27,34.324214935302734
2022-07-28,37.440185546875
2022-07-29,37.440185546875
2022-08-01,37.954654693603516
2022-08-02,37.4013557434082
2022-08-03,37.13926315307617
2022-08-04,36.634498596191406
2022-08-05,36.498600006103516
2022-08-08,36.67332458496094
2022-08-09,36.0504264831543
2022-08-10,36.33268356323242
2022-08-11,35.67084503173828
2022-08-12,35.9822998046875
2022-08-15,35.91415786743164
2022-08-16,36.488399505615234
2022-08-17,36.0504264831543
2022-08-18,36.196414947509766
2022-08-19,35.56378936767578
2022-08-22,35.42752456665039
2022-08-23,34.8532829284668
2022-08-24,34.639163970947266
2022-08-25,34.71702575683594
2022-08-26,33.55881881713867
2022-08-29,33.130577087402344
2022-08-30,32.945648193359375
2022-08-31,32.85805892944336
2022-09-01,33.24736785888672
2022-09-02,32.838592529296875
2022-09-06,34.8240852355957
2022-09-07,34.9992790222168
2022-09-08,35.26206588745117
2022-09-09,35.154998779296875
2022-09-12,35.291263580322266
2022-09-13,34.97008514404297
2022-09-14,35.359397888183594
2022-09-15,34.84355545043945
2022-09-16,34.61969757080078
2022-09-19,35.26206588745117
2022-09-20,34.80461502075195
2022-09-21,34.55156707763672
2022-09-22,33.96760559082031
2022-09-23,33.850799560546875
2022-09-26,33.70481491088867
2022-09-27,33.42256164550781
2022-09-28,33.96760559082031
2022-09-29,34.20119094848633
2022-09-30,33.75347900390625
2022-10-03,34.43477249145508
2022-10-04,36.10882568359375
2022-10-05,35.700042724609375
2022-10-06,36.13801574707031
2022-10-07,35.193939208984375
2022-10-10,35.4761848449707
2022-10-11,35.38859176635742
2022-10-12,35.23286819458008
2022-10-13,35.09660720825195
2022-10-14,34.08439254760742
2022-10-17,35.174468994140625
2022-10-18,35.690311431884766
2022-10-19,35.89469909667969
2022-10-20,35.028480529785156
2022-10-21,35.456722259521484
2022-10-24,35.310733795166016
2022-10-25,34.97981262207031
2022-10-26,38.49336624145508
2022-10-27,39.92409133911133
2022-10-28,40.75138473510742
2022-10-31,40.955772399902344
2022-11-01,41.07257080078125
2022-11-02,40.75138473510742
2022-11-03,41.1601676940918
2022-11-04,40.790313720703125
2022-11-07,40.63459014892578
2022-11-08,40.87791442871094
2022-11-09,40.565494537353516
2022-11-10,41.024356842041016
2022-11-11,40.60454177856445
2022-11-14,40.88767623901367
2022-11-15,40.48738479614258
2022-11-16,41.03411865234375
2022-11-17,40.8486213684082
2022-11-18,41.45392608642578
2022-11-21,41.121986389160156
2022-11-22,38.603118896484375
2022-11-23,38.77885437011719
2022-11-25,39.042457580566406
2022-11-28,38.83742904663086
2022-11-29,38.886253356933594
2022-11-30,39.48179244995117
2022-12-01,39.43297576904297
2022-12-02,39.52083969116211
2022-12-05,38.66169738769531
2022-12-06,38.28093719482422
2022-12-07,38.54454040527344
2022-12-08,38.31023025512695
2022-12-09,37.5975227355957
2022-12-12,37.43155288696289
2022-12-13,37.39249801635742
2022-12-14,37.226531982421875
2022-12-15,36.308799743652344
2022-12-16,35.888980865478516
2022-12-19,36.06472396850586
2022-12-20,36.24045944213867
2022-12-21,36.50406265258789
2022-12-22,36.094017028808594
2022-12-23,36.24045944213867
2022-12-27,36.142826080322266
2022-12-28,35.6742057800293
2022-12-29,35.79135513305664
2022-12-30,35.6742057800293
2023-01-03,35.683963775634766
2023-01-04,36.06472396850586
2023-01-05,35.449649810791016
2023-01-06,35.6644401550293
2023-01-09,35.6644401550293
2023-01-10,35.6351432800293
2023-01-11,36.82624435424805
2023-01-12,36.66027069091797
2023-01-13,36.884822845458984
2023-01-17,36.34785461425781
2023-01-18,35.810882568359375
2023-01-19,34.98102951049805
2023-01-20,35.254390716552734
2023-01-23,35.2934455871582
2023-01-24,35.45941162109375
2023-01-25,35.478939056396484
2023-01-26,35.28368377685547
2023-01-27,35.16652297973633
2023-01-30,34.83457946777344
2023-01-31,35.53752136230469
2023-02-01,35.478939056396484
2023-02-02,35.254390716552734
2023-02-03,34.83457946777344
2023-02-06,34.81504821777344
2023-02-07,34.88339614868164
2023-02-08,34.69789505004883
2023-02-09,34.69789505004883
2023-02-10,35.21723937988281
2023-02-13,35.22704315185547
2023-02-14,34.923274993896484
2023-02-15,35.187843322753906
2023-02-16,35.45241165161133
2023-02-17,35.56999969482422
2023-02-21,34.66850280761719
2023-02-22,34.70769500732422
2023-02-23,34.58031463623047
2023-02-24,34.413726806640625
2023-02-27,34.394134521484375
2023-02-28,34.492122650146484
2023-03-01,33.855194091796875
2023-03-02,34.25694274902344
2023-03-03,34.60970687866211
2023-03-06,34.60970687866211
2023-03-07,34.403926849365234
2023-03-08,34.32554244995117
2023-03-09,34.109962463378906
2023-03-10,33.97277069091797
2023-03-13,34.3353385925293
2023-03-14,35.1192512512207
2023-03-15,35.42301559448242
2023-03-16,35.75618362426758
2023-03-17,35.34461975097656
2023-03-20,35.824771881103516
2023-03-21,36.030548095703125
2023-03-22,35.64839172363281
2023-03-23,35.44261169433594
2023-03-24,35.88356399536133
2023-03-27,36.001155853271484
2023-03-28,36.10892868041992
2023-03-29,36.26572036743164
2023-03-30,36.451900482177734
2023-03-31,36.775264739990234
2023-04-03,36.696868896484375
2023-04-04,36.76546859741211
2023-04-05,37.784549713134766
2023-04-06,38.000118255615234
2023-04-10,37.774749755859375
2023-04-11,37.92173767089844
2023-04-12,38.38227844238281
2023-04-13,38.509666442871094
2023-04-14,38.01972198486328
2023-04-17,38.186302185058594
2023-04-18,38.41168212890625
2023-04-19,38.36268615722656
2023-04-20,39.09760665893555
2023-04-21,38.833030700683594
2023-04-24,39.10740280151367
2023-04-25,38.92123031616211
2023-04-26,38.52927017211914
2023-04-27,40.7634162902832
2023-04-28,41.40034103393555
2023-05-01,40.4400520324707
2023-05-02,40.96919250488281
2023-05-03,40.812416076660156
2023-05-04,40.99858856201172
2023-05-05,40.92999267578125
2023-05-08,40.83200454711914
2023-05-09,40.86149597167969
2023-05-10,41.549564361572266
2023-05-11,41.6773567199707
2023-05-12,41.854286193847656
2023-05-15,41.60854721069336
2023-05-16,41.26450729370117
2023-05-17,40.94995880126953
2023-05-18,40.45848083496094
2023-05-19,40.35036087036133
2023-05-22,39.996490478515625
2023-05-23,39.160980224609375
2023-05-24,39.21996307373047
2023-05-25,38.76779556274414
2023-05-26,38.65967559814453
2023-05-30,38.748138427734375
2023-05-31,38.64984893798828
2023-06-01,39.53450393676758
2023-06-02,39.93751525878906
2023-06-05,40.46831130981445
2023-06-06,40.684566497802734
2023-06-07,40.44866180419922
2023-06-08,40.40933609008789
2023-06-09,40.10462188720703
2023-06-12,40.26189422607422
2023-06-13,40.19308853149414
2023-06-14,40.19308853149414
2023-06-15,40.930301666259766
2023-06-16,40.389678955078125
2023-06-20,40.212745666503906
2023-06-21,40.517459869384766
2023-06-22,40.890987396240234
2023-06-23,40.684566497802734
2023-06-26,40.95978927612305
2023-06-27,41.5692253112793
2023-06-28,41.64786148071289
2023-06-29,41.7756462097168
2023-06-30,42.10002136230469
2023-07-03,41.598716735839844
2023-07-05,42.28678512573242
2023-07-06,42.73894500732422
2023-07-07,42.42439651489258
2023-07-10,42.54235076904297
2023-07-11,42.9551887512207
2023-07-12,43.171443939208984
2023-07-13,43.27956771850586
2023-07-14,43.78087615966797
2023-07-17,43.83002471923828
2023-07-18,43.72189712524414
2023-07-19,43.60394287109375
2023-07-20,43.613773345947266
2023-07-21,43.7612190246582
2023-07-24,43.98729705810547
2023-07-25,44.06593704223633
2023-07-26,44.03644561767578
2023-07-27,40.1242790222168
2023-07-28,39.93751525878906
2023-07-31,40.13410949707031
2023-08-01,39.93751525878906
2023-08-02,40.59609603881836
2023-08-03,39.996490478515625
2023-08-04,39.593482971191406
2023-08-07,39.7310905456543
2023-08-08,39.760589599609375
2023-08-09,40.19447708129883
2023-08-10,40.204345703125
2023-08-11,40.460731506347656
2023-08-14,40.796016693115234
2023-08-15,40.362117767333984
2023-08-16,40.805877685546875
2023-08-17,39.770450592041016
2023-08-18,39.75072479248047
2023-08-21,39.306968688964844
2023-08-22,38.79418182373047
2023-08-23,39.0604362487793
2023-08-24,38.49834442138672
2023-08-25,38.82376480102539
2023-08-28,39.22807693481445
2023-08-29,39.22807693481445
2023-08-30,39.49433135986328
2023-08-31,39.02098846435547
2023-09-01,38.82376480102539
2023-09-05,37.44319152832031
2023-09-06,37.551666259765625
2023-09-07,35.22440719604492
2023-09-08,35.60899353027344
2023-09-11,35.618858337402344
2023-09-12,35.53010559082031
2023-09-13,36.14150619506836
2023-09-14,36.5556755065918
2023-09-15,36.51622772216797
2023-09-18,37.66999816894531
2023-09-19,37.67985916137695
2023-09-20,38.14333724975586
2023-09-21,37.41360092163086
2023-09-22,36.910682678222656
2023-09-25,36.743038177490234
2023-09-26,36.64442825317383
2023-09-27,36.92053985595703
2023-09-28,37.12763214111328
2023-09-29,36.81207275390625
2023-10-02,36.11191940307617
2023-10-03,35.76677703857422
2023-10-04,35.46107864379883
2023-10-05,35.36246871948242
2023-10-06,35.57941436767578
2023-10-09,35.885108947753906
2023-10-10,36.11191940307617
2023-10-11,35.81608200073242
2023-10-12,35.263851165771484
2023-10-13,35.41176986694336
2023-10-16,35.93441390991211
2023-10-17,36.00344467163086
2023-10-18,35.421630859375
2023-10-19,32.463253021240234
2023-10-20,32.591453552246094
2023-10-23,32.709781646728516
2023-10-24,33.192989349365234
2023-10-25,33.85369110107422
2023-10-26,35.21454620361328
2023-10-27,35.59913635253906
2023-10-30,36.33872985839844
2023-10-31,37.08818435668945
2023-11-01,36.70359802246094
2023-11-02,37.167076110839844
2023-11-03,37.59110641479492
2023-11-06,37.472774505615234
2023-11-07,37.67985916137695
2023-11-08,37.5615234375
2023-11-09,37.482322692871094
2023-11-10,38.016937255859375
2023-11-13,38.3436393737793
2023-11-14,39.086158752441406
2023-11-15,38.640647888183594
2023-11-16,39.244564056396484
2023-11-17,39.04655838012695
2023-11-20,39.37326431274414
2023-11-21,39.68017578125
2023-11-22,39.62077331542969
2023-11-24,39.729679107666016
2023-11-27,39.86827850341797
2023-11-28,39.57127380371094
2023-11-29,39.78907775878906
2023-11-30,40.33359146118164
2023-12-01,40.50189208984375
2023-12-04,40.71969985961914
2023-12-05,40.58110046386719
2023-12-06,40.937503814697266
2023-12-07,40.94740676879883
2023-12-08,41.01670837402344
2023-12-11,41.21471405029297
2023-12-12,41.63051986694336
2023-12-13,43.03636169433594
2023-12-14,42.31364440917969
2023-12-15,41.72952651977539
2023-12-18,42.214637756347656
2023-12-19,42.0958366394043
2023-12-20,41.91762924194336
2023-12-21,42.38294219970703
2023-12-22,42.551246643066406
2023-12-26,42.838356018066406
2023-12-27,43.20466232299805
2023-12-28,43.33336639404297
2023-12-29,43.23435974121094
2024-01-02,42.838356018066406
2024-01-03,41.818626403808594
2024-01-04,42.36314392089844
2024-01-05,42.274044036865234
2024-01-08,42.442344665527344
2024-01-09,42.63044738769531
2024-01-10,42.858154296875
2024-01-11,43.41256332397461
2024-01-12,43.31356430053711
2024-01-16,43.2442626953125
2024-01-17,42.937355041503906
2024-01-18,43.28386688232422
2024-01-19,43.68977355957031
2024-01-22,43.64027404785156
2024-01-23,43.77887725830078
2024-01-24,42.858154296875
2024-01-25,42.58094787597656
2024-01-26,42.79874801635742
2024-01-29,42.81855392456055
2024-01-30,43.115562438964844
2024-01-31,42.87795639038086
2024-02-01,43.79867935180664
2024-02-02,43.58087158203125
2024-02-05,43.08586120605469
2024-02-06,43.57097244262695
2024-02-07,43.75907516479492
2024-02-08,43.29376220703125
2024-02-09,43.04625701904297
2024-02-12,43.1353645324707
2024-02-13,43.41256332397461
2024-02-14,43.80857467651367
2024-02-15,41.30381774902344
2024-02-16,40.640499114990234
2024-02-20,40.690181732177734
2024-02-21,41.10751724243164
2024-02-22,41.564598083496094
2024-02-23,42.30984115600586
2024-02-26,42.65761947631836
2024-02-27,42.41913986206055
2024-02-28,43.19419479370117
2024-02-29,43.790382385253906
2024-03-01,43.720829010009766
2024-03-04,44.79397964477539
2024-03-05,43.999053955078125
2024-03-06,44.525691986083984
2024-03-07,44.952964782714844
2024-03-08,45.1616325378418
2024-03-11,45.439849853515625
2024-03-12,45.499473571777344
2024-03-13,45.97642517089844
2024-03-14,45.648521423339844
2024-03-15,46.05591583251953
2024-03-18,46.36395263671875
2024-03-19,46.71173095703125
2024-03-20,46.532875061035156
2024-03-21,46.22483825683594
2024-03-22,46.24471664428711
2024-03-25,45.6087760925293
2024-03-26,45.549156188964844
2024-03-27,46.4036979675293
2024-03-28,45.97642517089844
2024-04-01,45.4299201965332
2024-04-02,45.241119384765625
2024-04-03,45.18150329589844
2024-04-04,44.28721237182617
2024-04-05,45.08213806152344
2024-04-08,44.78404235839844
2024-04-09,44.72441864013672
2024-04-10,44.8635368347168
2024-04-11,44.35676574707031
2024-04-12,44.068607330322266
2024-04-15,43.005393981933594
2024-04-16,43.03520965576172
2024-04-17,42.73711013793945
2024-04-18,42.17072677612305
2024-04-19,42.24028396606445
2024-04-22,42.19060134887695
2024-04-23,42.379398345947266
2024-04-24,42.597999572753906
2024-04-25,43.98911666870117
2024-04-26,44.61511993408203
2024-04-29,44.48594284057617
2024-04-30,44.277278900146484
2024-05-01,44.396514892578125
2024-05-02,44.45613479614258
2024-05-03,45.8273811340332
2024-05-06,46.8011589050293
2024-05-07,46.90052795410156
2024-05-08,46.34408187866211
2024-05-09,46.86244583129883
2024-05-10,46.483642578125
2024-05-13,46.26433181762695
2024-05-14,46.772727966308594
2024-05-15,47.02194595336914
2024-05-16,46.92226028442383
2024-05-17,45.98521041870117
2024-05-20,46.64313888549805
2024-05-21,46.35404968261719
2024-05-22,45.965274810791016
2024-05-23,45.23756408691406
2024-05-24,46.045021057128906
2024-05-28,46.01511764526367
2024-05-29,45.20765686035156
2024-05-30,45.716060638427734
2024-05-31,45.54658889770508
2024-06-03,45.89549255371094
2024-06-04,47.15153884887695
2024-06-05,47.30106735229492
2024-06-06,47.261192321777344
2024-06-07,46.423828125
2024-06-10,46.64313888549805
2024-06-11,47.18144607543945
2024-06-12,47.76959228515625
2024-06-13,47.709781646728516
2024-06-14,48.34777069091797
2024-06-17,49.09541702270508
2024-06-18,49.593849182128906
2024-06-20,49.19510269165039
2024-06-21,49.19510269165039
2024-06-24,49.76331329345703
2024-06-25,49.7035026550293
2024-06-26,49.284820556640625
2024-06-27,49.19510269165039
2024-06-28,48.636863708496094
2024-07-01,48.1683349609375
2024-07-02,48.99573516845703
2024-07-03,50.13215637207031
2024-07-05,50.2418098449707
2024-07-08,49.76331329345703
2024-07-09,49.58388137817383
2024-07-10,49.44431686401367
2024-07-11,49.21504211425781
2024-07-12,49.25491714477539
2024-07-15,48.1683349609375
2024-07-16,49.105384826660156
2024-07-17,49.18513488769531
2024-07-18,49.09541702270508
2024-07-19,49.284820556640625
2024-07-22,50.491024017333984
2024-07-23,49.79322052001953
2024-07-24,49.79322052001953
2024-07-25,46.58332824707031
2024-07-26,45.78583908081055
2024-07-29,47.430660247802734
2024-07-30,47.819435119628906
2024-07-31,47.75962448120117
2024-08-01,47.251224517822266
2024-08-02,47.859310150146484
2024-08-05,47.48050308227539
2024-08-06,47.69981002807617
2024-08-07,47.24125671386719
2024-08-08,47.460567474365234
2024-08-09,47.6400032043457
2024-08-12,47.779998779296875
2024-08-13,48.47999954223633
2024-08-14,48.5
2024-08-15,49.04999923706055
2024-08-16,48.18000030517578
2024-08-19,49.130001068115234
2024-08-20,49.5
2024-08-21,50.04999923706055
2024-08-22,50.25
2024-08-23,50.13999938964844
2024-08-26,49.70000076293945
2024-08-27,49.560001373291016
2024-08-28,50.25
2024-08-29,50.099998474121094
2024-08-30,50.18000030517578
2024-09-03,50.4900016784668
2024-09-04,50.72999954223633
2024-09-05,50.310001373291016
2024-09-06,49.59000015258789
2024-09-09,49.65999984741211
2024-09-10,51.130001068115234
2024-09-11,49.630001068115234
2024-09-12,50.150001525878906
2024-09-13,50.470001220703125
2024-09-16,50.90999984741211
2024-09-17,51.400001525878906
2024-09-18,50.25
2024-09-19,50.099998474121094
2024-09-20,50.150001525878906
2024-09-23,50.5
2024-09-24,50.72999954223633
2024-09-25,50.7599983215332
2024-09-26,50.04999923706055
2024-09-27,49.95000076293945
2024-09-30,50.58000183105469
2024-10-01,50.5099983215332
2024-10-02,50.369998931884766
2024-10-03,49.72999954223633
2024-10-04,49.81999969482422
2024-10-07,48.70000076293945
2024-10-08,49.29999923706055
2024-10-09,49.83000183105469
2024-10-10,49.25
2024-10-11,49.65999984741211
2024-10-14,50.15999984741211
2024-10-15,49.970001220703125
2024-10-16,49.150001525878906
2024-10-17,49.459999084472656
2024-10-18,50.13999938964844
2024-10-21,49.84000015258789
2024-10-22,49.529998779296875
2024-10-23,49.75
2024-10-24,46.47999954223633
2024-10-25,46.540000915527344
2024-10-28,47.2599983215332
2024-10-29,47.31999969482422
2024-10-30,46.810001373291016
2024-10-31,47.13999938964844
2024-11-01,47.33000183105469
2024-11-04,47.86000061035156
2024-11-05,48.54999923706055
2024-11-06,48.619998931884766
2024-11-07,49.040000915527344
2024-11-08,50.18000030517578
2024-11-11,50.880001068115234
2024-11-12,51.08000183105469
2024-11-13,51.290000915527344
2024-11-14,50.11000061035156
2024-11-15,49.90999984741211
2024-11-18,50.04999923706055
2024-11-19,49.5099983215332
2024-11-20,49.439998626708984
2024-11-21,49.630001068115234
2024-11-22,50.630001068115234
2024-11-25,51.22999954223633
2024-11-26,51.59000015258789
2024-11-27,51.15999984741211
2024-11-29,50.33000183105469
2024-12-02,49.86000061035156
2024-12-03,49.65999984741211
2024-12-04,49.65999984741211
2024-12-05,48.849998474121094
2024-12-06,49.41999816894531
2024-12-09,48.68000030517578
2024-12-10,49.130001068115234
2024-12-11,49.0099983215332
2024-12-12,48.77000045776367
2024-12-13,48.77000045776367
2024-12-16,48.54999923706055
2024-12-17,48.220001220703125
