,ROP
2014-01-02,129.4221954345703
2014-01-03,129.56272888183594
2014-01-06,129.0284881591797
2014-01-07,129.2815704345703
2014-01-08,129.8259735107422
2014-01-09,130.98056030273438
2014-01-10,130.83035278320312
2014-01-13,129.51629638671875
2014-01-14,131.08380126953125
2014-01-15,131.94740295410156
2014-01-16,132.21957397460938
2014-01-17,131.44981384277344
2014-01-21,133.21456909179688
2014-01-22,132.85789489746094
2014-01-23,130.4736785888672
2014-01-24,127.34791564941406
2014-01-27,127.10393524169922
2014-01-28,129.2815704345703
2014-01-29,127.82664489746094
2014-01-30,129.31907653808594
2014-01-31,128.8216094970703
2014-02-03,123.71533203125
2014-02-04,123.89366912841797
2014-02-05,123.82797241210938
2014-02-06,124.62582397460938
2014-02-07,125.68649291992188
2014-02-10,124.84172821044922
2014-02-11,125.4237060546875
2014-02-12,126.66268920898438
2014-02-13,128.1175994873047
2014-02-14,128.47430419921875
2014-02-18,127.55439758300781
2014-02-19,126.76593017578125
2014-02-20,127.22591400146484
2014-02-21,126.6439437866211
2014-02-24,127.01005554199219
2014-02-25,127.00064086914062
2014-02-26,126.70020294189453
2014-02-27,126.35295867919922
2014-02-28,127.30098724365234
2014-03-03,126.42807006835938
2014-03-04,127.95809173583984
2014-03-05,128.59629821777344
2014-03-06,130.15452575683594
2014-03-07,130.94300842285156
2014-03-10,128.65261840820312
2014-03-11,125.99629974365234
2014-03-12,125.85545349121094
2014-03-13,125.71467590332031
2014-03-14,125.84606170654297
2014-03-17,128.2490234375
2014-03-18,128.5400390625
2014-03-19,127.04759216308594
2014-03-20,126.7472152709961
2014-03-21,126.44678497314453
2014-03-24,125.98690032958984
2014-03-25,126.55008697509766
2014-03-26,125.02005004882812
2014-03-27,124.35362243652344
2014-03-28,124.63520050048828
2014-03-31,125.32041931152344
2014-04-01,126.33414459228516
2014-04-02,128.1269989013672
2014-04-03,128.47430419921875
2014-04-04,126.70964050292969
2014-04-07,124.66339111328125
2014-04-08,125.24533081054688
2014-04-09,125.92222595214844
2014-04-10,123.28999328613281
2014-04-11,122.36872100830078
2014-04-14,121.7764663696289
2014-04-15,121.25946807861328
2014-04-16,123.16777801513672
2014-04-17,122.52852630615234
2014-04-21,123.50618743896484
2014-04-22,124.05146026611328
2014-04-23,123.81643676757812
2014-04-24,123.81643676757812
2014-04-25,121.55086517333984
2014-04-28,129.46627807617188
2014-04-29,129.76708984375
2014-04-30,130.62252807617188
2014-05-01,129.8235321044922
2014-05-02,129.67308044433594
2014-05-05,129.69187927246094
2014-05-06,128.930419921875
2014-05-07,130.60374450683594
2014-05-08,132.2206573486328
2014-05-09,130.8388214111328
2014-05-12,132.8787078857422
2014-05-13,132.62489318847656
2014-05-14,131.572021484375
2014-05-15,130.39697265625
2014-05-16,131.07369995117188
2014-05-19,131.46856689453125
2014-05-20,130.03964233398438
2014-05-21,131.72239685058594
2014-05-22,132.25820922851562
2014-05-23,133.17007446289062
2014-05-27,133.677734375
2014-05-28,132.62489318847656
2014-05-29,132.84104919433594
2014-05-30,133.18887329101562
2014-06-02,133.27349853515625
2014-06-03,132.97274780273438
2014-06-04,132.40863037109375
2014-06-05,134.80584716796875
2014-06-06,136.03729248046875
2014-06-09,137.7858428955078
2014-06-10,137.72938537597656
2014-06-11,136.91159057617188
2014-06-12,136.86456298828125
2014-06-13,137.40982055664062
2014-06-16,137.40048217773438
2014-06-17,137.80462646484375
2014-06-18,138.22764587402344
2014-06-19,138.58489990234375
2014-06-20,140.01376342773438
2014-06-23,138.76351928710938
2014-06-24,137.67303466796875
2014-06-25,137.64480590820312
2014-06-26,137.2311553955078
2014-06-27,138.4533233642578
2014-06-30,137.2593994140625
2014-07-01,137.61660766601562
2014-07-02,136.8739776611328
2014-07-03,137.6542205810547
2014-07-07,137.01499938964844
2014-07-08,136.5543975830078
2014-07-09,136.74261474609375
2014-07-10,135.53765869140625
2014-07-11,136.21546936035156
2014-07-14,136.47909545898438
2014-07-15,136.2060546875
2014-07-16,136.1024932861328
2014-07-17,134.14447021484375
2014-07-18,134.65284729003906
2014-07-21,134.91636657714844
2014-07-22,135.6600799560547
2014-07-23,134.70932006835938
2014-07-24,134.57749938964844
2014-07-25,134.3892059326172
2014-07-28,139.56671142578125
2014-07-29,138.28646850585938
2014-07-30,138.91717529296875
2014-07-31,135.62246704101562
2014-08-01,135.0576171875
2014-08-04,136.7991180419922
2014-08-05,135.64125061035156
2014-08-06,134.9822998046875
2014-08-07,135.9330596923828
2014-08-08,138.71951293945312
2014-08-11,138.14527893066406
2014-08-12,137.65574645996094
2014-08-13,138.813720703125
2014-08-14,139.43495178222656
2014-08-15,138.747802734375
2014-08-18,141.2423553466797
2014-08-19,141.66595458984375
2014-08-20,142.08016967773438
2014-08-21,141.89190673828125
2014-08-22,141.55299377441406
2014-08-25,142.3437957763672
2014-08-26,141.98602294921875
2014-08-27,141.957763671875
2014-08-28,141.56240844726562
2014-08-29,141.7318572998047
2014-09-02,141.4212188720703
2014-09-03,140.83763122558594
2014-09-04,140.1033172607422
2014-09-05,140.79989624023438
2014-09-08,140.38572692871094
2014-09-09,139.51023864746094
2014-09-10,139.46315002441406
2014-09-11,139.00192260742188
2014-09-12,138.5030059814453
2014-09-15,138.4276885986328
2014-09-16,139.20901489257812
2014-09-17,140.8563995361328
2014-09-18,141.4212188720703
2014-09-19,140.77169799804688
2014-09-22,138.90774536132812
2014-09-23,138.3052978515625
2014-09-24,139.3125457763672
2014-09-25,137.02503967285156
2014-09-26,138.7383270263672
2014-09-29,138.39939880371094
2014-09-30,137.71221923828125
2014-10-01,136.82737731933594
2014-10-02,136.33782958984375
2014-10-03,137.99464416503906
2014-10-06,138.19232177734375
2014-10-07,135.15174865722656
2014-10-08,138.68675231933594
2014-10-09,135.03858947753906
2014-10-10,133.6717071533203
2014-10-13,130.68338012695312
2014-10-14,133.52084350585938
2014-10-15,132.44622802734375
2014-10-16,133.02130126953125
2014-10-17,136.18873596191406
2014-10-20,136.37721252441406
2014-10-21,140.1667938232422
2014-10-22,138.22488403320312
2014-10-23,141.9013214111328
2014-10-24,142.5140380859375
2014-10-27,142.2877960205078
2014-10-28,145.5683135986328
2014-10-29,145.3231964111328
2014-10-30,145.9548797607422
2014-10-31,149.2259063720703
2014-11-03,149.5181121826172
2014-11-04,148.50949096679688
2014-11-05,148.05697631835938
2014-11-06,149.159912109375
2014-11-07,149.18817138671875
2014-11-10,149.44276428222656
2014-11-11,148.39633178710938
2014-11-12,147.77423095703125
2014-11-13,147.75535583496094
2014-11-14,148.23606872558594
2014-11-17,147.43479919433594
2014-11-18,147.32167053222656
2014-11-19,147.70819091796875
2014-11-20,148.1984100341797
2014-11-21,149.1504669189453
2014-11-24,149.50872802734375
2014-11-25,151.28091430664062
2014-11-26,150.38540649414062
2014-11-28,148.7733917236328
2014-12-01,146.85977172851562
2014-12-02,147.9815673828125
2014-12-03,150.49850463867188
2014-12-04,149.68780517578125
2014-12-05,149.05624389648438
2014-12-08,146.48272705078125
2014-12-09,147.12368774414062
2014-12-10,144.28623962402344
2014-12-11,144.2580108642578
2014-12-12,141.29795837402344
2014-12-15,142.1558380126953
2014-12-16,142.27833557128906
2014-12-17,143.2399139404297
2014-12-18,148.55662536621094
2014-12-19,147.43479919433594
2014-12-22,148.86767578125
2014-12-23,150.39479064941406
2014-12-24,150.59278869628906
2014-12-26,150.64938354492188
2014-12-29,150.47024536132812
2014-12-30,149.2353057861328
2014-12-31,147.3876953125
2015-01-02,147.64219665527344
2015-01-05,143.31527709960938
2015-01-06,141.31686401367188
2015-01-07,142.76156616210938
2015-01-08,143.72471618652344
2015-01-09,142.93148803710938
2015-01-12,140.85415649414062
2015-01-13,140.5331573486328
2015-01-14,139.787109375
2015-01-15,137.74752807617188
2015-01-16,137.6248016357422
2015-01-20,137.89865112304688
2015-01-21,139.32449340820312
2015-01-22,141.85504150390625
2015-01-23,141.3546142578125
2015-01-26,147.02011108398438
2015-01-27,148.4176025390625
2015-01-28,145.9436492919922
2015-01-29,147.70941162109375
2015-01-30,145.73587036132812
2015-02-02,148.5309295654297
2015-02-03,150.75938415527344
2015-02-04,149.30523681640625
2015-02-05,153.07284545898438
2015-02-06,152.13800048828125
2015-02-09,152.87448120117188
2015-02-10,154.27200317382812
2015-02-11,154.27200317382812
2015-02-12,155.8677978515625
2015-02-13,156.96311950683594
2015-02-17,158.46444702148438
2015-02-18,158.79493713378906
2015-02-19,158.0677947998047
2015-02-20,158.91770935058594
2015-02-23,159.02154541015625
2015-02-24,158.51170349121094
2015-02-25,158.66275024414062
2015-02-26,159.1726531982422
2015-02-27,158.22840881347656
2015-03-02,159.15379333496094
2015-03-03,158.02069091796875
2015-03-04,157.49191284179688
2015-03-05,159.21044921875
2015-03-06,156.75531005859375
2015-03-09,158.72885131835938
2015-03-10,156.37770080566406
2015-03-11,156.7175750732422
2015-03-12,159.20098876953125
2015-03-13,157.61465454101562
2015-03-16,160.8817901611328
2015-03-17,159.37094116210938
2015-03-18,161.47665405273438
2015-03-19,159.7392578125
2015-03-20,161.8731689453125
2015-03-23,161.93934631347656
2015-03-24,162.2321014404297
2015-03-25,161.13671875
2015-03-26,160.97618103027344
2015-03-27,161.85433959960938
2015-03-30,164.31884765625
2015-03-31,162.41143798828125
2015-04-01,160.30575561523438
2015-04-02,161.8260040283203
2015-04-06,162.53414916992188
2015-04-07,161.42001342773438
2015-04-08,160.54994201660156
2015-04-09,161.22142028808594
2015-04-10,161.05120849609375
2015-04-13,159.93533325195312
2015-04-14,160.3987274169922
2015-04-15,161.9117431640625
2015-04-16,161.37266540527344
2015-04-17,157.99676513671875
2015-04-20,159.89749145507812
2015-04-21,159.09371948242188
2015-04-22,159.74620056152344
2015-04-23,160.8052978515625
2015-04-24,160.68240356445312
2015-04-27,163.16943359375
2015-04-28,163.5287322998047
2015-04-29,161.8455352783203
2015-04-30,159.02749633789062
2015-05-01,160.29469299316406
2015-05-04,161.13626098632812
2015-05-05,159.09371948242188
2015-05-06,159.16937255859375
2015-05-07,159.69894409179688
2015-05-08,162.97079467773438
2015-05-11,161.81712341308594
2015-05-12,163.05593872070312
2015-05-13,164.70130920410156
2015-05-14,166.76283264160156
2015-05-15,166.50750732421875
2015-05-18,166.63040161132812
2015-05-19,167.00868225097656
2015-05-20,167.2734375
2015-05-21,167.566650390625
2015-05-22,167.51930236816406
2015-05-26,166.15760803222656
2015-05-27,168.0299530029297
2015-05-28,167.5476837158203
2015-05-29,165.44834899902344
2015-06-01,165.40109252929688
2015-06-02,166.17652893066406
2015-06-03,166.8290557861328
2015-06-04,164.8526153564453
2015-06-05,165.5524139404297
2015-06-08,165.01341247558594
2015-06-09,165.5524139404297
2015-06-10,167.4153289794922
2015-06-11,168.04888916015625
2015-06-12,166.280517578125
2015-06-15,164.51223754882812
2015-06-16,164.61622619628906
2015-06-17,164.9566192626953
2015-06-18,167.38690185546875
2015-06-19,166.57366943359375
2015-06-22,168.12448120117188
2015-06-23,167.29237365722656
2015-06-24,166.1387176513672
2015-06-25,165.5712890625
2015-06-26,166.41293334960938
2015-06-29,163.18829345703125
2015-06-30,163.0842742919922
2015-07-01,164.5595245361328
2015-07-02,165.0985107421875
2015-07-06,164.13400268554688
2015-07-07,165.50511169433594
2015-07-08,162.23797607421875
2015-07-09,162.4652557373047
2015-07-10,163.2134246826172
2015-07-13,166.62265014648438
2015-07-14,167.43701171875
2015-07-15,166.57521057128906
2015-07-16,167.692626953125
2015-07-17,167.5790252685547
2015-07-20,167.6074676513672
2015-07-21,165.6945343017578
2015-07-22,165.722900390625
2015-07-23,164.5960235595703
2015-07-24,162.9861297607422
2015-07-27,155.54283142089844
2015-07-28,155.54283142089844
2015-07-29,157.92916870117188
2015-07-30,158.21331787109375
2015-07-31,158.4027099609375
2015-08-03,156.64125061035156
2015-08-04,157.9008331298828
2015-08-05,158.5163116455078
2015-08-06,158.0996551513672
2015-08-07,159.3497314453125
2015-08-10,160.95956420898438
2015-08-11,159.9652862548828
2015-08-12,159.57699584960938
2015-08-13,160.0978240966797
2015-08-14,160.7323455810547
2015-08-17,162.13385009765625
2015-08-18,162.29483032226562
2015-08-19,160.24932861328125
2015-08-20,156.92543029785156
2015-08-21,153.16587829589844
2015-08-24,146.8021240234375
2015-08-25,146.07296752929688
2015-08-26,149.1033172607422
2015-08-27,154.59580993652344
2015-08-28,155.35342407226562
2015-08-31,153.497314453125
2015-09-01,147.5975799560547
2015-09-02,150.3154296875
2015-09-03,150.3249053955078
2015-09-04,147.9952850341797
2015-09-08,152.11473083496094
2015-09-09,149.95556640625
2015-09-10,150.60899353027344
2015-09-11,149.92718505859375
2015-09-14,150.26805114746094
2015-09-15,152.06736755371094
2015-09-16,153.73410034179688
2015-09-17,152.9102020263672
2015-09-18,149.14114379882812
2015-09-21,149.83245849609375
2015-09-22,146.81161499023438
2015-09-23,145.21112060546875
2015-09-24,145.7509307861328
2015-09-25,146.03504943847656
2015-09-28,144.82286071777344
2015-09-29,145.0028533935547
2015-09-30,148.39303588867188
2015-10-01,149.38735961914062
2015-10-02,151.24349975585938
2015-10-05,155.60911560058594
2015-10-06,156.27197265625
2015-10-07,159.10784912109375
2015-10-08,164.99746704101562
2015-10-09,164.741455078125
2015-10-12,165.24407958984375
2015-10-13,165.16824340820312
2015-10-14,164.5991668701172
2015-10-15,165.6328887939453
2015-10-16,164.75094604492188
2015-10-19,165.54759216308594
2015-10-20,165.1967010498047
2015-10-21,164.0301055908203
2015-10-22,166.4486083984375
2015-10-23,167.7384490966797
2015-10-26,173.47642517089844
2015-10-27,173.64715576171875
2015-10-28,174.69985961914062
2015-10-29,174.7378692626953
2015-10-30,176.73898315429688
2015-11-02,179.11007690429688
2015-11-03,177.3270263671875
2015-11-04,178.11422729492188
2015-11-05,178.21852111816406
2015-11-06,177.69691467285156
2015-11-09,176.0845947265625
2015-11-10,176.46395874023438
2015-11-11,177.80123901367188
2015-11-12,174.82322692871094
2015-11-13,174.96543884277344
2015-11-16,177.31756591796875
2015-11-17,176.1699676513672
2015-11-18,181.2440185546875
2015-11-19,179.66958618164062
2015-11-20,181.61392211914062
2015-11-23,182.36312866210938
2015-11-24,182.581298828125
2015-11-25,183.8426971435547
2015-11-27,184.78163146972656
2015-11-30,183.5107421875
2015-12-01,181.7940673828125
2015-12-02,178.39874267578125
2015-12-03,177.9434814453125
2015-12-04,179.70753479003906
2015-12-07,178.5504913330078
2015-12-08,176.67257690429688
2015-12-09,175.88539123535156
2015-12-10,176.90025329589844
2015-12-11,173.81787109375
2015-12-14,174.62396240234375
2015-12-15,173.6945343017578
2015-12-16,176.8053741455078
2015-12-17,175.07925415039062
2015-12-18,173.8652801513672
2015-12-21,175.6103973388672
2015-12-22,177.56414794921875
2015-12-23,180.27662658691406
2015-12-24,180.04901123046875
2015-12-28,180.37144470214844
2015-12-29,182.68565368652344
2015-12-30,180.75079345703125
2015-12-31,180.0015869140625
2016-01-04,176.89076232910156
2016-01-05,177.8865966796875
2016-01-06,174.19126892089844
2016-01-07,168.98562622070312
2016-01-08,166.82923889160156
2016-01-11,164.78684997558594
2016-01-12,167.24722290039062
2016-01-13,162.21250915527344
2016-01-14,162.28846740722656
2016-01-15,160.94908142089844
2016-01-19,161.03456115722656
2016-01-20,159.2296905517578
2016-01-21,158.0707550048828
2016-01-22,160.08468627929688
2016-01-25,157.77627563476562
2016-01-26,160.80657958984375
2016-01-27,159.8376007080078
2016-01-28,161.22457885742188
2016-01-29,166.87673950195312
2016-02-01,155.53439331054688
2016-02-02,150.9367218017578
2016-02-03,153.99545288085938
2016-02-04,158.61221313476562
2016-02-05,154.95497131347656
2016-02-08,153.76748657226562
2016-02-09,153.72950744628906
2016-02-10,152.2285919189453
2016-02-11,151.9626007080078
2016-02-12,155.40142822265625
2016-02-16,158.91616821289062
2016-02-17,161.2150115966797
2016-02-18,161.9655303955078
2016-02-19,161.81350708007812
2016-02-22,164.3498992919922
2016-02-23,162.6874542236328
2016-02-24,161.6995391845703
2016-02-25,162.4404754638672
2016-02-26,161.81350708007812
2016-02-29,159.524169921875
2016-03-01,163.27645874023438
2016-03-02,162.8489990234375
2016-03-03,163.75148010253906
2016-03-04,163.86544799804688
2016-03-07,164.7583465576172
2016-03-08,162.2314910888672
2016-03-09,162.0699920654297
2016-03-10,161.92755126953125
2016-03-11,165.1098175048828
2016-03-14,166.71527099609375
2016-03-15,167.00025939941406
2016-03-16,168.54861450195312
2016-03-17,170.78106689453125
2016-03-18,172.7473602294922
2016-03-21,172.2439422607422
2016-03-22,172.908935546875
2016-03-23,170.95196533203125
2016-03-24,171.49346923828125
2016-03-28,172.88992309570312
2016-03-29,173.38385009765625
2016-03-30,172.89939880371094
2016-03-31,173.621337890625
2016-04-01,175.41676330566406
2016-04-04,171.36993408203125
2016-04-05,169.77406311035156
2016-04-06,170.26885986328125
2016-04-07,168.00421142578125
2016-04-08,169.3268585205078
2016-04-11,168.1183319091797
2016-04-12,168.88914489746094
2016-04-13,169.5266876220703
2016-04-14,168.3276824951172
2016-04-15,168.56558227539062
2016-04-18,170.16419982910156
2016-04-19,171.03965759277344
2016-04-20,169.89776611328125
2016-04-21,170.05955505371094
2016-04-22,169.97386169433594
2016-04-25,170.9539794921875
2016-04-26,170.1737060546875
2016-04-27,170.54483032226562
2016-04-28,168.2325897216797
2016-04-29,167.5569610595703
2016-05-02,168.89865112304688
2016-05-03,167.66168212890625
2016-05-04,165.19717407226562
2016-05-05,165.9202880859375
2016-05-06,167.60458374023438
2016-05-09,166.19625854492188
2016-05-10,168.9081573486328
2016-05-11,167.44273376464844
2016-05-12,168.56558227539062
2016-05-13,167.77581787109375
2016-05-16,170.24034118652344
2016-05-17,171.64862060546875
2016-05-18,172.36228942871094
2016-05-19,171.26797485351562
2016-05-20,174.227294921875
2016-05-23,164.34075927734375
2016-05-24,165.53970336914062
2016-05-25,165.64439392089844
2016-05-26,163.38922119140625
2016-05-27,163.66514587402344
2016-05-31,162.78973388671875
2016-06-01,162.58995056152344
2016-06-02,163.3321075439453
2016-06-03,163.455810546875
2016-06-06,165.35891723632812
2016-06-07,165.58731079101562
2016-06-08,165.51116943359375
2016-06-09,165.80616760253906
2016-06-10,163.7984161376953
2016-06-13,160.71536254882812
2016-06-14,160.8485870361328
2016-06-15,160.2206268310547
2016-06-16,160.44895935058594
2016-06-17,159.5449981689453
2016-06-20,162.19979858398438
2016-06-21,162.02847290039062
2016-06-22,161.69546508789062
2016-06-23,164.5310821533203
2016-06-24,159.259521484375
2016-06-27,156.78553771972656
2016-06-28,158.46022033691406
2016-06-29,159.05020141601562
2016-06-30,162.2949676513672
2016-07-01,161.68597412109375
2016-07-05,158.84085083007812
2016-07-06,158.94573974609375
2016-07-07,159.45095825195312
2016-07-08,162.0914764404297
2016-07-11,162.63482666015625
2016-07-12,162.5680694580078
2016-07-13,162.1200408935547
2016-07-14,163.97889709472656
2016-07-15,163.8740234375
2016-07-18,162.73016357421875
2016-07-19,163.21630859375
2016-07-20,165.60899353027344
2016-07-21,163.8168182373047
2016-07-22,165.2086181640625
2016-07-25,155.69515991210938
2016-07-26,157.73507690429688
2016-07-27,159.7082977294922
2016-07-28,161.21441650390625
2016-07-29,162.396484375
2016-08-01,163.46412658691406
2016-08-02,161.65293884277344
2016-08-03,161.16680908203125
2016-08-04,161.6434326171875
2016-08-05,162.73016357421875
2016-08-08,163.65475463867188
2016-08-09,163.33070373535156
2016-08-10,163.6834259033203
2016-08-11,166.29531860351562
2016-08-12,164.63661193847656
2016-08-15,165.66612243652344
2016-08-16,164.6461944580078
2016-08-17,164.7987060546875
2016-08-18,165.122802734375
2016-08-19,168.15415954589844
2016-08-22,168.25900268554688
2016-08-23,168.716552734375
2016-08-24,168.30665588378906
2016-08-25,168.56405639648438
2016-08-26,169.4887237548828
2016-08-29,170.2227325439453
2016-08-30,170.4419708251953
2016-08-31,169.25039672851562
2016-09-01,172.2626953125
2016-09-02,173.6353759765625
2016-09-06,171.98623657226562
2016-09-07,171.3094482421875
2016-09-08,171.78604125976562
2016-09-09,167.8300323486328
2016-09-12,171.39524841308594
2016-09-13,169.2789764404297
2016-09-14,168.02069091796875
2016-09-15,169.86044311523438
2016-09-16,168.90721130371094
2016-09-19,168.44012451171875
2016-09-20,167.76329040527344
2016-09-21,169.72702026367188
2016-09-22,173.61630249023438
2016-09-23,171.68121337890625
2016-09-26,170.01304626464844
2016-09-27,171.18551635742188
2016-09-28,174.29312133789062
2016-09-29,172.8250732421875
2016-09-30,173.94039916992188
2016-10-03,173.578125
2016-10-04,173.44471740722656
2016-10-05,174.07485961914062
2016-10-06,173.1200408935547
2016-10-07,171.75466918945312
2016-10-10,171.29629516601562
2016-10-11,168.87109375
2016-10-12,168.40322875976562
2016-10-13,166.02565002441406
2016-10-14,165.1281280517578
2016-10-17,163.68637084960938
2016-10-18,164.7271270751953
2016-10-19,166.67498779296875
2016-10-20,165.3572998046875
2016-10-21,164.61253356933594
2016-10-24,163.76271057128906
2016-10-25,163.60044860839844
2016-10-26,162.063232421875
2016-10-27,160.8695831298828
2016-10-28,160.3253631591797
2016-10-31,165.48146057128906
2016-11-01,163.82957458496094
2016-11-02,162.38778686523438
2016-11-03,162.66468811035156
2016-11-04,161.8148956298828
2016-11-07,165.04220581054688
2016-11-08,166.17848205566406
2016-11-09,168.95704650878906
2016-11-10,171.68785095214844
2016-11-11,170.8666534423828
2016-11-14,171.46823120117188
2016-11-15,173.4447021484375
2016-11-16,173.09140014648438
2016-11-17,173.22512817382812
2016-11-18,171.98382568359375
2016-11-21,173.81704711914062
2016-11-22,175.48800659179688
2016-11-23,175.8795166015625
2016-11-25,174.85787963867188
2016-11-28,173.8552703857422
2016-11-29,172.91957092285156
2016-11-30,172.92910766601562
2016-12-01,173.6165771484375
2016-12-02,174.08445739746094
2016-12-05,173.43519592285156
2016-12-06,174.78147888183594
2016-12-07,175.220703125
2016-12-08,175.0106201171875
2016-12-09,177.40724182128906
2016-12-12,176.5383758544922
2016-12-13,179.54605102539062
2016-12-14,178.2284393310547
2016-12-15,178.5243682861328
2016-12-16,176.6433868408203
2016-12-19,176.09913635253906
2016-12-20,177.91329956054688
2016-12-21,177.41676330566406
2016-12-22,177.6077880859375
2016-12-23,177.53138732910156
2016-12-27,177.78912353515625
2016-12-28,175.50717163085938
2016-12-29,174.85787963867188
2016-12-30,174.81015014648438
2017-01-03,176.57652282714844
2017-01-04,176.92027282714844
2017-01-05,177.2359619140625
2017-01-06,179.7232666015625
2017-01-09,178.2308807373047
2017-01-10,177.934326171875
2017-01-11,180.7755584716797
2017-01-12,179.52235412597656
2017-01-13,180.32589721679688
2017-01-17,177.95346069335938
2017-01-18,178.80491638183594
2017-01-19,177.37945556640625
2017-01-20,178.14480590820312
2017-01-23,178.2786865234375
2017-01-24,179.73280334472656
2017-01-25,182.31568908691406
2017-01-26,182.18182373046875
2017-01-27,182.47828674316406
2017-01-30,182.14352416992188
2017-01-31,183.53065490722656
2017-02-01,183.06187438964844
2017-02-02,183.44456481933594
2017-02-03,184.496826171875
2017-02-06,184.34375
2017-02-07,184.00892639160156
2017-02-08,184.6403350830078
2017-02-09,193.4318389892578
2017-02-10,195.6895294189453
2017-02-13,196.81829833984375
2017-02-14,196.46435546875
2017-02-15,197.77496337890625
2017-02-16,197.84193420410156
2017-02-17,198.1576385498047
2017-02-21,198.38717651367188
2017-02-22,198.85595703125
2017-02-23,200.367431640625
2017-02-24,200.80747985839844
2017-02-27,200.93186950683594
2017-02-28,200.1282958984375
2017-03-01,203.72525024414062
2017-03-02,203.5530548095703
2017-03-03,203.62001037597656
2017-03-06,203.12258911132812
2017-03-07,202.5677032470703
2017-03-08,201.1614227294922
2017-03-09,201.4866943359375
2017-03-10,202.20419311523438
2017-03-13,202.0032958984375
2017-03-14,202.13726806640625
2017-03-15,204.65316772460938
2017-03-16,201.80238342285156
2017-03-17,201.7928466796875
2017-03-20,201.11361694335938
2017-03-21,198.9803466796875
2017-03-22,199.640380859375
2017-03-23,198.46372985839844
2017-03-24,197.5453643798828
2017-03-27,196.10086059570312
2017-03-28,198.36805725097656
2017-03-29,198.53070068359375
2017-03-30,199.86997985839844
2017-03-31,197.5358428955078
2017-04-03,197.1148681640625
2017-04-04,197.86102294921875
2017-04-05,198.43605041503906
2017-04-06,199.42298889160156
2017-04-07,199.51882934570312
2017-04-10,200.1799774169922
2017-04-11,198.31138610839844
2017-04-12,196.89320373535156
2017-04-13,196.45242309570312
2017-04-17,198.78099060058594
2017-04-18,198.49354553222656
2017-04-19,197.97608947753906
2017-04-20,200.12252807617188
2017-04-21,200.99456787109375
2017-04-24,204.80841064453125
2017-04-25,207.32870483398438
2017-04-26,206.3991241455078
2017-04-27,208.54566955566406
2017-04-28,209.5709228515625
2017-05-01,207.7311248779297
2017-05-02,208.1623077392578
2017-05-03,207.70233154296875
2017-05-04,209.1110076904297
2017-05-05,211.67909240722656
2017-05-08,211.6695556640625
2017-05-09,212.63735961914062
2017-05-10,213.32730102539062
2017-05-11,213.4902801513672
2017-05-12,212.23495483398438
2017-05-15,213.1165008544922
2017-05-16,214.83181762695312
2017-05-17,210.53878784179688
2017-05-18,210.19383239746094
2017-05-19,212.32119750976562
2017-05-22,214.1322479248047
2017-05-23,215.4259033203125
2017-05-24,215.78050231933594
2017-05-25,217.2849578857422
2017-05-26,217.60118103027344
2017-05-30,218.1953125
2017-05-31,217.71615600585938
2017-06-01,220.08303833007812
2017-06-02,221.54917907714844
2017-06-05,220.74427795410156
2017-06-06,218.82772827148438
2017-06-07,219.3260498046875
2017-06-08,218.91395568847656
2017-06-09,219.28773498535156
2017-06-12,217.65866088867188
2017-06-13,218.89479064941406
2017-06-14,219.28773498535156
2017-06-15,221.09878540039062
2017-06-16,222.5074462890625
2017-06-19,225.43011474609375
2017-06-20,223.22613525390625
2017-06-21,222.9578094482422
2017-06-22,222.70863342285156
2017-06-23,221.8463134765625
2017-06-26,222.8811798095703
2017-06-27,220.51426696777344
2017-06-28,222.60328674316406
2017-06-29,220.31307983398438
2017-06-30,221.8654327392578
2017-07-03,222.64157104492188
2017-07-05,225.78941345214844
2017-07-06,223.75486755371094
2017-07-07,225.00244140625
2017-07-10,225.2808074951172
2017-07-11,225.78941345214844
2017-07-12,228.0831298828125
2017-07-13,226.87391662597656
2017-07-14,226.30767822265625
2017-07-17,227.00827026367188
2017-07-18,224.52259826660156
2017-07-19,226.54763793945312
2017-07-20,225.38636779785156
2017-07-21,225.30958557128906
2017-07-24,225.54949951171875
2017-07-25,224.01394653320312
2017-07-26,224.34030151367188
2017-07-27,222.61285400390625
2017-07-28,222.9774627685547
2017-07-31,223.09266662597656
2017-08-01,226.94105529785156
2017-08-02,226.25967407226562
2017-08-03,226.86431884765625
2017-08-04,227.12344360351562
2017-08-07,226.9314727783203
2017-08-08,226.4708251953125
2017-08-09,225.06008911132812
2017-08-10,219.9257049560547
2017-08-11,220.29031372070312
2017-08-14,224.5322265625
2017-08-15,223.92758178710938
2017-08-16,223.7068634033203
2017-08-17,220.06002807617188
2017-08-18,219.00428771972656
2017-08-21,218.6108856201172
2017-08-22,223.1310577392578
2017-08-23,221.7298583984375
2017-08-24,219.8008575439453
2017-08-25,221.46115112304688
2017-08-28,220.7318115234375
2017-08-29,220.22312927246094
2017-08-30,222.29612731933594
2017-08-31,221.36517333984375
2017-09-01,220.8181610107422
2017-09-05,219.7816925048828
2017-09-06,220.3383026123047
2017-09-07,220.69346618652344
2017-09-08,224.935302734375
2017-09-11,227.27699279785156
2017-09-12,227.80484008789062
2017-09-13,226.08689880371094
2017-09-14,226.88351440429688
2017-09-15,228.24627685546875
2017-09-18,228.2270965576172
2017-09-19,228.98524475097656
2017-09-20,236.2981719970703
2017-09-21,236.62449645996094
2017-09-22,236.2406005859375
2017-09-25,234.41714477539062
2017-09-26,233.6014404296875
2017-09-27,231.3173065185547
2017-09-28,231.9699249267578
2017-09-29,233.5918426513672
2017-10-02,237.81448364257812
2017-10-03,239.79148864746094
2017-10-04,239.59954833984375
2017-10-05,241.2429656982422
2017-10-06,242.17520141601562
2017-10-09,241.4736328125
2017-10-10,241.95411682128906
2017-10-11,240.17620849609375
2017-10-12,242.23287963867188
2017-10-13,240.35877990722656
2017-10-16,241.96372985839844
2017-10-17,240.9354248046875
2017-10-18,240.48373413085938
2017-10-19,242.14637756347656
2017-10-20,244.89495849609375
2017-10-23,243.85704040527344
2017-10-24,244.9045867919922
2017-10-25,245.2216796875
2017-10-26,247.48977661132812
2017-10-27,247.53785705566406
2017-10-30,247.0380859375
2017-10-31,248.1144561767578
2017-11-01,248.15292358398438
2017-11-02,246.68251037597656
2017-11-03,248.00872802734375
2017-11-06,248.143310546875
2017-11-07,250.20950317382812
2017-11-08,249.1620330810547
2017-11-09,247.78765869140625
2017-11-10,248.143310546875
2017-11-13,246.06744384765625
2017-11-14,246.6056365966797
2017-11-15,245.4427490234375
2017-11-16,246.509521484375
2017-11-17,246.35577392578125
2017-11-20,248.0568389892578
2017-11-21,250.33450317382812
2017-11-22,250.43052673339844
2017-11-24,250.21913146972656
2017-11-27,250.4786376953125
2017-11-28,254.71694946289062
2017-11-29,252.02586364746094
2017-11-30,256.80230712890625
2017-12-01,250.4498748779297
2017-12-04,251.67039489746094
2017-12-05,248.143310546875
2017-12-06,248.82566833496094
2017-12-07,250.33450317382812
2017-12-08,250.43052673339844
2017-12-11,246.47105407714844
2017-12-12,245.47157287597656
2017-12-13,245.93287658691406
2017-12-14,242.55003356933594
2017-12-15,242.78060913085938
2017-12-18,251.14175415039062
2017-12-19,249.04664611816406
2017-12-20,248.8929443359375
2017-12-21,248.3162841796875
2017-12-22,249.4215087890625
2017-12-26,250.56509399414062
2017-12-27,250.4594268798828
2017-12-28,250.4498748779297
2017-12-29,248.912109375
2018-01-02,250.41134643554688
2018-01-03,251.8721923828125
2018-01-04,254.5438690185547
2018-01-05,256.6196594238281
2018-01-08,258.0953674316406
2018-01-09,260.1936950683594
2018-01-10,258.7017517089844
2018-01-11,262.2920227050781
2018-01-12,264.9678649902344
2018-01-16,264.5828857421875
2018-01-17,266.228759765625
2018-01-18,266.06512451171875
2018-01-19,265.3625183105469
2018-01-22,265.728271484375
2018-01-23,266.2673034667969
2018-01-24,266.1517639160156
2018-01-25,268.62554931640625
2018-01-26,273.4959411621094
2018-01-29,270.7624206542969
2018-01-30,269.1548767089844
2018-01-31,270.0790100097656
2018-02-01,270.71429443359375
2018-02-02,274.5162658691406
2018-02-05,256.7574157714844
2018-02-06,258.7210388183594
2018-02-07,256.2183837890625
2018-02-08,249.6826934814453
2018-02-09,251.73294067382812
2018-02-12,260.0011291503906
2018-02-13,260.3380432128906
2018-02-14,260.934814453125
2018-02-15,265.4203186035156
2018-02-16,265.95928955078125
2018-02-20,266.3730773925781
2018-02-21,267.99981689453125
2018-02-22,269.1260681152344
2018-02-23,270.6083679199219
2018-02-26,274.641357421875
2018-02-27,269.8286437988281
2018-02-28,264.7849426269531
2018-03-01,257.4696960449219
2018-03-02,257.9703063964844
2018-03-05,262.32086181640625
2018-03-06,263.4855041503906
2018-03-07,268.92388916015625
2018-03-08,269.2127380371094
2018-03-09,274.3623046875
2018-03-12,272.2349548339844
2018-03-13,271.10882568359375
2018-03-14,269.3666687011719
2018-03-15,272.2640075683594
2018-03-16,275.9311828613281
2018-03-19,273.20733642578125
2018-03-20,278.1449890136719
2018-03-21,279.0016784667969
2018-03-22,270.3388977050781
2018-03-23,264.49627685546875
2018-03-26,271.93670654296875
2018-03-27,267.0180969238281
2018-03-28,266.1325378417969
2018-03-29,270.1752014160156
2018-04-02,264.2940673828125
2018-04-03,266.2768859863281
2018-04-04,266.4693908691406
2018-04-05,265.2374267578125
2018-04-06,258.193603515625
2018-04-09,258.4249267578125
2018-04-10,263.30267333984375
2018-04-11,260.2950134277344
2018-04-12,264.5076599121094
2018-04-13,263.2738342285156
2018-04-16,264.45947265625
2018-04-17,266.7826232910156
2018-04-18,269.5877990722656
2018-04-19,269.8963317871094
2018-04-20,271.978515625
2018-04-23,267.1104431152344
2018-04-24,256.2752990722656
2018-04-25,258.17431640625
2018-04-26,256.6221923828125
2018-04-27,258.61767578125
2018-04-30,254.6750030517578
2018-05-01,255.23410034179688
2018-05-02,253.1808624267578
2018-05-03,255.13768005371094
2018-05-04,259.5045471191406
2018-05-07,260.8734130859375
2018-05-08,261.9144592285156
2018-05-09,265.1632080078125
2018-05-10,269.1733703613281
2018-05-11,269.36614990234375
2018-05-14,268.60467529296875
2018-05-15,268.4407043457031
2018-05-16,265.8186950683594
2018-05-17,265.336669921875
2018-05-18,265.5487976074219
2018-05-21,271.08203125
2018-05-22,269.7034912109375
2018-05-23,268.8359069824219
2018-05-24,271.79534912109375
2018-05-25,269.26007080078125
2018-05-29,264.3823547363281
2018-05-30,268.64312744140625
2018-05-31,265.8572082519531
2018-06-01,269.36614990234375
2018-06-04,270.1083679199219
2018-06-05,271.93994140625
2018-06-06,273.5401611328125
2018-06-07,274.07037353515625
2018-06-08,275.2945861816406
2018-06-11,275.2464599609375
2018-06-12,276.017578125
2018-06-13,275.2174987792969
2018-06-14,273.00994873046875
2018-06-15,273.7716064453125
2018-06-18,271.5157775878906
2018-06-19,266.454833984375
2018-06-20,267.51531982421875
2018-06-21,266.1752624511719
2018-06-22,266.2717590332031
2018-06-25,263.2930603027344
2018-06-26,263.4183044433594
2018-06-27,260.169677734375
2018-06-28,261.7506408691406
2018-06-29,265.9728698730469
2018-07-02,264.7100524902344
2018-07-03,263.0326843261719
2018-07-05,266.05963134765625
2018-07-06,266.6321716308594
2018-07-09,270.8896789550781
2018-07-10,271.2759094238281
2018-07-11,267.1534729003906
2018-07-12,272.183349609375
2018-07-13,273.65087890625
2018-07-16,272.820556640625
2018-07-17,273.2549743652344
2018-07-18,273.98876953125
2018-07-19,273.66046142578125
2018-07-20,274.8962097167969
2018-07-23,272.6081237792969
2018-07-24,272.9557189941406
2018-07-25,278.6131286621094
2018-07-26,293.08489990234375
2018-07-27,288.5087890625
2018-07-30,284.08709716796875
2018-07-31,291.4630126953125
2018-08-01,288.103271484375
2018-08-02,286.2979431152344
2018-08-03,284.8401794433594
2018-08-06,285.3614807128906
2018-08-07,289.0783386230469
2018-08-08,286.40411376953125
2018-08-09,285.25531005859375
2018-08-10,283.112060546875
2018-08-13,282.00177001953125
2018-08-14,284.67596435546875
2018-08-15,283.33404541015625
2018-08-16,284.9463806152344
2018-08-17,287.58209228515625
2018-08-20,290.7002868652344
2018-08-21,293.12353515625
2018-08-22,289.14593505859375
2018-08-23,286.9350891113281
2018-08-24,286.365478515625
2018-08-27,287.2826843261719
2018-08-28,288.3252868652344
2018-08-29,288.141845703125
2018-08-30,286.45245361328125
2018-08-31,288.05499267578125
2018-09-04,287.4178161621094
2018-09-05,291.3374328613281
2018-09-06,292.6311950683594
2018-09-07,293.50970458984375
2018-09-10,295.6722717285156
2018-09-11,294.8323059082031
2018-09-12,293.97314453125
2018-09-13,300.2098388671875
2018-09-14,300.0843200683594
2018-09-17,300.6345520019531
2018-09-18,300.7408142089844
2018-09-19,298.220947265625
2018-09-20,299.070556640625
2018-09-21,295.4695129394531
2018-09-24,289.1556701660156
2018-09-25,287.7170715332031
2018-09-26,285.80560302734375
2018-09-27,284.0774841308594
2018-09-28,285.9696044921875
2018-10-01,288.40264892578125
2018-10-02,287.6495666503906
2018-10-03,287.8522644042969
2018-10-04,286.0570068359375
2018-10-05,284.64556884765625
2018-10-08,282.4799499511719
2018-10-09,279.6859130859375
2018-10-10,271.2170715332031
2018-10-11,264.18878173828125
2018-10-12,269.8926696777344
2018-10-15,270.20208740234375
2018-10-16,277.6653747558594
2018-10-17,274.8714599609375
2018-10-18,269.7959899902344
2018-10-19,268.7711486816406
2018-10-22,269.11920166015625
2018-10-23,262.52581787109375
2018-10-24,254.66610717773438
2018-10-25,256.522216796875
2018-10-26,275.896240234375
2018-10-29,268.2781677246094
2018-10-30,272.1935729980469
2018-10-31,273.49871826171875
2018-11-01,274.62005615234375
2018-11-02,275.7995300292969
2018-11-05,278.7577819824219
2018-11-06,280.0533142089844
2018-11-07,286.19232177734375
2018-11-08,286.6756896972656
2018-11-09,286.9463806152344
2018-11-12,279.72467041015625
2018-11-13,281.02008056640625
2018-11-14,278.409912109375
2018-11-15,284.66485595703125
2018-11-16,287.8938903808594
2018-11-19,284.25885009765625
2018-11-20,277.5494689941406
2018-11-21,278.92230224609375
2018-11-23,275.72222900390625
2018-11-26,276.2539367675781
2018-11-27,275.78021240234375
2018-11-28,284.36517333984375
2018-11-29,284.10406494140625
2018-11-30,287.7004699707031
2018-12-03,291.0455017089844
2018-12-04,277.13372802734375
2018-12-06,277.67510986328125
2018-12-07,275.35491943359375
2018-12-10,275.8769226074219
2018-12-11,272.1355285644531
2018-12-12,274.9005126953125
2018-12-13,271.85516357421875
2018-12-14,264.7398681640625
2018-12-17,257.7016906738281
2018-12-18,259.93499755859375
2018-12-19,260.5150451660156
2018-12-20,254.0472869873047
2018-12-21,249.50347900390625
2018-12-24,238.80137634277344
2018-12-26,250.78929138183594
2018-12-27,256.3385009765625
2018-12-28,255.052734375
2018-12-31,257.6629943847656
2019-01-02,257.7500915527344
2019-01-03,250.19949340820312
2019-01-04,258.600830078125
2019-01-07,260.1282958984375
2019-01-08,260.64447021484375
2019-01-09,263.0752258300781
2019-01-10,266.4937438964844
2019-01-11,264.53759765625
2019-01-14,262.75567626953125
2019-01-15,261.767822265625
2019-01-16,263.9952087402344
2019-01-17,266.71649169921875
2019-01-18,273.13720703125
2019-01-22,266.0289001464844
2019-01-23,267.5397033691406
2019-01-24,269.9026794433594
2019-01-25,274.2122802734375
2019-01-28,271.0357666015625
2019-01-29,274.30902099609375
2019-01-30,278.41522216796875
2019-01-31,274.3187561035156
2019-02-01,283.00555419921875
2019-02-04,283.877197265625
2019-02-05,288.4578552246094
2019-02-06,290.2882385253906
2019-02-07,288.2254638671875
2019-02-08,290.68524169921875
2019-02-11,291.7408447265625
2019-02-12,298.4230651855469
2019-02-13,299.5755310058594
2019-02-14,296.45721435546875
2019-02-15,302.11279296875
2019-02-19,301.4058532714844
2019-02-20,303.57513427734375
2019-02-21,304.8631591796875
2019-02-22,307.17779541015625
2019-02-25,309.2695617675781
2019-02-26,309.77313232421875
2019-02-27,313.34661865234375
2019-02-28,313.4337158203125
2019-03-01,313.4144287109375
2019-03-04,310.7995910644531
2019-03-05,309.8603210449219
2019-03-06,309.7247009277344
2019-03-07,309.1726379394531
2019-03-08,307.642578125
2019-03-11,312.94964599609375
2019-03-12,313.52099609375
2019-03-13,316.03887939453125
2019-03-14,315.1866149902344
2019-03-15,315.9129943847656
2019-03-18,321.00689697265625
2019-03-19,321.4427490234375
2019-03-20,320.2806396484375
2019-03-21,323.4667663574219
2019-03-22,319.0701599121094
2019-03-25,320.5323791503906
2019-03-26,324.68701171875
2019-03-27,324.97760009765625
2019-03-28,329.3646545410156
2019-03-29,331.17547607421875
2019-04-01,336.9473876953125
2019-04-02,337.27667236328125
2019-04-03,336.0467834472656
2019-04-04,334.2647705078125
2019-04-05,335.03375244140625
2019-04-08,333.4240417480469
2019-04-09,332.6288146972656
2019-04-10,332.5416259765625
2019-04-11,335.98419189453125
2019-04-12,340.62921142578125
2019-04-15,340.7940979003906
2019-04-16,338.8158264160156
2019-04-17,337.438720703125
2019-04-18,339.1357421875
2019-04-22,340.2218933105469
2019-04-23,340.6582946777344
2019-04-24,339.6594543457031
2019-04-25,336.6435241699219
2019-04-26,341.8123474121094
2019-04-29,346.9810485839844
2019-04-30,348.81378173828125
2019-05-01,346.3312683105469
2019-05-02,346.7967224121094
2019-05-03,349.2889709472656
2019-05-06,347.35919189453125
2019-05-07,342.28741455078125
2019-05-08,343.65472412109375
2019-05-09,341.77349853515625
2019-05-10,345.4196472167969
2019-05-13,338.3406677246094
2019-05-14,340.9880065917969
2019-05-15,343.23779296875
2019-05-16,349.0950012207031
2019-05-17,347.7471008300781
2019-05-20,342.4039001464844
2019-05-21,347.68896484375
2019-05-22,345.93359375
2019-05-23,342.1517028808594
2019-05-24,337.5357666015625
2019-05-28,334.7720031738281
2019-05-29,334.9077453613281
2019-05-30,336.73089599609375
2019-05-31,333.51141357421875
2019-06-03,336.895751953125
2019-06-04,341.0170593261719
2019-06-05,347.2331848144531
2019-06-06,349.68658447265625
2019-06-07,354.3121643066406
2019-06-10,356.241943359375
2019-06-11,354.59332275390625
2019-06-12,354.6224670410156
2019-06-13,354.2539367675781
2019-06-14,353.5848693847656
2019-06-17,350.90838623046875
2019-06-18,354.6708984375
2019-06-19,353.6042785644531
2019-06-20,356.484375
2019-06-21,354.3218688964844
2019-06-24,354.1666564941406
2019-06-25,352.7799377441406
2019-06-26,352.1012268066406
2019-06-27,351.9557189941406
2019-06-28,355.17523193359375
2019-07-01,362.2639465332031
2019-07-02,362.2058410644531
2019-07-03,366.6375427246094
2019-07-05,365.1451721191406
2019-07-08,361.72760009765625
2019-07-09,363.41693115234375
2019-07-10,363.9024353027344
2019-07-11,369.3201904296875
2019-07-12,373.2718811035156
2019-07-15,370.2813720703125
2019-07-16,373.0679626464844
2019-07-17,366.38800048828125
2019-07-18,366.5724792480469
2019-07-19,363.6790771484375
2019-07-22,360.12554931640625
2019-07-23,363.0188903808594
2019-07-24,363.7470703125
2019-07-25,360.2032775878906
2019-07-26,355.5525207519531
2019-07-29,350.80462646484375
2019-07-30,356.17388916015625
2019-07-31,353.07659912109375
2019-08-01,350.39691162109375
2019-08-02,345.8140869140625
2019-08-05,334.1241760253906
2019-08-06,341.57110595703125
2019-08-07,338.4933166503906
2019-08-08,348.066650390625
2019-08-09,344.6781005859375
2019-08-12,342.0274658203125
2019-08-13,347.9792785644531
2019-08-14,337.4058532714844
2019-08-15,339.39630126953125
2019-08-16,347.01806640625
2019-08-19,351.8338317871094
2019-08-20,348.37738037109375
2019-08-21,349.3384704589844
2019-08-22,344.8042907714844
2019-08-23,338.4836730957031
2019-08-26,338.6001281738281
2019-08-27,343.4742126464844
2019-08-28,345.4937438964844
2019-08-29,353.6785888671875
2019-08-30,356.09613037109375
2019-09-03,351.30950927734375
2019-09-04,358.07684326171875
2019-09-05,364.203369140625
2019-09-06,364.0577697753906
2019-09-09,346.5811462402344
2019-09-10,343.8140563964844
2019-09-11,343.71685791015625
2019-09-12,348.05694580078125
2019-09-13,349.0958251953125
2019-09-16,346.3577575683594
2019-09-17,350.9017333984375
2019-09-18,349.1734619140625
2019-09-19,346.16363525390625
2019-09-20,349.0472412109375
2019-09-23,350.0473327636719
2019-09-24,346.2218322753906
2019-09-25,345.8529357910156
2019-09-26,344.8916320800781
2019-09-27,344.3189392089844
2019-09-30,346.23162841796875
2019-10-01,335.4057922363281
2019-10-02,328.0752868652344
2019-10-03,330.6450500488281
2019-10-04,335.1659851074219
2019-10-07,329.1672058105469
2019-10-08,323.3529968261719
2019-10-09,329.0115661621094
2019-10-10,330.6158142089844
2019-10-11,332.97845458984375
2019-10-14,329.30322265625
2019-10-15,329.5851745605469
2019-10-16,326.3670654296875
2019-10-17,331.2964172363281
2019-10-18,328.5448913574219
2019-10-21,327.67962646484375
2019-10-22,323.4989013671875
2019-10-23,325.6282043457031
2019-10-24,323.11004638671875
2019-10-25,325.1905822753906
2019-10-28,323.7127990722656
2019-10-29,332.3561706542969
2019-10-30,328.9046325683594
2019-10-31,327.6115417480469
2019-11-01,332.6186828613281
2019-11-04,329.5851745605469
2019-11-05,331.49090576171875
2019-11-06,334.4270324707031
2019-11-07,330.8880310058594
2019-11-08,328.1365966796875
2019-11-11,328.5643005371094
2019-11-12,333.75616455078125
2019-11-13,338.9189147949219
2019-11-14,339.4536437988281
2019-11-15,336.0508117675781
2019-11-18,332.1617126464844
2019-11-19,340.2508850097656
2019-11-20,343.2842712402344
2019-11-21,344.1982727050781
2019-11-22,345.8802185058594
2019-11-25,349.7109680175781
2019-11-26,352.87078857421875
2019-11-27,352.7347106933594
2019-11-29,350.3720397949219
2019-12-02,344.0523986816406
2019-12-03,342.0009765625
2019-12-04,337.0035705566406
2019-12-05,337.42156982421875
2019-12-06,336.6146545410156
2019-12-09,334.77703857421875
2019-12-10,333.7756042480469
2019-12-11,337.1007080078125
2019-12-12,337.1300048828125
2019-12-13,340.7759094238281
2019-12-16,342.1759948730469
2019-12-17,343.3912658691406
2019-12-18,338.7147521972656
2019-12-19,342.21484375
2019-12-20,342.8468322753906
2019-12-23,344.5482482910156
2019-12-24,343.4398498535156
2019-12-26,344.0037841796875
2019-12-27,347.3872375488281
2019-12-30,345.7149658203125
2019-12-31,344.4024658203125
2020-01-02,355.03900146484375
2020-01-03,352.95831298828125
2020-01-06,349.6331787109375
2020-01-07,351.4124450683594
2020-01-08,355.25140380859375
2020-01-09,360.3533020019531
2020-01-10,360.58697509765625
2020-01-13,364.2284240722656
2020-01-14,362.7776794433594
2020-01-15,363.68310546875
2020-01-16,365.7959289550781
2020-01-17,369.7294006347656
2020-01-21,368.2884521484375
2020-01-22,365.75701904296875
2020-01-23,368.4831237792969
2020-01-24,366.9058837890625
2020-01-27,362.66082763671875
2020-01-28,367.93798828125
2020-01-29,368.4831237792969
2020-01-30,379.1153869628906
2020-01-31,371.59881591796875
2020-02-03,369.7001953125
2020-02-04,376.00933837890625
2020-02-05,375.5810852050781
2020-02-06,374.8897705078125
2020-02-07,375.2791442871094
2020-02-10,381.4520263671875
2020-02-11,379.49505615234375
2020-02-12,380.75103759765625
2020-02-13,378.1513977050781
2020-02-14,382.3770751953125
2020-02-18,379.0665588378906
2020-02-19,377.74249267578125
2020-02-20,373.88690185546875
2020-02-21,377.0415344238281
2020-02-24,365.1338195800781
2020-02-25,356.2640686035156
2020-02-26,355.3780822753906
2020-02-27,345.6416320800781
2020-02-28,342.42864990234375
2020-03-02,351.5029602050781
2020-03-03,343.2562255859375
2020-03-04,357.28631591796875
2020-03-05,342.2729187011719
2020-03-06,341.0947265625
2020-03-09,307.0076599121094
2020-03-10,332.546142578125
2020-03-11,314.5728454589844
2020-03-12,283.2703552246094
2020-03-13,305.25506591796875
2020-03-16,275.7927551269531
2020-03-17,301.2340393066406
2020-03-18,279.6971130371094
2020-03-19,292.101318359375
2020-03-20,275.6856689453125
2020-03-23,247.59625244140625
2020-03-24,275.4228515625
2020-03-25,277.6622314453125
2020-03-26,298.24493408203125
2020-03-27,297.7288818359375
2020-03-30,309.0912170410156
2020-03-31,303.59014892578125
2020-04-01,285.9186096191406
2020-04-02,297.02789306640625
2020-04-03,291.7799987792969
2020-04-06,304.3788757324219
2020-04-07,300.4807434082031
2020-04-08,310.20404052734375
2020-04-09,307.6390075683594
2020-04-13,306.9271240234375
2020-04-14,311.74481201171875
2020-04-15,306.312744140625
2020-04-16,302.42156982421875
2020-04-17,313.9976501464844
2020-04-20,312.38848876953125
2020-04-21,302.8896484375
2020-04-22,305.8739013671875
2020-04-23,306.2347106933594
2020-04-24,298.8229064941406
2020-04-27,306.7613220214844
2020-04-28,328.4506530761719
2020-04-29,332.2833251953125
2020-04-30,332.58563232421875
2020-05-01,330.97650146484375
2020-05-04,332.6343994140625
2020-05-05,337.3057861328125
2020-05-06,342.46484375
2020-05-07,347.3702392578125
2020-05-08,349.48651123046875
2020-05-11,355.10394287109375
2020-05-12,348.16021728515625
2020-05-13,343.8594665527344
2020-05-14,348.6380615234375
2020-05-15,352.54876708984375
2020-05-18,357.2690124511719
2020-05-19,348.89166259765625
2020-05-20,358.7707824707031
2020-05-21,356.02069091796875
2020-05-22,357.97113037109375
2020-05-26,361.1210632324219
2020-05-27,369.810546875
2020-05-28,372.2779235839844
2020-05-29,384.04901123046875
2020-06-01,378.16827392578125
2020-06-02,385.82391357421875
2020-06-03,391.5291442871094
2020-06-04,392.2799987792969
2020-06-05,395.7810974121094
2020-06-08,391.94842529296875
2020-06-09,392.1727600097656
2020-06-10,391.2852478027344
2020-06-11,382.586181640625
2020-06-12,380.1578369140625
2020-06-15,384.2831115722656
2020-06-16,388.7789001464844
2020-06-17,392.2702941894531
2020-06-18,392.1727600097656
2020-06-19,380.8891906738281
2020-06-22,390.1344909667969
2020-06-23,387.59893798828125
2020-06-24,377.3491516113281
2020-06-25,383.6101379394531
2020-06-26,377.62225341796875
2020-06-29,376.091064453125
2020-06-30,378.6462097167969
2020-07-01,380.04083251953125
2020-07-02,381.484130859375
2020-07-06,383.4541320800781
2020-07-07,381.3086853027344
2020-07-08,388.0759582519531
2020-07-09,385.6541442871094
2020-07-10,382.72467041015625
2020-07-13,377.1780700683594
2020-07-14,387.363037109375
2020-07-15,390.3024597167969
2020-07-16,395.91729736328125
2020-07-17,399.4522705078125
2020-07-20,405.4774169921875
2020-07-21,405.848388671875
2020-07-22,408.40692138671875
2020-07-23,410.4087219238281
2020-07-24,405.51641845703125
2020-07-27,410.8189697265625
2020-07-28,413.1527099609375
2020-07-29,426.8923034667969
2020-07-30,422.63470458984375
2020-07-31,422.2929382324219
2020-08-03,424.9783935546875
2020-08-04,423.23040771484375
2020-08-05,424.9978942871094
2020-08-06,426.7165832519531
2020-08-07,430.54449462890625
2020-08-10,430.9546203613281
2020-08-11,424.4998779296875
2020-08-12,436.208251953125
2020-08-13,442.5360412597656
2020-08-14,434.4993591308594
2020-08-17,430.61285400390625
2020-08-18,428.6891174316406
2020-08-19,424.2264404296875
2020-08-20,424.5877990722656
2020-08-21,421.84381103515625
2020-08-24,422.01959228515625
2020-08-25,421.1406555175781
2020-08-26,422.2831726074219
2020-08-27,418.00604248046875
2020-08-28,420.0762634277344
2020-08-31,417.1564636230469
2020-09-01,426.1599426269531
2020-09-02,433.4446716308594
2020-09-03,419.8712463378906
2020-09-04,412.6059265136719
2020-09-08,384.697265625
2020-09-09,390.5074462890625
2020-09-10,386.50372314453125
2020-09-11,390.2144775390625
2020-09-14,386.9529724121094
2020-09-15,394.4037170410156
2020-09-16,391.0249938964844
2020-09-17,389.43328857421875
2020-09-18,382.17779541015625
2020-09-21,383.037109375
2020-09-22,383.5058898925781
2020-09-23,377.3733825683594
2020-09-24,382.0215759277344
2020-09-25,388.7692565917969
2020-09-28,391.19097900390625
2020-09-29,391.93316650390625
2020-09-30,385.8299255371094
2020-10-01,384.23828125
2020-10-02,386.4256591796875
2020-10-05,392.2854919433594
2020-10-06,391.0143737792969
2020-10-07,396.0010070800781
2020-10-08,394.70062255859375
2020-10-09,405.1824951171875
2020-10-12,412.4862976074219
2020-10-13,414.3442077636719
2020-10-14,417.7175598144531
2020-10-15,420.8855285644531
2020-10-16,424.2491149902344
2020-10-19,415.4588317871094
2020-10-20,413.4739990234375
2020-10-21,412.0953063964844
2020-10-22,418.0206604003906
2020-10-23,419.0766906738281
2020-10-26,408.6047058105469
2020-10-27,385.8321228027344
2020-10-28,359.3343200683594
2020-10-29,362.5707702636719
2020-10-30,363.0889892578125
2020-11-02,372.47564697265625
2020-11-03,374.8321838378906
2020-11-04,380.1121520996094
2020-11-05,377.4232482910156
2020-11-06,379.7895202636719
2020-11-09,381.53973388671875
2020-11-10,392.0704040527344
2020-11-11,392.43212890625
2020-11-12,381.96990966796875
2020-11-13,387.58245849609375
2020-11-16,398.8072509765625
2020-11-17,396.6366271972656
2020-11-18,399.296142578125
2020-11-19,400.3814697265625
2020-11-20,396.25531005859375
2020-11-23,396.7051086425781
2020-11-24,409.2303771972656
2020-11-25,409.1717529296875
2020-11-27,409.4944152832031
2020-11-30,417.51220703125
2020-12-01,414.57891845703125
2020-12-02,408.7220153808594
2020-12-03,400.1175231933594
2020-12-04,408.6632995605469
2020-12-07,409.6705017089844
2020-12-08,409.8268737792969
2020-12-09,410.218017578125
2020-12-10,405.77886962890625
2020-12-11,411.1078186035156
2020-12-14,413.49359130859375
2020-12-15,416.4953308105469
2020-12-16,411.49896240234375
2020-12-17,415.5957946777344
2020-12-18,416.7202453613281
2020-12-21,412.994873046875
2020-12-22,403.7451171875
2020-12-23,410.1397399902344
2020-12-24,410.78509521484375
2020-12-28,413.74774169921875
2020-12-29,410.2765808105469
2020-12-30,412.4472961425781
2020-12-31,421.5113830566406
2021-01-04,410.2277526855469
2021-01-05,409.8659362792969
2021-01-06,413.9921875
2021-01-07,421.5732421875
2021-01-08,422.0823974609375
2021-01-11,429.3569030761719
2021-01-12,420.9956359863281
2021-01-13,404.50787353515625
2021-01-14,398.88787841796875
2021-01-15,403.00982666015625
2021-01-19,405.76104736328125
2021-01-20,411.7236633300781
2021-01-21,412.59503173828125
2021-01-22,410.45086669921875
2021-01-25,410.3431396484375
2021-01-26,408.5808410644531
2021-01-27,411.2145690917969
2021-01-28,413.9853515625
2021-01-29,384.69122314453125
2021-02-01,383.1736145019531
2021-02-02,389.6746826171875
2021-02-03,393.2875671386719
2021-02-04,395.3044738769531
2021-02-05,396.4794006347656
2021-02-08,398.6431579589844
2021-02-09,395.284912109375
2021-02-10,393.4442443847656
2021-02-11,391.6427001953125
2021-02-12,387.7361755371094
2021-02-16,375.7716979980469
2021-02-17,379.0223388671875
2021-02-18,387.2759704589844
2021-02-19,380.77490234375
2021-02-22,375.8892517089844
2021-02-23,379.727294921875
2021-02-24,370.8959655761719
2021-02-25,371.179931640625
2021-02-26,369.7210693359375
2021-03-01,376.86834716796875
2021-03-02,373.11846923828125
2021-03-03,372.62890625
2021-03-04,364.1109619140625
2021-03-05,369.0552673339844
2021-03-08,377.3186950683594
2021-03-09,381.5190124511719
2021-03-10,377.9845275878906
2021-03-11,379.3356018066406
2021-03-12,378.2879943847656
2021-03-15,382.6841125488281
2021-03-16,379.8642883300781
2021-03-17,385.3177490234375
2021-03-18,392.8763427734375
2021-03-19,386.7375183105469
2021-03-22,392.89593505859375
2021-03-23,396.1954040527344
2021-03-24,397.78155517578125
2021-03-25,394.91278076171875
2021-03-26,401.7761535644531
2021-03-29,399.8082580566406
2021-03-30,394.5799560546875
2021-03-31,394.9031066894531
2021-04-01,402.3280029296875
2021-04-05,406.73016357421875
2021-04-06,407.51458740234375
2021-04-07,406.6321716308594
2021-04-08,410.02459716796875
2021-04-09,413.33843994140625
2021-04-12,417.32891845703125
2021-04-13,413.3776550292969
2021-04-14,410.8089599609375
2021-04-15,416.6426086425781
2021-04-16,415.0150146484375
2021-04-19,417.142578125
2021-04-20,418.2112731933594
2021-04-21,421.25067138671875
2021-04-22,422.7017517089844
2021-04-23,425.7313232421875
2021-04-26,423.9175109863281
2021-04-27,437.143798828125
2021-04-28,433.692626953125
2021-04-29,437.1340026855469
2021-04-30,437.7125244140625
2021-05-03,436.3692321777344
2021-05-04,439.6145324707031
2021-05-05,441.3499450683594
2021-05-06,437.4772033691406
2021-05-07,435.7711486816406
2021-05-10,435.7123718261719
2021-05-11,431.7904968261719
2021-05-12,420.9859313964844
2021-05-13,428.888427734375
2021-05-14,429.7806396484375
2021-05-17,424.574462890625
2021-05-18,424.34893798828125
2021-05-19,422.8487548828125
2021-05-20,428.94720458984375
2021-05-21,431.2218933105469
2021-05-24,435.75152587890625
2021-05-25,437.15362548828125
2021-05-26,435.74176025390625
2021-05-27,438.741943359375
2021-05-28,441.2126770019531
2021-06-01,439.65374755859375
2021-06-02,440.47735595703125
2021-06-03,438.3595275878906
2021-06-04,442.2322692871094
2021-06-07,438.0458068847656
2021-06-08,440.8989562988281
2021-06-09,442.1343688964844
2021-06-10,444.8011169433594
2021-06-11,450.2622985839844
2021-06-14,455.20367431640625
2021-06-15,453.7035827636719
2021-06-16,444.96783447265625
2021-06-17,446.00701904296875
2021-06-18,440.6243896484375
2021-06-21,449.340576171875
2021-06-22,450.9975280761719
2021-06-23,448.49737548828125
2021-06-24,452.57611083984375
2021-06-25,456.9586486816406
2021-06-28,458.89019775390625
2021-06-29,458.4881591796875
2021-06-30,461.0079650878906
2021-07-01,461.24322509765625
2021-07-02,463.3611145019531
2021-07-06,464.89056396484375
2021-07-07,472.96240234375
2021-07-08,466.5033874511719
2021-07-09,472.3341064453125
2021-07-12,473.47283935546875
2021-07-13,472.8642272949219
2021-07-14,477.5268859863281
2021-07-15,477.654541015625
2021-07-16,477.0459289550781
2021-07-19,472.8642272949219
2021-07-20,482.5233154296875
2021-07-21,484.7123718261719
2021-07-22,482.5625915527344
2021-07-23,487.5001220703125
2021-07-26,480.77606201171875
2021-07-27,484.25103759765625
2021-07-28,479.3821716308594
2021-07-29,482.80804443359375
2021-07-30,482.307373046875
2021-08-02,479.3723449707031
2021-08-03,483.2398986816406
2021-08-04,481.09991455078125
2021-08-05,480.8153381347656
2021-08-06,478.989501953125
2021-08-09,476.4372863769531
2021-08-10,470.5868835449219
2021-08-11,471.6470031738281
2021-08-12,470.68505859375
2021-08-13,471.9218444824219
2021-08-16,476.2704162597656
2021-08-17,476.9968566894531
2021-08-18,469.4678649902344
2021-08-19,468.3193359375
2021-08-20,471.116943359375
2021-08-23,473.37469482421875
2021-08-24,470.6261291503906
2021-08-25,470.68505859375
2021-08-26,469.30096435546875
2021-08-27,469.7525329589844
2021-08-30,473.7771301269531
2021-08-31,474.39556884765625
2021-09-01,474.35626220703125
2021-09-02,477.3011779785156
2021-09-03,477.2815246582031
2021-09-07,467.9757995605469
2021-09-08,473.5906677246094
2021-09-09,470.1059265136719
2021-09-10,465.2469177246094
2021-09-13,463.1953125
2021-09-14,460.1032409667969
2021-09-15,466.0714111328125
2021-09-16,465.0112609863281
2021-09-17,458.0712890625
2021-09-20,453.02581787109375
2021-09-21,450.0220642089844
2021-09-22,452.4957275390625
2021-09-23,454.2233581542969
2021-09-24,457.4332580566406
2021-09-27,453.2417297363281
2021-09-28,444.5838623046875
2021-09-29,447.16546630859375
2021-09-30,437.92852783203125
2021-10-01,439.35186767578125
2021-10-04,437.30029296875
2021-10-05,439.239501953125
2021-10-06,446.04083251953125
2021-10-07,445.57891845703125
2021-10-08,443.8490295410156
2021-10-11,444.4878845214844
2021-10-12,444.4191589355469
2021-10-13,448.6159362792969
2021-10-14,454.8570861816406
2021-10-15,459.0833740234375
2021-10-18,460.4986267089844
2021-10-19,466.0027160644531
2021-10-20,466.7987976074219
2021-10-21,472.9908142089844
2021-10-22,478.84869384765625
2021-10-25,479.5563049316406
2021-10-26,479.9494934082031
2021-10-27,472.9416809082031
2021-10-28,478.2196350097656
2021-10-29,479.5071716308594
2021-11-01,470.9759826660156
2021-11-02,470.7892150878906
2021-11-03,470.2879638671875
2021-11-04,479.2909851074219
2021-11-05,475.9983825683594
2021-11-08,480.1263732910156
2021-11-09,480.99127197265625
2021-11-10,477.580810546875
2021-11-11,471.1234130859375
2021-11-12,479.3695983886719
2021-11-15,477.3055419921875
2021-11-16,483.8514099121094
2021-11-17,482.36737060546875
2021-11-18,478.3179016113281
2021-11-19,489.8861389160156
2021-11-22,484.41162109375
2021-11-23,477.3154296875
2021-11-24,476.5585632324219
2021-11-26,467.221435546875
2021-11-29,473.2267150878906
2021-11-30,456.19378662109375
2021-12-01,451.70208740234375
2021-12-02,459.2602844238281
2021-12-03,458.080810546875
2021-12-06,464.0762939453125
2021-12-07,463.84039306640625
2021-12-08,463.7716369628906
2021-12-09,459.8009033203125
2021-12-10,465.304931640625
2021-12-13,467.8111267089844
2021-12-14,458.297119140625
2021-12-15,471.0447692871094
2021-12-16,478.60296630859375
2021-12-17,467.368896484375
2021-12-20,458.9949645996094
2021-12-21,464.1254577636719
2021-12-22,464.85272216796875
2021-12-23,470.1307067871094
2021-12-27,479.6546630859375
2021-12-28,483.6548767089844
2021-12-29,482.5834655761719
2021-12-30,480.7751159667969
2021-12-31,483.4287414550781
2022-01-03,466.8282775878906
2022-01-04,462.1007995605469
2022-01-05,458.5329895019531
2022-01-06,463.4177551269531
2022-01-07,454.11749267578125
2022-01-10,446.441162109375
2022-01-11,452.98577880859375
2022-01-12,457.1585693359375
2022-01-13,448.5177307128906
2022-01-14,440.7035217285156
2022-01-18,438.3711242675781
2022-01-19,435.4678649902344
2022-01-20,432.771240234375
2022-01-21,430.99981689453125
2022-01-24,427.5651550292969
2022-01-25,421.05987548828125
2022-01-26,420.05596923828125
2022-01-27,416.76898193359375
2022-01-28,428.56890869140625
2022-01-31,430.2321472167969
2022-02-01,434.985595703125
2022-02-02,445.15185546875
2022-02-03,454.14703369140625
2022-02-04,440.8511657714844
2022-02-07,436.19610595703125
2022-02-08,438.7254638671875
2022-02-09,446.8741760253906
2022-02-10,435.300537109375
2022-02-11,430.8915100097656
2022-02-14,435.182373046875
2022-02-15,434.9462585449219
2022-02-16,437.9478759765625
2022-02-17,431.2458190917969
2022-02-18,433.3519287109375
2022-02-22,432.2496643066406
2022-02-23,422.3687744140625
2022-02-24,437.0228271484375
2022-02-25,441.313720703125
2022-02-28,441.1169128417969
2022-03-01,439.18798828125
2022-03-02,441.9632568359375
2022-03-03,442.7801513671875
2022-03-04,447.3760986328125
2022-03-07,438.1152648925781
2022-03-08,431.5804748535156
2022-03-09,436.2650451660156
2022-03-10,429.474365234375
2022-03-11,425.4589538574219
2022-03-14,428.20477294921875
2022-03-15,438.7351989746094
2022-03-16,446.2738342285156
2022-03-17,454.6588439941406
2022-03-18,461.1148681640625
2022-03-21,455.337890625
2022-03-22,456.5090026855469
2022-03-23,454.6981506347656
2022-03-24,454.1371765136719
2022-03-25,458.4773254394531
2022-03-28,464.77587890625
2022-03-29,469.07666015625
2022-03-30,470.7398986816406
2022-03-31,464.74639892578125
2022-04-01,469.3916320800781
2022-04-04,474.2497863769531
2022-04-05,469.7857666015625
2022-04-06,472.39715576171875
2022-04-07,478.20135498046875
2022-04-08,475.1366271972656
2022-04-11,473.7767639160156
2022-04-12,463.6465148925781
2022-04-13,462.16839599609375
2022-04-14,454.442626953125
2022-04-18,449.95880126953125
2022-04-19,456.0094299316406
2022-04-20,461.9416809082031
2022-04-21,462.4443054199219
2022-04-22,447.4656677246094
2022-04-25,448.6383361816406
2022-04-26,465.13458251953125
2022-04-27,467.7754821777344
2022-04-28,476.3487548828125
2022-04-29,463.0749816894531
2022-05-02,452.5899353027344
2022-05-03,444.5586242675781
2022-05-04,457.62554931640625
2022-05-05,437.039794921875
2022-05-06,432.90093994140625
2022-05-09,426.6139221191406
2022-05-10,424.3178405761719
2022-05-11,423.1156005859375
2022-05-12,422.5933532714844
2022-05-13,424.06158447265625
2022-05-16,423.5984802246094
2022-05-17,426.45623779296875
2022-05-18,405.4862365722656
2022-05-19,407.1614685058594
2022-05-20,411.3791198730469
2022-05-23,417.7351989746094
2022-05-24,420.7506408691406
2022-05-25,419.53851318359375
2022-05-26,426.2197265625
2022-05-27,437.41424560546875
2022-05-31,435.9952087402344
2022-06-01,424.5543212890625
2022-06-02,435.0097961425781
2022-06-03,425.7664489746094
2022-06-06,419.0162048339844
2022-06-07,422.0218200683594
2022-06-08,411.9703674316406
2022-06-09,400.3127136230469
2022-06-10,384.9990234375
2022-06-13,379.6185607910156
2022-06-14,375.1151123046875
2022-06-15,378.71197509765625
2022-06-16,366.8670654296875
2022-06-17,369.2518310546875
2022-06-21,377.056396484375
2022-06-22,377.756103515625
2022-06-23,388.5367736816406
2022-06-24,401.7710876464844
2022-06-27,392.96136474609375
2022-06-28,385.9844665527344
2022-06-29,387.8173522949219
2022-06-30,388.9013671875
2022-07-01,394.83367919921875
2022-07-05,395.74029541015625
2022-07-06,398.85430908203125
2022-07-07,397.1369934082031
2022-07-08,396.7717590332031
2022-07-11,392.14300537109375
2022-07-12,385.8364562988281
2022-07-13,380.0134582519531
2022-07-14,383.0729675292969
2022-07-15,389.9914855957031
2022-07-18,386.72467041015625
2022-07-19,398.8542785644531
2022-07-20,403.0487976074219
2022-07-21,407.34197998046875
2022-07-22,405.55560302734375
2022-07-25,407.9835510253906
2022-07-26,405.87139892578125
2022-07-27,412.82940673828125
2022-07-28,430.0022277832031
2022-07-29,430.9694519042969
2022-08-01,426.745361328125
2022-08-02,420.7348327636719
2022-08-03,424.198974609375
2022-08-04,425.2254333496094
2022-08-05,426.281494140625
2022-08-08,425.3833923339844
2022-08-09,423.2318115234375
2022-08-10,432.9532165527344
2022-08-11,428.03826904296875
2022-08-12,433.3677062988281
2022-08-15,433.6737060546875
2022-08-16,430.63385009765625
2022-08-17,428.3343200683594
2022-08-18,428.0875549316406
2022-08-19,427.6632080078125
2022-08-22,416.6192932128906
2022-08-23,411.289794921875
2022-08-24,413.1550598144531
2022-08-25,419.0768127441406
2022-08-26,404.4797668457031
2022-08-29,403.818603515625
2022-08-30,402.4269714355469
2022-08-31,397.3244934082031
2022-09-01,399.8609313964844
2022-09-02,395.6861572265625
2022-09-06,391.7383728027344
2022-09-07,401.5289306640625
2022-09-08,402.7526550292969
2022-09-09,404.8055419921875
2022-09-12,403.91729736328125
2022-09-13,390.01123046875
2022-09-14,391.01788330078125
2022-09-15,378.9870300292969
2022-09-16,377.11187744140625
2022-09-19,377.35858154296875
2022-09-20,373.59832763671875
2022-09-21,367.5384216308594
2022-09-22,370.6671142578125
2022-09-23,373.0653381347656
2022-09-26,372.14752197265625
2022-09-27,362.1102600097656
2022-09-28,365.6929016113281
2022-09-29,361.9622497558594
2022-09-30,354.9450378417969
2022-10-03,367.3805847167969
2022-10-04,374.9899597167969
2022-10-05,376.09710693359375
2022-10-06,375.9784240722656
2022-10-07,365.14385986328125
2022-10-10,360.9424743652344
2022-10-11,359.9638366699219
2022-10-12,361.7630310058594
2022-10-13,366.2609558105469
2022-10-14,359.0246887207031
2022-10-17,366.6959228515625
2022-10-18,371.094970703125
2022-10-19,367.1802978515625
2022-10-20,363.2063293457031
2022-10-21,366.4884033203125
2022-10-24,368.4851989746094
2022-10-25,373.6751708984375
2022-10-26,384.2032775878906
2022-10-27,395.7891540527344
2022-10-28,408.9765625
2022-10-31,409.79705810546875
2022-11-01,408.9765625
2022-11-02,398.5077209472656
2022-11-03,393.1695251464844
2022-11-04,391.4988708496094
2022-11-07,407.8990478515625
2022-11-08,411.6654052734375
2022-11-09,411.4380798339844
2022-11-10,433.41375732421875
2022-11-11,433.344482421875
2022-11-14,427.64056396484375
2022-11-15,430.9621276855469
2022-11-16,426.46417236328125
2022-11-17,424.7044982910156
2022-11-18,428.05572509765625
2022-11-21,429.5286560058594
2022-11-22,427.7888488769531
2022-11-23,428.6587829589844
2022-11-25,431.38720703125
2022-11-28,419.178466796875
2022-11-29,420.3845520019531
2022-11-30,433.86846923828125
2022-12-01,439.6416320800781
2022-12-02,438.7914733886719
2022-12-05,431.8221435546875
2022-12-06,429.09375
2022-12-07,429.25189208984375
2022-12-08,428.66864013671875
2022-12-09,426.3949279785156
2022-12-12,434.8471374511719
2022-12-13,438.771728515625
2022-12-14,433.76959228515625
2022-12-15,424.68475341796875
2022-12-16,419.504638671875
2022-12-19,418.5062561035156
2022-12-20,419.65301513671875
2022-12-21,425.9105529785156
2022-12-22,423.60723876953125
2022-12-23,425.18890380859375
2022-12-27,428.19415283203125
2022-12-28,421.3038635253906
2022-12-29,431.8716125488281
2022-12-30,427.146240234375
2023-01-03,429.4891052246094
2023-01-04,437.6744079589844
2023-01-05,430.9324645996094
2023-01-06,439.2820739746094
2023-01-09,439.0246276855469
2023-01-10,439.0740966796875
2023-01-11,447.6385498046875
2023-01-12,446.7672424316406
2023-01-13,446.519775390625
2023-01-17,440.65826416015625
2023-01-18,433.4800109863281
2023-01-19,427.90570068359375
2023-01-20,437.22265625
2023-01-23,438.6483459472656
2023-01-24,441.7672119140625
2023-01-25,439.8365173339844
2023-01-26,440.0543212890625
2023-01-27,429.8165588378906
2023-01-30,419.291748046875
2023-01-31,422.5294494628906
2023-02-01,429.6185607910156
2023-02-02,428.27203369140625
2023-02-03,426.0838928222656
2023-02-06,425.82647705078125
2023-02-07,430.2522277832031
2023-02-08,423.67791748046875
2023-02-09,424.4205017089844
2023-02-10,423.1729431152344
2023-02-13,425.4303894042969
2023-02-14,422.5392761230469
2023-02-15,417.4204406738281
2023-02-16,418.7867736816406
2023-02-17,423.4501647949219
2023-02-21,419.0243835449219
2023-02-22,417.4303283691406
2023-02-23,426.7769775390625
2023-02-24,424.2026672363281
2023-02-27,424.7472229003906
2023-02-28,425.9452819824219
2023-03-01,417.0343017578125
2023-03-02,422.43035888671875
2023-03-03,425.8561706542969
2023-03-06,424.6977233886719
2023-03-07,418.00457763671875
2023-03-08,420.3016357421875
2023-03-09,418.6184387207031
2023-03-10,416.1728820800781
2023-03-13,417.3115234375
2023-03-14,423.8363342285156
2023-03-15,416.7669677734375
2023-03-16,424.1828918457031
2023-03-17,421.4501953125
2023-03-20,427.90570068359375
2023-03-21,426.182861328125
2023-03-22,424.3412780761719
2023-03-23,420.8462219238281
2023-03-24,425.34130859375
2023-03-27,426.00469970703125
2023-03-28,427.7274169921875
2023-03-29,430.0443420410156
2023-03-30,432.67803955078125
2023-03-31,436.3315734863281
2023-04-03,436.4305419921875
2023-04-04,432.6878967285156
2023-04-05,433.751953125
2023-04-06,432.0661926269531
2023-04-10,432.6016540527344
2023-04-11,435.0509948730469
2023-04-12,438.78961181640625
2023-04-13,438.8193664550781
2023-04-14,436.2410583496094
2023-04-17,439.2259216308594
2023-04-18,438.0359191894531
2023-04-19,439.36474609375
2023-04-20,439.49365234375
2023-04-21,441.6951904296875
2023-04-24,444.0256042480469
2023-04-25,433.7122802734375
2023-04-26,427.45489501953125
2023-04-27,449.2020263671875
2023-04-28,450.98699951171875
2023-05-01,454.804931640625
2023-05-02,456.8774719238281
2023-05-03,452.6133117675781
2023-05-04,449.6979064941406
2023-05-05,454.2991943359375
2023-05-08,454.4280700683594
2023-05-09,453.73388671875
2023-05-10,455.4693298339844
2023-05-11,454.6363220214844
2023-05-12,457.8592224121094
2023-05-15,458.0278015136719
2023-05-16,455.99493408203125
2023-05-17,450.639892578125
2023-05-18,454.6859436035156
2023-05-19,453.9024963378906
2023-05-22,453.4661560058594
2023-05-23,446.2270812988281
2023-05-24,438.2044982910156
2023-05-25,445.6915283203125
2023-05-26,446.2072448730469
2023-05-30,447.96246337890625
2023-05-31,450.43170166015625
2023-06-01,449.0235290527344
2023-06-02,455.0329895019531
2023-06-05,451.0960998535156
2023-06-06,450.18377685546875
2023-06-07,446.8121032714844
2023-06-08,448.4483642578125
2023-06-09,448.0318298339844
2023-06-12,450.22344970703125
2023-06-13,452.1175537109375
2023-06-14,452.6331481933594
2023-06-15,457.29400634765625
2023-06-16,454.95367431640625
2023-06-20,451.9489440917969
2023-06-21,452.52410888671875
2023-06-22,458.1665954589844
2023-06-23,456.96673583984375
2023-06-26,456.36181640625
2023-06-27,466.9427795410156
2023-06-28,467.21063232421875
2023-06-29,472.1589050292969
2023-06-30,476.78997802734375
2023-07-03,473.4084777832031
2023-07-05,472.9919738769531
2023-07-06,473.02166748046875
2023-07-07,473.1140441894531
2023-07-10,472.35931396484375
2023-07-11,473.6205139160156
2023-07-12,473.92840576171875
2023-07-13,475.5372009277344
2023-07-14,474.32562255859375
2023-07-17,473.2332458496094
2023-07-18,476.8778076171875
2023-07-19,479.2910461425781
2023-07-20,478.25823974609375
2023-07-21,495.9251403808594
2023-07-24,491.7343444824219
2023-07-25,490.93988037109375
2023-07-26,490.4334411621094
2023-07-27,487.7918395996094
2023-07-28,488.9934387207031
2023-07-31,489.638916015625
2023-08-01,489.2416687011719
2023-08-02,487.7619934082031
2023-08-03,487.5733337402344
2023-08-04,483.3427734375
2023-08-07,489.2913818359375
2023-08-08,487.8812255859375
2023-08-09,485.17999267578125
2023-08-10,484.6040344238281
2023-08-11,485.7261657714844
2023-08-14,492.7770690917969
2023-08-15,491.3867492675781
2023-08-16,492.2110290527344
2023-08-17,483.3626708984375
2023-08-18,480.98919677734375
2023-08-21,482.62774658203125
2023-08-22,484.19683837890625
2023-08-23,489.6588134765625
2023-08-24,485.3289489746094
2023-08-25,491.3669128417969
2023-08-28,492.2110290527344
2023-08-29,494.70367431640625
2023-08-30,499.14276123046875
2023-08-31,495.60736083984375
2023-09-01,496.0840148925781
2023-09-05,489.9765930175781
2023-09-06,491.5754699707031
2023-09-07,490.9200439453125
2023-09-08,488.109619140625
2023-09-11,494.4156494140625
2023-09-12,490.2745361328125
2023-09-13,492.0521240234375
2023-09-14,495.96490478515625
2023-09-15,492.3798522949219
2023-09-18,495.7066650390625
2023-09-19,499.2817687988281
2023-09-20,500.6621398925781
2023-09-21,492.2010803222656
2023-09-22,491.545654296875
2023-09-25,489.18212890625
2023-09-26,480.11529541015625
2023-09-27,483.26336669921875
2023-09-28,484.117431640625
2023-09-29,480.9295959472656
2023-10-02,480.5323791503906
2023-10-03,476.6990966796875
2023-10-04,484.7728271484375
2023-10-05,486.4763488769531
2023-10-06,492.0951232910156
2023-10-09,496.7989807128906
2023-10-10,494.44207763671875
2023-10-11,499.2553405761719
2023-10-12,499.52386474609375
2023-10-13,495.0885009765625
2023-10-16,499.1360168457031
2023-10-17,497.16693115234375
2023-10-18,490.17578125
2023-10-19,484.8354797363281
2023-10-20,479.4554138183594
2023-10-23,475.1791687011719
2023-10-24,479.88299560546875
2023-10-25,478.5503845214844
2023-10-26,477.72503662109375
2023-10-27,472.9416198730469
2023-10-30,482.1205749511719
2023-10-31,485.8697814941406
2023-11-01,484.4576110839844
2023-11-02,491.3194580078125
2023-11-03,499.76251220703125
2023-11-06,500.41888427734375
2023-11-07,504.2575378417969
2023-11-08,508.23541259765625
2023-11-09,506.9227600097656
2023-11-10,514.2918090820312
2023-11-13,514.1426391601562
2023-11-14,521.800048828125
2023-11-15,518.0011596679688
2023-11-16,522.1978149414062
2023-11-17,521.8199462890625
2023-11-20,521.8199462890625
2023-11-21,524.2365112304688
2023-11-22,525.5591430664062
2023-11-24,522.6851806640625
2023-11-27,522.098388671875
2023-11-28,522.9635620117188
2023-11-29,522.923828125
2023-11-30,535.275146484375
2023-12-01,537.5923461914062
2023-12-04,533.783447265625
2023-12-05,532.5801391601562
2023-12-06,532.4110717773438
2023-12-07,531.8441772460938
2023-12-08,533.63427734375
2023-12-11,537.224365234375
2023-12-12,540.4564208984375
2023-12-13,547.7259521484375
2023-12-14,535.85205078125
2023-12-15,538.5569458007812
2023-12-18,539.9690551757812
2023-12-19,538.5668334960938
2023-12-20,531.9833984375
2023-12-21,537.3138427734375
2023-12-22,539.8496704101562
2023-12-26,540.5458984375
2023-12-27,540.7447509765625
2023-12-28,543.1315307617188
2023-12-29,542.1569213867188
2024-01-02,531.5359497070312
2024-01-03,528.0652465820312
2024-01-04,521.27294921875
2024-01-05,520.1790771484375
2024-01-08,526.6126098632812
2024-01-09,529.3413696289062
2024-01-10,528.1263427734375
2024-01-11,530.2177734375
2024-01-12,532.0004272460938
2024-01-16,535.0678100585938
2024-01-17,534.9881591796875
2024-01-18,539.7186279296875
2024-01-19,546.2417602539062
2024-01-22,547.6559448242188
2024-01-23,550.5441284179688
2024-01-24,545.5247802734375
2024-01-25,549.4386596679688
2024-01-26,547.4268798828125
2024-01-29,553.6513061523438
2024-01-30,559.2682495117188
2024-01-31,534.7989501953125
2024-02-01,543.5728149414062
2024-02-02,547.3672485351562
2024-02-05,543.6525268554688
2024-02-06,543.0648803710938
2024-02-07,546.4410400390625
2024-02-08,543.104736328125
2024-02-09,548.0045776367188
2024-02-12,540.087158203125
2024-02-13,533.225341796875
2024-02-14,539.4896240234375
2024-02-15,545.73388671875
2024-02-16,543.3338012695312
2024-02-20,541.8797607421875
2024-02-21,546.7696533203125
2024-02-22,553.0338745117188
2024-02-23,554.58740234375
2024-02-26,545.6641845703125
2024-02-27,544.857421875
2024-02-28,541.2224731445312
2024-02-29,542.4971923828125
2024-03-01,545.7139892578125
2024-03-04,544.9769897460938
2024-03-05,534.8088989257812
2024-03-06,537.9957885742188
2024-03-07,544.0806884765625
2024-03-08,543.7122192382812
2024-03-11,551.6097412109375
2024-03-12,552.92431640625
2024-03-13,547.2676391601562
2024-03-14,544.837646484375
2024-03-15,545.1064453125
2024-03-18,543.9213256835938
2024-03-19,549.60791015625
2024-03-20,551.7890014648438
2024-03-21,553.9998779296875
2024-03-22,554.0994873046875
2024-03-25,548.6817626953125
2024-03-26,552.157470703125
2024-03-27,556.8880004882812
2024-03-28,558.5411987304688
2024-04-01,551.3507690429688
2024-04-02,543.7022705078125
2024-04-03,542.4473876953125
2024-04-04,535.8155517578125
2024-04-05,541.5299682617188
2024-04-08,541.7493286132812
2024-04-09,541.9985961914062
2024-04-10,534.529052734375
2024-04-11,538.1691284179688
2024-04-12,534.3695068359375
2024-04-15,526.8201293945312
2024-04-16,525.5435791015625
2024-04-17,525.034912109375
2024-04-18,525.8328247070312
2024-04-19,532.9234619140625
2024-04-22,537.6405639648438
2024-04-23,538.149169921875
2024-04-24,536.5435791015625
2024-04-25,538.9369506835938
2024-04-26,525.3441772460938
2024-04-29,512.18017578125
2024-04-30,510.06591796875
2024-05-01,513.35693359375
2024-05-02,509.42767333984375
2024-05-03,515.8002319335938
2024-05-06,514.134765625
2024-05-07,518.8419189453125
2024-05-08,519.6297607421875
2024-05-09,521.903564453125
2024-05-10,522.0730590820312
2024-05-13,520.3378295898438
2024-05-14,519.4103393554688
2024-05-15,529.991455078125
2024-05-16,537.3314208984375
2024-05-17,540.4129638671875
2024-05-20,544.8807373046875
2024-05-21,539.92431640625
2024-05-22,545.9578247070312
2024-05-23,543.1355590820312
2024-05-24,543.1754150390625
2024-05-28,531.5671997070312
2024-05-29,529.4927978515625
2024-05-30,525.1447143554688
2024-05-31,531.307861328125
2024-06-03,534.6985473632812
2024-06-04,541.9188842773438
2024-06-05,545.42919921875
2024-06-06,548.85986328125
2024-06-07,552.5198974609375
2024-06-10,554.9830932617188
2024-06-11,554.2052001953125
2024-06-12,556.6685791015625
2024-06-13,545.6785888671875
2024-06-14,547.9523315429688
2024-06-17,552.0811157226562
2024-06-18,558.5733032226562
2024-06-20,557.6956787109375
2024-06-21,559.9595336914062
2024-06-24,561.0166015625
2024-06-25,561.4554443359375
2024-06-26,556.0203247070312
2024-06-27,560.5279541015625
2024-06-28,562.1235961914062
2024-07-01,561.096435546875
2024-07-02,561.5750732421875
2024-07-03,558.92236328125
2024-07-05,561.026611328125
2024-07-08,556.0236206054688
2024-07-09,549.702392578125
2024-07-10,552.288818359375
2024-07-11,555.15478515625
2024-07-12,557.6013793945312
2024-07-15,558.370361328125
2024-07-16,566.279296875
2024-07-17,570.4734497070312
2024-07-18,570.3935546875
2024-07-19,566.5189208984375
2024-07-22,575.7460327148438
2024-07-23,573.46923828125
2024-07-24,531.2282104492188
2024-07-25,540.1358032226562
2024-07-26,547.76513671875
2024-07-29,544.9290771484375
2024-07-30,544.05029296875
2024-07-31,543.9904174804688
2024-08-01,543.6409301757812
2024-08-02,535.2825927734375
2024-08-05,516.8084106445312
2024-08-06,517.4175415039062
2024-08-07,514.5315551757812
2024-08-08,522.2907104492188
2024-08-09,526.0454711914062
2024-08-12,519.3448486328125
2024-08-13,524.2879638671875
2024-08-14,527.2637329101562
2024-08-15,545.807861328125
2024-08-16,547.7351684570312
2024-08-19,549.11328125
2024-08-20,546.6866455078125
2024-08-21,550.7109985351562
2024-08-22,545.2086791992188
2024-08-23,547.05615234375
2024-08-26,545.9676513671875
2024-08-27,550.431396484375
2024-08-28,549.5626220703125
2024-08-29,553.0477905273438
2024-08-30,553.6369018554688
2024-09-03,551.5897827148438
2024-09-04,557.731201171875
2024-09-05,554.13623046875
2024-09-06,546.9962158203125
2024-09-09,552.6183471679688
2024-09-10,551.5598754882812
2024-09-11,549.0733642578125
2024-09-12,550.541259765625
2024-09-13,551.070556640625
2024-09-16,555.783935546875
2024-09-17,551.060546875
2024-09-18,549.1631469726562
2024-09-19,560.0779418945312
2024-09-20,557.2618408203125
2024-09-23,556.9722900390625
2024-09-24,551.2103271484375
2024-09-25,547.5953369140625
2024-09-26,551.7296142578125
2024-09-27,553.0277709960938
2024-09-30,555.6641235351562
2024-10-01,547.5054931640625
2024-10-02,550.6011962890625
2024-10-03,548.16455078125
2024-10-04,544.1002197265625
2024-10-07,537.1199951171875
2024-10-08,542.9099731445312
2024-10-09,545.9299926757812
2024-10-10,539.4500122070312
2024-10-11,551.5499877929688
2024-10-14,553.8300170898438
2024-10-15,556.1799926757812
2024-10-16,560.8599853515625
2024-10-17,563.739990234375
2024-10-18,557.6199951171875
2024-10-21,556.7999877929688
2024-10-22,552.0999755859375
2024-10-23,542.9400024414062
2024-10-24,542.0999755859375
2024-10-25,542.0
2024-10-28,545.1300048828125
2024-10-29,548.8099975585938
2024-10-30,547.22998046875
2024-10-31,537.72998046875
2024-11-01,540.9099731445312
2024-11-04,542.0800170898438
2024-11-05,542.7000122070312
2024-11-06,564.6699829101562
2024-11-07,572.260009765625
2024-11-08,567.6199951171875
2024-11-11,565.1400146484375
2024-11-12,564.77001953125
2024-11-13,571.2000122070312
2024-11-14,564.77001953125
2024-11-15,548.22998046875
2024-11-18,549.3699951171875
2024-11-19,547.9600219726562
2024-11-20,549.4500122070312
2024-11-21,554.260009765625
2024-11-22,560.1400146484375
2024-11-25,557.9400024414062
2024-11-26,561.8900146484375
2024-11-27,564.3499755859375
2024-11-29,566.4400024414062
2024-12-02,568.6300048828125
2024-12-03,566.8599853515625
2024-12-04,575.9500122070312
2024-12-05,557.9000244140625
2024-12-06,551.2000122070312
2024-12-09,548.4199829101562
2024-12-10,549.469970703125
2024-12-11,550.3900146484375
2024-12-12,548.030029296875
2024-12-13,543.6599731445312
2024-12-16,542.0399780273438
2024-12-17,536.75
