,SBUX
2014-01-02,31.491382598876953
2014-01-03,31.401588439941406
2014-01-06,31.083288192749023
2014-01-07,31.507692337036133
2014-01-08,31.842315673828125
2014-01-09,31.666833877563477
2014-01-10,31.69540786743164
2014-01-13,30.654817581176758
2014-01-14,30.793556213378906
2014-01-15,31.091461181640625
2014-01-16,30.724178314208984
2014-01-17,30.56503677368164
2014-01-21,30.054946899414062
2014-01-22,30.034523010253906
2014-01-23,29.948833465576172
2014-01-24,30.597692489624023
2014-01-27,30.283464431762695
2014-01-28,30.15287971496582
2014-01-29,29.20205307006836
2014-01-30,29.344884872436523
2014-01-31,29.022506713867188
2014-02-03,28.145132064819336
2014-02-04,28.93980598449707
2014-02-05,28.87425994873047
2014-02-06,29.640262603759766
2014-02-07,30.32843017578125
2014-02-10,30.639739990234375
2014-02-11,30.516843795776367
2014-02-12,30.275175094604492
2014-02-13,30.594675064086914
2014-02-14,30.733930587768555
2014-02-18,30.29975128173828
2014-02-19,30.033483505249023
2014-02-20,30.12770652770996
2014-02-21,29.722183227539062
2014-02-24,29.722183227539062
2014-02-25,28.89884376525879
2014-02-26,29.402671813964844
2014-02-27,29.570615768432617
2014-02-28,29.06678581237793
2014-03-03,28.866071701049805
2014-03-04,29.353515625
2014-03-05,29.2060489654541
2014-03-06,29.775426864624023
2014-03-07,29.93108558654785
2014-03-10,30.131792068481445
2014-03-11,30.733930587768555
2014-03-12,30.979719161987305
2014-03-13,30.48816680908203
2014-03-14,30.422636032104492
2014-03-17,30.385784149169922
2014-03-18,30.55780792236328
2014-03-19,31.094402313232422
2014-03-20,31.524505615234375
2014-03-21,31.422107696533203
2014-03-24,31.037065505981445
2014-03-25,30.56190299987793
2014-03-26,30.123605728149414
2014-03-27,30.066268920898438
2014-03-28,30.189144134521484
2014-03-31,30.05807113647461
2014-04-01,30.316129684448242
2014-04-02,30.176856994628906
2014-04-03,29.93927764892578
2014-04-04,29.308454513549805
2014-04-07,28.849685668945312
2014-04-08,29.279783248901367
2014-04-09,29.68941307067871
2014-04-10,28.763654708862305
2014-04-11,28.15333366394043
2014-04-14,28.390913009643555
2014-04-15,28.2188663482666
2014-04-16,28.99713897705078
2014-04-17,28.734987258911133
2014-04-21,28.87017059326172
2014-04-22,29.144611358642578
2014-04-23,28.833290100097656
2014-04-24,29.120033264160156
2014-04-25,29.267499923706055
2014-04-28,29.054487228393555
2014-04-29,28.935707092285156
2014-04-30,28.927501678466797
2014-05-01,29.13232421875
2014-05-02,28.919315338134766
2014-05-05,29.05038833618164
2014-05-06,28.606365203857422
2014-05-07,28.672157287597656
2014-05-08,28.606365203857422
2014-05-09,28.898279190063477
2014-05-12,29.251855850219727
2014-05-13,29.25596046447754
2014-05-14,28.84894561767578
2014-05-15,28.71738052368164
2014-05-16,29.165510177612305
2014-05-19,29.198402404785156
2014-05-20,28.87361717224121
2014-05-21,28.943504333496094
2014-05-22,29.354633331298828
2014-05-23,29.593093872070312
2014-05-27,30.283790588378906
2014-05-28,30.12344741821289
2014-05-29,30.057661056518555
2014-05-30,30.111116409301758
2014-06-02,30.361909866333008
2014-06-03,30.497573852539062
2014-06-04,30.699020385742188
2014-06-05,30.71959114074707
2014-06-06,30.97037696838379
2014-06-09,30.908708572387695
2014-06-10,30.670251846313477
2014-06-11,30.752477645874023
2014-06-12,30.407119750976562
2014-06-13,30.70723533630371
2014-06-16,30.871700286865234
2014-06-17,30.96215057373047
2014-06-18,31.064931869506836
2014-06-19,31.751514434814453
2014-06-20,31.492511749267578
2014-06-23,31.54595947265625
2014-06-24,31.833736419677734
2014-06-25,32.117435455322266
2014-06-26,32.09275817871094
2014-06-27,32.043418884277344
2014-06-30,31.813182830810547
2014-07-01,32.10097885131836
2014-07-02,32.14619445800781
2014-07-03,32.503883361816406
2014-07-07,32.35176467895508
2014-07-08,32.29831314086914
2014-07-09,32.66422653198242
2014-07-10,32.417545318603516
2014-07-11,32.31477737426758
2014-07-14,32.29831314086914
2014-07-15,32.43398666381836
2014-07-16,32.36821365356445
2014-07-17,31.755632400512695
2014-07-18,32.043418884277344
2014-07-21,31.907743453979492
2014-07-22,32.37230682373047
2014-07-23,32.536773681640625
2014-07-24,33.075355529785156
2014-07-25,32.37230682373047
2014-07-28,32.216094970703125
2014-07-29,32.3353157043457
2014-07-30,32.438106536865234
2014-07-31,31.936527252197266
2014-08-01,31.648733139038086
2014-08-04,31.87485694885254
2014-08-05,31.67685317993164
2014-08-06,31.817102432250977
2014-08-07,31.64385414123535
2014-08-08,32.01922607421875
2014-08-11,32.12236785888672
2014-08-12,32.101741790771484
2014-08-13,31.86248779296875
2014-08-14,31.60672378540039
2014-08-15,31.72635841369629
2014-08-18,32.00685501098633
2014-08-19,32.22549819946289
2014-08-20,32.18836975097656
2014-08-21,31.957347869873047
2014-08-22,31.87898826599121
2014-08-25,32.16361618041992
2014-08-26,32.0893669128418
2014-08-27,32.14298629760742
2014-08-28,32.097618103027344
2014-08-29,32.097618103027344
2014-09-02,31.961488723754883
2014-09-03,31.67685317993164
2014-09-04,31.829483032226562
2014-09-05,32.155364990234375
2014-09-08,32.03987121582031
2014-09-09,31.812984466552734
2014-09-10,31.850107192993164
2014-09-11,31.400468826293945
2014-09-12,31.132328033447266
2014-09-15,30.90544319152832
2014-09-16,30.975576400756836
2014-09-17,31.078699111938477
2014-09-18,31.239587783813477
2014-09-19,31.379838943481445
2014-09-22,30.773447036743164
2014-09-23,30.50943374633789
2014-09-24,31.070449829101562
2014-09-25,30.5754451751709
2014-09-26,31.008575439453125
2014-09-29,31.049837112426758
2014-09-30,31.128202438354492
2014-10-01,30.77757453918457
2014-10-02,30.711580276489258
2014-10-03,31.305591583251953
2014-10-06,31.00033187866211
2014-10-07,30.546566009521484
2014-10-08,31.045705795288086
2014-10-09,30.72395133972168
2014-10-10,30.7156982421875
2014-10-13,29.779293060302734
2014-10-14,30.006166458129883
2014-10-15,29.8576602935791
2014-10-16,29.96492576599121
2014-10-17,30.336185455322266
2014-10-20,30.814695358276367
2014-10-21,30.67445182800293
2014-10-22,30.773447036743164
2014-10-23,30.87244987487793
2014-10-24,31.272598266601562
2014-10-27,31.338594436645508
2014-10-28,31.78411102294922
2014-10-29,31.57371711730957
2014-10-30,31.89548110961914
2014-10-31,31.169462203979492
2014-11-03,31.392221450805664
2014-11-04,31.64385414123535
2014-11-05,31.623218536376953
2014-11-06,31.9490966796875
2014-11-07,32.0893669128418
2014-11-10,32.16392517089844
2014-11-11,32.197044372558594
2014-11-12,32.24676513671875
2014-11-13,32.263336181640625
2014-11-14,32.35861587524414
2014-11-17,32.23848342895508
2014-11-18,32.13078308105469
2014-11-19,32.234336853027344
2014-11-20,32.391746520996094
2014-11-21,33.03791427612305
2014-11-24,33.35272216796875
2014-11-25,33.22431564331055
2014-11-26,33.01305389404297
2014-11-28,33.638526916503906
2014-12-01,33.489410400390625
2014-12-02,33.29059600830078
2014-12-03,33.33201599121094
2014-12-04,33.67995834350586
2014-12-05,34.6160888671875
2014-12-08,34.71135711669922
2014-12-09,34.39241409301758
2014-12-10,34.239139556884766
2014-12-11,34.4296875
2014-12-12,34.48353576660156
2014-12-15,33.505985260009766
2014-12-16,32.77695846557617
2014-12-17,33.319576263427734
2014-12-18,33.149757385253906
2014-12-19,32.905372619628906
2014-12-22,33.36101531982422
2014-12-23,33.72966003417969
2014-12-24,33.66338348388672
2014-12-26,33.89535140991211
2014-12-29,34.12317657470703
2014-12-30,33.87876892089844
2014-12-31,33.9864616394043
2015-01-02,33.73380661010742
2015-01-05,33.087623596191406
2015-01-06,32.81837844848633
2015-01-07,33.6261100769043
2015-01-08,34.168731689453125
2015-01-09,33.05033493041992
2015-01-12,33.23259735107422
2015-01-13,33.4976921081543
2015-01-14,33.31130599975586
2015-01-15,32.96335983276367
2015-01-16,33.390018463134766
2015-01-20,33.64267349243164
2015-01-21,33.671669006347656
2015-01-22,34.27227783203125
2015-01-23,36.54220199584961
2015-01-26,36.500762939453125
2015-01-27,36.59190368652344
2015-01-28,36.2729377746582
2015-01-29,36.88599395751953
2015-01-30,36.25637435913086
2015-02-02,36.44691848754883
2015-02-03,36.787811279296875
2015-02-04,36.87511444091797
2015-02-05,37.26590347290039
2015-02-06,36.99984359741211
2015-02-09,36.92500686645508
2015-02-10,37.9061279296875
2015-02-11,37.74399185180664
2015-02-12,38.176353454589844
2015-02-13,38.072425842285156
2015-02-17,38.25949478149414
2015-02-18,38.662750244140625
2015-02-19,38.733428955078125
2015-02-20,38.874778747558594
2015-02-23,38.90386962890625
2015-02-24,38.84983444213867
2015-02-25,39.186580657958984
2015-02-26,39.30712890625
2015-02-27,38.866455078125
2015-03-02,39.17410659790039
2015-03-03,39.07847595214844
2015-03-04,38.68770217895508
2015-03-05,38.9246711730957
2015-03-06,38.33848190307617
2015-03-09,38.679378509521484
2015-03-10,38.32184982299805
2015-03-11,38.00590896606445
2015-03-12,38.82072830200195
2015-03-13,38.78330993652344
2015-03-16,39.09926223754883
2015-03-17,39.24061584472656
2015-03-18,39.84342575073242
2015-03-19,40.641632080078125
2015-03-20,40.51689529418945
2015-03-23,40.479488372802734
2015-03-24,40.70813751220703
2015-03-25,39.81432342529297
2015-03-26,39.5274772644043
2015-03-27,39.52330780029297
2015-03-30,39.90163040161133
2015-03-31,39.36949920654297
2015-04-01,38.67105484008789
2015-04-02,39.24061584472656
2015-04-06,39.2946662902832
2015-04-07,39.107582092285156
2015-04-08,39.58981704711914
2015-04-09,39.876678466796875
2015-04-10,40.051292419433594
2015-04-13,40.3256721496582
2015-04-14,40.15938186645508
2015-04-15,40.02633285522461
2015-04-16,40.1177978515625
2015-04-17,39.59397888183594
2015-04-20,39.885005950927734
2015-04-21,40.21757507324219
2015-04-22,40.1926383972168
2015-04-23,41.09892654418945
2015-04-24,43.10274124145508
2015-04-27,42.29622268676758
2015-04-28,42.08002853393555
2015-04-29,42.11330032348633
2015-04-30,41.2236328125
2015-05-01,41.81397247314453
2015-05-04,41.946998596191406
2015-05-05,41.21298599243164
2015-05-06,40.81263732910156
2015-05-07,41.1629524230957
2015-05-08,41.52162170410156
2015-05-11,41.28806686401367
2015-05-12,41.46322250366211
2015-05-13,41.36314010620117
2015-05-14,42.17220687866211
2015-05-15,42.37240219116211
2015-05-18,42.68937301635742
2015-05-19,42.88954162597656
2015-05-20,42.56425476074219
2015-05-21,42.81447219848633
2015-05-22,42.93959426879883
2015-05-26,42.405765533447266
2015-05-27,43.031341552734375
2015-05-28,43.214847564697266
2015-05-29,43.3399658203125
2015-06-01,43.55681610107422
2015-06-02,43.14811325073242
2015-06-03,43.473426818847656
2015-06-04,43.1397819519043
2015-06-05,43.53180694580078
2015-06-08,42.98128890991211
2015-06-09,42.98963165283203
2015-06-10,43.94886016845703
2015-06-11,43.78203201293945
2015-06-12,43.89881134033203
2015-06-15,43.59852981567383
2015-06-16,44.182411193847656
2015-06-17,44.40760803222656
2015-06-18,45.13328170776367
2015-06-19,44.98314666748047
2015-06-22,44.9581298828125
2015-06-23,45.1416130065918
2015-06-24,44.79963302612305
2015-06-25,45.099910736083984
2015-06-26,45.55867004394531
2015-06-29,44.66617965698242
2015-06-30,44.72456359863281
2015-07-01,44.94977951049805
2015-07-02,45.24172592163086
2015-07-06,45.30010223388672
2015-07-07,45.358489990234375
2015-07-08,44.5327262878418
2015-07-09,45.08323287963867
2015-07-10,45.516963958740234
2015-07-13,46.45950698852539
2015-07-14,46.5012092590332
2015-07-15,46.15922927856445
2015-07-16,46.49287033081055
2015-07-17,46.45116424560547
2015-07-20,46.88488006591797
2015-07-21,46.876556396484375
2015-07-22,47.28526306152344
2015-07-23,47.17681884765625
2015-07-24,47.78571701049805
2015-07-27,47.527156829833984
2015-07-28,47.660606384277344
2015-07-29,47.96922302246094
2015-07-30,48.42798614501953
2015-07-31,48.319549560546875
2015-08-03,48.53641891479492
2015-08-04,49.09680938720703
2015-08-05,49.3560905456543
2015-08-06,47.8672981262207
2015-08-07,47.84221649169922
2015-08-10,47.06434631347656
2015-08-11,47.131263732910156
2015-08-12,47.156341552734375
2015-08-13,47.54946517944336
2015-08-14,47.75857162475586
2015-08-17,48.29386520385742
2015-08-18,48.369136810302734
2015-08-19,48.16840362548828
2015-08-20,46.67960739135742
2015-08-21,44.19548797607422
2015-08-24,42.10448455810547
2015-08-25,42.731788635253906
2015-08-26,45.13225555419922
2015-08-27,46.79670715332031
2015-08-28,46.529048919677734
2015-08-31,45.759559631347656
2015-09-01,44.74751663208008
2015-09-02,46.219581604003906
2015-09-03,45.74282455444336
2015-09-04,45.3999137878418
2015-09-08,46.17776107788086
2015-09-09,45.74282455444336
2015-09-10,46.31158447265625
2015-09-11,47.28181457519531
2015-09-14,47.08107376098633
2015-09-15,47.59964370727539
2015-09-16,47.89238357543945
2015-09-17,47.90910720825195
2015-09-18,47.54109191894531
2015-09-21,48.12657928466797
2015-09-22,47.77528381347656
2015-09-23,48.3356819152832
2015-09-24,48.8207893371582
2015-09-25,48.50296401977539
2015-09-28,46.64613723754883
2015-09-29,46.60432434082031
2015-09-30,47.54109191894531
2015-10-01,48.076393127441406
2015-10-02,48.57823944091797
2015-10-05,49.38118362426758
2015-10-06,49.088443756103516
2015-10-07,49.163719177246094
2015-10-08,49.73246765136719
2015-10-09,50.242679595947266
2015-10-12,50.63579177856445
2015-10-13,50.31795883178711
2015-10-14,49.19717025756836
2015-10-15,49.924842834472656
2015-10-16,50.12559127807617
2015-10-19,50.99544906616211
2015-10-20,50.920169830322266
2015-10-21,50.627418518066406
2015-10-22,51.43037033081055
2015-10-23,52.36714172363281
2015-10-26,53.053001403808594
2015-10-27,52.450782775878906
2015-10-28,53.11989212036133
2015-10-29,52.27513885498047
2015-10-30,52.33368682861328
2015-11-02,52.05767059326172
2015-11-03,52.52605438232422
2015-11-04,51.82347106933594
2015-11-05,52.09111404418945
2015-11-06,51.83184051513672
2015-11-09,51.47102737426758
2015-11-10,52.17588806152344
2015-11-11,51.91575622558594
2015-11-12,51.24446487426758
2015-11-13,50.128448486328125
2015-11-16,50.91720199584961
2015-11-17,50.80812454223633
2015-11-18,51.85702133178711
2015-11-19,51.57171630859375
2015-11-20,52.01645278930664
2015-11-23,52.56187057495117
2015-11-24,51.991268157958984
2015-11-25,52.18426513671875
2015-11-27,52.17588806152344
2015-11-30,51.51298141479492
2015-12-01,51.496192932128906
2015-12-02,51.370330810546875
2015-12-03,49.969017028808594
2015-12-04,51.815059661865234
2015-12-07,51.93252944946289
2015-12-08,52.159095764160156
2015-12-09,51.336769104003906
2015-12-10,51.91575622558594
2015-12-11,50.195579528808594
2015-12-14,50.27949142456055
2015-12-15,50.32982635498047
2015-12-16,50.64030838012695
2015-12-17,49.943851470947266
2015-12-18,49.188636779785156
2015-12-21,49.960636138916016
2015-12-22,50.33822250366211
2015-12-23,50.63191604614258
2015-12-24,50.6151237487793
2015-12-28,50.50604248046875
2015-12-29,51.29481887817383
2015-12-30,51.034690856933594
2015-12-31,50.371788024902344
2016-01-04,48.88655471801758
2016-01-05,49.21381759643555
2016-01-06,48.777488708496094
2016-01-07,47.56915283203125
2016-01-08,47.51882553100586
2016-01-11,48.51735305786133
2016-01-12,49.89349365234375
2016-01-13,48.5593147277832
2016-01-14,49.49071502685547
2016-01-15,48.66839599609375
2016-01-19,49.12990188598633
2016-01-20,47.76214599609375
2016-01-21,49.53268051147461
2016-01-22,49.65015411376953
2016-01-25,48.4250602722168
2016-01-26,49.18025588989258
2016-01-27,48.35792922973633
2016-01-28,49.750850677490234
2016-01-29,50.99272918701172
2016-02-01,51.52137756347656
2016-02-02,51.10044860839844
2016-02-03,50.115478515625
2016-02-04,49.07157516479492
2016-02-05,45.87253952026367
2016-02-08,45.57789611816406
2016-02-09,45.81360626220703
2016-02-10,46.41975021362305
2016-02-11,46.23454284667969
2016-02-12,47.02587127685547
2016-02-16,47.4888916015625
2016-02-17,48.515953063964844
2016-02-18,47.95192337036133
2016-02-19,48.54963302612305
2016-02-22,49.55984878540039
2016-02-23,49.214698791503906
2016-02-24,48.920047760009766
2016-02-25,49.45882797241211
2016-02-26,49.11366271972656
2016-02-29,49.00423812866211
2016-03-01,50.54481887817383
2016-03-02,50.1407356262207
2016-03-03,49.702972412109375
2016-03-04,49.41674041748047
2016-03-07,48.82744598388672
2016-03-08,48.49070358276367
2016-03-09,48.04452133178711
2016-03-10,48.4233512878418
2016-03-11,48.48228454589844
2016-03-14,49.37465286254883
2016-03-15,49.73665237426758
2016-03-16,50.233341217041016
2016-03-17,50.13230895996094
2016-03-18,50.25859832763672
2016-03-21,49.75347900390625
2016-03-22,49.989200592041016
2016-03-23,49.526180267333984
2016-03-24,49.13050842285156
2016-03-28,49.635623931884766
2016-03-29,50.13230895996094
2016-03-30,50.519561767578125
2016-03-31,50.25859832763672
2016-04-01,51.369834899902344
2016-04-04,50.721622467041016
2016-04-05,50.54481887817383
2016-04-06,51.20988845825195
2016-04-07,51.496124267578125
2016-04-08,51.38666534423828
2016-04-11,51.268821716308594
2016-04-12,50.09022521972656
2016-04-13,50.68793869018555
2016-04-14,50.62059783935547
2016-04-15,50.94049072265625
2016-04-18,51.26039123535156
2016-04-19,51.268821716308594
2016-04-20,51.268821716308594
2016-04-21,51.049922943115234
2016-04-22,48.55803298950195
2016-04-25,48.63381576538086
2016-04-26,48.59172821044922
2016-04-27,47.90139389038086
2016-04-28,47.497314453125
2016-04-29,47.33736038208008
2016-05-02,48.28866195678711
2016-05-03,47.51988983154297
2016-05-04,47.63816833496094
2016-05-05,47.51988983154297
2016-05-06,47.570579528808594
2016-05-09,47.849369049072266
2016-05-10,48.567447662353516
2016-05-11,47.50299072265625
2016-05-12,47.562137603759766
2016-05-13,47.15663528442383
2016-05-16,46.91162872314453
2016-05-17,46.36251449584961
2016-05-18,46.2949333190918
2016-05-19,46.08372497558594
2016-05-20,46.14287185668945
2016-05-23,46.12596130371094
2016-05-24,46.835594177246094
2016-05-25,46.590614318847656
2016-05-26,46.708885192871094
2016-05-27,46.590614318847656
2016-05-31,46.3709602355957
2016-06-01,46.31182861328125
2016-06-02,46.14287185668945
2016-06-03,46.134422302246094
2016-06-06,46.96233367919922
2016-06-07,46.717342376708984
2016-06-08,46.649742126464844
2016-06-09,46.953880310058594
2016-06-10,46.354061126708984
2016-06-13,46.49768829345703
2016-06-14,46.945430755615234
2016-06-15,46.75957489013672
2016-06-16,46.91162872314453
2016-06-17,46.72578048706055
2016-06-20,46.784912109375
2016-06-21,47.14818572998047
2016-06-22,46.97921371459961
2016-06-23,47.41851806640625
2016-06-24,46.19356155395508
2016-06-27,45.357200622558594
2016-06-28,46.33717727661133
2016-06-29,47.9338493347168
2016-06-30,48.25486755371094
2016-07-01,48.145042419433594
2016-07-05,47.95918655395508
2016-07-06,47.94229507446289
2016-07-07,48.07746887207031
2016-07-08,47.73952865600586
2016-07-11,47.57902908325195
2016-07-12,48.55898666381836
2016-07-13,47.71418762207031
2016-07-14,48.65191650390625
2016-07-15,48.49985885620117
2016-07-18,48.085899353027344
2016-07-19,47.950740814208984
2016-07-20,48.609676361083984
2016-07-21,48.660362243652344
2016-07-22,48.913814544677734
2016-07-25,48.956050872802734
2016-07-26,49.26019287109375
2016-07-27,48.8715705871582
2016-07-28,49.17569351196289
2016-07-29,49.04053497314453
2016-08-01,48.68571472167969
2016-08-02,48.0922966003418
2016-08-03,47.42258071899414
2016-08-04,46.98175048828125
2016-08-05,47.388668060302734
2016-08-08,46.93088912963867
2016-08-09,46.79524612426758
2016-08-10,47.15130615234375
2016-08-11,47.024139404296875
2016-08-12,47.024139404296875
2016-08-15,46.8376350402832
2016-08-16,46.939361572265625
2016-08-17,47.30390548706055
2016-08-18,47.07500457763672
2016-08-19,46.5748405456543
2016-08-22,47.34628677368164
2016-08-23,47.81254959106445
2016-08-24,48.397483825683594
2016-08-25,48.5670280456543
2016-08-26,48.5670280456543
2016-08-29,48.15163803100586
2016-08-30,47.81254959106445
2016-08-31,47.66842269897461
2016-09-01,47.73625183105469
2016-09-02,47.626041412353516
2016-09-06,47.49040222167969
2016-09-07,47.74472427368164
2016-09-08,46.880027770996094
2016-09-09,46.07467269897461
2016-09-12,46.37985610961914
2016-09-13,45.76101303100586
2016-09-14,45.69319152832031
2016-09-15,45.87122344970703
2016-09-16,45.557552337646484
2016-09-19,44.9387092590332
2016-09-20,45.18453598022461
2016-09-21,45.76101303100586
2016-09-22,46.10857391357422
2016-09-23,46.14249801635742
2016-09-26,45.81187057495117
2016-09-27,45.93903732299805
2016-09-28,45.76101303100586
2016-09-29,45.31170654296875
2016-09-30,45.89664840698242
2016-10-03,45.64231872558594
2016-10-04,45.379539489746094
2016-10-05,45.226932525634766
2016-10-06,45.04890060424805
2016-10-07,45.32018280029297
2016-10-10,45.18453598022461
2016-10-11,44.862403869628906
2016-10-12,45.06586837768555
2016-10-13,44.88783264160156
2016-10-14,44.998043060302734
2016-10-17,44.72676467895508
2016-10-18,44.599613189697266
2016-10-19,45.05738830566406
2016-10-20,45.43038558959961
2016-10-21,45.46430587768555
2016-10-24,45.93055725097656
2016-10-25,45.49821090698242
2016-10-26,45.46430587768555
2016-10-27,45.43038558959961
2016-10-28,45.379539489746094
2016-10-31,44.98957061767578
2016-11-01,44.50634765625
2016-11-02,44.91327667236328
2016-11-03,43.88750457763672
2016-11-04,44.71828842163086
2016-11-07,46.193363189697266
2016-11-08,46.303558349609375
2016-11-09,46.2696533203125
2016-11-10,45.41344451904297
2016-11-11,45.7186393737793
2016-11-14,45.9644660949707
2016-11-15,46.49249267578125
2016-11-16,47.2164192199707
2016-11-17,47.56560516357422
2016-11-18,47.497467041015625
2016-11-21,47.77852249145508
2016-11-22,48.647216796875
2016-11-23,49.04750061035156
2016-11-25,48.91122817993164
2016-11-28,49.04750061035156
2016-11-29,49.54145812988281
2016-11-30,49.37113952636719
2016-12-01,49.83102798461914
2016-12-02,48.7238655090332
2016-12-05,48.970848083496094
2016-12-06,48.91975021362305
2016-12-07,50.043949127197266
2016-12-08,49.95027160644531
2016-12-09,50.035430908203125
2016-12-12,50.05246353149414
2016-12-13,50.51237487792969
2016-12-14,50.035430908203125
2016-12-15,49.14970397949219
2016-12-16,49.107112884521484
2016-12-19,49.09859848022461
2016-12-20,49.14117431640625
2016-12-21,48.91975021362305
2016-12-22,48.638702392578125
2016-12-23,48.55353927612305
2016-12-27,48.425777435302734
2016-12-28,47.99142074584961
2016-12-29,47.96588897705078
2016-12-30,47.284549713134766
2017-01-03,47.1397705078125
2017-01-04,47.684844970703125
2017-01-05,48.085113525390625
2017-01-06,48.65571594238281
2017-01-09,49.56702423095703
2017-01-10,49.29448699951172
2017-01-11,49.48184585571289
2017-01-12,49.42222595214844
2017-01-13,49.26892852783203
2017-01-17,49.39668655395508
2017-01-18,49.779937744140625
2017-01-19,49.30299377441406
2017-01-20,49.107112884521484
2017-01-23,49.19227981567383
2017-01-24,49.77141571044922
2017-01-25,49.99285125732422
2017-01-26,49.7884407043457
2017-01-27,47.79555130004883
2017-01-30,47.608192443847656
2017-01-31,47.02906036376953
2017-02-01,45.90485763549805
2017-02-02,45.87929916381836
2017-02-03,46.89278030395508
2017-02-06,47.46339416503906
2017-02-07,47.25808334350586
2017-02-08,47.24097442626953
2017-02-09,47.7457160949707
2017-02-10,48.096473693847656
2017-02-13,48.00237274169922
2017-02-14,48.404457092285156
2017-02-15,48.64399337768555
2017-02-16,48.53278732299805
2017-02-17,49.06319046020508
2017-02-21,49.225738525390625
2017-02-22,49.25141143798828
2017-02-23,49.31129455566406
2017-02-24,49.174407958984375
2017-02-27,48.57554626464844
2017-02-28,48.65255355834961
2017-03-01,48.883544921875
2017-03-02,48.86642837524414
2017-03-03,48.84931945800781
2017-03-06,48.4900016784668
2017-03-07,48.079368591308594
2017-03-08,47.685821533203125
2017-03-09,47.21530532836914
2017-03-10,46.65066146850586
2017-03-13,46.73622131347656
2017-03-14,46.428253173828125
2017-03-15,46.65922546386719
2017-03-16,46.88166046142578
2017-03-17,47.72004318237305
2017-03-20,47.7457160949707
2017-03-21,47.514739990234375
2017-03-22,47.81415557861328
2017-03-23,47.77994155883789
2017-03-24,48.60121536254883
2017-03-27,48.96052932739258
2017-03-28,49.06319046020508
2017-03-29,49.225738525390625
2017-03-30,49.75614929199219
2017-03-31,49.952919006347656
2017-04-03,49.99569320678711
2017-04-04,49.893028259277344
2017-04-05,49.80747604370117
2017-04-06,49.55084228515625
2017-04-07,49.63638687133789
2017-04-10,49.576499938964844
2017-04-11,49.5166130065918
2017-04-12,49.25996398925781
2017-04-13,49.200077056884766
2017-04-17,49.68770980834961
2017-04-18,49.91869354248047
2017-04-19,50.50899887084961
2017-04-20,51.39873123168945
2017-04-21,51.85213851928711
2017-04-24,52.2798957824707
2017-04-25,52.15156555175781
2017-04-26,52.66486740112305
2017-04-27,52.44243621826172
2017-04-28,51.38161849975586
2017-05-01,51.48427963256836
2017-05-02,51.75802993774414
2017-05-03,51.83502960205078
2017-05-04,52.04035949707031
2017-05-05,52.14301300048828
2017-05-08,52.13446044921875
2017-05-09,52.38357925415039
2017-05-10,52.10868835449219
2017-05-11,51.7736701965332
2017-05-12,51.481597900390625
2017-05-15,51.92829132080078
2017-05-16,51.524532318115234
2017-05-17,51.30979919433594
2017-05-18,51.38709259033203
2017-05-19,52.71000671386719
2017-05-22,52.59834289550781
2017-05-23,52.52960205078125
2017-05-24,53.165287017822266
2017-05-25,54.03291702270508
2017-05-26,54.37652587890625
2017-05-30,54.342159271240234
2017-05-31,54.642822265625
2017-06-01,54.763084411621094
2017-06-02,55.46749496459961
2017-06-05,55.209774017333984
2017-06-06,55.11528396606445
2017-06-07,54.54832458496094
2017-06-08,53.4659423828125
2017-06-09,53.423011779785156
2017-06-12,52.64987564086914
2017-06-13,52.33203125
2017-06-14,51.7736701965332
2017-06-15,51.619041442871094
2017-06-16,51.6619873046875
2017-06-19,52.31485366821289
2017-06-20,51.421470642089844
2017-06-21,51.50735855102539
2017-06-22,51.12080001831055
2017-06-23,51.37851333618164
2017-06-26,51.23248291015625
2017-06-27,50.64833068847656
2017-06-28,50.83732223510742
2017-06-29,50.13292694091797
2017-06-30,50.08997344970703
2017-07-03,50.038429260253906
2017-07-05,49.77212142944336
2017-07-06,49.48006057739258
2017-07-07,49.8580322265625
2017-07-10,49.66046142578125
2017-07-11,49.73776626586914
2017-07-12,50.28755569458008
2017-07-13,50.15010452270508
2017-07-14,50.47652816772461
2017-07-17,50.10715866088867
2017-07-18,50.004058837890625
2017-07-19,49.91816329956055
2017-07-20,49.84943389892578
2017-07-21,49.806480407714844
2017-07-24,49.840843200683594
2017-07-25,50.2961311340332
2017-07-26,49.77212142944336
2017-07-27,51.11222457885742
2017-07-28,46.38755416870117
2017-07-31,46.37037658691406
2017-08-01,47.01464080810547
2017-08-02,47.615966796875
2017-08-03,47.830726623535156
2017-08-04,47.62455749511719
2017-08-07,47.78778076171875
2017-08-08,47.04566955566406
2017-08-09,46.372615814208984
2017-08-10,45.794464111328125
2017-08-11,45.889373779296875
2017-08-14,45.92389678955078
2017-08-15,45.863487243652344
2017-08-16,46.165504455566406
2017-08-17,45.768558502197266
2017-08-18,45.47517776489258
2017-08-21,45.863487243652344
2017-08-22,46.98527526855469
2017-08-23,46.66598892211914
2017-08-24,46.54518508911133
2017-08-25,46.90761184692383
2017-08-28,46.94211959838867
2017-08-29,46.68324279785156
2017-08-30,47.04566955566406
2017-08-31,47.33906173706055
2017-09-01,47.39945983886719
2017-09-05,47.572044372558594
2017-09-06,46.86445999145508
2017-09-07,46.139617919921875
2017-09-08,46.15686798095703
2017-09-11,46.61421203613281
2017-09-12,46.20002746582031
2017-09-13,46.847198486328125
2017-09-14,47.054290771484375
2017-09-15,47.175106048583984
2017-09-18,47.19235610961914
2017-09-19,47.131961822509766
2017-09-20,47.58930206298828
2017-09-21,47.4684944152832
2017-09-22,47.53752899169922
2017-09-25,47.416717529296875
2017-09-26,47.572044372558594
2017-09-27,47.451236724853516
2017-09-28,47.02841567993164
2017-09-29,46.346710205078125
2017-10-02,46.433006286621094
2017-10-03,46.58833312988281
2017-10-04,46.53657531738281
2017-10-05,47.114707946777344
2017-10-06,47.60655212402344
2017-10-09,47.47712707519531
2017-10-10,47.82228469848633
2017-10-11,48.01212692260742
2017-10-12,48.296878814697266
2017-10-13,48.081146240234375
2017-10-16,47.3822021484375
2017-10-17,47.03704071044922
2017-10-18,47.641075134277344
2017-10-19,47.80502700805664
2017-10-20,47.08881759643555
2017-10-23,46.82994842529297
2017-10-24,46.838565826416016
2017-10-25,46.73501205444336
2017-10-26,47.3822021484375
2017-10-27,47.35631561279297
2017-10-30,47.60655212402344
2017-10-31,47.32179260253906
2017-11-01,47.572044372558594
2017-11-02,47.34769058227539
2017-11-03,48.34865188598633
2017-11-06,48.814640045166016
2017-11-07,49.375518798828125
2017-11-08,49.97092819213867
2017-11-09,49.496315002441406
2017-11-10,49.22019577026367
2017-11-13,48.87501907348633
2017-11-14,49.12528610229492
2017-11-15,49.18600082397461
2017-11-16,49.654441833496094
2017-11-17,49.38553237915039
2017-11-20,49.28141403198242
2017-11-21,49.671783447265625
2017-11-22,49.567691802978516
2017-11-24,49.272743225097656
2017-11-27,48.50069808959961
2017-11-28,49.151302337646484
2017-11-29,49.8886604309082
2017-11-30,50.15756607055664
2017-12-01,49.723838806152344
2017-12-04,50.97299575805664
2017-12-05,51.476139068603516
2017-12-06,51.42409133911133
2017-12-07,51.30265426635742
2017-12-08,50.84288024902344
2017-12-11,51.24192428588867
2017-12-12,51.41542434692383
2017-12-13,51.60626220703125
2017-12-14,51.78843307495117
2017-12-15,50.56529235839844
2017-12-18,50.33973693847656
2017-12-19,50.322391510009766
2017-12-20,50.079498291015625
2017-12-21,49.94938278198242
2017-12-22,49.70648193359375
2017-12-26,49.567691802978516
2017-12-27,49.68046188354492
2017-12-28,50.14891052246094
2017-12-29,49.81924819946289
2018-01-02,49.99274826049805
2018-01-03,50.929622650146484
2018-01-04,51.12047576904297
2018-01-05,51.710357666015625
2018-01-08,51.45011901855469
2018-01-09,51.337345123291016
2018-01-10,51.89253234863281
2018-01-11,52.04867935180664
2018-01-12,52.39567184448242
2018-01-16,52.534461975097656
2018-01-17,52.621212005615234
2018-01-18,52.99423599243164
2018-01-19,53.14168930053711
2018-01-22,53.271820068359375
2018-01-23,53.51471710205078
2018-01-24,52.768680572509766
2018-01-25,52.525794982910156
2018-01-26,50.305049896240234
2018-01-29,49.463584899902344
2018-01-30,49.61106872558594
2018-01-31,49.28141403198242
2018-02-01,48.578758239746094
2018-02-02,48.37924575805664
2018-02-05,47.44236373901367
2018-02-06,48.24044418334961
2018-02-07,47.49909591674805
2018-02-08,46.89729309082031
2018-02-09,47.603759765625
2018-02-12,48.3015022277832
2018-02-13,48.55443572998047
2018-02-14,48.83353805541992
2018-02-15,49.348121643066406
2018-02-16,49.26091003417969
2018-02-20,48.81608200073242
2018-02-21,48.929481506347656
2018-02-22,48.318946838378906
2018-02-23,48.96434783935547
2018-02-26,49.86271286010742
2018-02-27,49.33940505981445
2018-02-28,49.80165481567383
2018-03-01,48.990516662597656
2018-03-02,49.65339660644531
2018-03-05,49.70570755004883
2018-03-06,49.7406120300293
2018-03-07,49.7406120300293
2018-03-08,50.124359130859375
2018-03-09,50.98781967163086
2018-03-12,51.80767822265625
2018-03-13,51.50241470336914
2018-03-14,51.3105354309082
2018-03-15,51.78151321411133
2018-03-16,51.45880889892578
2018-03-19,50.848270416259766
2018-03-20,51.16225814819336
2018-03-21,50.996543884277344
2018-03-22,50.386016845703125
2018-03-23,49.11263656616211
2018-03-26,50.41218948364258
2018-03-27,50.11564636230469
2018-03-28,50.49940872192383
2018-03-29,50.49067687988281
2018-04-02,49.051570892333984
2018-04-03,50.58662033081055
2018-04-04,51.3105354309082
2018-04-05,51.58091735839844
2018-04-06,50.883155822753906
2018-04-09,51.1971549987793
2018-04-10,51.816402435302734
2018-04-11,51.82511520385742
2018-04-12,51.83383560180664
2018-04-13,51.668121337890625
2018-04-16,51.83383560180664
2018-04-17,52.182716369628906
2018-04-18,51.894893646240234
2018-04-19,51.650691986083984
2018-04-20,50.58662033081055
2018-04-23,50.72616195678711
2018-04-24,50.42091751098633
2018-04-25,50.33369445800781
2018-04-26,51.79022216796875
2018-04-27,50.900611877441406
2018-04-30,50.21158218383789
2018-05-01,50.70000076293945
2018-05-02,49.45278549194336
2018-05-03,48.95563507080078
2018-05-04,50.30752182006836
2018-05-07,50.1069221496582
2018-05-08,50.29879379272461
2018-05-09,50.00947189331055
2018-05-10,50.544288635253906
2018-05-11,50.21113204956055
2018-05-14,50.08837890625
2018-05-15,49.65876770019531
2018-05-16,50.105918884277344
2018-05-17,50.14976119995117
2018-05-18,50.114681243896484
2018-05-21,50.27250289916992
2018-05-22,49.93933868408203
2018-05-23,50.40401077270508
2018-05-24,50.570579528808594
2018-05-25,50.78101348876953
2018-05-29,50.176055908203125
2018-05-30,50.39524459838867
2018-05-31,49.68508529663086
2018-06-01,49.8954963684082
2018-06-04,50.03578186035156
2018-06-05,48.817100524902344
2018-06-06,50.123451232910156
2018-06-07,50.09714889526367
2018-06-08,49.62369918823242
2018-06-11,49.51850128173828
2018-06-12,49.51850128173828
2018-06-13,49.281768798828125
2018-06-14,49.99192428588867
2018-06-15,50.07084655761719
2018-06-18,50.16728210449219
2018-06-19,50.35139846801758
2018-06-20,45.78356170654297
2018-06-21,44.380775451660156
2018-06-22,44.92436218261719
2018-06-25,44.41584777832031
2018-06-26,44.17036437988281
2018-06-27,43.69691467285156
2018-06-28,42.55714797973633
2018-06-29,42.828941345214844
2018-07-02,43.0130500793457
2018-07-03,42.7588005065918
2018-07-05,42.618534088134766
2018-07-06,42.942909240722656
2018-07-09,43.7495231628418
2018-07-10,44.20542526245117
2018-07-11,43.959938049316406
2018-07-12,44.05638122558594
2018-07-13,45.25752258300781
2018-07-16,44.66133499145508
2018-07-17,44.95942687988281
2018-07-18,44.84545135498047
2018-07-19,45.01203918457031
2018-07-20,44.635032653808594
2018-07-23,44.88051986694336
2018-07-24,44.86299133300781
2018-07-25,45.25752258300781
2018-07-26,45.10847091674805
2018-07-27,45.722198486328125
2018-07-30,45.50300979614258
2018-07-31,45.9326171875
2018-08-01,45.529319763183594
2018-08-02,45.310123443603516
2018-08-03,45.79232406616211
2018-08-06,45.65206527709961
2018-08-07,45.65206527709961
2018-08-08,45.510799407958984
2018-08-09,45.837459564208984
2018-08-10,45.47547912597656
2018-08-13,45.74034118652344
2018-08-14,46.428955078125
2018-08-15,46.57022476196289
2018-08-16,46.82624435424805
2018-08-17,47.28532028198242
2018-08-20,47.6031379699707
2018-08-21,47.67377853393555
2018-08-22,46.63200759887695
2018-08-23,46.49076461791992
2018-08-24,46.57022476196289
2018-08-27,46.76445388793945
2018-08-28,46.8350715637207
2018-08-29,47.01164245605469
2018-08-30,46.87922286987305
2018-08-31,47.18820571899414
2018-09-04,47.25884246826172
2018-09-05,47.48838806152344
2018-09-06,47.85917282104492
2018-09-07,48.43303298950195
2018-09-10,48.53014373779297
2018-09-11,48.66257095336914
2018-09-12,48.53014373779297
2018-09-13,48.45950698852539
2018-09-14,48.33591079711914
2018-09-17,48.17700958251953
2018-09-18,48.61843490600586
2018-09-19,48.93625259399414
2018-09-20,49.8191032409668
2018-09-21,50.7196044921875
2018-09-24,50.04863357543945
2018-09-25,50.234039306640625
2018-09-26,50.560691833496094
2018-09-27,50.62248992919922
2018-09-28,50.18107986450195
2018-10-01,49.06867218017578
2018-10-02,49.07750701904297
2018-10-03,48.9715690612793
2018-10-04,49.34236145019531
2018-10-05,49.22758483886719
2018-10-08,49.91621017456055
2018-10-09,50.94914627075195
2018-10-10,49.44829177856445
2018-10-11,48.43303298950195
2018-10-12,49.836753845214844
2018-10-15,50.10161209106445
2018-10-16,51.03743362426758
2018-10-17,52.17630386352539
2018-10-18,51.770198822021484
2018-10-19,51.78784942626953
2018-10-22,51.999732971191406
2018-10-23,51.9202766418457
2018-10-24,51.258140563964844
2018-10-25,52.052703857421875
2018-10-26,51.266971588134766
2018-10-29,51.531822204589844
2018-10-30,51.726051330566406
2018-10-31,51.443538665771484
2018-11-01,51.76136016845703
2018-11-02,56.784767150878906
2018-11-05,56.92603302001953
2018-11-06,58.27676773071289
2018-11-07,60.174903869628906
2018-11-08,60.66929244995117
2018-11-09,60.56334686279297
2018-11-12,59.954193115234375
2018-11-13,59.51276397705078
2018-11-14,59.503902435302734
2018-11-15,60.018714904785156
2018-11-16,60.497989654541016
2018-11-19,60.27608871459961
2018-11-20,59.628150939941406
2018-11-21,59.26423645019531
2018-11-23,58.31452560424805
2018-11-26,58.305660247802734
2018-11-27,58.651798248291016
2018-11-28,59.308624267578125
2018-11-29,59.361873626708984
2018-11-30,59.2198600769043
2018-12-03,59.91218566894531
2018-12-04,59.15773010253906
2018-12-06,59.0689811706543
2018-12-07,58.11037826538086
2018-12-10,58.12812805175781
2018-12-11,58.509788513183594
2018-12-12,58.696163177490234
2018-12-13,59.38850402832031
2018-12-14,57.9949951171875
2018-12-17,57.2227897644043
2018-12-18,57.62220764160156
2018-12-19,56.85887908935547
2018-12-20,55.16358184814453
2018-12-21,54.48902130126953
2018-12-24,53.752323150634766
2018-12-26,55.989044189453125
2018-12-27,56.09555435180664
2018-12-28,56.264198303222656
2018-12-31,57.16065979003906
2019-01-02,57.08964538574219
2019-01-03,54.613277435302734
2019-01-04,56.42396545410156
2019-01-07,56.42396545410156
2019-01-08,56.46833801269531
2019-01-09,56.6991081237793
2019-01-10,56.97426986694336
2019-01-11,56.56596755981445
2019-01-14,56.2464485168457
2019-01-15,56.87662887573242
2019-01-16,56.60148620605469
2019-01-17,57.054141998291016
2019-01-18,57.42693328857422
2019-01-22,58.039371490478516
2019-01-23,58.96245574951172
2019-01-24,57.462440490722656
2019-01-25,59.54826736450195
2019-01-28,59.379634857177734
2019-01-29,59.503902435302734
2019-01-30,60.489105224609375
2019-01-31,60.4802360534668
2019-02-01,60.45361328125
2019-02-04,59.983184814453125
2019-02-05,61.54534149169922
2019-02-06,61.429344177246094
2019-02-07,61.68809509277344
2019-02-08,62.23234176635742
2019-02-11,62.44648361206055
2019-02-12,62.23234176635742
2019-02-13,62.910430908203125
2019-02-14,63.20487976074219
2019-02-15,63.08889389038086
2019-02-19,62.63384246826172
2019-02-20,62.80338668823242
2019-02-21,63.07994842529297
2019-02-22,63.61527633666992
2019-02-25,63.39223861694336
2019-02-26,63.47252655029297
2019-02-27,62.5892448425293
2019-02-28,62.6873664855957
2019-03-01,63.21378707885742
2019-03-04,63.30302429199219
2019-03-05,63.8651008605957
2019-03-06,63.58852005004883
2019-03-07,62.999664306640625
2019-03-08,61.88438415527344
2019-03-11,62.16990280151367
2019-03-12,62.50001525878906
2019-03-13,62.54463195800781
2019-03-14,63.11564254760742
2019-03-15,63.05320358276367
2019-03-18,63.20487976074219
2019-03-19,63.686668395996094
2019-03-20,63.90971755981445
2019-03-21,64.47181701660156
2019-03-22,64.20415496826172
2019-03-25,64.50750732421875
2019-03-26,65.09638977050781
2019-03-27,64.90008544921875
2019-03-28,65.98860931396484
2019-03-29,66.32763671875
2019-04-01,65.98860931396484
2019-04-02,66.26519012451172
2019-04-03,66.31871032714844
2019-04-04,66.33656311035156
2019-04-05,66.94326782226562
2019-04-08,67.09494018554688
2019-04-09,67.02357482910156
2019-04-10,67.34478759765625
2019-04-11,67.69273376464844
2019-04-12,68.388671875
2019-04-15,67.95147705078125
2019-04-16,67.54105377197266
2019-04-17,67.02357482910156
2019-04-18,67.86226654052734
2019-04-22,67.27337646484375
2019-04-23,67.79979705810547
2019-04-24,68.15670013427734
2019-04-25,68.79907989501953
2019-04-26,69.10242462158203
2019-04-29,68.62065887451172
2019-04-30,69.30766296386719
2019-05-01,69.1649169921875
2019-05-02,69.12028503417969
2019-05-03,69.63777160644531
2019-05-06,69.64667510986328
2019-05-07,69.55747985839844
2019-05-08,69.9608383178711
2019-05-09,69.82638549804688
2019-05-10,70.29248809814453
2019-05-13,68.73282623291016
2019-05-14,69.07343292236328
2019-05-15,69.7009048461914
2019-05-16,70.7227554321289
2019-05-17,70.73172760009766
2019-05-20,68.71489715576172
2019-05-21,69.4947280883789
2019-05-22,69.24376678466797
2019-05-23,68.49081420898438
2019-05-24,68.25775146484375
2019-05-28,67.8543930053711
2019-05-29,67.47791290283203
2019-05-30,68.27568054199219
2019-05-31,68.17708587646484
2019-06-03,68.32051086425781
2019-06-04,70.38212585449219
2019-06-05,71.6728744506836
2019-06-06,72.96363067626953
2019-06-07,73.93170166015625
2019-06-10,73.43872833251953
2019-06-11,73.83311462402344
2019-06-12,74.3350830078125
2019-06-13,74.71154022216797
2019-06-14,75.50930786132812
2019-06-17,74.4157485961914
2019-06-18,74.32610321044922
2019-06-19,75.12386322021484
2019-06-20,75.91267395019531
2019-06-21,75.13282775878906
2019-06-24,74.98043823242188
2019-06-25,75.51826477050781
2019-06-26,74.73841857910156
2019-06-27,74.8997802734375
2019-06-28,75.14179992675781
2019-07-01,75.78717803955078
2019-07-02,76.64766693115234
2019-07-03,78.6913833618164
2019-07-05,78.6913833618164
2019-07-08,78.37765502929688
2019-07-09,78.18942260742188
2019-07-10,79.22021484375
2019-07-11,79.83873748779297
2019-07-12,80.4661636352539
2019-07-15,80.81575012207031
2019-07-16,80.7440414428711
2019-07-17,80.89643096923828
2019-07-18,82.0168685913086
2019-07-19,80.94123840332031
2019-07-22,81.49698638916016
2019-07-23,80.77091979980469
2019-07-24,81.25495910644531
2019-07-25,81.55076599121094
2019-07-26,88.8381576538086
2019-07-29,87.86112976074219
2019-07-30,86.63311767578125
2019-07-31,84.87625122070312
2019-08-01,85.4947509765625
2019-08-02,85.61126708984375
2019-08-05,83.98884582519531
2019-08-06,85.45887756347656
2019-08-07,85.67484283447266
2019-08-08,86.61956024169922
2019-08-09,86.64657592773438
2019-08-12,85.3958969116211
2019-08-13,86.94348907470703
2019-08-14,85.40489959716797
2019-08-15,85.95375061035156
2019-08-16,86.84452056884766
2019-08-19,86.9704818725586
2019-08-20,86.0437240600586
2019-08-21,86.6645736694336
2019-08-22,86.8175277709961
2019-08-23,85.20694732666016
2019-08-26,86.8265151977539
2019-08-27,86.45762634277344
2019-08-28,87.33940887451172
2019-08-29,87.90621948242188
2019-08-30,86.88050842285156
2019-09-03,87.0694580078125
2019-09-04,86.47562408447266
2019-09-05,85.9807357788086
2019-09-06,86.14271545410156
2019-09-09,84.72109985351562
2019-09-10,81.29300689697266
2019-09-11,81.85986328125
2019-09-12,82.83160400390625
2019-09-13,81.40998840332031
2019-09-16,80.45623779296875
2019-09-17,81.65290069580078
2019-09-18,81.84185791015625
2019-09-19,82.38172149658203
2019-09-20,81.04108428955078
2019-09-23,81.70689392089844
2019-09-24,80.9061279296875
2019-09-25,81.29300689697266
2019-09-26,80.79815673828125
2019-09-27,79.51148223876953
2019-09-30,79.55648040771484
2019-10-01,77.83795166015625
2019-10-02,75.86748504638672
2019-10-03,76.18241119384766
2019-10-04,77.30709838867188
2019-10-07,77.2441177368164
2019-10-08,76.39836120605469
2019-10-09,77.2441177368164
2019-10-10,77.34308624267578
2019-10-11,77.70298767089844
2019-10-14,77.93694305419922
2019-10-15,77.78396606445312
2019-10-16,78.0179214477539
2019-10-17,77.6399917602539
2019-10-18,77.40606689453125
2019-10-21,76.79422760009766
2019-10-22,75.09370422363281
2019-10-23,74.44586944580078
2019-10-24,74.84174346923828
2019-10-25,75.02172088623047
2019-10-28,75.21966552734375
2019-10-29,75.69651794433594
2019-10-30,75.75052642822266
2019-10-31,76.08341979980469
2019-11-01,74.86873626708984
2019-11-04,74.11296844482422
2019-11-05,73.68106079101562
2019-11-06,74.67080688476562
2019-11-07,73.73506927490234
2019-11-08,73.57310485839844
2019-11-11,74.16695404052734
2019-11-12,75.34247589111328
2019-11-13,75.90311431884766
2019-11-14,76.30097198486328
2019-11-15,76.14725494384766
2019-11-18,75.9754638671875
2019-11-19,75.64990234375
2019-11-20,75.59567260742188
2019-11-21,74.42012023925781
2019-11-22,75.0711898803711
2019-11-25,75.73131561279297
2019-11-26,76.46373748779297
2019-11-27,77.55789184570312
2019-11-29,77.25045013427734
2019-12-02,76.47278594970703
2019-12-03,76.69884490966797
2019-12-04,77.22332000732422
2019-12-05,76.3642807006836
2019-12-06,78.05522918701172
2019-12-09,78.0190658569336
2019-12-10,77.80204772949219
2019-12-11,78.29937744140625
2019-12-12,79.7642593383789
2019-12-13,80.18023681640625
2019-12-16,80.27970886230469
2019-12-17,79.69194030761719
2019-12-18,79.56532287597656
2019-12-19,80.04459381103516
2019-12-20,79.99032592773438
2019-12-23,79.78236389160156
2019-12-24,80.04459381103516
2019-12-26,79.64673614501953
2019-12-27,79.69194030761719
2019-12-30,79.06800079345703
2019-12-31,79.50202941894531
2020-01-02,80.79512786865234
2020-01-03,80.32492065429688
2020-01-06,79.69194030761719
2020-01-07,79.44779205322266
2020-01-08,80.37013244628906
2020-01-09,81.8621597290039
2020-01-10,81.5275650024414
2020-01-13,82.35948181152344
2020-01-14,82.27810668945312
2020-01-15,82.77545166015625
2020-01-16,83.71585845947266
2020-01-17,84.65630340576172
2020-01-21,83.67066955566406
2020-01-22,83.67066955566406
2020-01-23,84.77385711669922
2020-01-24,83.2185287475586
2020-01-27,80.23448944091797
2020-01-28,80.11695098876953
2020-01-29,78.41694641113281
2020-01-30,77.62120056152344
2020-01-31,76.7078857421875
2020-02-03,77.77491760253906
2020-02-04,79.91798400878906
2020-02-05,79.54552459716797
2020-02-06,78.26458740234375
2020-02-07,78.50987243652344
2020-02-10,79.51826477050781
2020-02-11,79.50010681152344
2020-02-12,80.46307373046875
2020-02-13,81.6985855102539
2020-02-14,81.10809326171875
2020-02-18,81.06268310546875
2020-02-19,81.88938903808594
2020-02-20,80.49034118652344
2020-02-21,79.36383056640625
2020-02-24,76.78377532958984
2020-02-25,74.66706085205078
2020-02-26,73.28617095947266
2020-02-27,71.12401580810547
2020-02-28,71.2511978149414
2020-03-02,74.83965301513672
2020-03-03,71.40562438964844
2020-03-04,72.3777084350586
2020-03-05,69.21623992919922
2020-03-06,68.44403076171875
2020-03-09,64.34687042236328
2020-03-10,68.0170669555664
2020-03-11,62.04841613769531
2020-03-12,56.41590118408203
2020-03-13,63.520145416259766
2020-03-16,53.2271842956543
2020-03-17,53.58147430419922
2020-03-18,51.17404556274414
2020-03-19,55.78907012939453
2020-03-20,52.71843338012695
2020-03-23,51.3739128112793
2020-03-24,58.94144821166992
2020-03-25,59.78633117675781
2020-03-26,63.501976013183594
2020-03-27,60.26781463623047
2020-03-30,61.64869689941406
2020-03-31,59.72272872924805
2020-04-01,56.88832092285156
2020-04-02,59.050479888916016
2020-04-03,57.27895736694336
2020-04-06,61.58509826660156
2020-04-07,62.420875549316406
2020-04-08,65.01909637451172
2020-04-09,67.11766815185547
2020-04-13,65.19172668457031
2020-04-14,66.9268798828125
2020-04-15,65.90941619873047
2020-04-16,66.78154754638672
2020-04-17,70.04296112060547
2020-04-20,68.42587280273438
2020-04-21,66.06385803222656
2020-04-22,70.36090087890625
2020-04-23,68.27142333984375
2020-04-24,68.6620864868164
2020-04-27,70.62435913085938
2020-04-28,71.48741912841797
2020-04-29,69.82490539550781
2020-04-30,69.70681762695312
2020-05-01,67.03589630126953
2020-05-04,65.30982208251953
2020-05-05,66.2273941040039
2020-05-06,66.28187561035156
2020-05-07,69.4338150024414
2020-05-08,71.14225769042969
2020-05-11,69.3150634765625
2020-05-12,67.9263687133789
2020-05-13,67.25943756103516
2020-05-14,67.78020477294922
2020-05-15,67.75277709960938
2020-05-18,69.64393615722656
2020-05-19,69.30590057373047
2020-05-20,71.041748046875
2020-05-21,71.30670166015625
2020-05-22,70.91385650634766
2020-05-26,71.041748046875
2020-05-27,71.80917358398438
2020-05-28,71.75436401367188
2020-05-29,71.25187683105469
2020-06-01,71.55335235595703
2020-06-02,71.06002807617188
2020-06-03,72.70452117919922
2020-06-04,71.93708801269531
2020-06-05,75.0433349609375
2020-06-08,76.34065246582031
2020-06-09,75.25346374511719
2020-06-10,72.1837387084961
2020-06-11,66.3001480102539
2020-06-12,69.78096771240234
2020-06-15,70.31085968017578
2020-06-16,71.1148452758789
2020-06-17,70.43878173828125
2020-06-18,69.71702575683594
2020-06-19,68.8856430053711
2020-06-22,68.8856430053711
2020-06-23,68.9678726196289
2020-06-24,67.27770233154297
2020-06-25,67.46957397460938
2020-06-26,65.38655090332031
2020-06-29,67.13153076171875
2020-06-30,67.23202514648438
2020-07-01,67.6340103149414
2020-07-02,67.40560913085938
2020-07-06,68.92221069335938
2020-07-07,67.83499908447266
2020-07-08,67.73451232910156
2020-07-09,67.21375274658203
2020-07-10,67.87155151367188
2020-07-13,66.37325286865234
2020-07-14,66.44631958007812
2020-07-15,69.0775146484375
2020-07-16,67.96292114257812
2020-07-17,67.75277709960938
2020-07-20,68.48365783691406
2020-07-21,68.92221069335938
2020-07-22,70.56668090820312
2020-07-23,68.84909057617188
2020-07-24,69.2328109741211
2020-07-27,69.85406494140625
2020-07-28,68.1913070678711
2020-07-29,70.73111724853516
2020-07-30,70.0185317993164
2020-07-31,69.91800689697266
2020-08-03,68.97701263427734
2020-08-04,68.63896942138672
2020-08-05,69.2328109741211
2020-08-06,69.49920654296875
2020-08-07,69.61862182617188
2020-08-10,71.16181182861328
2020-08-11,72.44782257080078
2020-08-12,72.83362579345703
2020-08-13,72.58558654785156
2020-08-14,71.9885482788086
2020-08-17,72.52129364013672
2020-08-18,72.55805206298828
2020-08-19,71.30878448486328
2020-08-20,70.93215942382812
2020-08-21,70.79440307617188
2020-08-24,72.27327728271484
2020-08-25,75.98432922363281
2020-08-26,75.69956970214844
2020-08-27,76.6181411743164
2020-08-28,78.07867431640625
2020-08-31,77.59182739257812
2020-09-01,79.04316711425781
2020-09-02,81.15589141845703
2020-09-03,79.43817138671875
2020-09-04,79.2452621459961
2020-09-08,78.4552993774414
2020-09-09,78.86864471435547
2020-09-10,77.96844482421875
2020-09-11,78.32667541503906
2020-09-14,79.57594299316406
2020-09-15,80.5679931640625
2020-09-16,81.18344116210938
2020-09-17,79.68616485595703
2020-09-18,78.03275299072266
2020-09-21,77.05904388427734
2020-09-22,77.11416625976562
2020-09-23,76.23233795166016
2020-09-24,76.27827453613281
2020-09-25,77.43567657470703
2020-09-28,79.06155395507812
2020-09-29,77.89496612548828
2020-09-30,78.92375183105469
2020-10-01,79.67699432373047
2020-10-02,79.52082824707031
2020-10-05,81.26611328125
2020-10-06,79.92500305175781
2020-10-07,81.24774932861328
2020-10-08,82.23980712890625
2020-10-09,82.68071746826172
2020-10-12,83.38803100585938
2020-10-13,82.81851196289062
2020-10-14,82.03770446777344
2020-10-15,81.5968017578125
2020-10-16,81.3120346069336
2020-10-19,80.46695709228516
2020-10-20,81.30286407470703
2020-10-21,81.08240509033203
2020-10-22,82.08364868164062
2020-10-23,83.40640258789062
2020-10-26,82.35921478271484
2020-10-27,82.71747589111328
2020-10-28,80.07196807861328
2020-10-29,81.10994720458984
2020-10-30,79.87906646728516
2020-11-02,78.96968841552734
2020-11-03,81.192626953125
2020-11-04,82.4786376953125
2020-11-05,83.24105834960938
2020-11-06,83.26860046386719
2020-11-09,88.07276153564453
2020-11-10,86.67915344238281
2020-11-11,87.71281433105469
2020-11-12,86.3192367553711
2020-11-13,88.19271087646484
2020-11-16,90.24156951904297
2020-11-17,90.99835205078125
2020-11-18,90.3615493774414
2020-11-19,90.22311401367188
2020-11-20,89.53093719482422
2020-11-23,89.41094970703125
2020-11-24,90.72148132324219
2020-11-25,90.62918853759766
2020-11-27,91.05372619628906
2020-11-30,90.46304321289062
2020-12-01,91.20138549804688
2020-12-02,91.28446960449219
2020-12-03,92.39195251464844
2020-12-04,94.3946304321289
2020-12-07,93.59170532226562
2020-12-08,93.40713500976562
2020-12-09,92.65958404541016
2020-12-10,97.2648696899414
2020-12-11,95.05912017822266
2020-12-14,95.35445404052734
2020-12-15,96.14815521240234
2020-12-16,95.30830383300781
2020-12-17,95.2529296875
2020-12-18,95.31755828857422
2020-12-21,95.0037612915039
2020-12-22,94.5146255493164
2020-12-23,94.19158172607422
2020-12-24,94.14546203613281
2020-12-28,96.29580688476562
2020-12-29,97.48635864257812
2020-12-30,97.80015563964844
2020-12-31,98.73228454589844
2021-01-04,95.15141296386719
2021-01-05,95.46520233154297
2021-01-06,96.15737915039062
2021-01-07,95.38214111328125
2021-01-08,97.52327728271484
2021-01-11,96.53575897216797
2021-01-12,94.89299774169922
2021-01-13,94.95759582519531
2021-01-14,93.97010803222656
2021-01-15,94.44078063964844
2021-01-19,94.63459777832031
2021-01-20,97.32945251464844
2021-01-21,96.51731872558594
2021-01-22,95.89898681640625
2021-01-25,95.47443389892578
2021-01-26,96.61881256103516
2021-01-27,90.32463836669922
2021-01-28,90.58306121826172
2021-01-29,89.34635925292969
2021-02-01,90.97991180419922
2021-02-02,93.81320190429688
2021-02-03,93.2317886352539
2021-02-04,95.64979553222656
2021-02-05,98.27083587646484
2021-02-08,98.06779479980469
2021-02-09,98.0308837890625
2021-02-10,97.70785522460938
2021-02-11,97.69863891601562
2021-02-12,97.18180847167969
2021-02-16,97.96629333496094
2021-02-17,96.79847717285156
2021-02-18,97.28968048095703
2021-02-19,95.80674743652344
2021-02-22,94.36088562011719
2021-02-23,93.9531021118164
2021-02-24,96.74285888671875
2021-02-25,95.89942932128906
2021-02-26,100.12579345703125
2021-03-01,99.0506591796875
2021-03-02,99.35652160644531
2021-03-03,98.44822692871094
2021-03-04,97.21553802490234
2021-03-05,97.50286865234375
2021-03-08,97.34529113769531
2021-03-09,98.75407409667969
2021-03-10,99.89408874511719
2021-03-11,99.4677505493164
2021-03-12,99.92189025878906
2021-03-15,100.93213653564453
2021-03-16,103.19361877441406
2021-03-17,102.37799835205078
2021-03-18,99.74581146240234
2021-03-19,98.55944061279297
2021-03-22,99.69944763183594
2021-03-23,98.47603607177734
2021-03-24,97.28968048095703
2021-03-25,99.49555206298828
2021-03-26,101.85897827148438
2021-03-29,101.14530181884766
2021-03-30,102.2018814086914
2021-03-31,101.27507019042969
2021-04-01,101.37702941894531
2021-04-05,102.89701843261719
2021-04-06,104.87118530273438
2021-04-07,104.90826416015625
2021-04-08,104.76924133300781
2021-04-09,104.89897918701172
2021-04-12,105.4828872680664
2021-04-13,106.91947937011719
2021-04-14,106.73412322998047
2021-04-15,108.1243667602539
2021-04-16,109.68144989013672
2021-04-19,108.99559020996094
2021-04-20,107.76289367675781
2021-04-21,108.1985092163086
2021-04-22,107.43850708007812
2021-04-23,108.95850372314453
2021-04-26,107.43850708007812
2021-04-27,107.65168762207031
2021-04-28,104.17605590820312
2021-04-29,106.24288940429688
2021-04-30,106.11312866210938
2021-05-03,107.25313568115234
2021-05-04,105.76092529296875
2021-05-05,105.17703247070312
2021-05-06,106.3448486328125
2021-05-07,105.97410583496094
2021-05-10,105.93702697753906
2021-05-11,105.24190521240234
2021-05-12,102.1618881225586
2021-05-13,102.81326293945312
2021-05-14,103.47391510009766
2021-05-17,103.26921844482422
2021-05-18,103.35295867919922
2021-05-19,102.05022430419922
2021-05-20,103.6693344116211
2021-05-21,103.21337890625
2021-05-24,104.70221710205078
2021-05-25,104.8045654296875
2021-05-26,105.00928497314453
2021-05-27,105.6234359741211
2021-05-28,105.96771240234375
2021-06-01,105.4652328491211
2021-06-02,105.14887237548828
2021-06-03,103.39949035644531
2021-06-04,104.20904541015625
2021-06-07,103.59489440917969
2021-06-08,103.77169799804688
2021-06-09,103.65071868896484
2021-06-10,104.41374969482422
2021-06-11,104.73942565917969
2021-06-14,104.63707733154297
2021-06-15,104.11597442626953
2021-06-16,103.622802734375
2021-06-17,103.65071868896484
2021-06-18,102.07813262939453
2021-06-21,103.25989532470703
2021-06-22,104.0787582397461
2021-06-23,103.80891418457031
2021-06-24,104.20904541015625
2021-06-25,105.18608093261719
2021-06-28,104.441650390625
2021-06-29,104.4695816040039
2021-06-30,104.04154205322266
2021-07-01,105.53038024902344
2021-07-02,106.98199462890625
2021-07-06,107.6891860961914
2021-07-07,109.00121307373047
2021-07-08,107.93111419677734
2021-07-09,109.30828857421875
2021-07-12,110.22949981689453
2021-07-13,111.2437744140625
2021-07-14,111.47640228271484
2021-07-15,110.70406341552734
2021-07-16,110.48075866699219
2021-07-19,107.30767059326172
2021-07-20,109.26175689697266
2021-07-21,110.98322296142578
2021-07-22,114.10978698730469
2021-07-23,117.21770477294922
2021-07-26,117.30146026611328
2021-07-27,117.2735595703125
2021-07-28,113.90506744384766
2021-07-29,113.87715148925781
2021-07-30,112.99314880371094
2021-08-02,112.00679779052734
2021-08-03,110.85295104980469
2021-08-04,110.03409576416016
2021-08-05,110.75989532470703
2021-08-06,110.77851104736328
2021-08-09,109.74563598632812
2021-08-10,108.3033218383789
2021-08-11,108.82643127441406
2021-08-12,108.12584686279297
2021-08-13,109.06932067871094
2021-08-16,109.79793548583984
2021-08-17,108.89183807373047
2021-08-18,108.06045532226562
2021-08-19,106.79002380371094
2021-08-20,107.07960510253906
2021-08-23,107.56535339355469
2021-08-24,107.49998474121094
2021-08-25,107.95770263671875
2021-08-26,106.79002380371094
2021-08-27,107.5373306274414
2021-08-30,107.99507904052734
2021-08-31,109.751220703125
2021-09-01,109.7138671875
2021-09-02,109.6391372680664
2021-09-03,109.47099304199219
2021-09-07,108.16322326660156
2021-09-08,110.26500701904297
2021-09-09,110.9655990600586
2021-09-10,111.47938537597656
2021-09-13,111.32992553710938
2021-09-14,111.03099822998047
2021-09-15,107.08895874023438
2021-09-16,107.11697387695312
2021-09-17,105.93998718261719
2021-09-20,104.45469665527344
2021-09-21,104.82835388183594
2021-09-22,105.62236785888672
2021-09-23,106.62188720703125
2021-09-24,106.59385681152344
2021-09-27,106.19219207763672
2021-09-28,104.3519515991211
2021-09-29,104.78164672851562
2021-09-30,103.04415893554688
2021-10-01,105.48224639892578
2021-10-04,104.11840057373047
2021-10-05,103.54859161376953
2021-10-06,104.28656005859375
2021-10-07,104.81901550292969
2021-10-08,103.89421844482422
2021-10-11,103.63265228271484
2021-10-12,103.68870544433594
2021-10-13,103.46450805664062
2021-10-14,104.50141143798828
2021-10-15,104.10906982421875
2021-10-18,105.90260314941406
2021-10-19,106.01470184326172
2021-10-20,106.3603286743164
2021-10-21,106.9021224975586
2021-10-22,107.00489807128906
2021-10-25,107.15435028076172
2021-10-26,107.35052490234375
2021-10-27,106.03340911865234
2021-10-28,105.7437973022461
2021-10-29,99.08344268798828
2021-11-01,102.56774139404297
2021-11-02,104.10906982421875
2021-11-03,105.19265747070312
2021-11-04,104.7723159790039
2021-11-05,109.2094497680664
2021-11-08,107.57471466064453
2021-11-09,106.612548828125
2021-11-10,106.24667358398438
2021-11-11,104.54861450195312
2021-11-12,104.81127166748047
2021-11-15,104.9520034790039
2021-11-16,105.28973388671875
2021-11-17,105.56179809570312
2021-11-18,105.9183120727539
2021-11-19,103.92940521240234
2021-11-22,104.55796813964844
2021-11-23,106.5562515258789
2021-11-24,106.9221420288086
2021-11-26,103.81682586669922
2021-11-29,103.88249969482422
2021-11-30,102.85990905761719
2021-12-01,101.94050598144531
2021-12-02,104.52983093261719
2021-12-03,104.3609619140625
2021-12-06,106.34986114501953
2021-12-07,109.07051849365234
2021-12-08,109.0611343383789
2021-12-09,108.21680450439453
2021-12-10,109.51146697998047
2021-12-13,108.413818359375
2021-12-14,107.61637878417969
2021-12-15,107.58821868896484
2021-12-16,106.56564331054688
2021-12-17,101.91236877441406
2021-12-20,101.40574645996094
2021-12-21,103.54476165771484
2021-12-22,104.83003997802734
2021-12-23,105.42108917236328
2021-12-27,107.15668487548828
2021-12-28,108.4231948852539
2021-12-29,109.18310546875
2021-12-30,109.05176544189453
2021-12-31,109.73662567138672
2022-01-03,109.46455383300781
2022-01-04,107.17543029785156
2022-01-05,103.61043548583984
2022-01-06,104.26713562011719
2022-01-07,100.91791534423828
2022-01-10,99.47313690185547
2022-01-11,97.60620880126953
2022-01-12,97.44672393798828
2022-01-13,96.067626953125
2022-01-14,93.92861938476562
2022-01-18,91.68640899658203
2022-01-19,90.87960052490234
2022-01-20,89.80070495605469
2022-01-21,90.35421752929688
2022-01-24,92.03353118896484
2022-01-25,91.01094055175781
2022-01-26,89.66936492919922
2022-01-27,89.42544555664062
2022-01-28,91.19855499267578
2022-01-31,92.23992919921875
2022-02-01,92.65271759033203
2022-02-02,91.68640899658203
2022-02-03,90.0071029663086
2022-02-04,89.125244140625
2022-02-07,89.3034896850586
2022-02-08,89.05017852783203
2022-02-09,91.12350463867188
2022-02-10,89.86943817138672
2022-02-11,88.37962341308594
2022-02-14,88.30419158935547
2022-02-15,89.11510467529297
2022-02-16,89.7468490600586
2022-02-17,87.73844909667969
2022-02-18,88.01188659667969
2022-02-22,87.79502868652344
2022-02-23,84.53251647949219
2022-02-24,85.81489562988281
2022-02-25,87.29527282714844
2022-02-28,86.55036926269531
2022-03-01,84.99455261230469
2022-03-02,87.47442626953125
2022-03-03,86.30520629882812
2022-03-04,84.89083862304688
2022-03-07,79.63878631591797
2022-03-08,79.20503997802734
2022-03-09,82.59954071044922
2022-03-10,82.18466186523438
2022-03-11,78.0075454711914
2022-03-14,74.76390838623047
2022-03-15,78.37528228759766
2022-03-16,82.42039489746094
2022-03-17,82.65613555908203
2022-03-18,84.48538208007812
2022-03-21,81.90179443359375
2022-03-22,82.87300109863281
2022-03-23,81.29832458496094
2022-03-24,82.1469497680664
2022-03-25,82.4581069946289
2022-03-28,83.33502197265625
2022-03-29,86.02234649658203
2022-03-30,85.83374786376953
2022-03-31,85.77718353271484
2022-04-01,86.26750183105469
2022-04-04,83.06156921386719
2022-04-05,79.31819152832031
2022-04-06,78.60157775878906
2022-04-07,78.37528228759766
2022-04-08,76.86659240722656
2022-04-11,76.07455444335938
2022-04-12,75.23535919189453
2022-04-13,76.30085754394531
2022-04-14,74.96190643310547
2022-04-18,75.05622100830078
2022-04-19,76.58373260498047
2022-04-20,75.59367370605469
2022-04-21,74.45275115966797
2022-04-22,73.47211456298828
2022-04-25,73.52867889404297
2022-04-26,71.31282806396484
2022-04-27,70.47362518310547
2022-04-28,72.20858001708984
2022-04-29,70.37933349609375
2022-05-02,71.06765747070312
2022-05-03,70.08704376220703
2022-05-04,76.97976684570312
2022-05-05,73.05722045898438
2022-05-06,72.15201568603516
2022-05-09,69.29498291015625
2022-05-10,67.75802612304688
2022-05-11,66.06077575683594
2022-05-12,66.3741455078125
2022-05-13,71.78662109375
2022-05-16,68.76700592041016
2022-05-17,70.00144958496094
2022-05-18,67.68452453613281
2022-05-19,68.3017349243164
2022-05-20,69.6880874633789
2022-05-23,69.71658325195312
2022-05-24,69.0518798828125
2022-05-25,68.8239974975586
2022-05-26,70.73259735107422
2022-05-27,72.84062957763672
2022-05-31,74.54032897949219
2022-06-01,72.43231201171875
2022-06-02,75.41393280029297
2022-06-03,75.06259155273438
2022-06-06,74.9961166381836
2022-06-07,75.4614028930664
2022-06-08,74.51185607910156
2022-06-09,74.92965698242188
2022-06-10,71.85308837890625
2022-06-13,68.71005249023438
2022-06-14,68.6625747680664
2022-06-15,70.44773864746094
2022-06-16,67.37116241455078
2022-06-17,68.24475860595703
2022-06-21,69.27977752685547
2022-06-22,69.6026382446289
2022-06-23,71.40679168701172
2022-06-24,74.16999816894531
2022-06-27,73.76170349121094
2022-06-28,72.48928833007812
2022-06-29,72.5747299194336
2022-06-30,72.53675842285156
2022-07-01,75.26199340820312
2022-07-05,75.50887298583984
2022-07-06,74.88216400146484
2022-07-07,75.24300384521484
2022-07-08,75.28099060058594
2022-07-11,73.97059631347656
2022-07-12,73.83765411376953
2022-07-13,73.98958587646484
2022-07-14,74.2554702758789
2022-07-15,75.60383605957031
2022-07-18,76.18305969238281
2022-07-19,78.38605499267578
2022-07-20,79.06971740722656
2022-07-21,79.32610321044922
2022-07-22,79.37358856201172
2022-07-25,77.38900756835938
2022-07-26,76.259033203125
2022-07-27,78.77536010742188
2022-07-28,80.39910888671875
2022-07-29,80.50357055664062
2022-08-01,80.62700653076172
2022-08-02,79.48753356933594
2022-08-03,82.86795043945312
2022-08-04,82.49762725830078
2022-08-05,81.40564727783203
2022-08-08,81.39615631103516
2022-08-09,80.5605239868164
2022-08-10,82.1272964477539
2022-08-11,83.34011840820312
2022-08-12,84.3332748413086
2022-08-15,85.1449966430664
2022-08-16,85.37419128417969
2022-08-17,84.3714828491211
2022-08-18,84.56246948242188
2022-08-19,83.00587463378906
2022-08-22,81.12459564208984
2022-08-23,80.87630462646484
2022-08-24,82.17506408691406
2022-08-25,83.45470428466797
2022-08-26,80.27466583251953
2022-08-29,80.33197021484375
2022-08-30,79.65393829345703
2022-08-31,80.28422546386719
2022-09-01,81.55432891845703
2022-09-02,79.20510864257812
2022-09-06,80.71394348144531
2022-09-07,84.3332748413086
2022-09-08,85.43150329589844
2022-09-09,84.69618225097656
2022-09-12,85.0590591430664
2022-09-13,83.88445281982422
2022-09-14,88.52558898925781
2022-09-15,88.06721496582031
2022-09-16,87.19818115234375
2022-09-19,87.99081420898438
2022-09-20,86.70159912109375
2022-09-21,84.61022186279297
2022-09-22,80.8858413696289
2022-09-23,80.37971496582031
2022-09-26,80.99089050292969
2022-09-27,80.48475646972656
2022-09-28,83.18731689453125
2022-09-29,82.67162322998047
2022-09-30,80.46565246582031
2022-10-03,81.7644271850586
2022-10-04,84.5242691040039
2022-10-05,86.0617904663086
2022-10-06,85.32645416259766
2022-10-07,83.11093139648438
2022-10-10,83.13957214355469
2022-10-11,82.32783508300781
2022-10-12,82.95813751220703
2022-10-13,85.34555053710938
2022-10-14,82.48065185546875
2022-10-17,84.89672088623047
2022-10-18,84.95401000976562
2022-10-19,83.57884979248047
2022-10-20,82.88172912597656
2022-10-21,84.6197738647461
2022-10-24,79.9881820678711
2022-10-25,81.37287902832031
2022-10-26,82.02226257324219
2022-10-27,81.43973541259766
2022-10-28,83.17776489257812
2022-10-31,82.69073486328125
2022-11-01,83.17776489257812
2022-11-02,80.77124786376953
2022-11-03,80.86675262451172
2022-11-04,87.72341918945312
2022-11-07,86.37690734863281
2022-11-08,88.57334899902344
2022-11-09,88.00667572021484
2022-11-10,92.4535903930664
2022-11-11,93.52930450439453
2022-11-14,93.5677261352539
2022-11-15,93.96150207519531
2022-11-16,93.23157501220703
2022-11-17,93.1355209350586
2022-11-18,94.0767593383789
2022-11-21,94.43214416503906
2022-11-22,94.53778076171875
2022-11-23,95.58467864990234
2022-11-25,95.62309265136719
2022-11-28,94.7586898803711
2022-11-29,94.7586898803711
2022-11-30,98.15870666503906
2022-12-01,99.2824478149414
2022-12-02,100.8960189819336
2022-12-05,99.45532989501953
2022-12-06,98.04344940185547
2022-12-07,97.84175109863281
2022-12-08,99.63780212402344
2022-12-09,97.7649154663086
2022-12-12,98.6389389038086
2022-12-13,98.072265625
2022-12-14,98.14909362792969
2022-12-15,96.03609466552734
2022-12-16,94.92195892333984
2022-12-19,94.41292572021484
2022-12-20,94.12478637695312
2022-12-21,94.76829528808594
2022-12-22,93.89427947998047
2022-12-23,94.38409423828125
2022-12-27,95.27733612060547
2022-12-28,94.70106506347656
2022-12-29,95.82478332519531
2022-12-30,95.27733612060547
2023-01-03,96.84288024902344
2023-01-04,100.32933807373047
2023-01-05,100.30052947998047
2023-01-06,102.47115325927734
2023-01-09,100.5982666015625
2023-01-10,101.80844116210938
2023-01-11,102.09658813476562
2023-01-12,101.66436767578125
2023-01-13,102.98981475830078
2023-01-17,102.52879333496094
2023-01-18,100.84798431396484
2023-01-19,100.13725280761719
2023-01-20,100.88640594482422
2023-01-23,102.01012420654297
2023-01-24,102.42314147949219
2023-01-25,102.74969482421875
2023-01-26,104.45930480957031
2023-01-27,104.70902252197266
2023-01-30,104.1135482788086
2023-01-31,104.82427978515625
2023-02-01,105.64066314697266
2023-02-02,104.83387756347656
2023-02-03,100.17567443847656
2023-02-06,100.86719512939453
2023-02-07,102.60562133789062
2023-02-08,102.09658813476562
2023-02-09,102.36685943603516
2023-02-10,103.3707275390625
2023-02-13,104.75105285644531
2023-02-14,104.22982788085938
2023-02-15,105.21438598632812
2023-02-16,103.80510711669922
2023-02-17,103.38038635253906
2023-02-21,101.14096069335938
2023-02-22,101.13130950927734
2023-02-23,99.9150619506836
2023-02-24,98.07140350341797
2023-02-27,98.88224029541016
2023-02-28,98.54438781738281
2023-03-01,97.90731048583984
2023-03-02,99.43244171142578
2023-03-03,100.9189453125
2023-03-06,101.3436508178711
2023-03-07,99.75096893310547
2023-03-08,98.94014739990234
2023-03-09,96.81655883789062
2023-03-10,95.92849731445312
2023-03-13,95.63892364501953
2023-03-14,96.00572204589844
2023-03-15,95.889892578125
2023-03-16,96.9420394897461
2023-03-17,95.2721176147461
2023-03-20,96.3821792602539
2023-03-21,97.0482177734375
2023-03-22,95.67753601074219
2023-03-23,95.00183868408203
2023-03-24,94.92462921142578
2023-03-27,95.23351287841797
2023-03-28,95.29141998291016
2023-03-29,97.12544250488281
2023-03-30,97.80113220214844
2023-03-31,100.51353454589844
2023-04-03,101.20853424072266
2023-04-04,100.3880615234375
2023-04-05,101.25679779052734
2023-04-06,101.04444885253906
2023-04-10,101.10234832763672
2023-04-11,102.06761932373047
2023-04-12,101.93247985839844
2023-04-13,103.27420043945312
2023-04-14,103.73753356933594
2023-04-17,104.5483627319336
2023-04-18,104.16226196289062
2023-04-19,103.43830871582031
2023-04-20,103.3321304321289
2023-04-21,104.43254089355469
2023-04-24,105.49432373046875
2023-04-25,105.54258728027344
2023-04-26,107.5986099243164
2023-04-27,108.83415985107422
2023-04-28,110.32067108154297
2023-05-01,110.581298828125
2023-05-02,110.48477172851562
2023-05-03,100.34943389892578
2023-05-04,101.08304595947266
2023-05-05,103.48656463623047
2023-05-08,103.44796752929688
2023-05-09,103.0039291381836
2023-05-10,103.25489807128906
2023-05-11,102.46913146972656
2023-05-12,102.9444808959961
2023-05-15,103.44891357421875
2023-05-16,102.1296157836914
2023-05-17,102.52735137939453
2023-05-18,103.88544464111328
2023-05-19,102.35272979736328
2023-05-22,99.82083129882812
2023-05-23,97.3374252319336
2023-05-24,96.62928009033203
2023-05-25,95.49430084228516
2023-05-26,95.58159637451172
2023-05-30,94.82494354248047
2023-05-31,94.71823120117188
2023-06-01,94.60182189941406
2023-06-02,96.52256774902344
2023-06-05,96.93971252441406
2023-06-06,95.28086853027344
2023-06-07,94.98986053466797
2023-06-08,96.18304443359375
2023-06-09,95.02865600585938
2023-06-12,95.51368713378906
2023-06-13,96.28974914550781
2023-06-14,97.64786529541016
2023-06-15,98.3463134765625
2023-06-16,98.82164764404297
2023-06-20,98.2396011352539
2023-06-21,98.82164764404297
2023-06-22,97.8321762084961
2023-06-23,95.39728546142578
2023-06-26,95.29058074951172
2023-06-27,95.76590728759766
2023-06-28,95.6592025756836
2023-06-29,95.72711944580078
2023-06-30,96.09573364257812
2023-07-03,96.18304443359375
2023-07-05,95.51368713378906
2023-07-06,93.3213119506836
2023-07-07,93.17581939697266
2023-07-10,96.16363525390625
2023-07-11,97.09490966796875
2023-07-12,98.11349487304688
2023-07-13,98.55973052978516
2023-07-14,98.5694351196289
2023-07-17,97.90978240966797
2023-07-18,97.74486541748047
2023-07-19,98.78284454345703
2023-07-20,97.86127471923828
2023-07-21,99.74322509765625
2023-07-24,99.70441436767578
2023-07-25,99.8402328491211
2023-07-26,98.68584442138672
2023-07-27,97.76426696777344
2023-07-28,98.22020721435547
2023-07-31,98.53063201904297
2023-08-01,98.22991180419922
2023-08-02,99.07386779785156
2023-08-03,99.26789093017578
2023-08-04,97.66726684570312
2023-08-07,98.69554138183594
2023-08-08,97.68666076660156
2023-08-09,96.93000030517578
2023-08-10,99.1438217163086
2023-08-11,98.49039459228516
2023-08-14,98.50990295410156
2023-08-15,97.56391906738281
2023-08-16,96.5301513671875
2023-08-17,94.17979431152344
2023-08-18,94.8234634399414
2023-08-21,94.07252502441406
2023-08-22,93.69217681884766
2023-08-23,92.8241958618164
2023-08-24,92.48287200927734
2023-08-25,93.11677551269531
2023-08-28,94.63816833496094
2023-08-29,96.69593811035156
2023-08-30,96.7837142944336
2023-08-31,95.02826690673828
2023-09-01,95.57440185546875
2023-09-05,94.44310760498047
2023-09-06,93.57514190673828
2023-09-07,92.74617767333984
2023-09-08,92.92172241210938
2023-09-11,93.30207061767578
2023-09-12,93.85796356201172
2023-09-13,94.5308837890625
2023-09-14,94.75519561767578
2023-09-15,93.84822082519531
2023-09-18,94.36509704589844
2023-09-19,92.93148040771484
2023-09-20,92.80470275878906
2023-09-21,90.7956771850586
2023-09-22,91.36133575439453
2023-09-25,90.44459533691406
2023-09-26,89.72290802001953
2023-09-27,88.91344451904297
2023-09-28,88.82568359375
2023-09-29,89.01097869873047
2023-10-02,88.87445068359375
2023-10-03,87.2652816772461
2023-10-04,88.89395141601562
2023-10-05,90.08374786376953
2023-10-06,90.55186462402344
2023-10-09,90.3860855102539
2023-10-10,90.87370300292969
2023-10-11,89.67414855957031
2023-10-12,89.15726470947266
2023-10-13,89.21578979492188
2023-10-16,91.33206939697266
2023-10-17,91.84895324707031
2023-10-18,91.4295883178711
2023-10-19,92.0830078125
2023-10-20,91.85870361328125
2023-10-23,91.86846160888672
2023-10-24,92.27806091308594
2023-10-25,91.67340850830078
2023-10-26,90.37632751464844
2023-10-27,89.74241638183594
2023-10-30,90.84445190429688
2023-10-31,89.95697021484375
2023-11-01,89.08899688720703
2023-11-02,97.53466033935547
2023-11-03,100.10931396484375
2023-11-06,101.45515441894531
2023-11-07,101.11381530761719
2023-11-08,101.7184829711914
2023-11-09,100.24756622314453
2023-11-10,102.30683898925781
2023-11-13,101.50274658203125
2023-11-14,103.55220794677734
2023-11-15,103.973876953125
2023-11-16,105.13099670410156
2023-11-17,103.52278900146484
2023-11-20,102.27742767333984
2023-11-21,101.67925262451172
2023-11-22,101.43409729003906
2023-11-24,100.78689575195312
2023-11-27,100.37505340576172
2023-11-28,99.21792602539062
2023-11-29,97.91371154785156
2023-11-30,97.37438201904297
2023-12-01,97.27632141113281
2023-12-04,95.70734405517578
2023-12-05,93.68730163574219
2023-12-06,95.13859558105469
2023-12-07,94.56983947753906
2023-12-08,94.7365493774414
2023-12-11,96.2172622680664
2023-12-12,96.24668884277344
2023-12-13,96.20745849609375
2023-12-14,95.94268798828125
2023-12-15,94.87383270263672
2023-12-18,94.68751525878906
2023-12-19,95.82501983642578
2023-12-20,92.8733901977539
2023-12-21,93.48136901855469
2023-12-22,93.43234252929688
2023-12-26,93.81477355957031
2023-12-27,93.44214630126953
2023-12-28,94.06974029541016
2023-12-29,94.14818572998047
2024-01-02,91.85356140136719
2024-01-03,91.4220962524414
2024-01-04,91.73589324951172
2024-01-05,91.1867446899414
2024-01-08,92.36347198486328
2024-01-09,91.28479766845703
2024-01-10,91.68685150146484
2024-01-11,91.13771057128906
2024-01-12,90.19632720947266
2024-01-16,90.90235900878906
2024-01-17,89.99040222167969
2024-01-18,91.52995300292969
2024-01-19,92.03987121582031
2024-01-22,91.26519775390625
2024-01-23,90.1865234375
2024-01-24,90.25517272949219
2024-01-25,90.8141098022461
2024-01-26,91.00043487548828
2024-01-29,91.98104095458984
2024-01-30,92.255615234375
2024-01-31,91.22596740722656
2024-02-01,91.55937957763672
2024-02-02,91.1867446899414
2024-02-05,90.71605682373047
2024-02-06,93.81477355957031
2024-02-07,93.46175384521484
2024-02-08,95.28678894042969
2024-02-09,95.98722076416016
2024-02-12,94.1819076538086
2024-02-13,92.60350036621094
2024-02-14,92.80079650878906
2024-02-15,91.96226501464844
2024-02-16,91.96226501464844
2024-02-20,92.19902801513672
2024-02-21,93.73797607421875
2024-02-22,94.48772430419922
2024-02-23,94.32988739013672
2024-02-26,93.00796508789062
2024-02-27,92.8599853515625
2024-02-28,91.74523162841797
2024-02-29,93.61959838867188
2024-03-01,91.903076171875
2024-03-04,91.21251678466797
2024-03-05,89.98925018310547
2024-03-06,90.4134521484375
2024-03-07,89.72288513183594
2024-03-08,89.83140563964844
2024-03-11,90.8277816772461
2024-03-12,91.15332794189453
2024-03-13,90.37399291992188
2024-03-14,90.4233169555664
2024-03-15,88.90409851074219
2024-03-18,89.7820816040039
2024-03-19,90.354248046875
2024-03-20,91.35063171386719
2024-03-21,90.4233169555664
2024-03-22,89.48612976074219
2024-03-25,89.44667053222656
2024-03-26,89.14085388183594
2024-03-27,90.26547241210938
2024-03-28,90.1569595336914
2024-04-01,90.2950668334961
2024-04-02,88.09516143798828
2024-04-03,87.50325012207031
2024-04-04,86.43782043457031
2024-04-05,85.67820739746094
2024-04-08,86.01362609863281
2024-04-09,85.95442962646484
2024-04-10,84.79034423828125
2024-04-11,84.74102783203125
2024-04-12,83.77424621582031
2024-04-15,84.02088165283203
2024-04-16,84.26750183105469
2024-04-17,85.04684448242188
2024-04-18,85.97416687011719
2024-04-19,86.4279556274414
2024-04-22,86.99026489257812
2024-04-23,86.68445587158203
2024-04-24,87.55258178710938
2024-04-25,86.65484619140625
2024-04-26,87.05931854248047
2024-04-29,87.13824462890625
2024-04-30,87.29608154296875
2024-05-01,73.43565368652344
2024-05-02,73.91903686523438
2024-05-03,72.12358856201172
2024-05-06,71.91641998291016
2024-05-07,71.52182006835938
2024-05-08,72.50833129882812
2024-05-09,74.6589126586914
2024-05-10,75.08311462402344
2024-05-13,75.15217590332031
2024-05-14,74.60958862304688
2024-05-15,74.67864990234375
2024-05-16,74.82774353027344
2024-05-17,77.38230895996094
2024-05-20,77.07417297363281
2024-05-21,77.25308990478516
2024-05-22,80.23506927490234
2024-05-23,77.83953857421875
2024-05-24,78.39617919921875
2024-05-28,77.01453399658203
2024-05-29,76.41812896728516
2024-05-30,78.2868423461914
2024-05-31,79.73806762695312
2024-06-03,81.58689880371094
2024-06-04,82.29263305664062
2024-06-05,80.67242431640625
2024-06-06,80.98056030273438
2024-06-07,80.94080352783203
2024-06-10,81.10977935791016
2024-06-11,79.41004943847656
2024-06-12,78.90311431884766
2024-06-13,79.75794982910156
2024-06-14,79.17149353027344
2024-06-17,80.84140014648438
2024-06-18,79.71818542480469
2024-06-20,79.24107360839844
2024-06-21,79.429931640625
2024-06-24,79.25101470947266
2024-06-25,78.80371856689453
2024-06-26,78.67449951171875
2024-06-27,78.76395416259766
2024-06-28,77.38230895996094
2024-07-01,76.66663360595703
2024-07-02,76.36843872070312
2024-07-03,75.80186462402344
2024-07-05,75.59312438964844
2024-07-08,74.12200927734375
2024-07-09,72.31294250488281
2024-07-10,72.07438659667969
2024-07-11,72.8596420288086
2024-07-12,74.38045501708984
2024-07-15,72.31294250488281
2024-07-16,75.05636596679688
2024-07-17,74.6488265991211
2024-07-18,73.74430084228516
2024-07-19,78.79376983642578
2024-07-22,76.09011840820312
2024-07-23,75.80186462402344
2024-07-24,74.23135375976562
2024-07-25,72.87952423095703
2024-07-26,73.60514068603516
2024-07-29,74.74822235107422
2024-07-30,75.4837875366211
2024-07-31,77.48170471191406
2024-08-01,74.65876770019531
2024-08-02,75.42414093017578
2024-08-05,73.41627502441406
2024-08-06,74.91720581054688
2024-08-07,74.83768463134766
2024-08-08,75.294921875
2024-08-09,74.63888549804688
2024-08-12,76.56723022460938
2024-08-13,95.32386779785156
2024-08-14,93.33588409423828
2024-08-15,94.30999755859375
2024-08-16,94.80999755859375
2024-08-19,92.30000305175781
2024-08-20,93.01000213623047
2024-08-21,92.77999877929688
2024-08-22,92.43000030517578
2024-08-23,94.0199966430664
2024-08-26,95.62999725341797
2024-08-27,98.5999984741211
2024-08-28,95.30000305175781
2024-08-29,94.86000061035156
2024-08-30,94.56999969482422
2024-09-03,93.18000030517578
2024-09-04,92.33000183105469
2024-09-05,91.55999755859375
2024-09-06,91.1500015258789
2024-09-09,92.20999908447266
2024-09-10,93.33999633789062
2024-09-11,98.19999694824219
2024-09-12,99.27999877929688
2024-09-13,98.56999969482422
2024-09-16,96.30999755859375
2024-09-17,96.44000244140625
2024-09-18,96.12000274658203
2024-09-19,96.9000015258789
2024-09-20,96.05000305175781
2024-09-23,95.4800033569336
2024-09-24,94.44999694824219
2024-09-25,95.62000274658203
2024-09-26,97.47000122070312
2024-09-27,97.36000061035156
2024-09-30,97.48999786376953
2024-10-01,97.43000030517578
2024-10-02,96.5
2024-10-03,95.55999755859375
2024-10-04,96.58000183105469
2024-10-07,96.08999633789062
2024-10-08,96.20999908447266
2024-10-09,95.87999725341797
2024-10-10,93.87999725341797
2024-10-11,95.55000305175781
2024-10-14,94.76000213623047
2024-10-15,95.04000091552734
2024-10-16,95.45999908447266
2024-10-17,95.2699966430664
2024-10-18,96.83999633789062
2024-10-21,96.44999694824219
2024-10-22,96.81999969482422
2024-10-23,97.6500015258789
2024-10-24,97.1500015258789
2024-10-25,97.30999755859375
2024-10-28,98.0199966430664
2024-10-29,97.38999938964844
2024-10-30,97.31999969482422
2024-10-31,97.69999694824219
2024-11-01,98.87000274658203
2024-11-04,97.02999877929688
2024-11-05,97.08999633789062
2024-11-06,96.08000183105469
2024-11-07,96.12000274658203
2024-11-08,97.55000305175781
2024-11-11,100.30999755859375
2024-11-12,98.80000305175781
2024-11-13,99.80000305175781
2024-11-14,99.2300033569336
2024-11-15,98.41999816894531
2024-11-18,100.4000015258789
2024-11-19,98.3499984741211
2024-11-20,98.26000213623047
2024-11-21,100.05999755859375
2024-11-22,102.5
2024-11-25,101.83999633789062
2024-11-26,100.68000030517578
2024-11-27,101.51000213623047
2024-11-29,102.45999908447266
2024-12-02,101.51000213623047
2024-12-03,101.56999969482422
2024-12-04,100.69999694824219
2024-12-05,99.2300033569336
2024-12-06,100.11000061035156
2024-12-09,99.30999755859375
2024-12-10,98.16000366210938
2024-12-11,98.41999816894531
2024-12-12,97.81999969482422
2024-12-13,97.41999816894531
2024-12-16,93.12000274658203
2024-12-17,92.08999633789062
