,TECH
2014-01-02,21.60361099243164
2014-01-03,21.71829605102539
2014-01-06,21.699951171875
2014-01-07,21.711414337158203
2014-01-08,21.901784896850586
2014-01-09,21.888025283813477
2014-01-10,21.917842864990234
2014-01-13,21.713706970214844
2014-01-14,22.021055221557617
2014-01-15,22.039405822753906
2014-01-16,22.01876449584961
2014-01-17,21.876556396484375
2014-01-21,21.855915069580078
2014-01-22,21.58985137939453
2014-01-23,21.284805297851562
2014-01-24,20.745805740356445
2014-01-27,20.564603805541992
2014-01-28,21.00497817993164
2014-01-29,20.39487648010254
2014-01-30,21.156356811523438
2014-01-31,20.842140197753906
2014-02-03,20.087533950805664
2014-02-04,19.514129638671875
2014-02-05,19.206785202026367
2014-02-06,19.449907302856445
2014-02-07,19.67926597595215
2014-02-10,20.31231117248535
2014-02-11,20.42011070251465
2014-02-12,20.183046340942383
2014-02-13,20.489151000976562
2014-02-14,20.55360221862793
2014-02-18,21.027734756469727
2014-02-19,20.64566993713379
2014-02-20,20.620346069335938
2014-02-21,20.4592342376709
2014-02-24,20.52598762512207
2014-02-25,20.574317932128906
2014-02-26,20.486854553222656
2014-02-27,20.47765350341797
2014-02-28,20.44772720336914
2014-03-03,20.36256980895996
2014-03-04,20.599639892578125
2014-03-05,20.55360221862793
2014-03-06,20.408597946166992
2014-03-07,20.493757247924805
2014-03-10,20.78376579284668
2014-03-11,20.631858825683594
2014-03-12,20.707807540893555
2014-03-13,20.001211166381836
2014-03-14,19.998903274536133
2014-03-17,20.44312286376953
2014-03-18,20.493757247924805
2014-03-19,20.30962371826172
2014-03-20,20.067956924438477
2014-03-21,19.879220962524414
2014-03-24,19.927555084228516
2014-03-25,20.070255279541016
2014-03-26,19.90914535522461
2014-03-27,20.044940948486328
2014-03-28,19.4764404296875
2014-03-31,19.649057388305664
2014-04-01,19.851608276367188
2014-04-02,20.05414581298828
2014-04-03,20.049543380737305
2014-04-04,19.639856338500977
2014-04-07,19.573108673095703
2014-04-08,19.727313995361328
2014-04-09,20.113988876342773
2014-04-10,19.82858657836914
2014-04-11,19.375164031982422
2014-04-14,19.49945068359375
2014-04-15,19.577713012695312
2014-04-16,19.777950286865234
2014-04-17,19.75493812561035
2014-04-21,19.68819236755371
2014-04-22,19.842395782470703
2014-04-23,19.718101501464844
2014-04-24,19.63754653930664
2014-04-25,19.306121826171875
2014-04-28,20.90805435180664
2014-04-29,20.866626739501953
2014-04-30,20.55590057373047
2014-05-01,20.452335357666016
2014-05-02,20.408597946166992
2014-05-05,20.86202049255371
2014-05-06,20.765352249145508
2014-05-07,21.123334884643555
2014-05-08,20.834636688232422
2014-05-09,21.024024963378906
2014-05-12,21.351980209350586
2014-05-13,20.9316463470459
2014-05-14,20.869279861450195
2014-05-15,20.28496742248535
2014-05-16,20.32884407043457
2014-05-19,20.47203826904297
2014-05-20,20.291894912719727
2014-05-21,20.314987182617188
2014-05-22,20.451257705688477
2014-05-23,20.39813804626465
2014-05-27,20.885454177856445
2014-05-28,20.848495483398438
2014-05-29,20.481271743774414
2014-05-30,20.275724411010742
2014-06-02,20.171791076660156
2014-06-03,20.08171844482422
2014-06-04,20.051694869995117
2014-06-05,20.120975494384766
2014-06-06,19.989334106445312
2014-06-09,20.01474952697754
2014-06-10,20.252634048461914
2014-06-11,20.220294952392578
2014-06-12,20.395828247070312
2014-06-13,20.65910530090332
2014-06-16,20.490516662597656
2014-06-17,20.913162231445312
2014-06-18,20.85773277282715
2014-06-19,20.825401306152344
2014-06-20,21.25497817993164
2014-06-23,21.197246551513672
2014-06-24,21.056358337402344
2014-06-25,21.040197372436523
2014-06-26,21.09099769592285
2014-06-27,21.28500747680664
2014-06-30,21.37969970703125
2014-07-01,21.760772705078125
2014-07-02,21.629133224487305
2014-07-03,21.545988082885742
2014-07-07,21.155675888061523
2014-07-08,21.06559944152832
2014-07-09,21.056358337402344
2014-07-10,21.079452514648438
2014-07-11,21.056358337402344
2014-07-14,21.086376190185547
2014-07-15,21.03557586669922
2014-07-16,20.707611083984375
2014-07-17,20.610610961914062
2014-07-18,21.05405616760254
2014-07-21,20.894685745239258
2014-07-22,21.07252311706543
2014-07-23,21.310407638549805
2014-07-24,21.25497817993164
2014-07-25,21.3935546875
2014-07-28,21.59449005126953
2014-07-29,21.666088104248047
2014-07-30,21.677629470825195
2014-07-31,21.55290985107422
2014-08-01,21.502111434936523
2014-08-04,21.515966415405273
2014-08-05,21.448991775512695
2014-08-06,21.506723403930664
2014-08-07,21.63375473022461
2014-08-08,21.746919631958008
2014-08-11,21.871633529663086
2014-08-12,21.79079818725586
2014-08-13,22.178810119628906
2014-08-14,22.33124351501465
2014-08-15,22.215763092041016
2014-08-18,22.310453414916992
2014-08-19,22.301183700561523
2014-08-20,22.099607467651367
2014-08-21,22.159849166870117
2014-08-22,22.155216217041016
2014-08-25,22.240951538085938
2014-08-26,22.132043838500977
2014-08-27,21.888761520385742
2014-08-28,22.025466918945312
2014-08-29,22.132043838500977
2014-09-02,22.29192352294922
2014-09-03,22.155216217041016
2014-09-04,22.027786254882812
2014-09-05,22.053264617919922
2014-09-08,22.370697021484375
2014-09-09,22.25716209411621
2014-09-10,22.16912269592285
2014-09-11,21.867902755737305
2014-09-12,21.511089324951172
2014-09-15,21.388282775878906
2014-09-16,21.777542114257812
2014-09-17,21.854007720947266
2014-09-18,21.805341720581055
2014-09-19,21.7358341217041
2014-09-22,21.895713806152344
2014-09-23,21.585229873657227
2014-09-24,21.900346755981445
2014-09-25,21.65011215209961
2014-09-26,21.68486213684082
2014-09-29,21.72888946533203
2014-09-30,21.675600051879883
2014-10-01,21.506450653076172
2014-10-02,21.696447372436523
2014-10-03,21.83083152770996
2014-10-06,21.601451873779297
2014-10-07,21.209875106811523
2014-10-08,21.397554397583008
2014-10-09,20.97585678100586
2014-10-10,20.700136184692383
2014-10-13,20.396604537963867
2014-10-14,20.336360931396484
2014-10-15,20.50782012939453
2014-10-16,20.85537338256836
2014-10-17,21.050004959106445
2014-10-20,20.97585678100586
2014-10-21,21.745101928710938
2014-10-22,21.573646545410156
2014-10-23,21.603769302368164
2014-10-24,21.71498680114746
2014-10-27,21.854007720947266
2014-10-28,21.06159019470215
2014-10-29,21.233047485351562
2014-10-30,21.265485763549805
2014-10-31,21.096342086791992
2014-11-03,21.105613708496094
2014-11-04,21.01293182373047
2014-11-05,21.0013484954834
2014-11-06,21.19898796081543
2014-11-07,21.09435272216797
2014-11-10,21.182716369628906
2014-11-11,21.324552536010742
2014-11-12,21.39663314819336
2014-11-13,21.41523551940918
2014-11-14,21.075754165649414
2014-11-17,20.959495544433594
2014-11-18,21.01064109802246
2014-11-19,20.733951568603516
2014-11-20,20.87114143371582
2014-11-21,20.98739242553711
2014-11-24,21.380359649658203
2014-11-25,21.159461975097656
2014-11-26,21.287342071533203
2014-11-28,21.301305770874023
2014-12-01,20.985071182250977
2014-12-02,20.952518463134766
2014-12-03,20.985071182250977
2014-12-04,20.924610137939453
2014-12-05,20.882761001586914
2014-12-08,21.087377548217773
2014-12-09,20.952518463134766
2014-12-10,21.09435272216797
2014-12-11,21.424537658691406
2014-12-12,21.638460159301758
2014-12-15,21.287342071533203
2014-12-16,20.97576904296875
2014-12-17,21.23851776123047
2014-12-18,21.777971267700195
2014-12-19,21.81517219543457
2014-12-22,21.829120635986328
2014-12-23,21.682628631591797
2014-12-24,21.93375587463379
2014-12-26,22.0616455078125
2014-12-29,21.887250900268555
2014-12-30,21.71751594543457
2014-12-31,21.484994888305664
2015-01-02,21.26177215576172
2015-01-05,21.005992889404297
2015-01-06,20.82230567932129
2015-01-07,21.103662490844727
2015-01-08,21.278045654296875
2015-01-09,21.34082794189453
2015-01-12,21.280370712280273
2015-01-13,21.505916595458984
2015-01-14,21.64311408996582
2015-01-15,21.296648025512695
2015-01-16,21.638460159301758
2015-01-20,21.701234817504883
2015-01-21,21.636131286621094
2015-01-22,21.777971267700195
2015-01-23,21.71751594543457
2015-01-26,21.729135513305664
2015-01-27,21.65938377380371
2015-01-28,21.64775848388672
2015-01-29,21.91050910949707
2015-01-30,21.629154205322266
2015-02-02,21.638460159301758
2015-02-03,20.985071182250977
2015-02-04,20.94089126586914
2015-02-05,21.21759796142578
2015-02-06,20.936241149902344
2015-02-09,20.875782012939453
2015-02-10,21.27572250366211
2015-02-11,21.317720413208008
2015-02-12,21.649057388305664
2015-02-13,22.07607078552246
2015-02-17,22.360734939575195
2015-02-18,22.405075073242188
2015-02-19,22.31873893737793
2015-02-20,22.484411239624023
2015-02-23,22.792423248291016
2015-02-24,22.74574851989746
2015-02-25,23.02808952331543
2015-02-26,22.988418579101562
2015-02-27,22.757415771484375
2015-03-02,22.939420700073242
2015-03-03,22.724748611450195
2015-03-04,22.759750366210938
2015-03-05,22.82274627685547
2015-03-06,22.74574851989746
2015-03-09,22.645418167114258
2015-03-10,22.31873893737793
2015-03-11,22.608074188232422
2015-03-12,22.50540542602539
2015-03-13,22.53108024597168
2015-03-16,22.750423431396484
2015-03-17,22.787748336791992
2015-03-18,22.94641876220703
2015-03-19,23.457426071166992
2015-03-20,23.604427337646484
2015-03-23,23.499427795410156
2015-03-24,23.473764419555664
2015-03-25,23.042089462280273
2015-03-26,22.976757049560547
2015-03-27,23.109756469726562
2015-03-30,23.48310089111328
2015-03-31,23.40142822265625
2015-04-01,23.32209587097168
2015-04-02,22.988418579101562
2015-04-06,23.429426193237305
2015-04-07,23.077089309692383
2015-04-08,23.21942710876465
2015-04-09,23.294092178344727
2015-04-10,23.3314266204834
2015-04-13,23.350095748901367
2015-04-14,23.32442855834961
2015-04-15,23.36642837524414
2015-04-16,23.5344295501709
2015-04-17,23.574098587036133
2015-04-20,23.742101669311523
2015-04-21,23.749095916748047
2015-04-22,23.767770767211914
2015-04-23,23.97076988220215
2015-04-24,23.5320987701416
2015-04-27,23.009428024291992
2015-04-28,23.03041648864746
2015-04-29,22.960420608520508
2015-04-30,22.391071319580078
2015-05-01,22.570751190185547
2015-05-04,22.598751068115234
2015-05-05,22.74807357788086
2015-05-06,22.948745727539062
2015-05-07,22.818084716796875
2015-05-08,23.00008201599121
2015-05-11,22.930086135864258
2015-05-12,22.997751235961914
2015-05-13,23.14991569519043
2015-05-14,23.62513542175293
2015-05-15,23.648540496826172
2015-05-18,23.922443389892578
2015-05-19,24.016080856323242
2015-05-20,24.05353355407715
2015-05-21,24.055871963500977
2015-05-22,24.0207576751709
2015-05-26,23.88732147216797
2015-05-27,23.957551956176758
2015-05-28,23.86625862121582
2015-05-29,23.702388763427734
2015-06-01,23.526813507080078
2015-06-02,23.451902389526367
2015-06-03,23.451902389526367
2015-06-04,23.456581115722656
2015-06-05,23.117145538330078
2015-06-08,23.2529239654541
2015-06-09,23.004776000976562
2015-06-10,23.199077606201172
2015-06-11,23.3980655670166
2015-06-12,23.2552547454834
2015-06-15,22.96263885498047
2015-06-16,22.885379791259766
2015-06-17,22.925180435180664
2015-06-18,23.318466186523438
2015-06-19,23.51276969909668
2015-06-22,23.68834114074707
2015-06-23,23.72813606262207
2015-06-24,23.285690307617188
2015-06-25,23.444881439208984
2015-06-26,23.4776554107666
2015-06-29,22.96965789794922
2015-06-30,23.051599502563477
2015-07-01,22.833881378173828
2015-07-02,22.599782943725586
2015-07-06,22.91347885131836
2015-07-07,22.805789947509766
2015-07-08,22.578712463378906
2015-07-09,22.761310577392578
2015-07-10,23.12417221069336
2015-07-13,23.561927795410156
2015-07-14,24.03012466430664
2015-07-15,24.1776065826416
2015-07-16,24.479591369628906
2015-07-17,24.31572151184082
2015-07-20,24.465547561645508
2015-07-21,24.584932327270508
2015-07-22,25.08824920654297
2015-07-23,25.160810470581055
2015-07-24,25.106969833374023
2015-07-27,25.099946975708008
2015-07-28,25.50493621826172
2015-07-29,25.67582893371582
2015-07-30,25.753080368041992
2015-07-31,25.60560417175293
2015-08-03,25.75074577331543
2015-08-04,25.699235916137695
2015-08-05,25.998884201049805
2015-08-06,25.734352111816406
2015-08-07,25.397254943847656
2015-08-10,25.50493621826172
2015-08-11,25.2731876373291
2015-08-12,24.933744430541992
2015-08-13,24.88912582397461
2015-08-14,24.806941986083984
2015-08-17,25.006526947021484
2015-08-18,24.839820861816406
2015-08-19,24.727113723754883
2015-08-20,24.34908103942871
2015-08-21,23.834863662719727
2015-08-24,22.22646141052246
2015-08-25,21.89773941040039
2015-08-26,22.42369842529297
2015-08-27,22.658504486083984
2015-08-28,22.541099548339844
2015-08-31,22.18419647216797
2015-09-01,21.59014892578125
2015-09-02,21.83668327331543
2015-09-03,21.611284255981445
2015-09-04,21.658241271972656
2015-09-08,22.158369064331055
2015-09-09,21.902433395385742
2015-09-10,22.24994659423828
2015-09-11,22.414304733276367
2015-09-14,22.498825073242188
2015-09-15,22.707809448242188
2015-09-16,22.47065544128418
2015-09-17,22.61858367919922
2015-09-18,22.31334114074707
2015-09-21,22.26873016357422
2015-09-22,22.33681869506836
2015-09-23,22.219419479370117
2015-09-24,22.0057430267334
2015-09-25,21.327163696289062
2015-09-28,20.88103675842285
2015-09-29,21.327163696289062
2015-09-30,21.709896087646484
2015-10-01,21.3858642578125
2015-10-02,21.963485717773438
2015-10-05,22.008089065551758
2015-10-06,21.869558334350586
2015-10-07,22.132539749145508
2015-10-08,21.99870491027832
2015-10-09,22.170108795166016
2015-10-12,22.376741409301758
2015-10-13,21.886003494262695
2015-10-14,21.50092124938965
2015-10-15,22.02452850341797
2015-10-16,22.29924964904785
2015-10-19,22.519960403442383
2015-10-20,22.480052947998047
2015-10-21,22.510574340820312
2015-10-22,21.85546875
2015-10-23,22.426042556762695
2015-10-26,22.447175979614258
2015-10-27,22.52701187133789
2015-10-28,20.533531188964844
2015-10-29,20.507707595825195
2015-10-30,20.709632873535156
2015-11-02,21.233240127563477
2015-11-03,20.993743896484375
2015-11-04,20.90686798095703
2015-11-05,20.876344680786133
2015-11-06,21.03835678100586
2015-11-09,20.85051918029785
2015-11-10,21.328886032104492
2015-11-11,20.99190330505371
2015-11-12,20.52060317993164
2015-11-13,20.501750946044922
2015-11-16,20.66670799255371
2015-11-17,20.77039337158203
2015-11-18,21.60696029663086
2015-11-19,21.24169921875
2015-11-20,21.213415145874023
2015-11-23,21.51740837097168
2015-11-24,21.30296516418457
2015-11-25,21.540977478027344
2015-11-27,21.82847023010254
2015-11-30,21.493846893310547
2015-12-01,21.562183380126953
2015-12-02,21.68236541748047
2015-12-03,21.59517478942871
2015-12-04,21.713001251220703
2015-12-07,21.637588500976562
2015-12-08,21.665876388549805
2015-12-09,21.30296516418457
2015-12-10,21.317102432250977
2015-12-11,20.782175064086914
2015-12-14,20.98954963684082
2015-12-15,20.97776985168457
2015-12-16,21.354812622070312
2015-12-17,21.119157791137695
2015-12-18,20.77039337158203
2015-12-21,20.709121704101562
2015-12-22,20.97776985168457
2015-12-23,21.1804256439209
2015-12-24,21.493846893310547
2015-12-28,21.59517478942871
2015-12-29,21.644664764404297
2015-12-30,21.493846893310547
2015-12-31,21.208707809448242
2016-01-04,20.79159927368164
2016-01-05,20.730335235595703
2016-01-06,20.66670799255371
2016-01-07,20.537092208862305
2016-01-08,20.20953941345215
2016-01-11,19.856060028076172
2016-01-12,20.087005615234375
2016-01-13,19.42245864868164
2016-01-14,19.68403434753418
2016-01-15,19.634553909301758
2016-01-19,19.35883903503418
2016-01-20,19.415393829345703
2016-01-21,19.476665496826172
2016-01-22,20.23546600341797
2016-01-25,19.4860897064209
2016-01-26,19.797151565551758
2016-01-27,19.636911392211914
2016-01-28,19.139680862426758
2016-01-29,19.4860897064209
2016-02-01,19.278718948364258
2016-02-02,20.32501220703125
2016-02-03,20.226037979125977
2016-02-04,19.98331069946289
2016-02-05,20.626644134521484
2016-02-08,20.025733947753906
2016-02-09,19.9573917388916
2016-02-10,20.082761764526367
2016-02-11,19.723209381103516
2016-02-12,20.007070541381836
2016-02-16,20.68832015991211
2016-02-17,20.76164436340332
2016-02-18,20.610260009765625
2016-02-19,20.917766571044922
2016-02-22,20.927234649658203
2016-02-23,20.473060607910156
2016-02-24,20.53219985961914
2016-02-25,20.591339111328125
2016-02-26,20.56768035888672
2016-02-29,20.305112838745117
2016-03-01,21.286771774291992
2016-03-02,21.395591735839844
2016-03-03,21.52569580078125
2016-03-04,21.897066116333008
2016-03-07,22.062652587890625
2016-03-08,21.823740005493164
2016-03-09,21.837934494018555
2016-03-10,21.837934494018555
2016-03-11,22.29210090637207
2016-03-14,22.301565170288086
2016-03-15,21.785890579223633
2016-03-16,22.095766067504883
2016-03-17,22.098133087158203
2016-03-18,22.40801239013672
2016-03-21,22.422204971313477
2016-03-22,22.429296493530273
2016-03-23,21.953842163085938
2016-03-24,22.20457649230957
2016-03-28,21.99405288696289
2016-03-29,22.23296546936035
2016-03-30,22.604347229003906
2016-03-31,22.35833168029785
2016-04-01,22.590147018432617
2016-04-04,22.389083862304688
2016-04-05,21.797718048095703
2016-04-06,22.426929473876953
2016-04-07,22.20457649230957
2016-04-08,22.01770782470703
2016-04-11,21.77170181274414
2016-04-12,21.757503509521484
2016-04-13,21.913625717163086
2016-04-14,21.72438621520996
2016-04-15,21.982221603393555
2016-04-18,22.228229522705078
2016-04-19,21.91598892211914
2016-04-20,21.899438858032227
2016-04-21,22.216402053833008
2016-04-22,22.429296493530273
2016-04-25,22.02007293701172
2016-04-26,22.162004470825195
2016-04-27,22.23296546936035
2016-04-28,21.894704818725586
2016-04-29,22.041366577148438
2016-05-02,22.069753646850586
2016-05-03,23.784709930419922
2016-05-04,23.640413284301758
2016-05-05,23.749225616455078
2016-05-06,23.8698673248291
2016-05-09,24.09221839904785
2016-05-10,24.115863800048828
2016-05-11,24.035194396972656
2016-05-12,24.009090423583984
2016-05-13,24.1799373626709
2016-05-16,24.464683532714844
2016-05-17,24.32468605041504
2016-05-18,24.34841537475586
2016-05-19,24.440961837768555
2016-05-20,24.77790641784668
2016-05-23,24.939273834228516
2016-05-24,25.34503746032715
2016-05-25,25.413862228393555
2016-05-26,25.42809295654297
2016-05-27,26.009449005126953
2016-05-31,26.07351303100586
2016-06-01,26.424711227416992
2016-06-02,26.50539207458496
2016-06-03,26.246742248535156
2016-06-06,26.602676391601562
2016-06-07,26.79488754272461
2016-06-08,27.0938720703125
2016-06-09,27.00844383239746
2016-06-10,26.832847595214844
2016-06-13,26.657255172729492
2016-06-14,26.69997215270996
2016-06-15,26.72844696044922
2016-06-16,26.752164840698242
2016-06-17,26.135211944580078
2016-06-20,26.327417373657227
2016-06-21,26.291828155517578
2016-06-22,26.384368896484375
2016-06-23,26.752164840698242
2016-06-24,26.448440551757812
2016-06-27,25.55148696899414
2016-06-28,25.89554786682129
2016-06-29,25.859960556030273
2016-06-30,26.759288787841797
2016-07-01,26.633520126342773
2016-07-05,26.68573570251465
2016-07-06,26.802003860473633
2016-07-07,27.328786849975586
2016-07-08,27.328786849975586
2016-07-11,27.150815963745117
2016-07-12,27.200653076171875
2016-07-13,27.12946319580078
2016-07-14,26.54810333251953
2016-07-15,26.320301055908203
2016-07-18,26.49115753173828
2016-07-19,26.310810089111328
2016-07-20,26.45318603515625
2016-07-21,26.313182830810547
2016-07-22,26.27996253967285
2016-07-25,26.20166015625
2016-07-26,26.194538116455078
2016-07-27,26.27047348022461
2016-07-28,26.287084579467773
2016-07-29,26.676240921020508
2016-08-01,26.99895477294922
2016-08-02,26.74267578125
2016-08-03,26.73082160949707
2016-08-04,26.688106536865234
2016-08-05,26.72369956970215
2016-08-08,26.47691535949707
2016-08-09,26.400981903076172
2016-08-10,26.34878158569336
2016-08-11,26.48641014099121
2016-08-12,26.313182830810547
2016-08-15,26.448440551757812
2016-08-16,26.1803035736084
2016-08-17,26.612167358398438
2016-08-18,25.292835235595703
2016-08-19,25.42572021484375
2016-08-22,25.435205459594727
2016-08-23,25.302322387695312
2016-08-24,24.90130615234375
2016-08-25,25.013172149658203
2016-08-26,25.15359878540039
2016-08-29,25.236913681030273
2016-08-30,24.87274169921875
2016-08-31,25.07505989074707
2016-09-01,25.355913162231445
2016-09-02,25.439218521118164
2016-09-06,25.53919219970703
2016-09-07,26.15803337097168
2016-09-08,26.30560302734375
2016-09-09,25.258331298828125
2016-09-12,25.67723846435547
2016-09-13,25.12980079650879
2016-09-14,25.470165252685547
2016-09-15,26.108049392700195
2016-09-16,25.582029342651367
2016-09-19,26.02473258972168
2016-09-20,25.855751037597656
2016-09-21,25.58441162109375
2016-09-22,26.06521224975586
2016-09-23,25.78672981262207
2016-09-26,25.765302658081055
2016-09-27,26.03188133239746
2016-09-28,25.874792098999023
2016-09-29,25.76768684387207
2016-09-30,26.062824249267578
2016-10-03,26.100908279418945
2016-10-04,26.267528533935547
2016-10-05,26.3936710357666
2016-10-06,26.460309982299805
2016-10-07,26.410329818725586
2016-10-10,26.417469024658203
2016-10-11,25.398759841918945
2016-10-12,25.03221321105957
2016-10-13,25.158363342285156
2016-10-14,25.158363342285156
2016-10-17,25.013172149658203
2016-10-18,25.04411506652832
2016-10-19,24.92510414123535
2016-10-20,25.215484619140625
2016-10-21,24.977468490600586
2016-10-24,25.11551284790039
2016-10-25,24.47763442993164
2016-10-26,24.158693313598633
2016-10-27,24.084911346435547
2016-10-28,24.044443130493164
2016-10-31,24.7513484954834
2016-11-01,24.118228912353516
2016-11-02,23.86832046508789
2016-11-03,23.630294799804688
2016-11-04,23.668373107910156
2016-11-07,23.989702224731445
2016-11-08,23.980180740356445
2016-11-09,24.789628982543945
2016-11-10,25.14539909362793
2016-11-11,25.427152633666992
2016-11-14,25.441482543945312
2016-11-15,25.33881187438965
2016-11-16,25.088096618652344
2016-11-17,25.17644500732422
2016-11-18,25.01885414123535
2016-11-21,24.98064613342285
2016-11-22,25.13585090637207
2016-11-23,25.37701416015625
2016-11-25,25.58236312866211
2016-11-28,25.300601959228516
2016-11-29,25.520280838012695
2016-11-30,25.157337188720703
2016-12-01,25.279117584228516
2016-12-02,25.16689109802246
2016-12-05,25.396120071411133
2016-12-06,25.847402572631836
2016-12-07,25.451032638549805
2016-12-08,25.797258377075195
2016-12-09,25.66832160949707
2016-12-12,25.095256805419922
2016-12-13,25.16450309753418
2016-12-14,25.090482711791992
2016-12-15,25.15256118774414
2016-12-16,25.030790328979492
2016-12-19,24.887523651123047
2016-12-20,25.002138137817383
2016-12-21,24.481611251831055
2016-12-22,24.414749145507812
2016-12-23,24.646358489990234
2016-12-27,24.8421630859375
2016-12-28,24.667848587036133
2016-12-29,24.703670501708984
2016-12-30,24.553241729736328
2017-01-03,24.500707626342773
2017-01-04,25.066604614257812
2017-01-05,24.634418487548828
2017-01-06,24.765748977661133
2017-01-09,24.651134490966797
2017-01-10,24.83499526977539
2017-01-11,24.27387046813965
2017-01-12,24.357444763183594
2017-01-13,24.20940589904785
2017-01-17,23.653059005737305
2017-01-18,23.63872528076172
2017-01-19,23.39995574951172
2017-01-20,23.404726028442383
2017-01-23,23.37607765197754
2017-01-24,23.388017654418945
2017-01-25,23.631563186645508
2017-01-26,23.619626998901367
2017-01-27,23.844074249267578
2017-01-30,23.667387008666992
2017-01-31,24.295366287231445
2017-02-01,24.393260955810547
2017-02-02,24.25476837158203
2017-02-03,24.546070098876953
2017-02-06,24.092403411865234
2017-02-07,24.159257888793945
2017-02-08,23.844074249267578
2017-02-09,24.725160598754883
2017-02-10,24.65352439880371
2017-02-13,24.81111717224121
2017-02-14,24.956769943237305
2017-02-15,25.196277618408203
2017-02-16,25.15077018737793
2017-02-17,25.205862045288086
2017-02-21,25.24657440185547
2017-02-22,25.318422317504883
2017-02-23,25.469318389892578
2017-02-24,25.52918815612793
2017-02-27,25.732776641845703
2017-02-28,25.464529037475586
2017-03-01,25.9148006439209
2017-03-02,25.567514419555664
2017-03-03,25.699243545532227
2017-03-06,25.646549224853516
2017-03-07,25.555543899536133
2017-03-08,25.613021850585938
2017-03-09,25.66092300415039
2017-03-10,25.88606071472168
2017-03-13,25.684871673583984
2017-03-14,25.586673736572266
2017-03-15,25.74714469909668
2017-03-16,25.031017303466797
2017-03-17,25.102867126464844
2017-03-20,24.90167808532715
2017-03-21,24.49930763244629
2017-03-22,24.561580657958984
2017-03-23,24.789112091064453
2017-03-24,24.865753173828125
2017-03-27,24.195125579833984
2017-03-28,23.95322608947754
2017-03-29,23.941253662109375
2017-03-30,24.19992446899414
2017-03-31,24.346025466918945
2017-04-03,24.159202575683594
2017-04-04,24.029878616333008
2017-04-05,23.77838897705078
2017-04-06,24.128070831298828
2017-04-07,24.120882034301758
2017-04-10,23.974788665771484
2017-04-11,24.051427841186523
2017-04-12,23.919696807861328
2017-04-13,23.91490936279297
2017-04-17,24.231060028076172
2017-04-18,24.257402420043945
2017-04-19,24.40350341796875
2017-04-20,24.561580657958984
2017-04-21,24.37236976623535
2017-04-24,24.702884674072266
2017-04-25,24.997486114501953
2017-04-26,25.33040428161621
2017-04-27,25.53638458251953
2017-04-28,25.646549224853516
2017-05-01,25.76630973815918
2017-05-02,26.614164352416992
2017-05-03,26.29083251953125
2017-05-04,26.55190086364746
2017-05-05,26.54471206665039
2017-05-08,26.403400421142578
2017-05-09,26.477642059326172
2017-05-10,26.62135124206543
2017-05-11,26.475252151489258
2017-05-12,26.441713333129883
2017-05-15,26.61176872253418
2017-05-16,26.688413619995117
2017-05-17,26.32331085205078
2017-05-18,26.1864013671875
2017-05-19,26.40978240966797
2017-05-22,26.503459930419922
2017-05-23,26.623558044433594
2017-05-24,26.676403045654297
2017-05-25,26.710031509399414
2017-05-26,26.75806999206543
2017-05-30,26.774885177612305
2017-05-31,26.921405792236328
2017-06-01,27.200027465820312
2017-06-02,27.74768829345703
2017-06-05,27.485872268676758
2017-06-06,27.36336898803711
2017-06-07,27.348957061767578
2017-06-08,27.300918579101562
2017-06-09,26.971851348876953
2017-06-12,26.76047134399414
2017-06-13,26.748464584350586
2017-06-14,26.94061851501465
2017-06-15,26.61155128479004
2017-06-16,26.813318252563477
2017-06-19,27.1231689453125
2017-06-20,27.1159610748291
2017-06-21,27.372976303100586
2017-06-22,27.93503761291504
2017-06-23,28.223276138305664
2017-06-26,28.348188400268555
2017-06-27,28.24489402770996
2017-06-28,28.525928497314453
2017-06-29,28.180042266845703
2017-06-30,28.223276138305664
2017-07-03,28.071956634521484
2017-07-05,27.92303466796875
2017-07-06,27.867786407470703
2017-07-07,28.26651382446289
2017-07-10,27.959062576293945
2017-07-11,28.076751708984375
2017-07-12,27.927837371826172
2017-07-13,27.78131675720215
2017-07-14,27.682830810546875
2017-07-17,27.88219451904297
2017-07-18,28.16082191467285
2017-07-19,28.091167449951172
2017-07-20,28.086368560791016
2017-07-21,28.33857536315918
2017-07-24,28.37460708618164
2017-07-25,28.39381980895996
2017-07-26,28.158430099487305
2017-07-27,27.942241668701172
2017-07-28,27.983083724975586
2017-07-31,27.841367721557617
2017-08-01,27.810134887695312
2017-08-02,27.723663330078125
2017-08-03,27.7188663482666
2017-08-04,27.704450607299805
2017-08-07,27.918235778808594
2017-08-08,27.284107208251953
2017-08-09,27.48827362060547
2017-08-10,28.043132781982422
2017-08-11,28.23288345336914
2017-08-14,28.216073989868164
2017-08-15,28.11038589477539
2017-08-16,28.49334716796875
2017-08-17,28.41145896911621
2017-08-18,28.39701271057129
2017-08-21,28.539112091064453
2017-08-22,28.76551628112793
2017-08-23,28.678810119628906
2017-08-24,28.888355255126953
2017-08-25,28.895584106445312
2017-08-28,29.32671356201172
2017-08-29,29.345985412597656
2017-08-30,29.05695915222168
2017-08-31,29.813243865966797
2017-09-01,29.52181053161621
2017-09-05,29.179794311523438
2017-09-06,29.302627563476562
2017-09-07,29.05213737487793
2017-09-08,28.881128311157227
2017-09-11,29.27613639831543
2017-09-12,29.468814849853516
2017-09-13,29.584436416625977
2017-09-14,29.637418746948242
2017-09-15,29.283363342285156
2017-09-18,29.317081451416016
2017-09-19,29.360429763793945
2017-09-20,29.203876495361328
2017-09-21,29.19424057006836
2017-09-22,29.24000358581543
2017-09-25,29.27613639831543
2017-09-26,28.866676330566406
2017-09-27,29.19424057006836
2017-09-28,29.05695915222168
2017-09-29,29.117170333862305
2017-10-02,29.538663864135742
2017-10-03,29.43991470336914
2017-10-04,29.492904663085938
2017-10-05,29.55071449279785
2017-10-06,29.519399642944336
2017-10-09,29.18461036682129
2017-10-10,29.45677375793457
2017-10-11,29.731355667114258
2017-10-12,29.849376678466797
2017-10-13,29.300214767456055
2017-10-16,29.514583587646484
2017-10-17,29.707265853881836
2017-10-18,29.656688690185547
2017-10-19,29.736173629760742
2017-10-20,29.926448822021484
2017-10-23,29.83732795715332
2017-10-24,29.851783752441406
2017-10-25,29.972209930419922
2017-10-26,30.119138717651367
2017-10-27,30.335899353027344
2017-10-30,29.77470588684082
2017-10-31,31.55704116821289
2017-11-01,30.926002502441406
2017-11-02,30.82965660095215
2017-11-03,31.14035987854004
2017-11-06,30.940458297729492
2017-11-07,30.39852523803711
2017-11-08,30.521360397338867
2017-11-09,30.110870361328125
2017-11-10,29.999797821044922
2017-11-13,30.023948669433594
2017-11-14,30.23642921447754
2017-11-15,30.405460357666016
2017-11-16,31.055002212524414
2017-11-17,31.202295303344727
2017-11-20,31.397886276245117
2017-11-21,31.902549743652344
2017-11-22,31.977401733398438
2017-11-24,31.80354881286621
2017-11-27,31.9870662689209
2017-11-28,32.14402389526367
2017-11-29,32.262332916259766
2017-11-30,32.5376091003418
2017-12-01,32.160919189453125
2017-12-04,31.34476089477539
2017-12-05,31.021198272705078
2017-12-06,31.081560134887695
2017-12-07,31.12502670288086
2017-12-08,31.09122657775879
2017-12-11,30.666242599487305
2017-12-12,30.743507385253906
2017-12-13,30.85458755493164
2017-12-14,30.849760055541992
2017-12-15,31.272319793701172
2017-12-18,31.289226531982422
2017-12-19,31.22161865234375
2017-12-20,31.190221786499023
2017-12-21,31.093645095825195
2017-12-22,30.987398147583008
2017-12-26,31.023609161376953
2017-12-27,30.95600128173828
2017-12-28,31.09122657775879
2017-12-29,31.281982421875
2018-01-02,31.743183135986328
2018-01-03,32.474830627441406
2018-01-04,32.57865905761719
2018-01-05,32.93119430541992
2018-01-08,32.93361282348633
2018-01-09,33.25716781616211
2018-01-10,33.175071716308594
2018-01-11,33.363426208496094
2018-01-12,33.81013488769531
2018-01-16,33.86808395385742
2018-01-17,33.96709060668945
2018-01-18,33.81013488769531
2018-01-19,33.979164123535156
2018-01-22,34.04677200317383
2018-01-23,34.16508102416992
2018-01-24,34.13370132446289
2018-01-25,34.314796447753906
2018-01-26,34.365509033203125
2018-01-29,34.2906494140625
2018-01-30,33.899471282958984
2018-01-31,33.875343322753906
2018-02-01,33.81013488769531
2018-02-02,33.36825942993164
2018-02-05,31.999134063720703
2018-02-06,33.26441955566406
2018-02-07,32.94810485839844
2018-02-08,31.863920211791992
2018-02-09,32.25749588012695
2018-02-12,32.704219818115234
2018-02-13,33.08091354370117
2018-02-14,34.061275482177734
2018-02-15,34.24519729614258
2018-02-16,34.172584533691406
2018-02-20,33.763580322265625
2018-02-21,33.77326202392578
2018-02-22,33.76117706298828
2018-02-23,34.3637809753418
2018-02-26,34.50898742675781
2018-02-27,34.257301330566406
2018-02-28,34.206459045410156
2018-03-01,34.08304214477539
2018-03-02,33.97897720336914
2018-03-05,34.23793029785156
2018-03-06,35.04142379760742
2018-03-07,34.92041778564453
2018-03-08,34.83570861816406
2018-03-09,35.421382904052734
2018-03-12,35.501251220703125
2018-03-13,35.46978759765625
2018-03-14,35.5327033996582
2018-03-15,35.4649543762207
2018-03-16,35.86186599731445
2018-03-19,35.813453674316406
2018-03-20,35.98286437988281
2018-03-21,35.92719650268555
2018-03-22,35.71180725097656
2018-03-23,35.03416061401367
2018-03-26,36.108726501464844
2018-03-27,35.52545928955078
2018-03-28,35.680335998535156
2018-03-29,36.55401611328125
2018-04-02,35.06803894042969
2018-04-03,35.44801330566406
2018-04-04,35.62952423095703
2018-04-05,35.869117736816406
2018-04-06,35.1721076965332
2018-04-09,35.414127349853516
2018-04-10,36.03852844238281
2018-04-11,36.15469741821289
2018-04-12,36.103878021240234
2018-04-13,36.04821014404297
2018-04-16,36.285377502441406
2018-04-17,37.03079605102539
2018-04-18,37.113075256347656
2018-04-19,36.83234786987305
2018-04-20,36.975128173828125
2018-04-23,37.28490447998047
2018-04-24,36.90251922607422
2018-04-25,36.67987060546875
2018-04-26,36.931575775146484
2018-04-27,36.8275032043457
2018-04-30,36.522552490234375
2018-05-01,36.49109649658203
2018-05-02,35.52061462402344
2018-05-03,35.46253204345703
2018-05-04,35.789249420166016
2018-05-07,35.99738693237305
2018-05-08,36.089351654052734
2018-05-09,36.04821014404297
2018-05-10,36.27570724487305
2018-05-11,36.73651885986328
2018-05-14,36.8577766418457
2018-05-15,36.2150764465332
2018-05-16,36.80927276611328
2018-05-17,36.77290725708008
2018-05-18,37.100318908691406
2018-05-21,36.95721435546875
2018-05-22,36.89659881591797
2018-05-23,37.01785659790039
2018-05-24,36.73651885986328
2018-05-25,36.09381103515625
2018-05-29,35.72030258178711
2018-05-30,36.355751037597656
2018-05-31,36.457603454589844
2018-06-01,36.6152458190918
2018-06-04,37.27252197265625
2018-06-05,37.66057586669922
2018-06-06,38.63312530517578
2018-06-07,38.5142822265625
2018-06-08,38.739837646484375
2018-06-11,39.02846145629883
2018-06-12,39.33647155761719
2018-06-13,39.43592071533203
2018-06-14,39.790016174316406
2018-06-15,40.15866470336914
2018-06-18,39.697853088378906
2018-06-19,39.66874313354492
2018-06-20,39.53291702270508
2018-06-21,39.0890998840332
2018-06-22,39.15943145751953
2018-06-25,38.380889892578125
2018-06-26,38.08500671386719
2018-06-27,35.44139862060547
2018-06-28,35.68391799926758
2018-06-29,35.88279724121094
2018-07-02,35.948280334472656
2018-07-03,35.75912094116211
2018-07-05,35.97010803222656
2018-07-06,36.47944641113281
2018-07-09,37.005733489990234
2018-07-10,37.05908966064453
2018-07-11,36.894161224365234
2018-07-12,37.18519973754883
2018-07-13,37.13427734375
2018-07-16,36.755924224853516
2018-07-17,36.97904968261719
2018-07-18,36.908714294433594
2018-07-19,37.32344055175781
2018-07-20,37.93706512451172
2018-07-23,38.53853988647461
2018-07-24,39.40924072265625
2018-07-25,40.17321014404297
2018-07-26,40.408477783203125
2018-07-27,39.39468765258789
2018-07-30,38.17231750488281
2018-07-31,38.960548400878906
2018-08-01,39.933101654052734
2018-08-02,40.31631088256836
2018-08-03,40.342987060546875
2018-08-06,40.951751708984375
2018-08-07,43.68994903564453
2018-08-08,43.006004333496094
2018-08-09,43.23883819580078
2018-08-10,43.335853576660156
2018-08-13,43.09816360473633
2018-08-14,43.68994903564453
2018-08-15,43.6511344909668
2018-08-16,43.66571807861328
2018-08-17,43.8552360534668
2018-08-20,44.04717254638672
2018-08-21,44.9170036315918
2018-08-22,44.90727996826172
2018-08-23,45.66288757324219
2018-08-24,45.738216400146484
2018-08-27,45.56327819824219
2018-08-28,45.76007843017578
2018-08-29,46.581302642822266
2018-08-30,46.488975524902344
2018-08-31,46.690635681152344
2018-09-04,46.42580795288086
2018-09-05,45.96903610229492
2018-09-06,46.29216766357422
2018-09-07,46.49384307861328
2018-09-10,47.509429931640625
2018-09-11,47.55316162109375
2018-09-12,47.61389923095703
2018-09-13,47.9710693359375
2018-09-14,48.5468864440918
2018-09-17,47.82771682739258
2018-09-18,47.94919967651367
2018-09-19,48.252906799316406
2018-09-20,48.345237731933594
2018-09-21,47.601749420166016
2018-09-24,48.6489372253418
2018-09-25,49.064414978027344
2018-09-26,48.96235656738281
2018-09-27,49.523624420166016
2018-09-28,49.59164047241211
2018-10-01,49.51632308959961
2018-10-02,48.998809814453125
2018-10-03,48.67323303222656
2018-10-04,46.97248077392578
2018-10-05,46.69792938232422
2018-10-08,46.02733612060547
2018-10-09,45.806236267089844
2018-10-10,44.316864013671875
2018-10-11,43.891693115234375
2018-10-12,44.955867767333984
2018-10-15,44.265838623046875
2018-10-16,45.043338775634766
2018-10-17,44.48937225341797
2018-10-18,44.523399353027344
2018-10-19,43.126338958740234
2018-10-22,43.889244079589844
2018-10-23,44.552547454833984
2018-10-24,42.19820785522461
2018-10-25,43.69487380981445
2018-10-26,43.77262496948242
2018-10-29,43.11661911010742
2018-10-30,40.417274475097656
2018-10-31,40.75012969970703
2018-11-01,41.14617156982422
2018-11-02,41.3599739074707
2018-11-05,41.44259262084961
2018-11-06,41.95038986206055
2018-11-07,43.410606384277344
2018-11-08,42.07676315307617
2018-11-09,41.572933197021484
2018-11-12,39.83746337890625
2018-11-13,39.4212532043457
2018-11-14,39.287391662597656
2018-11-15,39.68656921386719
2018-11-16,39.00017547607422
2018-11-19,37.76369857788086
2018-11-20,38.0484733581543
2018-11-21,38.087425231933594
2018-11-23,38.817626953125
2018-11-26,38.63507080078125
2018-11-27,38.50120162963867
2018-11-28,39.71334457397461
2018-11-29,39.523494720458984
2018-11-30,39.28982162475586
2018-12-03,39.96890640258789
2018-12-04,39.039119720458984
2018-12-06,39.0634651184082
2018-12-07,38.024139404296875
2018-12-10,37.880531311035156
2018-12-11,38.342987060546875
2018-12-12,39.426124572753906
2018-12-13,37.89026641845703
2018-12-14,36.797393798828125
2018-12-17,35.73130416870117
2018-12-18,35.57307815551758
2018-12-19,35.42461395263672
2018-12-20,34.39015197753906
2018-12-21,33.53824996948242
2018-12-24,32.31151580810547
2018-12-26,33.91065216064453
2018-12-27,34.41206359863281
2018-12-28,34.50210952758789
2018-12-31,35.22502899169922
2019-01-02,34.54106521606445
2019-01-03,33.12446212768555
2019-01-04,35.169044494628906
2019-01-07,35.507362365722656
2019-01-08,35.85785675048828
2019-01-09,36.25703811645508
2019-01-10,37.408329010009766
2019-01-11,38.40140151977539
2019-01-14,38.03873825073242
2019-01-15,38.65211486816406
2019-01-16,39.02208709716797
2019-01-17,39.41881561279297
2019-01-18,39.71577835083008
2019-01-22,39.190032958984375
2019-01-23,39.462650299072266
2019-01-24,39.489410400390625
2019-01-25,39.98838424682617
2019-01-28,39.9031982421875
2019-01-29,40.04679870605469
2019-01-30,40.986331939697266
2019-01-31,42.46377182006836
2019-02-01,42.763153076171875
2019-02-04,43.2718620300293
2019-02-05,45.90059280395508
2019-02-06,45.5720100402832
2019-02-07,44.84181213378906
2019-02-08,44.720096588134766
2019-02-11,44.737144470214844
2019-02-12,45.43083572387695
2019-02-13,46.01499938964844
2019-02-14,45.97111129760742
2019-02-15,46.7220573425293
2019-02-19,46.78057861328125
2019-02-20,47.229190826416016
2019-02-21,47.29015350341797
2019-02-22,47.536399841308594
2019-02-25,47.536399841308594
2019-02-26,46.704986572265625
2019-02-27,47.37791442871094
2019-02-28,47.275508880615234
2019-03-01,47.98501968383789
2019-03-04,47.58515548706055
2019-03-05,47.753395080566406
2019-03-06,46.63184356689453
2019-03-07,46.51237487792969
2019-03-08,46.20273971557617
2019-03-11,46.804962158203125
2019-03-12,47.14385986328125
2019-03-13,47.54127883911133
2019-03-14,47.42668151855469
2019-03-15,47.70218276977539
2019-03-18,47.97038269042969
2019-03-19,48.53603744506836
2019-03-20,48.40193176269531
2019-03-21,48.87006378173828
2019-03-22,46.895164489746094
2019-03-25,47.34621810913086
2019-03-26,47.772884368896484
2019-03-27,47.35841751098633
2019-03-28,48.0093879699707
2019-03-29,48.40924072265625
2019-04-01,48.74571228027344
2019-04-02,48.81153869628906
2019-04-03,49.22359848022461
2019-04-04,48.49701690673828
2019-04-05,48.37998962402344
2019-04-08,49.165077209472656
2019-04-09,49.03341293334961
2019-04-10,49.59418487548828
2019-04-11,49.31135940551758
2019-04-12,49.12849807739258
2019-04-15,48.913944244384766
2019-04-16,47.60953903198242
2019-04-17,46.01255798339844
2019-04-18,46.11983871459961
2019-04-22,46.60746383666992
2019-04-23,46.79032516479492
2019-04-24,46.55138397216797
2019-04-25,46.636722564697266
2019-04-26,47.533966064453125
2019-04-29,47.84360885620117
2019-04-30,49.88187789916992
2019-05-01,49.2821044921875
2019-05-02,49.087059020996094
2019-05-03,50.12081527709961
2019-05-06,50.55481719970703
2019-05-07,49.1016845703125
2019-05-08,49.235782623291016
2019-05-09,49.29683303833008
2019-05-10,49.26020050048828
2019-05-13,47.5361442565918
2019-05-14,48.20525360107422
2019-05-15,48.02943420410156
2019-05-16,49.21135711669922
2019-05-17,48.219905853271484
2019-05-20,48.21745300292969
2019-05-21,49.10634994506836
2019-05-22,49.338340759277344
2019-05-23,48.31758117675781
2019-05-24,48.300498962402344
2019-05-28,47.873138427734375
2019-05-29,47.31391906738281
2019-05-30,47.606956481933594
2019-05-31,48.363990783691406
2019-06-03,48.33956527709961
2019-06-04,49.787681579589844
2019-06-05,50.444576263427734
2019-06-06,50.99158477783203
2019-06-07,51.26996994018555
2019-06-10,51.79988098144531
2019-06-11,51.9317512512207
2019-06-12,52.60818862915039
2019-06-13,51.584999084472656
2019-06-14,50.87680435180664
2019-06-17,50.605751037597656
2019-06-18,50.66923904418945
2019-06-19,51.55812072753906
2019-06-20,52.31271743774414
2019-06-21,51.357887268066406
2019-06-24,50.26630783081055
2019-06-25,49.680213928222656
2019-06-26,49.382301330566406
2019-06-27,50.40061950683594
2019-06-28,50.9134407043457
2019-07-01,51.10147476196289
2019-07-02,52.14910125732422
2019-07-03,52.9232177734375
2019-07-05,52.45679473876953
2019-07-08,51.870704650878906
2019-07-09,51.887813568115234
2019-07-10,52.0147705078125
2019-07-11,50.9085578918457
2019-07-12,51.11368179321289
2019-07-15,51.4189338684082
2019-07-16,51.350563049316406
2019-07-17,51.28950881958008
2019-07-18,52.361549377441406
2019-07-19,51.15275192260742
2019-07-22,50.9793701171875
2019-07-23,50.79867172241211
2019-07-24,51.03797149658203
2019-07-25,51.25532150268555
2019-07-26,52.40795135498047
2019-07-29,52.51784133911133
2019-07-30,51.3920783996582
2019-07-31,51.31881332397461
2019-08-01,51.5214958190918
2019-08-02,50.310264587402344
2019-08-05,48.71562576293945
2019-08-06,47.41159439086914
2019-08-07,46.49828338623047
2019-08-08,47.78279495239258
2019-08-09,46.90855407714844
2019-08-12,46.50316619873047
2019-08-13,48.156410217285156
2019-08-14,46.9451904296875
2019-08-15,47.17265701293945
2019-08-16,48.327213287353516
2019-08-19,47.42949676513672
2019-08-20,47.10905838012695
2019-08-21,47.260719299316406
2019-08-22,46.825313568115234
2019-08-23,45.89335632324219
2019-08-26,46.49509811401367
2019-08-27,46.2602653503418
2019-08-28,46.62228775024414
2019-08-29,47.12129211425781
2019-08-30,46.85957336425781
2019-09-03,45.41148376464844
2019-09-04,45.77350997924805
2019-09-05,46.43149948120117
2019-09-06,46.03034210205078
2019-09-09,44.90025329589844
2019-09-10,45.99609375
2019-09-11,47.85755920410156
2019-09-12,48.90203857421875
2019-09-13,49.15398025512695
2019-09-16,48.95341491699219
2019-09-17,48.3516731262207
2019-09-18,48.53268051147461
2019-09-19,48.310096740722656
2019-09-20,49.026790618896484
2019-09-23,49.457298278808594
2019-09-24,49.15153503417969
2019-09-25,49.28852081298828
2019-09-26,49.64565658569336
2019-09-27,48.268497467041016
2019-09-30,47.86244583129883
2019-10-01,46.39724349975586
2019-10-02,46.85221481323242
2019-10-03,48.14864730834961
2019-10-04,49.26405715942383
2019-10-07,49.332550048828125
2019-10-08,48.04834747314453
2019-10-09,49.15643310546875
2019-10-10,48.79685974121094
2019-10-11,49.15398025512695
2019-10-14,48.94851303100586
2019-10-15,49.07815933227539
2019-10-16,49.418155670166016
2019-10-17,49.28852081298828
2019-10-18,48.982749938964844
2019-10-21,49.74839401245117
2019-10-22,49.08793640136719
2019-10-23,49.518455505371094
2019-10-24,49.3227653503418
2019-10-25,49.731258392333984
2019-10-28,51.172000885009766
2019-10-29,51.426387786865234
2019-10-30,51.167110443115234
2019-10-31,50.92005920410156
2019-11-01,51.46308135986328
2019-11-04,50.646095275878906
2019-11-05,50.071266174316406
2019-11-06,49.94651794433594
2019-11-07,49.726016998291016
2019-11-08,49.78482437133789
2019-11-11,49.75052261352539
2019-11-12,49.96857452392578
2019-11-13,50.196407318115234
2019-11-14,49.87546920776367
2019-11-15,52.048545837402344
2019-11-18,51.79619598388672
2019-11-19,53.00156021118164
2019-11-20,53.440101623535156
2019-11-21,52.597328186035156
2019-11-22,52.790870666503906
2019-11-25,53.920291900634766
2019-11-26,53.895782470703125
2019-11-27,54.388221740722656
2019-11-29,53.46949768066406
2019-12-02,53.37640380859375
2019-12-03,52.80312728881836
2019-12-04,53.501346588134766
2019-12-05,53.351905822753906
2019-12-06,53.72918701171875
2019-12-09,53.716941833496094
2019-12-10,53.89088821411133
2019-12-11,52.84231185913086
2019-12-12,53.48419189453125
2019-12-13,52.18819046020508
2019-12-16,53.621395111083984
2019-12-17,53.244102478027344
2019-12-18,52.92561721801758
2019-12-19,53.10936737060547
2019-12-20,54.4102668762207
2019-12-23,54.31227493286133
2019-12-24,54.07952880859375
2019-12-26,53.491546630859375
2019-12-27,53.486656188964844
2019-12-30,53.27595138549805
2019-12-31,53.77819061279297
2020-01-02,53.76594161987305
2020-01-03,53.084861755371094
2020-01-06,53.20246124267578
2020-01-07,52.91336441040039
2020-01-08,52.697776794433594
2020-01-09,53.08732223510742
2020-01-10,52.95256805419922
2020-01-13,53.23676300048828
2020-01-14,53.37396240234375
2020-01-15,53.97173309326172
2020-01-16,53.753684997558594
2020-01-17,54.04767990112305
2020-01-21,54.268165588378906
2020-01-22,53.69733810424805
2020-01-23,53.59444808959961
2020-01-24,52.66347122192383
2020-01-27,53.1118049621582
2020-01-28,53.51359939575195
2020-01-29,53.293113708496094
2020-01-30,52.183292388916016
2020-01-31,51.44097137451172
2020-02-03,50.77458953857422
2020-02-04,51.048980712890625
2020-02-05,50.625144958496094
2020-02-06,50.064109802246094
2020-02-07,49.258087158203125
2020-02-10,50.39240646362305
2020-02-11,50.348304748535156
2020-02-12,50.3385009765625
2020-02-13,50.46118927001953
2020-02-14,51.167877197265625
2020-02-18,50.635414123535156
2020-02-19,51.68806076049805
2020-02-20,51.25130081176758
2020-02-21,50.55443572998047
2020-02-24,49.47233200073242
2020-02-25,48.49574279785156
2020-02-26,48.54236602783203
2020-02-27,47.35966110229492
2020-02-28,46.34872817993164
2020-03-02,48.49574279785156
2020-03-03,47.4504508972168
2020-03-04,48.50801467895508
2020-03-05,47.62221145629883
2020-03-06,47.65165710449219
2020-03-09,46.29228591918945
2020-03-10,46.12542724609375
2020-03-11,44.309661865234375
2020-03-12,40.84988021850586
2020-03-13,44.0740966796875
2020-03-16,39.54695129394531
2020-03-17,41.590919494628906
2020-03-18,40.41802978515625
2020-03-19,40.83516311645508
2020-03-20,41.04127502441406
2020-03-23,41.79703140258789
2020-03-24,41.68415832519531
2020-03-25,42.324588775634766
2020-03-26,45.718109130859375
2020-03-27,45.244544982910156
2020-03-30,46.8149299621582
2020-03-31,46.52784729003906
2020-04-01,45.499725341796875
2020-04-02,46.82229995727539
2020-04-03,45.735286712646484
2020-04-06,47.737545013427734
2020-04-07,47.50688171386719
2020-04-08,48.8294563293457
2020-04-09,47.28114700317383
2020-04-13,46.837013244628906
2020-04-14,48.89815139770508
2020-04-15,49.44043731689453
2020-04-16,52.014404296875
2020-04-17,52.46590042114258
2020-04-20,50.98629379272461
2020-04-21,49.165618896484375
2020-04-22,51.00101089477539
2020-04-23,51.462310791015625
2020-04-24,49.528770446777344
2020-04-27,51.25130081176758
2020-04-28,50.24034881591797
2020-04-29,51.818115234375
2020-04-30,55.209190368652344
2020-05-01,55.83243179321289
2020-05-04,58.062889099121094
2020-05-05,60.37676239013672
2020-05-06,64.1972427368164
2020-05-07,64.65608978271484
2020-05-08,66.45439910888672
2020-05-11,68.68018341064453
2020-05-12,67.04893493652344
2020-05-13,64.32441711425781
2020-05-14,64.37847137451172
2020-05-15,65.67071533203125
2020-05-18,65.54295349121094
2020-05-19,63.88713073730469
2020-05-20,66.27259826660156
2020-05-21,65.53314971923828
2020-05-22,65.4471664428711
2020-05-26,64.03453826904297
2020-05-27,63.204158782958984
2020-05-28,63.481773376464844
2020-05-29,65.05406188964844
2020-06-01,64.38094329833984
2020-06-02,64.81824493408203
2020-06-03,63.73481750488281
2020-06-04,62.044586181640625
2020-06-05,63.0346565246582
2020-06-08,62.646488189697266
2020-06-09,62.034759521484375
2020-06-10,64.36620330810547
2020-06-11,59.460113525390625
2020-06-12,60.36910629272461
2020-06-15,62.48926544189453
2020-06-16,61.63185501098633
2020-06-17,62.739845275878906
2020-06-18,62.37624740600586
2020-06-19,63.312252044677734
2020-06-22,64.42271423339844
2020-06-23,64.331787109375
2020-06-24,62.034759521484375
2020-06-25,63.4498405456543
2020-06-26,63.002708435058594
2020-06-29,62.35413360595703
2020-06-30,64.87472534179688
2020-07-01,65.35135650634766
2020-07-02,66.13011169433594
2020-07-06,66.29471588134766
2020-07-07,65.53314971923828
2020-07-08,67.31671905517578
2020-07-09,68.14217376708984
2020-07-10,66.92118072509766
2020-07-13,64.64381408691406
2020-07-14,65.51348114013672
2020-07-15,67.3879623413086
2020-07-16,66.98751831054688
2020-07-17,68.72931671142578
2020-07-20,69.51549530029297
2020-07-21,68.04145812988281
2020-07-22,67.78840637207031
2020-07-23,67.1717758178711
2020-07-24,66.3487548828125
2020-07-27,68.00214385986328
2020-07-28,66.49861907958984
2020-07-29,67.40025329589844
2020-07-30,68.01934051513672
2020-07-31,67.5992431640625
2020-08-03,68.51068878173828
2020-08-04,68.02427673339844
2020-08-05,65.80828094482422
2020-08-06,65.48399353027344
2020-08-07,65.28992462158203
2020-08-10,63.358924865722656
2020-08-11,64.32199096679688
2020-08-12,64.71504211425781
2020-08-13,65.42012023925781
2020-08-14,64.1279067993164
2020-08-17,64.61983489990234
2020-08-18,64.55096435546875
2020-08-19,63.96555709838867
2020-08-20,63.56951904296875
2020-08-21,63.41703414916992
2020-08-24,61.57468032836914
2020-08-25,61.71980285644531
2020-08-26,62.17485427856445
2020-08-27,62.24126052856445
2020-08-28,62.24126052856445
2020-08-31,62.83653259277344
2020-09-01,63.323551177978516
2020-09-02,64.33942413330078
2020-09-03,61.65584945678711
2020-09-04,60.563724517822266
2020-09-08,60.396461486816406
2020-09-09,61.50088882446289
2020-09-10,60.58833312988281
2020-09-11,59.956172943115234
2020-09-14,60.83921432495117
2020-09-15,60.4136848449707
2020-09-16,60.16525650024414
2020-09-17,60.320213317871094
2020-09-18,59.993064880371094
2020-09-21,58.468021392822266
2020-09-22,59.830726623535156
2020-09-23,59.76923751831055
2020-09-24,57.120094299316406
2020-09-25,59.461753845214844
2020-09-28,59.95370864868164
2020-09-29,60.69654846191406
2020-09-30,60.935142517089844
2020-10-01,61.17620086669922
2020-10-02,60.73098373413086
2020-10-05,62.02726364135742
2020-10-06,63.016082763671875
2020-10-07,64.9223861694336
2020-10-08,64.42059326171875
2020-10-09,65.20280456542969
2020-10-12,66.05387115478516
2020-10-13,66.30968475341797
2020-10-14,66.1350326538086
2020-10-15,65.32086181640625
2020-10-16,65.34791564941406
2020-10-19,65.07979583740234
2020-10-20,65.05767059326172
2020-10-21,64.3959732055664
2020-10-22,66.32936096191406
2020-10-23,66.0341796875
2020-10-26,65.07242584228516
2020-10-27,65.47827911376953
2020-10-28,63.375205993652344
2020-10-29,62.89310073852539
2020-10-30,62.08629608154297
2020-11-02,63.9532470703125
2020-11-03,65.51273345947266
2020-11-04,65.71442413330078
2020-11-05,74.92367553710938
2020-11-06,74.39974975585938
2020-11-09,74.82530975341797
2020-11-10,73.86109161376953
2020-11-11,75.37875366210938
2020-11-12,74.66048431396484
2020-11-13,74.57185363769531
2020-11-16,74.57432556152344
2020-11-17,75.77347564697266
2020-11-18,74.10401916503906
2020-11-19,74.42658996582031
2020-11-20,75.07662200927734
2020-11-23,74.79100036621094
2020-11-24,74.56446838378906
2020-11-25,74.30101013183594
2020-11-27,73.29145812988281
2020-11-30,74.68511199951172
2020-12-01,75.08647918701172
2020-12-02,73.4588851928711
2020-12-03,73.61153411865234
2020-12-04,75.49029541015625
2020-12-07,75.82271575927734
2020-12-08,76.04927062988281
2020-12-09,74.27391052246094
2020-12-10,75.15050506591797
2020-12-11,75.0914077758789
2020-12-14,75.45830535888672
2020-12-15,75.88182067871094
2020-12-16,74.61370086669922
2020-12-17,76.2733383178711
2020-12-18,78.85385131835938
2020-12-21,79.25521850585938
2020-12-22,78.93264770507812
2020-12-23,78.80953979492188
2020-12-24,79.19366455078125
2020-12-28,77.75813293457031
2020-12-29,77.54143524169922
2020-12-30,78.05360412597656
2020-12-31,78.19147491455078
2021-01-04,77.47001647949219
2021-01-05,78.0560531616211
2021-01-06,81.48116302490234
2021-01-07,82.69757843017578
2021-01-08,81.13892364501953
2021-01-11,82.4439468383789
2021-01-12,82.24449157714844
2021-01-13,81.39990234375
2021-01-14,83.02998352050781
2021-01-15,85.6178970336914
2021-01-19,86.62005615234375
2021-01-20,87.82415008544922
2021-01-21,87.58037567138672
2021-01-22,87.80445861816406
2021-01-25,86.7825698852539
2021-01-26,83.80314636230469
2021-01-27,78.40816497802734
2021-01-28,79.41527557373047
2021-01-29,80.00377655029297
2021-02-01,83.73667907714844
2021-02-02,92.7709732055664
2021-02-03,90.71492767333984
2021-02-04,94.24100494384766
2021-02-05,93.7337646484375
2021-02-08,96.17147064208984
2021-02-09,96.01881408691406
2021-02-10,96.10499572753906
2021-02-11,97.34700775146484
2021-02-12,98.29334259033203
2021-02-16,101.28506469726562
2021-02-17,100.36338806152344
2021-02-18,97.85466766357422
2021-02-19,95.9990005493164
2021-02-22,92.90625
2021-02-23,92.87175750732422
2021-02-24,92.33697509765625
2021-02-25,89.96379852294922
2021-02-26,89.13331604003906
2021-03-01,91.78250122070312
2021-03-02,92.52180480957031
2021-03-03,89.02241516113281
2021-03-04,85.73497009277344
2021-03-05,87.7828598022461
2021-03-08,84.99073791503906
2021-03-09,89.72968292236328
2021-03-10,89.6434326171875
2021-03-11,95.6195068359375
2021-03-12,94.90729522705078
2021-03-15,97.83741760253906
2021-03-16,95.70822143554688
2021-03-17,94.09407043457031
2021-03-18,92.16446685791016
2021-03-19,92.47251892089844
2021-03-22,94.97137451171875
2021-03-23,92.77562713623047
2021-03-24,91.04813385009766
2021-03-25,92.9604721069336
2021-03-26,95.67617797851562
2021-03-29,90.43942260742188
2021-03-30,92.03633117675781
2021-03-31,94.12116241455078
2021-04-01,95.74024963378906
2021-04-05,97.78321838378906
2021-04-06,98.34262084960938
2021-04-07,97.8324966430664
2021-04-08,99.84095764160156
2021-04-09,100.72318267822266
2021-04-12,99.32588195800781
2021-04-13,103.36744689941406
2021-04-14,102.1180191040039
2021-04-15,102.31515502929688
2021-04-16,103.14564514160156
2021-04-19,102.15005493164062
2021-04-20,101.50931549072266
2021-04-21,104.44930267333984
2021-04-22,104.41727447509766
2021-04-23,106.5760269165039
2021-04-26,108.56971740722656
2021-04-27,108.77670288085938
2021-04-28,107.64311218261719
2021-04-29,106.89146423339844
2021-04-30,105.34878540039062
2021-05-03,105.08263397216797
2021-05-04,103.0643310546875
2021-05-05,102.71438598632812
2021-05-06,101.28013610839844
2021-05-07,104.25460052490234
2021-05-10,100.60244750976562
2021-05-11,102.40387725830078
2021-05-12,100.76263427734375
2021-05-13,97.75116729736328
2021-05-14,98.99176025390625
2021-05-17,95.533935546875
2021-05-18,98.65386199951172
2021-05-19,98.0545425415039
2021-05-20,100.84644317626953
2021-05-21,100.95989227294922
2021-05-24,103.83319091796875
2021-05-25,103.62355041503906
2021-05-26,102.66661071777344
2021-05-27,101.04375457763672
2021-05-28,102.0647964477539
2021-06-01,101.17938995361328
2021-06-02,101.15226745605469
2021-06-03,100.52335357666016
2021-06-04,104.64705657958984
2021-06-07,103.51994323730469
2021-06-08,104.82711791992188
2021-06-09,105.84573364257812
2021-06-10,107.4833755493164
2021-06-11,109.49098205566406
2021-06-14,110.83020782470703
2021-06-15,108.84233093261719
2021-06-16,109.14570617675781
2021-06-17,109.79928588867188
2021-06-18,106.5215072631836
2021-06-21,108.57103729248047
2021-06-22,108.98291015625
2021-06-23,109.61184692382812
2021-06-24,108.39839935302734
2021-06-25,107.6658935546875
2021-06-28,109.74748229980469
2021-06-29,110.44298553466797
2021-06-30,111.04972839355469
2021-07-01,111.94993591308594
2021-07-02,110.87954711914062
2021-07-06,112.33714294433594
2021-07-07,114.36695098876953
2021-07-08,113.66651153564453
2021-07-09,114.78129577636719
2021-07-12,111.34568786621094
2021-07-13,111.83401489257812
2021-07-14,109.7203598022461
2021-07-15,110.86474609375
2021-07-16,113.12638092041016
2021-07-19,112.32482147216797
2021-07-20,115.185791015625
2021-07-21,114.22637176513672
2021-07-22,115.71604919433594
2021-07-23,117.00347137451172
2021-07-26,116.44361877441406
2021-07-27,116.8061752319336
2021-07-28,117.58554077148438
2021-07-29,119.15167999267578
2021-07-30,118.93708038330078
2021-08-02,119.8003158569336
2021-08-03,118.69784545898438
2021-08-04,120.04940795898438
2021-08-05,121.01127624511719
2021-08-06,118.83350372314453
2021-08-09,118.19964599609375
2021-08-10,114.36695098876953
2021-08-11,114.16471099853516
2021-08-12,114.40641021728516
2021-08-13,115.24308776855469
2021-08-16,117.83702087402344
2021-08-17,116.99046325683594
2021-08-18,116.20067596435547
2021-08-19,117.44952392578125
2021-08-20,118.33061981201172
2021-08-23,118.44166564941406
2021-08-24,121.5489501953125
2021-08-25,123.46168518066406
2021-08-26,121.7217025756836
2021-08-27,122.17089080810547
2021-08-30,124.84379577636719
2021-08-31,123.19020080566406
2021-09-01,124.72284698486328
2021-09-02,126.06302642822266
2021-09-03,126.63314819335938
2021-09-07,126.90462493896484
2021-09-08,125.32011413574219
2021-09-09,125.4188461303711
2021-09-10,127.54627990722656
2021-09-13,124.04167938232422
2021-09-14,125.84334564208984
2021-09-15,130.71774291992188
2021-09-16,130.67333984375
2021-09-17,131.88018798828125
2021-09-20,130.51535034179688
2021-09-21,130.85597229003906
2021-09-22,131.54701232910156
2021-09-23,132.5095672607422
2021-09-24,132.9982452392578
2021-09-27,126.2283706665039
2021-09-28,120.65550231933594
2021-09-29,121.0652084350586
2021-09-30,119.59425354003906
2021-10-01,121.87721252441406
2021-10-04,118.76992797851562
2021-10-05,119.30797576904297
2021-10-06,119.34745025634766
2021-10-07,120.53951263427734
2021-10-08,118.37255859375
2021-10-11,118.02458953857422
2021-10-12,117.97520446777344
2021-10-13,119.20428466796875
2021-10-14,122.87181854248047
2021-10-15,122.91378021240234
2021-10-18,123.2765884399414
2021-10-19,123.30867004394531
2021-10-20,125.2115249633789
2021-10-21,122.77310943603516
2021-10-22,124.70064544677734
2021-10-25,126.0753402709961
2021-10-26,128.03497314453125
2021-10-27,125.8137435913086
2021-10-28,127.16375732421875
2021-10-29,129.23941040039062
2021-11-01,129.5873565673828
2021-11-02,124.22430419921875
2021-11-03,124.46866607666016
2021-11-04,122.22520446777344
2021-11-05,122.74101257324219
2021-11-08,124.98199462890625
2021-11-09,123.93061065673828
2021-11-10,124.3850326538086
2021-11-11,125.1185073852539
2021-11-12,124.59248352050781
2021-11-15,123.91825866699219
2021-11-16,124.59000396728516
2021-11-17,121.9796142578125
2021-11-18,122.28089904785156
2021-11-19,123.85159301757812
2021-11-22,120.9201431274414
2021-11-23,116.74400329589844
2021-11-24,117.79359436035156
2021-11-26,116.92923736572266
2021-11-29,118.46533966064453
2021-11-30,116.57361602783203
2021-12-01,114.0817642211914
2021-12-02,115.39806365966797
2021-12-03,112.65185546875
2021-12-06,115.63761138916016
2021-12-07,116.80328369140625
2021-12-08,118.86295318603516
2021-12-09,116.12168884277344
2021-12-10,115.09431457519531
2021-12-13,116.16365814208984
2021-12-14,114.31390380859375
2021-12-15,117.16879272460938
2021-12-16,113.9804916381836
2021-12-17,116.21058654785156
2021-12-20,114.88192749023438
2021-12-21,118.4530029296875
2021-12-22,120.93496704101562
2021-12-23,122.15989685058594
2021-12-27,123.6441421508789
2021-12-28,122.93535614013672
2021-12-29,124.10102844238281
2021-12-30,125.65442657470703
2021-12-31,127.76348114013672
2022-01-03,120.46573638916016
2022-01-04,115.58328247070312
2022-01-05,107.36193084716797
2022-01-06,105.33929443359375
2022-01-07,102.55850219726562
2022-01-10,105.64305877685547
2022-01-11,106.76426696777344
2022-01-12,105.7912368774414
2022-01-13,98.21195983886719
2022-01-14,96.34245300292969
2022-01-18,93.59870910644531
2022-01-19,93.8036880493164
2022-01-20,93.15911865234375
2022-01-21,90.65985870361328
2022-01-24,94.31243133544922
2022-01-25,90.88212585449219
2022-01-26,89.84735107421875
2022-01-27,87.38760375976562
2022-01-28,90.65739440917969
2022-01-31,92.9590835571289
2022-02-01,99.17264556884766
2022-02-02,103.19567108154297
2022-02-03,101.15576171875
2022-02-04,101.2718276977539
2022-02-07,101.91639709472656
2022-02-08,102.08186340332031
2022-02-09,104.73423767089844
2022-02-10,104.51180267333984
2022-02-11,103.4515380859375
2022-02-14,102.23062133789062
2022-02-15,102.01065826416016
2022-02-16,101.83271026611328
2022-02-17,98.41217803955078
2022-02-18,99.10913848876953
2022-02-22,98.88670349121094
2022-02-23,96.9712905883789
2022-02-24,102.0477294921875
2022-02-25,104.46731567382812
2022-02-28,103.65666961669922
2022-03-01,103.84696197509766
2022-03-02,104.71199798583984
2022-03-03,103.75799560546875
2022-03-04,103.20686340332031
2022-03-07,99.18575286865234
2022-03-08,97.30741882324219
2022-03-09,103.38233184814453
2022-03-10,102.5889892578125
2022-03-11,99.06712341308594
2022-03-14,96.9342269897461
2022-03-15,100.24354553222656
2022-03-16,104.64775085449219
2022-03-17,106.70154571533203
2022-03-18,110.1294937133789
2022-03-21,108.31048583984375
2022-03-22,109.27435302734375
2022-03-23,106.03175354003906
2022-03-24,107.52454376220703
2022-03-25,107.62093353271484
2022-03-28,108.0831069946289
2022-03-29,110.23329162597656
2022-03-30,109.33367156982422
2022-03-31,107.02532196044922
2022-04-01,107.08213806152344
2022-04-04,106.77816009521484
2022-04-05,107.02777862548828
2022-04-06,107.31201171875
2022-04-07,111.13043975830078
2022-04-08,107.05744934082031
2022-04-11,104.4228286743164
2022-04-12,102.01065826416016
2022-04-13,103.6541976928711
2022-04-14,103.32794952392578
2022-04-18,101.84012603759766
2022-04-19,102.13423156738281
2022-04-20,104.94184112548828
2022-04-21,101.84754180908203
2022-04-22,99.59848022460938
2022-04-25,99.08441162109375
2022-04-26,94.44296264648438
2022-04-27,94.1463851928711
2022-04-28,95.61940002441406
2022-04-29,93.83990478515625
2022-05-02,94.55418395996094
2022-05-03,94.7642593383789
2022-05-04,97.83137512207031
2022-05-05,95.4365005493164
2022-05-06,92.16918182373047
2022-05-09,85.77545166015625
2022-05-10,86.88268280029297
2022-05-11,83.70187377929688
2022-05-12,86.22527313232422
2022-05-13,90.97734069824219
2022-05-16,89.58213806152344
2022-05-17,91.78874206542969
2022-05-18,88.83012390136719
2022-05-19,90.64833068847656
2022-05-20,90.62608337402344
2022-05-23,90.17090606689453
2022-05-24,88.35516357421875
2022-05-25,87.27661895751953
2022-05-26,90.37129211425781
2022-05-27,95.62553405761719
2022-05-31,91.46221160888672
2022-06-01,89.04287719726562
2022-06-02,92.5209732055664
2022-06-03,89.82209014892578
2022-06-06,89.89632415771484
2022-06-07,90.53948974609375
2022-06-08,90.15605926513672
2022-06-09,87.92720794677734
2022-06-10,82.75951385498047
2022-06-13,80.39213562011719
2022-06-14,80.19425201416016
2022-06-15,81.79723358154297
2022-06-16,79.82071685791016
2022-06-17,80.92896270751953
2022-06-21,81.4608154296875
2022-06-22,81.55976867675781
2022-06-23,85.41880798339844
2022-06-24,87.26422882080078
2022-06-27,87.40770721435547
2022-06-28,85.59446716308594
2022-06-29,86.2104263305664
2022-06-30,85.75029754638672
2022-07-01,87.36813354492188
2022-07-05,89.62420654296875
2022-07-06,89.7429428100586
2022-07-07,91.09361267089844
2022-07-08,91.51165771484375
2022-07-11,89.80726623535156
2022-07-12,87.27413177490234
2022-07-13,86.32173156738281
2022-07-14,84.45158386230469
2022-07-15,85.1838150024414
2022-07-18,83.17759704589844
2022-07-19,86.6408462524414
2022-07-20,88.20674133300781
2022-07-21,91.55619812011719
2022-07-22,89.85921478271484
2022-07-25,89.32735443115234
2022-07-26,91.6848373413086
2022-07-27,92.6273422241211
2022-07-28,94.19075775146484
2022-07-29,95.30889892578125
2022-08-01,94.80919647216797
2022-08-02,95.73686218261719
2022-08-03,96.93415069580078
2022-08-04,96.69915008544922
2022-08-05,94.73745727539062
2022-08-08,92.80299377441406
2022-08-09,89.33230590820312
2022-08-10,93.9903793334961
2022-08-11,92.6248779296875
2022-08-12,93.99650573730469
2022-08-15,93.60779571533203
2022-08-16,91.62213134765625
2022-08-17,89.81723022460938
2022-08-18,89.49041748046875
2022-08-19,87.85137939453125
2022-08-22,85.57853698730469
2022-08-23,84.70703125
2022-08-24,85.90782928466797
2022-08-25,88.7847900390625
2022-08-26,83.86770629882812
2022-08-29,82.54312133789062
2022-08-30,82.54063415527344
2022-08-31,82.15192413330078
2022-09-01,82.40694427490234
2022-09-02,81.71122741699219
2022-09-06,81.46612548828125
2022-09-07,82.726318359375
2022-09-08,84.84319305419922
2022-09-09,85.85831451416016
2022-09-12,85.37055969238281
2022-09-13,80.18360900878906
2022-09-14,79.1462173461914
2022-09-15,78.32919311523438
2022-09-16,76.15536499023438
2022-09-19,75.26158142089844
2022-09-20,74.2984619140625
2022-09-21,73.34774017333984
2022-09-22,71.85477447509766
2022-09-23,72.062744140625
2022-09-26,71.82009887695312
2022-09-27,69.95330047607422
2022-09-28,71.71363830566406
2022-09-29,70.71834564208984
2022-09-30,70.31478881835938
2022-10-03,72.56039428710938
2022-10-04,76.39552307128906
2022-10-05,76.39305114746094
2022-10-06,76.52426147460938
2022-10-07,73.28582763671875
2022-10-10,70.43609619140625
2022-10-11,69.81465148925781
2022-10-12,70.03500366210938
2022-10-13,71.54032897949219
2022-10-14,70.03253173828125
2022-10-17,73.32544708251953
2022-10-18,74.92485046386719
2022-10-19,71.80525207519531
2022-10-20,69.85179901123047
2022-10-21,70.13898468017578
2022-10-24,70.26030731201172
2022-10-25,73.43437957763672
2022-10-26,74.74411010742188
2022-10-27,73.2288818359375
2022-10-28,73.16203308105469
2022-10-31,73.35018920898438
2022-11-01,76.57625579833984
2022-11-02,73.76863098144531
2022-11-03,75.56362915039062
2022-11-04,75.16007232666016
2022-11-07,77.93551635742188
2022-11-08,76.84861755371094
2022-11-09,77.50965881347656
2022-11-10,83.54459381103516
2022-11-11,86.73677825927734
2022-11-14,85.53721618652344
2022-11-15,87.311767578125
2022-11-16,86.36748504638672
2022-11-17,82.2012939453125
2022-11-18,81.4428939819336
2022-11-21,82.29794311523438
2022-11-22,82.3995590209961
2022-11-23,83.3537368774414
2022-11-25,84.01052856445312
2022-11-28,81.88652801513672
2022-11-29,81.06121826171875
2022-11-30,84.2558822631836
2022-12-01,85.66362762451172
2022-12-02,83.95848846435547
2022-12-05,81.88652801513672
2022-12-06,79.97320556640625
2022-12-07,79.97320556640625
2022-12-08,81.24214172363281
2022-12-09,80.0326919555664
2022-12-12,82.26325225830078
2022-12-13,86.22869873046875
2022-12-14,86.06016540527344
2022-12-15,83.4627914428711
2022-12-16,81.6684341430664
2022-12-19,80.09217071533203
2022-12-20,80.33008575439453
2022-12-21,82.45161437988281
2022-12-22,82.23351287841797
2022-12-23,82.01542663574219
2022-12-27,81.4999008178711
2022-12-28,79.99302673339844
2022-12-29,83.74038696289062
2022-12-30,82.16412353515625
2023-01-03,81.81713104248047
2023-01-04,83.66107177734375
2023-01-05,81.57921600341797
2023-01-06,81.80721282958984
2023-01-09,83.21495819091797
2023-01-10,85.7925033569336
2023-01-11,85.87181854248047
2023-01-12,81.4602279663086
2023-01-13,80.15164184570312
2023-01-17,80.15164184570312
2023-01-18,79.299072265625
2023-01-19,80.09217071533203
2023-01-20,80.75637817382812
2023-01-23,81.57921600341797
2023-01-24,79.45769500732422
2023-01-25,79.14046478271484
2023-01-26,79.62621307373047
2023-01-27,80.48871612548828
2023-01-30,78.0003890991211
2023-01-31,78.971923828125
2023-02-01,80.57791900634766
2023-02-02,80.15164184570312
2023-02-03,78.47624206542969
2023-02-06,74.91724395751953
2023-02-07,77.76245880126953
2023-02-08,76.33489227294922
2023-02-09,75.20475006103516
2023-02-10,75.71087646484375
2023-02-13,76.50480651855469
2023-02-14,76.41548156738281
2023-02-15,76.2170181274414
2023-02-16,75.6612548828125
2023-02-17,75.38338470458984
2023-02-21,73.10083770751953
2023-02-22,73.67642211914062
2023-02-23,73.70621490478516
2023-02-24,71.9298095703125
2023-02-27,72.12828826904297
2023-02-28,72.08858489990234
2023-03-01,74.34135437011719
2023-03-02,77.01092529296875
2023-03-03,77.64607238769531
2023-03-06,76.32617950439453
2023-03-07,74.25204467773438
2023-03-08,73.97415924072266
2023-03-09,73.49779510498047
2023-03-10,71.42366790771484
2023-03-13,71.27481842041016
2023-03-14,72.71379852294922
2023-03-15,72.21759033203125
2023-03-16,72.93212890625
2023-03-17,71.7610855102539
2023-03-20,72.0091781616211
2023-03-21,73.28939819335938
2023-03-22,71.90001678466797
2023-03-23,71.37406158447266
2023-03-24,71.98934936523438
2023-03-27,72.85274505615234
2023-03-28,71.07633209228516
2023-03-29,71.51298522949219
2023-03-30,71.88018035888672
2023-03-31,73.62682342529297
2023-04-03,73.2000732421875
2023-04-04,73.23977661132812
2023-04-05,73.47796630859375
2023-04-06,75.07574462890625
2023-04-10,74.61922454833984
2023-04-11,77.20941162109375
2023-04-12,80.60345458984375
2023-04-13,82.91577911376953
2023-04-14,84.59293365478516
2023-04-17,84.58302307128906
2023-04-18,83.6898422241211
2023-04-19,84.33492279052734
2023-04-20,81.41722869873047
2023-04-21,82.83637237548828
2023-04-24,83.46159362792969
2023-04-25,78.13236999511719
2023-04-26,77.81478881835938
2023-04-27,77.11017608642578
2023-04-28,79.27362060546875
2023-05-01,78.6285629272461
2023-05-02,79.59120178222656
2023-05-03,85.32732391357422
2023-05-04,83.39212036132812
2023-05-05,82.49896240234375
2023-05-08,81.6454849243164
2023-05-09,80.46453094482422
2023-05-10,80.58360290527344
2023-05-11,81.30805969238281
2023-05-12,80.76171875
2023-05-15,80.54317474365234
2023-05-16,81.39746856689453
2023-05-17,81.4968032836914
2023-05-18,82.71865844726562
2023-05-19,83.32461547851562
2023-05-22,83.6524429321289
2023-05-23,82.65904998779297
2023-05-24,81.1888656616211
2023-05-25,81.7650146484375
2023-05-26,82.9471435546875
2023-05-30,82.62926483154297
2023-05-31,81.24847412109375
2023-06-01,81.14912414550781
2023-06-02,82.45045471191406
2023-06-05,82.12262725830078
2023-06-06,82.08290100097656
2023-06-07,81.70541381835938
2023-06-08,78.76502227783203
2023-06-09,77.91071319580078
2023-06-12,78.1391830444336
2023-06-13,76.22197723388672
2023-06-14,74.37428283691406
2023-06-15,76.1027603149414
2023-06-16,77.97030639648438
2023-06-20,76.91732788085938
2023-06-21,76.14250183105469
2023-06-22,76.00343322753906
2023-06-23,76.11270141601562
2023-06-26,76.28157806396484
2023-06-27,75.08950805664062
2023-06-28,75.58619689941406
2023-06-29,78.8246078491211
2023-06-30,81.08950805664062
2023-07-03,80.6027603149414
2023-07-05,80.30474090576172
2023-07-06,80.61270141601562
2023-07-07,80.26502227783203
2023-07-10,82.29149627685547
2023-07-11,83.24517059326172
2023-07-12,84.04979705810547
2023-07-13,83.88092041015625
2023-07-14,83.6623764038086
2023-07-17,82.25177001953125
2023-07-18,81.75508880615234
2023-07-19,83.32461547851562
2023-07-20,86.34449005126953
2023-07-21,88.82794189453125
2023-07-24,87.32794189453125
2023-07-25,85.62925720214844
2023-07-26,84.41735076904297
2023-07-27,83.12594604492188
2023-07-28,83.23521423339844
2023-07-31,82.84780883789062
2023-08-01,81.55640411376953
2023-08-02,81.47693634033203
2023-08-03,80.4736328125
2023-08-04,81.62593078613281
2023-08-07,80.75177001953125
2023-08-08,83.7418441772461
2023-08-09,82.45045471191406
2023-08-10,82.45045471191406
2023-08-11,83.83125305175781
2023-08-14,84.24846649169922
2023-08-15,84.04979705810547
2023-08-16,81.59614562988281
2023-08-17,79.78643798828125
2023-08-18,77.7977294921875
2023-08-21,78.23524475097656
2023-08-22,77.7977294921875
2023-08-23,78.23524475097656
2023-08-24,78.34463500976562
2023-08-25,79.70689392089844
2023-08-28,77.81763458251953
2023-08-29,79.82620239257812
2023-08-30,79.78643798828125
2023-08-31,77.95684051513672
2023-09-01,78.3147964477539
2023-09-05,76.82328033447266
2023-09-06,75.08316802978516
2023-09-07,73.56182861328125
2023-09-08,71.41403198242188
2023-09-11,71.22511291503906
2023-09-12,71.56317901611328
2023-09-13,72.08024597167969
2023-09-14,73.6214828491211
2023-09-15,73.23368072509766
2023-09-18,70.7677001953125
2023-09-19,70.23075103759766
2023-09-20,70.46939849853516
2023-09-21,69.52477264404297
2023-09-22,68.95799255371094
2023-09-25,68.04319763183594
2023-09-26,67.13833618164062
2023-09-27,67.18805694580078
2023-09-28,67.63550567626953
2023-09-29,67.68521881103516
2023-10-02,66.77042388916016
2023-10-03,66.12409210205078
2023-10-04,66.42240142822266
2023-10-05,67.3272476196289
2023-10-06,67.84432220458984
2023-10-09,67.55596160888672
2023-10-10,69.01765441894531
2023-10-11,68.89832305908203
2023-10-12,67.81448364257812
2023-10-13,67.40680694580078
2023-10-16,68.19235229492188
2023-10-17,67.97358703613281
2023-10-18,65.9351806640625
2023-10-19,63.14105224609375
2023-10-20,63.70783233642578
2023-10-23,63.05156707763672
2023-10-24,63.27032470703125
2023-10-25,60.93360137939453
2023-10-26,61.16230010986328
2023-10-27,59.20344161987305
2023-10-30,56.3198356628418
2023-10-31,54.32119369506836
2023-11-01,52.5313720703125
2023-11-02,55.09678649902344
2023-11-03,58.38808059692383
2023-11-06,58.358245849609375
2023-11-07,59.282989501953125
2023-11-08,58.33835983276367
2023-11-09,56.615787506103516
2023-11-10,57.24308395385742
2023-11-13,56.85476303100586
2023-11-14,60.10075759887695
2023-11-15,60.62847900390625
2023-11-16,60.63844299316406
2023-11-17,60.78779602050781
2023-11-20,63.316890716552734
2023-11-21,63.247188568115234
2023-11-22,63.30693054199219
2023-11-24,63.735084533691406
2023-11-27,61.99259567260742
2023-11-28,61.395172119140625
2023-11-29,62.848899841308594
2023-11-30,62.629852294921875
2023-12-01,64.29267120361328
2023-12-04,65.01953887939453
2023-12-05,64.10348510742188
2023-12-06,65.7563705444336
2023-12-07,67.75773620605469
2023-12-08,68.01660919189453
2023-12-11,68.70365142822266
2023-12-12,68.90278625488281
2023-12-13,73.68217468261719
2023-12-14,74.71771240234375
2023-12-15,75.66361999511719
2023-12-18,75.69349670410156
2023-12-19,77.08747863769531
2023-12-20,75.53418731689453
2023-12-21,77.38619995117188
2023-12-22,77.18704986572266
2023-12-26,77.60525512695312
2023-12-27,77.84422302246094
2023-12-28,77.88404846191406
2023-12-29,76.82860565185547
2024-01-02,76.38053131103516
2024-01-03,71.83016967773438
2024-01-04,72.10896301269531
2024-01-05,70.78467559814453
2024-01-08,72.59686279296875
2024-01-09,71.68080139160156
2024-01-10,72.83583068847656
2024-01-11,72.82586669921875
2024-01-12,71.86003875732422
2024-01-16,71.12321472167969
2024-01-17,69.5400390625
2024-01-18,69.55995178222656
2024-01-19,70.01797485351562
2024-01-22,71.71067810058594
2024-01-23,72.16870880126953
2024-01-24,70.75480651855469
2024-01-25,70.8145523071289
2024-01-26,72.31805419921875
2024-01-29,72.46741485595703
2024-01-30,72.39771270751953
2024-01-31,70.01797485351562
2024-02-01,68.2456283569336
2024-02-02,65.69662475585938
2024-02-05,66.48322296142578
2024-02-06,67.08065795898438
2024-02-07,66.07499694824219
2024-02-08,67.68803405761719
2024-02-09,67.73787689208984
2024-02-12,69.73162841796875
2024-02-13,67.30921936035156
2024-02-14,69.90110778808594
2024-02-15,71.03753662109375
2024-02-16,71.38644409179688
2024-02-20,70.1104507446289
2024-02-21,71.49610900878906
2024-02-22,71.5359878540039
2024-02-23,71.39642333984375
2024-02-26,71.68551635742188
2024-02-27,72.98146057128906
2024-02-28,74.15777587890625
2024-02-29,73.34032440185547
2024-03-01,74.14779663085938
2024-03-04,74.646240234375
2024-03-05,73.17086791992188
2024-03-06,74.44686126708984
2024-03-07,76.69981384277344
2024-03-08,76.84933471679688
2024-03-11,74.89545440673828
2024-03-12,73.88861846923828
2024-03-13,72.26371002197266
2024-03-14,70.99767303466797
2024-03-15,72.29360961914062
2024-03-18,71.65560150146484
2024-03-19,70.53910827636719
2024-03-20,71.65560150146484
2024-03-21,72.10420989990234
2024-03-22,71.27679443359375
2024-03-25,69.00391387939453
2024-03-26,68.18647766113281
2024-03-27,69.20328521728516
2024-03-28,70.1702651977539
2024-04-01,69.19332122802734
2024-04-02,68.54534912109375
2024-04-03,67.65812683105469
2024-04-04,66.84069061279297
2024-04-05,66.78086853027344
2024-04-08,68.00702667236328
2024-04-09,71.00763702392578
2024-04-10,69.29300689697266
2024-04-11,68.59519958496094
2024-04-12,66.52169036865234
2024-04-15,65.31546020507812
2024-04-16,63.810176849365234
2024-04-17,62.534175872802734
2024-04-18,62.01579666137695
2024-04-19,61.92607498168945
2024-04-22,62.60395050048828
2024-04-23,63.491172790527344
2024-04-24,63.32170867919922
2024-04-25,62.46438980102539
2024-04-26,63.86001968383789
2024-04-29,64.3086166381836
2024-04-30,63.012672424316406
2024-05-01,73.23067474365234
2024-05-02,75.3639907836914
2024-05-03,77.04872131347656
2024-05-06,75.82255554199219
2024-05-07,77.21819305419922
2024-05-08,76.8094711303711
2024-05-09,79.38140869140625
2024-05-10,80.73853302001953
2024-05-13,81.7962875366211
2024-05-14,83.97167205810547
2024-05-15,83.32304382324219
2024-05-16,82.66443634033203
2024-05-17,83.63237762451172
2024-05-20,82.32516479492188
2024-05-21,82.50477600097656
2024-05-22,82.80414581298828
2024-05-23,80.23959350585938
2024-05-24,80.61878967285156
2024-05-28,79.22175598144531
2024-05-29,78.43342590332031
2024-05-30,77.0862808227539
2024-05-31,77.02642059326172
2024-06-03,77.73490905761719
2024-06-04,76.73703002929688
2024-06-05,79.09203338623047
2024-06-06,78.6629409790039
2024-06-07,77.4654769897461
2024-06-10,76.93660736083984
2024-06-11,76.72705078125
2024-06-12,77.28585815429688
2024-06-13,76.7170639038086
2024-06-14,75.70921325683594
2024-06-17,74.65145111083984
2024-06-18,74.38202667236328
2024-06-20,74.37205505371094
2024-06-21,73.50389862060547
2024-06-24,74.3321304321289
2024-06-25,72.91514587402344
2024-06-26,71.94719696044922
2024-06-27,71.66780090332031
2024-06-28,71.49816131591797
2024-07-01,71.45823669433594
2024-07-02,71.08901977539062
2024-07-03,71.29857635498047
2024-07-05,71.28860473632812
2024-07-08,71.40834045410156
2024-07-09,71.138916015625
2024-07-10,71.91726684570312
2024-07-11,76.2081527709961
2024-07-12,77.14615631103516
2024-07-15,77.04637145996094
2024-07-16,79.65084075927734
2024-07-17,78.12408447265625
2024-07-18,75.75910186767578
2024-07-19,75.30007934570312
2024-07-22,77.60517883300781
2024-07-23,76.34785461425781
2024-07-24,77.44552612304688
2024-07-25,78.50328063964844
2024-07-26,80.42919158935547
2024-07-29,79.55105590820312
2024-07-30,81.7962875366211
2024-07-31,81.41708374023438
2024-08-01,82.17548370361328
2024-08-02,80.0000991821289
2024-08-05,77.49542236328125
2024-08-06,78.2538070678711
2024-08-07,70.80962371826172
2024-08-08,73.21451568603516
2024-08-09,71.6178970336914
2024-08-12,71.62787628173828
2024-08-13,73.29434204101562
2024-08-14,72.5958251953125
2024-08-15,74.75125122070312
2024-08-16,74.36206817626953
2024-08-19,74.9114990234375
2024-08-20,72.26426696777344
2024-08-21,72.5739517211914
2024-08-22,71.27530670166016
2024-08-23,72.21432495117188
2024-08-26,71.26531219482422
2024-08-27,70.95564270019531
2024-08-28,71.5250473022461
2024-08-29,74.44198608398438
2024-08-30,73.91254425048828
2024-09-03,71.65491485595703
2024-09-04,71.0455551147461
2024-09-05,72.29424285888672
2024-09-06,71.4151611328125
2024-09-09,72.0145263671875
2024-09-10,73.70276641845703
2024-09-11,73.4130630493164
2024-09-12,73.12336730957031
2024-09-13,74.59182739257812
2024-09-16,74.6817398071289
2024-09-17,75.2011947631836
2024-09-18,76.4299087524414
2024-09-19,80.27587890625
2024-09-20,78.21803283691406
2024-09-23,77.1291732788086
2024-09-24,77.33895111083984
2024-09-25,74.87153625488281
2024-09-26,77.97827911376953
2024-09-27,78.6375961303711
2024-09-30,79.84632873535156
2024-10-01,78.08816528320312
2024-10-02,77.34894561767578
2024-10-03,73.92253112792969
2024-10-04,74.70171356201172
2024-10-07,73.44303131103516
2024-10-08,73.66280364990234
2024-10-09,74.18226623535156
2024-10-10,72.90360260009766
2024-10-11,73.283203125
2024-10-14,73.74272155761719
2024-10-15,73.5129623413086
2024-10-16,71.72483825683594
2024-10-17,70.07656860351562
2024-10-18,71.16542053222656
2024-10-21,70.28634643554688
2024-10-22,69.87677001953125
2024-10-23,69.26741027832031
2024-10-24,68.29843139648438
2024-10-25,68.60810089111328
2024-10-28,70.30632019042969
2024-10-29,70.66594696044922
2024-10-30,75.94041442871094
2024-10-31,73.67279815673828
2024-11-01,75.23116302490234
2024-11-04,75.82054901123047
2024-11-05,77.53874969482422
2024-11-06,75.75061798095703
2024-11-07,76.33999633789062
2024-11-08,75.95999908447266
2024-11-11,74.69000244140625
2024-11-12,74.41000366210938
2024-11-13,75.93000030517578
2024-11-14,72.54000091552734
2024-11-15,67.56999969482422
2024-11-18,66.86000061035156
2024-11-19,66.37000274658203
2024-11-20,68.72000122070312
2024-11-21,71.05000305175781
2024-11-22,71.27999877929688
2024-11-25,74.38999938964844
2024-11-26,74.87000274658203
2024-11-27,75.37999725341797
2024-11-29,75.36000061035156
2024-12-02,76.0199966430664
2024-12-03,75.05000305175781
2024-12-04,75.88999938964844
2024-12-05,73.88999938964844
2024-12-06,74.51000213623047
2024-12-09,77.4000015258789
2024-12-10,77.12000274658203
2024-12-11,76.80999755859375
2024-12-12,76.68000030517578
2024-12-13,75.69000244140625
2024-12-16,76.16000366210938
2024-12-17,75.2699966430664
