,UPS
2014-01-02,72.46625518798828
2014-01-03,72.30496978759766
2014-01-06,71.36509704589844
2014-01-07,71.59654998779297
2014-01-08,71.54045867919922
2014-01-09,71.62462615966797
2014-01-10,71.9051513671875
2014-01-13,70.29902648925781
2014-01-14,70.78998565673828
2014-01-15,70.87413787841797
2014-01-16,70.48136138916016
2014-01-17,70.07456970214844
2014-01-21,69.13471221923828
2014-01-22,69.4293212890625
2014-01-23,68.6928482055664
2014-01-24,67.5636215209961
2014-01-27,66.75003051757812
2014-01-28,67.19892120361328
2014-01-29,66.86225891113281
2014-01-30,67.17788696289062
2014-01-31,66.7921371459961
2014-02-03,65.66291809082031
2014-02-04,65.85227966308594
2014-02-05,65.76111602783203
2014-02-06,66.4484634399414
2014-02-07,66.89030456542969
2014-02-10,66.44145965576172
2014-02-11,67.44441223144531
2014-02-12,67.35323333740234
2014-02-13,67.7249526977539
2014-02-14,68.20186614990234
2014-02-18,67.67584991455078
2014-02-19,66.75706481933594
2014-02-20,67.5764389038086
2014-02-21,67.88721466064453
2014-02-24,67.77420806884766
2014-02-25,67.42102813720703
2014-02-26,67.24444580078125
2014-02-27,67.4916763305664
2014-02-28,67.6470718383789
2014-03-03,67.65412139892578
2014-03-04,68.50174713134766
2014-03-05,68.57238006591797
2014-03-06,69.12334442138672
2014-03-07,69.37760162353516
2014-03-10,69.74491882324219
2014-03-11,69.44117736816406
2014-03-12,69.58951568603516
2014-03-13,68.58651733398438
2014-03-14,68.0002212524414
2014-03-17,68.5088119506836
2014-03-18,68.80546569824219
2014-03-19,68.48056030273438
2014-03-20,68.45230865478516
2014-03-21,68.41697692871094
2014-03-24,68.75601196289062
2014-03-25,68.97501373291016
2014-03-26,68.33927154541016
2014-03-27,68.55119323730469
2014-03-28,68.75601196289062
2014-03-31,68.78428649902344
2014-04-01,68.75601196289062
2014-04-02,69.20103454589844
2014-04-03,69.58951568603516
2014-04-04,69.2928466796875
2014-04-07,68.7701644897461
2014-04-08,68.81254577636719
2014-04-09,69.11625671386719
2014-04-10,68.25450134277344
2014-04-11,68.0002212524414
2014-04-14,67.87308502197266
2014-04-15,67.65412139892578
2014-04-16,68.76309204101562
2014-04-17,69.22221374511719
2014-04-21,69.85794067382812
2014-04-22,69.92854309082031
2014-04-23,70.09808349609375
2014-04-24,69.67427062988281
2014-04-25,68.79840850830078
2014-04-28,69.4058837890625
2014-04-29,69.22927856445312
2014-04-30,69.57540893554688
2014-05-01,69.29991149902344
2014-05-02,69.6177978515625
2014-05-05,69.18689727783203
2014-05-06,68.78428649902344
2014-05-07,69.80848693847656
2014-05-08,69.92149353027344
2014-05-09,70.46540069580078
2014-05-12,71.7015151977539
2014-05-13,72.4078598022461
2014-05-14,72.07588195800781
2014-05-15,71.42884826660156
2014-05-16,72.04745483398438
2014-05-19,72.09009552001953
2014-05-20,71.47860717773438
2014-05-21,72.33895111083984
2014-05-22,72.28207397460938
2014-05-23,73.04286193847656
2014-05-27,73.35570526123047
2014-05-28,73.5263442993164
2014-05-29,73.9885025024414
2014-05-30,73.86052703857422
2014-06-02,74.00273132324219
2014-06-03,73.54055786132812
2014-06-04,73.21348571777344
2014-06-05,73.67564392089844
2014-06-06,73.6543197631836
2014-06-09,73.58321380615234
2014-06-10,73.17083740234375
2014-06-11,72.87931823730469
2014-06-12,71.73457336425781
2014-06-13,71.83414459228516
2014-06-16,71.94078826904297
2014-06-17,72.24652862548828
2014-06-18,73.08552551269531
2014-06-19,72.78688049316406
2014-06-20,72.87931823730469
2014-06-23,72.85087585449219
2014-06-24,72.33183288574219
2014-06-25,72.8153305053711
2014-06-26,72.97887420654297
2014-06-27,73.02864074707031
2014-06-30,72.99308776855469
2014-07-01,73.128173828125
2014-07-02,73.62590026855469
2014-07-03,73.86052703857422
2014-07-07,73.40550231933594
2014-07-08,73.16372680664062
2014-07-09,73.22061920166016
2014-07-10,72.58778381347656
2014-07-11,72.90065002441406
2014-07-14,73.55476379394531
2014-07-15,74.15205383300781
2014-07-16,74.31555938720703
2014-07-17,72.9859619140625
2014-07-18,73.81784057617188
2014-07-21,73.9885025024414
2014-07-22,74.28714752197266
2014-07-23,74.18760681152344
2014-07-24,74.00984191894531
2014-07-25,73.64010620117188
2014-07-28,72.99308776855469
2014-07-29,70.29122924804688
2014-07-30,70.63961029052734
2014-07-31,69.0326919555664
2014-08-01,68.99005126953125
2014-08-04,69.09671020507812
2014-08-05,68.62033081054688
2014-08-06,68.06573486328125
2014-08-07,67.58223724365234
2014-08-08,68.21501922607422
2014-08-11,68.3074722290039
2014-08-12,68.54922485351562
2014-08-13,68.69856262207031
2014-08-14,68.78445434570312
2014-08-15,69.34291076660156
2014-08-18,69.89424133300781
2014-08-19,70.35961151123047
2014-08-20,70.73910522460938
2014-08-21,70.4598617553711
2014-08-22,70.00162506103516
2014-08-25,70.09469604492188
2014-08-26,69.75102996826172
2014-08-27,69.72239685058594
2014-08-28,69.76535034179688
2014-08-29,69.68659973144531
2014-09-02,70.13050079345703
2014-09-03,70.14482116699219
2014-09-04,70.50283813476562
2014-09-05,70.78204345703125
2014-09-08,70.46701049804688
2014-09-09,69.95865631103516
2014-09-10,69.89424133300781
2014-09-11,70.12335205078125
2014-09-12,70.20211791992188
2014-09-15,69.89424133300781
2014-09-16,70.13764190673828
2014-09-17,71.1614990234375
2014-09-18,71.33336639404297
2014-09-19,71.19734191894531
2014-09-22,70.26652526855469
2014-09-23,69.67945098876953
2014-09-24,70.22356414794922
2014-09-25,69.11381530761719
2014-09-26,69.79399871826172
2014-09-29,69.6937484741211
2014-09-30,70.37394714355469
2014-10-01,69.39305877685547
2014-10-02,69.55052947998047
2014-10-03,70.7319564819336
2014-10-06,70.56725311279297
2014-10-07,69.0422134399414
2014-10-08,70.26652526855469
2014-10-09,69.11381530761719
2014-10-10,68.57679748535156
2014-10-13,67.78209686279297
2014-10-14,68.59112548828125
2014-10-15,69.05650329589844
2014-10-16,68.46940612792969
2014-10-17,69.63646697998047
2014-10-20,70.22356414794922
2014-10-21,72.13525390625
2014-10-22,70.92525482177734
2014-10-23,71.94196319580078
2014-10-24,72.02069854736328
2014-10-27,73.2092514038086
2014-10-28,73.67463684082031
2014-10-29,73.4741439819336
2014-10-30,73.95384216308594
2014-10-31,75.1137466430664
2014-11-03,75.63641357421875
2014-11-04,76.66743469238281
2014-11-05,76.99678802490234
2014-11-06,77.53375244140625
2014-11-07,77.56239318847656
2014-11-10,78.07792663574219
2014-11-11,77.87028503417969
2014-11-12,77.77005004882812
2014-11-13,77.6547622680664
2014-11-14,76.96317291259766
2014-11-17,76.70379638671875
2014-11-18,76.3868179321289
2014-11-19,76.10586547851562
2014-11-20,76.876708984375
2014-11-21,77.33778381347656
2014-11-24,77.27294921875
2014-11-25,77.17208099365234
2014-11-26,77.07121276855469
2014-11-28,79.18927764892578
2014-12-01,79.09561920166016
2014-12-02,79.54227447509766
2014-12-03,79.8952865600586
2014-12-04,79.55670166015625
2014-12-05,79.95294189453125
2014-12-08,79.39818572998047
2014-12-09,79.26853942871094
2014-12-10,79.2901382446289
2014-12-11,79.70077514648438
2014-12-12,79.24691009521484
2014-12-15,79.78721618652344
2014-12-16,79.12442016601562
2014-12-17,78.20231628417969
2014-12-18,79.91690826416016
2014-12-19,79.93852233886719
2014-12-22,80.68777465820312
2014-12-23,81.01197052001953
2014-12-24,80.9831771850586
2014-12-26,80.6373291015625
2014-12-29,81.01197052001953
2014-12-30,80.78861999511719
2014-12-31,80.0898208618164
2015-01-02,79.52067565917969
2015-01-05,77.92853546142578
2015-01-06,77.41703796386719
2015-01-07,78.13744354248047
2015-01-08,79.54227447509766
2015-01-09,78.95872497558594
2015-01-12,78.98755645751953
2015-01-13,79.326171875
2015-01-14,78.79303741455078
2015-01-15,78.73540496826172
2015-01-16,79.46304321289062
2015-01-20,80.190673828125
2015-01-21,80.45722198486328
2015-01-22,82.30872344970703
2015-01-23,74.15351104736328
2015-01-26,73.73566436767578
2015-01-27,72.65501403808594
2015-01-28,71.53836059570312
2015-01-29,72.3452377319336
2015-01-30,71.20696258544922
2015-02-02,72.13630676269531
2015-02-03,72.45329284667969
2015-02-04,72.42447662353516
2015-02-05,73.09449005126953
2015-02-06,72.52533721923828
2015-02-09,72.37403869628906
2015-02-10,72.82071685791016
2015-02-11,72.6982650756836
2015-02-12,73.0584487915039
2015-02-13,73.33222961425781
2015-02-17,73.8509292602539
2015-02-18,73.93017578125
2015-02-19,73.79229736328125
2015-02-20,73.98098754882812
2015-02-23,73.84309387207031
2015-02-24,74.24217224121094
2015-02-25,73.98098754882812
2015-02-26,73.90840911865234
2015-02-27,73.81407928466797
2015-03-02,73.95918273925781
2015-03-03,73.64720153808594
2015-03-04,72.86355590820312
2015-03-05,73.08123779296875
2015-03-06,73.00867462158203
2015-03-09,72.95787811279297
2015-03-10,72.17427062988281
2015-03-11,71.63004302978516
2015-03-12,72.31935119628906
2015-03-13,71.49220275878906
2015-03-16,72.74748229980469
2015-03-17,72.2685775756836
2015-03-18,72.74748229980469
2015-03-19,72.49349975585938
2015-03-20,72.74018096923828
2015-03-23,72.47172546386719
2015-03-24,72.02188873291016
2015-03-25,70.7158203125
2015-03-26,70.12081909179688
2015-03-27,70.08453369140625
2015-03-30,70.57794189453125
2015-03-31,70.33850860595703
2015-04-01,70.04827880859375
2015-04-02,69.99746704101562
2015-04-06,70.26594543457031
2015-04-07,70.14984893798828
2015-04-08,70.14260864257812
2015-04-09,70.16436004638672
2015-04-10,70.22968292236328
2015-04-13,69.76528930664062
2015-04-14,70.05550384521484
2015-04-15,70.10631561279297
2015-04-16,69.75804138183594
2015-04-17,69.20658874511719
2015-04-20,70.7158203125
2015-04-21,70.82466125488281
2015-04-22,71.20919036865234
2015-04-23,71.26725006103516
2015-04-24,71.1801986694336
2015-04-27,70.69403839111328
2015-04-28,73.11749267578125
2015-04-29,73.46578979492188
2015-04-30,72.943359375
2015-05-01,73.56012725830078
2015-05-04,73.59639739990234
2015-05-05,72.63861846923828
2015-05-06,71.99285888671875
2015-05-07,72.29759216308594
2015-05-08,72.81999969482422
2015-05-11,72.943359375
2015-05-12,72.53704833984375
2015-05-13,72.14521789550781
2015-05-14,73.585205078125
2015-05-15,74.65241241455078
2015-05-18,74.49156188964844
2015-05-19,74.61585235595703
2015-05-20,74.52812957763672
2015-05-21,74.59391784667969
2015-05-22,74.14071655273438
2015-05-26,73.47554016113281
2015-05-27,73.76793670654297
2015-05-28,73.00045013427734
2015-05-29,72.52534484863281
2015-06-01,72.71536254882812
2015-06-02,72.6788330078125
2015-06-03,73.53404235839844
2015-06-04,73.16856384277344
2015-06-05,73.46826171875
2015-06-08,72.56187438964844
2015-06-09,72.81768798828125
2015-06-10,73.43170166015625
2015-06-11,73.82640838623047
2015-06-12,73.13935089111328
2015-06-15,73.06623077392578
2015-06-16,73.35131072998047
2015-06-17,73.4024429321289
2015-06-18,74.11878204345703
2015-06-19,73.70945739746094
2015-06-22,74.11149597167969
2015-06-23,73.64366912841797
2015-06-24,72.64958190917969
2015-06-25,72.3206558227539
2015-06-26,72.62034606933594
2015-06-29,71.12918853759766
2015-06-30,70.83683013916016
2015-07-01,70.85875701904297
2015-07-02,71.04879760742188
2015-07-06,70.6540756225586
2015-07-07,71.2680892944336
2015-07-08,69.7988510131836
2015-07-09,69.98888397216797
2015-07-10,70.87335205078125
2015-07-13,71.4581527709961
2015-07-14,71.53854370117188
2015-07-15,71.0341567993164
2015-07-16,71.25345611572266
2015-07-17,71.34117126464844
2015-07-20,71.33385467529297
2015-07-21,71.60430908203125
2015-07-22,71.07073211669922
2015-07-23,70.25205993652344
2015-07-24,69.25794219970703
2015-07-27,69.5284194946289
2015-07-28,73.05160522460938
2015-07-29,73.74600219726562
2015-07-30,74.11878204345703
2015-07-31,74.82051086425781
2015-08-03,75.1055908203125
2015-08-04,75.02518463134766
2015-08-05,75.24445343017578
2015-08-06,74.87165832519531
2015-08-07,74.65970611572266
2015-08-10,75.60264587402344
2015-08-11,75.2810287475586
2015-08-12,75.15674591064453
2015-08-13,74.97271728515625
2015-08-14,75.62789154052734
2015-08-17,75.7530746459961
2015-08-18,75.6500015258789
2015-08-19,75.31871032714844
2015-08-20,74.39112854003906
2015-08-21,72.98500061035156
2015-08-24,70.31267547607422
2015-08-25,69.53972625732422
2015-08-26,71.13720703125
2015-08-27,72.99238586425781
2015-08-28,72.61692810058594
2015-08-31,71.88810729980469
2015-09-01,70.08445739746094
2015-09-02,71.19609832763672
2015-09-03,71.2402572631836
2015-09-04,70.15808868408203
2015-09-08,72.09423828125
2015-09-09,71.44639587402344
2015-09-10,71.27706146240234
2015-09-11,71.54210662841797
2015-09-14,71.41694641113281
2015-09-15,74.00094604492188
2015-09-16,73.67704010009766
2015-09-17,74.0745620727539
2015-09-18,72.38134765625
2015-09-21,73.3604736328125
2015-09-22,72.52122497558594
2015-09-23,71.8292007446289
2015-09-24,71.77769470214844
2015-09-25,72.70526123046875
2015-09-28,71.60833740234375
2015-09-29,72.24883270263672
2015-09-30,72.65375518798828
2015-10-01,72.57276916503906
2015-10-02,73.16169738769531
2015-10-05,74.74449920654297
2015-10-06,74.67086029052734
2015-10-07,75.26718139648438
2015-10-08,76.10640716552734
2015-10-09,76.3272933959961
2015-10-12,76.86468505859375
2015-10-13,76.04755401611328
2015-10-14,75.72361755371094
2015-10-15,76.41559600830078
2015-10-16,76.52604675292969
2015-10-19,76.75425720214844
2015-10-20,76.97513580322266
2015-10-21,77.49044799804688
2015-10-22,78.35177612304688
2015-10-23,78.62417602539062
2015-10-26,78.16770935058594
2015-10-27,75.90032196044922
2015-10-28,75.5542984008789
2015-10-29,76.17268371582031
2015-10-30,75.8414077758789
2015-11-02,76.98248291015625
2015-11-03,76.9162368774414
2015-11-04,76.56285095214844
2015-11-05,76.73218536376953
2015-11-06,77.29167175292969
2015-11-09,76.57022094726562
2015-11-10,76.81314086914062
2015-11-11,77.15180206298828
2015-11-12,76.06202697753906
2015-11-13,75.4541244506836
2015-11-16,76.46233367919922
2015-11-17,76.46233367919922
2015-11-18,76.86266326904297
2015-11-19,77.1740493774414
2015-11-20,77.1740493774414
2015-11-23,76.79596710205078
2015-11-24,76.65509796142578
2015-11-25,76.72180938720703
2015-11-27,77.23336029052734
2015-11-30,76.3659896850586
2015-12-01,77.38159942626953
2015-12-02,76.58097076416016
2015-12-03,75.83219909667969
2015-12-04,76.55132293701172
2015-12-07,75.95083618164062
2015-12-08,74.99451446533203
2015-12-09,74.47555541992188
2015-12-10,74.46814727783203
2015-12-11,72.25152587890625
2015-12-14,72.55546569824219
2015-12-15,73.31906127929688
2015-12-16,74.51261138916016
2015-12-17,74.13452911376953
2015-12-18,72.65184783935547
2015-12-21,71.82896423339844
2015-12-22,72.65184783935547
2015-12-23,72.08843231201172
2015-12-24,72.16255187988281
2015-12-28,71.9104995727539
2015-12-29,72.44426727294922
2015-12-30,71.97721099853516
2015-12-31,71.33966064453125
2016-01-04,70.30917358398438
2016-01-05,71.00605010986328
2016-01-06,69.99784088134766
2016-01-07,68.64859008789062
2016-01-08,67.75154876708984
2016-01-11,67.95171356201172
2016-01-12,68.94511413574219
2016-01-13,67.17328643798828
2016-01-14,67.57363891601562
2016-01-15,66.7507095336914
2016-01-19,66.98052215576172
2016-01-20,65.75733947753906
2016-01-21,66.03163146972656
2016-01-22,66.64693450927734
2016-01-25,66.29110717773438
2016-01-26,67.41051483154297
2016-01-27,67.36605834960938
2016-01-28,67.4624252319336
2016-01-29,69.09339141845703
2016-02-01,69.74577331542969
2016-02-02,70.19799041748047
2016-02-03,70.67245483398438
2016-02-04,71.35447692871094
2016-02-05,70.70210266113281
2016-02-08,72.13288879394531
2016-02-09,72.30342102050781
2016-02-10,71.25811004638672
2016-02-11,70.4945297241211
2016-02-12,72.09584045410156
2016-02-16,73.06700134277344
2016-02-17,72.87422943115234
2016-02-18,72.82941436767578
2016-02-19,72.76216888427734
2016-02-22,73.24790954589844
2016-02-23,72.46324920654297
2016-02-24,72.38851928710938
2016-02-25,73.02369689941406
2016-02-26,72.81446838378906
2016-02-29,72.14939880371094
2016-03-01,73.501953125
2016-03-02,73.80834197998047
2016-03-03,74.4435043334961
2016-03-04,75.02640533447266
2016-03-07,75.69894409179688
2016-03-08,75.19081115722656
2016-03-09,74.39867401123047
2016-03-10,74.63033294677734
2016-03-11,75.34022521972656
2016-03-14,75.69147491455078
2016-03-15,75.7885971069336
2016-03-16,75.97541809082031
2016-03-17,77.5297622680664
2016-03-18,78.45638275146484
2016-03-21,78.57595825195312
2016-03-22,78.3592300415039
2016-03-23,78.37417602539062
2016-03-24,78.7851791381836
2016-03-28,78.50868225097656
2016-03-29,79.28584289550781
2016-03-30,79.0093765258789
2016-03-31,78.81507110595703
2016-04-01,78.42650604248047
2016-04-04,78.37417602539062
2016-04-05,77.65680694580078
2016-04-06,78.21725463867188
2016-04-07,77.7090835571289
2016-04-08,77.9482192993164
2016-04-11,77.61194610595703
2016-04-12,78.6357192993164
2016-04-13,78.86737060546875
2016-04-14,78.52363586425781
2016-04-15,78.86737060546875
2016-04-18,79.34562683105469
2016-04-19,79.83885955810547
2016-04-20,79.33816528320312
2016-04-21,78.45638275146484
2016-04-22,78.8524398803711
2016-04-25,78.51616668701172
2016-04-26,79.38301849365234
2016-04-27,79.55487060546875
2016-04-28,78.39661407470703
2016-04-29,78.51616668701172
2016-05-02,78.28450775146484
2016-05-03,78.00052642822266
2016-05-04,77.0514907836914
2016-05-05,76.32664489746094
2016-05-06,76.30422973632812
2016-05-09,76.73766326904297
2016-05-10,77.45503997802734
2016-05-11,76.55831909179688
2016-05-12,76.648681640625
2016-05-13,75.79776000976562
2016-05-16,76.54324340820312
2016-05-17,76.12154388427734
2016-05-18,76.27970123291016
2016-05-19,76.27217102050781
2016-05-20,76.43782806396484
2016-05-23,76.12154388427734
2016-05-24,76.79174041748047
2016-05-25,77.03270721435547
2016-05-26,77.14566040039062
2016-05-27,77.54475402832031
2016-05-31,77.62759399414062
2016-06-01,77.47698211669922
2016-06-02,77.59745025634766
2016-06-03,77.65015411376953
2016-06-06,77.64262390136719
2016-06-07,78.21493530273438
2016-06-08,78.83240509033203
2016-06-09,79.0432357788086
2016-06-10,78.70435333251953
2016-06-13,78.041748046875
2016-06-14,78.10948944091797
2016-06-15,78.22998809814453
2016-06-16,78.4709701538086
2016-06-17,79.08088684082031
2016-06-20,79.89411163330078
2016-06-21,80.32333374023438
2016-06-22,79.78116607666016
2016-06-23,80.73751068115234
2016-06-24,78.6215591430664
2016-06-27,78.13961791992188
2016-06-28,78.83240509033203
2016-06-29,80.07484436035156
2016-06-30,81.11399841308594
2016-07-01,81.59593200683594
2016-07-05,81.66368865966797
2016-07-06,81.11399841308594
2016-07-07,81.2119140625
2016-07-08,82.46940612792969
2016-07-11,82.83840942382812
2016-07-12,83.04924774169922
2016-07-13,83.42575073242188
2016-07-14,83.96036529541016
2016-07-15,83.60646057128906
2016-07-18,83.50857543945312
2016-07-19,83.31280517578125
2016-07-20,83.27513885498047
2016-07-21,82.74803161621094
2016-07-22,83.1019287109375
2016-07-25,82.90616607666016
2016-07-26,83.1094741821289
2016-07-27,81.92725372314453
2016-07-28,81.87455749511719
2016-07-29,81.40015411376953
2016-08-01,81.33238983154297
2016-08-02,80.91822052001953
2016-08-03,81.54322814941406
2016-08-04,81.20436096191406
2016-08-05,81.91972351074219
2016-08-08,82.0477294921875
2016-08-09,82.56731414794922
2016-08-10,82.74051666259766
2016-08-11,83.50857543945312
2016-08-12,83.34931945800781
2016-08-15,83.3038101196289
2016-08-16,83.27349090576172
2016-08-17,83.59956359863281
2016-08-18,83.78916931152344
2016-08-19,83.84982299804688
2016-08-22,83.28864288330078
2016-08-23,82.99290466308594
2016-08-24,83.14456176757812
2016-08-25,82.90948486328125
2016-08-26,82.62133026123047
2016-08-29,82.75022888183594
2016-08-30,82.94740295410156
2016-08-31,82.82605743408203
2016-09-01,83.03840637207031
2016-09-02,83.10664367675781
2016-09-06,83.03840637207031
2016-09-07,83.02324676513672
2016-09-08,82.61372375488281
2016-09-09,81.62029266357422
2016-09-12,82.31798553466797
2016-09-13,81.03636932373047
2016-09-14,81.03636932373047
2016-09-15,81.20319366455078
2016-09-16,81.03636932373047
2016-09-19,81.23355102539062
2016-09-20,82.16629028320312
2016-09-21,83.15975189208984
2016-09-22,83.16731262207031
2016-09-23,82.81845092773438
2016-09-26,82.53788757324219
2016-09-27,83.4251480102539
2016-09-28,82.84881591796875
2016-09-29,82.06013488769531
2016-09-30,82.93222045898438
2016-10-03,82.79571533203125
2016-10-04,82.29519653320312
2016-10-05,82.78056335449219
2016-10-06,82.75022888183594
2016-10-07,82.50755310058594
2016-10-10,82.69715118408203
2016-10-11,82.43171691894531
2016-10-12,82.46204376220703
2016-10-13,82.12838745117188
2016-10-14,82.2193832397461
2016-10-17,81.92365264892578
2016-10-18,81.99947357177734
2016-10-19,81.93880462646484
2016-10-20,81.44587707519531
2016-10-21,81.26387786865234
2016-10-24,82.24214935302734
2016-10-25,81.77955627441406
2016-10-26,82.36348724365234
2016-10-27,81.9615707397461
2016-10-28,81.67338562011719
2016-10-31,81.71888732910156
2016-11-01,81.0212173461914
2016-11-02,81.06670379638672
2016-11-03,81.50655364990234
2016-11-04,81.09703826904297
2016-11-07,83.26589965820312
2016-11-08,84.95702362060547
2016-11-09,86.06430053710938
2016-11-10,86.53012084960938
2016-11-11,87.2326889038086
2016-11-14,86.22468566894531
2016-11-15,86.43085479736328
2016-11-16,86.14830780029297
2016-11-17,86.66759490966797
2016-11-18,87.12578582763672
2016-11-21,87.59161376953125
2016-11-22,87.53814697265625
2016-11-23,88.34001159667969
2016-11-25,88.78295135498047
2016-11-28,88.34764099121094
2016-11-29,88.79820251464844
2016-11-30,88.5232925415039
2016-12-01,88.91275024414062
2016-12-02,88.8516616821289
2016-12-05,89.01203155517578
2016-12-06,88.99677276611328
2016-12-07,90.58517456054688
2016-12-08,90.8600845336914
2016-12-09,91.33353424072266
2016-12-12,91.73828125
2016-12-13,91.76119995117188
2016-12-14,89.54660034179688
2016-12-15,89.56184387207031
2016-12-16,88.43927764892578
2016-12-19,89.33277130126953
2016-12-20,89.74514770507812
2016-12-21,88.66073608398438
2016-12-22,88.81348419189453
2016-12-23,88.56147003173828
2016-12-27,88.68366241455078
2016-12-28,87.97346496582031
2016-12-29,87.80545043945312
2016-12-30,87.5457992553711
2017-01-03,87.88179016113281
2017-01-04,87.90470886230469
2017-01-05,87.9505386352539
2017-01-06,88.1261978149414
2017-01-09,87.64506530761719
2017-01-10,86.9959716796875
2017-01-11,87.19452667236328
2017-01-12,86.98833465576172
2017-01-13,87.2403564453125
2017-01-17,87.11051177978516
2017-01-18,87.79017639160156
2017-01-19,87.26323699951172
2017-01-20,87.79017639160156
2017-01-23,87.4083251953125
2017-01-24,88.62256622314453
2017-01-25,89.34041595458984
2017-01-26,89.2945785522461
2017-01-27,90.180419921875
2017-01-30,89.37096405029297
2017-01-31,83.33804321289062
2017-02-01,80.451416015625
2017-02-02,80.26051330566406
2017-02-03,81.67326354980469
2017-02-06,80.99360656738281
2017-02-07,80.7110595703125
2017-02-08,81.06998443603516
2017-02-09,81.29908752441406
2017-02-10,81.97108459472656
2017-02-13,82.85694122314453
2017-02-14,83.23114013671875
2017-02-15,83.25405883789062
2017-02-16,82.50760650634766
2017-02-17,82.2613754272461
2017-02-21,82.89236450195312
2017-02-22,81.2763900756836
2017-02-23,80.8685302734375
2017-02-24,81.70732116699219
2017-02-27,82.13055419921875
2017-02-28,81.38414001464844
2017-03-01,82.23827362060547
2017-03-02,81.53031921386719
2017-03-03,81.51493835449219
2017-03-06,81.645751953125
2017-03-07,81.29176330566406
2017-03-08,81.36104583740234
2017-03-09,81.49185943603516
2017-03-10,82.13055419921875
2017-03-13,82.71536254882812
2017-03-14,82.20748901367188
2017-03-15,82.90776824951172
2017-03-16,82.95394134521484
2017-03-17,83.22325134277344
2017-03-20,82.43065643310547
2017-03-21,81.96125030517578
2017-03-22,81.96894836425781
2017-03-23,81.2994613647461
2017-03-24,80.8377685546875
2017-03-27,80.62998962402344
2017-03-28,81.71500396728516
2017-03-29,81.59187316894531
2017-03-30,82.07669830322266
2017-03-31,82.56917572021484
2017-04-03,81.8766098022461
2017-04-04,82.0536117553711
2017-04-05,82.13826751708984
2017-04-06,82.0843734741211
2017-04-07,80.79158782958984
2017-04-10,81.89200592041016
2017-04-11,81.37643432617188
2017-04-12,80.2067642211914
2017-04-13,79.8296890258789
2017-04-17,80.69926452636719
2017-04-18,80.10669708251953
2017-04-19,80.38375091552734
2017-04-20,81.20713806152344
2017-04-21,81.39179992675781
2017-04-24,82.31522369384766
2017-04-25,82.61534118652344
2017-04-26,82.81542205810547
2017-04-27,83.74654388427734
2017-04-28,82.6922836303711
2017-05-01,81.9843521118164
2017-05-02,82.2767562866211
2017-05-03,82.607666015625
2017-05-04,82.37679290771484
2017-05-05,82.66921997070312
2017-05-08,82.73846435546875
2017-05-09,81.96125030517578
2017-05-10,80.87626647949219
2017-05-11,80.7831802368164
2017-05-12,80.76764678955078
2017-05-15,81.66739654541016
2017-05-16,81.05461883544922
2017-05-17,79.79035949707031
2017-05-18,80.03856658935547
2017-05-19,80.21694946289062
2017-05-22,80.49616241455078
2017-05-23,80.82196044921875
2017-05-24,81.22526550292969
2017-05-25,82.17156982421875
2017-05-26,82.11725616455078
2017-05-30,82.84635162353516
2017-05-31,82.1948471069336
2017-06-01,83.50566101074219
2017-06-02,83.51343536376953
2017-06-05,83.73059844970703
2017-06-06,83.3272705078125
2017-06-07,82.74552154541016
2017-06-08,82.79981231689453
2017-06-09,83.01701354980469
2017-06-12,84.49849700927734
2017-06-13,85.2043228149414
2017-06-14,84.8475341796875
2017-06-15,85.5223388671875
2017-06-16,85.77830505371094
2017-06-19,85.99547576904297
2017-06-20,85.01817321777344
2017-06-21,84.69239807128906
2017-06-22,84.59932708740234
2017-06-23,85.53008270263672
2017-06-26,86.10406494140625
2017-06-27,85.0647201538086
2017-06-28,85.38272094726562
2017-06-29,85.1500244140625
2017-06-30,85.77830505371094
2017-07-03,85.7938003540039
2017-07-05,85.72402954101562
2017-07-06,84.73117065429688
2017-07-07,85.59993743896484
2017-07-10,85.48355865478516
2017-07-11,85.37496185302734
2017-07-12,85.7627944946289
2017-07-13,86.22040557861328
2017-07-14,87.18997192382812
2017-07-17,86.89521789550781
2017-07-18,86.74009704589844
2017-07-19,87.63983154296875
2017-07-20,87.32183074951172
2017-07-21,87.3993911743164
2017-07-24,86.98829650878906
2017-07-25,87.81824493408203
2017-07-26,87.09690856933594
2017-07-27,83.60649871826172
2017-07-28,85.05696105957031
2017-07-31,85.54560852050781
2017-08-01,85.4525146484375
2017-08-02,86.29798889160156
2017-08-03,86.49962615966797
2017-08-04,86.91072082519531
2017-08-07,86.76335906982422
2017-08-08,86.78663635253906
2017-08-09,87.18997192382812
2017-08-10,86.67423248291016
2017-08-11,87.08056640625
2017-08-14,88.8387451171875
2017-08-15,89.2216567993164
2017-08-16,89.67485809326172
2017-08-17,88.23706817626953
2017-08-18,88.56524658203125
2017-08-21,88.94815826416016
2017-08-22,89.54984283447266
2017-08-23,88.7293472290039
2017-08-24,88.57305908203125
2017-08-25,88.61214447021484
2017-08-28,88.9168930053711
2017-08-29,89.77643585205078
2017-08-30,89.83897399902344
2017-08-31,89.3623046875
2017-09-01,89.3857192993164
2017-09-05,89.01847839355469
2017-09-06,88.9325180053711
2017-09-07,89.60453033447266
2017-09-08,89.90145111083984
2017-09-11,90.80008697509766
2017-09-12,91.54242706298828
2017-09-13,91.47211456298828
2017-09-14,91.72216796875
2017-09-15,92.12849426269531
2017-09-18,91.88626098632812
2017-09-19,91.40177154541016
2017-09-20,92.07380676269531
2017-09-21,91.62837982177734
2017-09-22,91.94876098632812
2017-09-25,92.37854766845703
2017-09-26,92.925537109375
2017-09-27,92.69112396240234
2017-09-28,93.4646987915039
2017-09-29,93.83977508544922
2017-10-02,94.38679504394531
2017-10-03,93.54285430908203
2017-10-04,92.988037109375
2017-10-05,92.3629150390625
2017-10-06,91.97220611572266
2017-10-09,91.54242706298828
2017-10-10,92.3004150390625
2017-10-11,92.925537109375
2017-10-12,93.4334487915039
2017-10-13,92.48792266845703
2017-10-16,92.4723129272461
2017-10-17,91.95658874511719
2017-10-18,92.32384490966797
2017-10-19,93.31625366210938
2017-10-20,93.58192443847656
2017-10-23,93.51942443847656
2017-10-24,93.5350341796875
2017-10-25,92.63642883300781
2017-10-26,93.24591064453125
2017-10-27,94.35550689697266
2017-10-30,92.27696228027344
2017-10-31,91.83935546875
2017-11-01,91.7846450805664
2017-11-02,91.32364654541016
2017-11-03,90.22184753417969
2017-11-06,89.01847839355469
2017-11-07,89.04190826416016
2017-11-08,88.4011459350586
2017-11-09,87.94794464111328
2017-11-10,89.13664245605469
2017-11-13,90.38043212890625
2017-11-14,89.79792022705078
2017-11-15,88.86898803710938
2017-11-16,89.50662994384766
2017-11-17,88.9083480834961
2017-11-20,89.11299133300781
2017-11-21,89.67982482910156
2017-11-22,89.56172943115234
2017-11-24,89.06578063964844
2017-11-27,90.16790771484375
2017-11-28,90.67960357666016
2017-11-29,93.71036529541016
2017-11-30,95.60755920410156
2017-12-01,94.71013641357422
2017-12-04,97.39454650878906
2017-12-05,94.75736999511719
2017-12-06,93.11996459960938
2017-12-07,94.25354766845703
2017-12-08,94.1197280883789
2017-12-11,92.93106079101562
2017-12-12,93.01763153076172
2017-12-13,93.20654296875
2017-12-14,91.97850799560547
2017-12-15,92.89166259765625
2017-12-18,93.52930450439453
2017-12-19,93.67886352539062
2017-12-20,93.15144348144531
2017-12-21,93.34825134277344
2017-12-22,93.39547729492188
2017-12-26,93.09636688232422
2017-12-27,93.74185180664062
2017-12-28,93.7182388305664
2017-12-29,93.7969970703125
2018-01-02,97.35518646240234
2018-01-03,99.51216125488281
2018-01-04,100.15769958496094
2018-01-05,100.46471405029297
2018-01-08,101.68488311767578
2018-01-09,101.63765716552734
2018-01-10,102.17296600341797
2018-01-11,105.0620346069336
2018-01-12,105.5579605102539
2018-01-16,104.60545349121094
2018-01-17,105.49501037597656
2018-01-18,105.16438293457031
2018-01-19,104.7629165649414
2018-01-22,104.58972930908203
2018-01-23,103.96781158447266
2018-01-24,103.6686782836914
2018-01-25,103.35379028320312
2018-01-26,104.47950744628906
2018-01-29,102.84209442138672
2018-01-30,100.8504409790039
2018-01-31,100.22852325439453
2018-02-01,94.08037567138672
2018-02-02,91.68724060058594
2018-02-05,89.1917495727539
2018-02-06,88.72727966308594
2018-02-07,88.0975112915039
2018-02-08,86.02713775634766
2018-02-09,83.75208282470703
2018-02-12,83.68910217285156
2018-02-13,84.67312622070312
2018-02-14,83.91738891601562
2018-02-15,85.2635269165039
2018-02-16,84.4696273803711
2018-02-20,83.12796783447266
2018-02-21,83.12002563476562
2018-02-22,83.42170715332031
2018-02-23,83.84246826171875
2018-02-26,85.7954330444336
2018-02-27,83.90597534179688
2018-02-28,82.88980865478516
2018-03-01,84.49346923828125
2018-03-02,83.65194702148438
2018-03-05,84.00125122070312
2018-03-06,87.16886138916016
2018-03-07,86.7004623413086
2018-03-08,86.3749771118164
2018-03-09,87.62931060791016
2018-03-12,86.46228790283203
2018-03-13,86.79573822021484
2018-03-14,86.34322357177734
2018-03-15,87.10535430908203
2018-03-16,88.05007934570312
2018-03-19,86.10504913330078
2018-03-20,85.76366424560547
2018-03-21,85.46199035644531
2018-03-22,82.92155456542969
2018-03-23,80.70659637451172
2018-03-26,82.32612609863281
2018-03-27,81.11149597167969
2018-03-28,81.5163803100586
2018-03-29,83.08828735351562
2018-04-02,82.43730163574219
2018-04-03,83.78691101074219
2018-04-04,84.47757720947266
2018-04-05,85.0888671875
2018-04-06,83.62018585205078
2018-04-09,83.04064178466797
2018-04-10,84.1679458618164
2018-04-11,84.22354888916016
2018-04-12,84.93803405761719
2018-04-13,85.14443969726562
2018-04-16,86.73222351074219
2018-04-17,86.94657135009766
2018-04-18,88.04212951660156
2018-04-19,87.07359313964844
2018-04-20,86.1764907836914
2018-04-23,86.6210708618164
2018-04-24,85.91451263427734
2018-04-25,86.26383209228516
2018-04-26,89.93159484863281
2018-04-27,90.4952621459961
2018-04-30,90.10624694824219
2018-05-01,89.27264404296875
2018-05-02,88.24060821533203
2018-05-03,87.17679595947266
2018-05-04,88.36763000488281
2018-05-07,89.01068115234375
2018-05-08,88.33588409423828
2018-05-09,88.43907165527344
2018-05-10,90.4952621459961
2018-05-11,91.65433502197266
2018-05-14,92.36089324951172
2018-05-15,91.78136444091797
2018-05-16,92.34500885009766
2018-05-17,92.5593490600586
2018-05-18,92.3193130493164
2018-05-21,93.67953491210938
2018-05-22,92.3033218383789
2018-05-23,92.23929595947266
2018-05-24,92.51936340332031
2018-05-25,92.40733337402344
2018-05-29,91.07910919189453
2018-05-30,93.36746978759766
2018-05-31,92.91140747070312
2018-06-01,93.8155746459961
2018-06-04,93.59152221679688
2018-06-05,93.46350860595703
2018-06-06,93.63155364990234
2018-06-07,92.9674301147461
2018-06-08,93.29547119140625
2018-06-11,93.49552917480469
2018-06-12,94.6877212524414
2018-06-13,93.87958526611328
2018-06-14,93.7675552368164
2018-06-15,93.43148040771484
2018-06-18,93.43148040771484
2018-06-19,91.87123107910156
2018-06-20,90.93508911132812
2018-06-21,90.75104522705078
2018-06-22,90.97506713867188
2018-06-25,88.17464447021484
2018-06-26,87.67053985595703
2018-06-27,86.71837615966797
2018-06-28,84.71806335449219
2018-06-29,84.99810028076172
2018-07-02,84.71806335449219
2018-07-03,84.62203979492188
2018-07-05,85.0461196899414
2018-07-06,84.83808898925781
2018-07-09,86.88642120361328
2018-07-10,86.82239532470703
2018-07-11,85.87822723388672
2018-07-12,86.83840942382812
2018-07-13,87.19047546386719
2018-07-16,88.53468322753906
2018-07-17,88.87075805664062
2018-07-18,89.74288940429688
2018-07-19,90.28697967529297
2018-07-20,89.67088317871094
2018-07-23,90.18295288085938
2018-07-24,89.9669418334961
2018-07-25,96.17594146728516
2018-07-26,95.11177825927734
2018-07-27,94.94376373291016
2018-07-30,94.98374938964844
2018-07-31,95.92791748046875
2018-08-01,95.50385284423828
2018-08-02,94.89573669433594
2018-08-03,95.33582305908203
2018-08-06,95.64784240722656
2018-08-07,96.0239486694336
2018-08-08,96.48001098632812
2018-08-09,96.71205139160156
2018-08-10,95.43183898925781
2018-08-13,94.54369354248047
2018-08-14,95.19979095458984
2018-08-15,96.05591583251953
2018-08-16,96.90406036376953
2018-08-17,98.1939926147461
2018-08-20,98.79862976074219
2018-08-21,99.16946411132812
2018-08-22,98.25041961669922
2018-08-23,98.12142181396484
2018-08-24,98.95179748535156
2018-08-27,99.8466796875
2018-08-28,98.9598617553711
2018-08-29,99.54031372070312
2018-08-30,99.04048156738281
2018-08-31,99.06465148925781
2018-09-04,100.24169158935547
2018-09-05,100.49969482421875
2018-09-06,99.7257308959961
2018-09-07,99.1533432006836
2018-09-10,100.24169158935547
2018-09-11,99.21784210205078
2018-09-12,99.40326690673828
2018-09-13,96.5009765625
2018-09-14,97.0572509765625
2018-09-17,96.00921630859375
2018-09-18,95.32394409179688
2018-09-19,95.33199310302734
2018-09-20,96.03338623046875
2018-09-21,95.5254898071289
2018-09-24,94.59031677246094
2018-09-25,93.7276840209961
2018-09-26,94.08241271972656
2018-09-27,94.1065902709961
2018-09-28,94.12271881103516
2018-10-01,94.69512176513672
2018-10-02,94.31619262695312
2018-10-03,94.9531021118164
2018-10-04,94.57418823242188
2018-10-05,94.51774597167969
2018-10-08,95.75929260253906
2018-10-09,95.06596374511719
2018-10-10,94.04212188720703
2018-10-11,91.71222686767578
2018-10-12,93.22783660888672
2018-10-15,93.33264923095703
2018-10-16,94.71122741699219
2018-10-17,95.13851928710938
2018-10-18,92.49420166015625
2018-10-19,93.91310119628906
2018-10-22,93.22783660888672
2018-10-23,92.09918975830078
2018-10-24,87.01212310791016
2018-10-25,86.92345428466797
2018-10-26,84.89988708496094
2018-10-29,84.75476837158203
2018-10-30,86.31879425048828
2018-10-31,85.89151000976562
2018-11-01,86.68156433105469
2018-11-02,85.44812774658203
2018-11-05,86.11724090576172
2018-11-06,87.59257507324219
2018-11-07,89.59192657470703
2018-11-08,89.89021301269531
2018-11-09,88.2859115600586
2018-11-12,86.84281158447266
2018-11-13,88.19721221923828
2018-11-14,88.27783966064453
2018-11-15,89.04371643066406
2018-11-16,89.49079895019531
2018-11-19,90.46627807617188
2018-11-20,88.20645904541016
2018-11-21,88.41779327392578
2018-11-23,88.35275268554688
2018-11-26,89.93791198730469
2018-11-27,90.6451187133789
2018-11-28,92.30340576171875
2018-11-29,92.06767272949219
2018-11-30,93.71783447265625
2018-12-03,93.70156860351562
2018-12-04,86.7920150756836
2018-12-06,87.82438659667969
2018-12-07,85.61334228515625
2018-12-10,84.86548614501953
2018-12-11,84.19888305664062
2018-12-12,82.27236938476562
2018-12-13,81.92281341552734
2018-12-14,80.19951629638672
2018-12-17,78.74444580078125
2018-12-18,79.07770538330078
2018-12-19,76.67156219482422
2018-12-20,76.36270141601562
2018-12-21,76.00498962402344
2018-12-24,73.07048034667969
2018-12-26,78.53307342529297
2018-12-27,79.48414611816406
2018-12-28,78.4680404663086
2018-12-31,79.28095245361328
2019-01-02,79.02082824707031
2019-01-03,76.77725219726562
2019-01-04,79.45164489746094
2019-01-07,79.18339538574219
2019-01-08,79.19152069091797
2019-01-09,79.59795379638672
2019-01-10,80.40271759033203
2019-01-11,79.58984375
2019-01-14,80.58969116210938
2019-01-15,79.30531311035156
2019-01-16,78.84197998046875
2019-01-17,80.94734954833984
2019-01-18,82.58940124511719
2019-01-22,83.46731567382812
2019-01-23,82.03661346435547
2019-01-24,81.04489135742188
2019-01-25,81.96347045898438
2019-01-28,81.55704498291016
2019-01-29,82.34552764892578
2019-01-30,82.25608825683594
2019-01-31,85.67837524414062
2019-02-01,86.23925018310547
2019-02-04,86.6375732421875
2019-02-05,87.51551818847656
2019-02-06,88.45841217041016
2019-02-07,87.74310302734375
2019-02-08,87.8731460571289
2019-02-11,88.5478515625
2019-02-12,89.95415496826172
2019-02-13,91.05155181884766
2019-02-14,90.8808364868164
2019-02-15,90.1248779296875
2019-02-19,90.04357147216797
2019-02-20,90.28743743896484
2019-02-21,90.84834289550781
2019-02-22,89.71028900146484
2019-02-25,90.90752410888672
2019-02-26,91.05513000488281
2019-02-27,91.1289291381836
2019-02-28,90.36632537841797
2019-03-01,91.94893646240234
2019-03-04,90.59590911865234
2019-03-05,90.17769622802734
2019-03-06,89.25928497314453
2019-03-07,87.62743377685547
2019-03-08,87.47982025146484
2019-03-11,89.24288177490234
2019-03-12,89.39048767089844
2019-03-13,90.90752410888672
2019-03-14,90.92391967773438
2019-03-15,89.80867767333984
2019-03-18,90.76809692382812
2019-03-19,90.48930358886719
2019-03-20,88.49666595458984
2019-03-21,90.03829956054688
2019-03-22,88.02923583984375
2019-03-25,87.66024017333984
2019-03-26,88.89848327636719
2019-03-27,89.36589050292969
2019-03-28,90.44830322265625
2019-03-29,91.6291275024414
2019-04-01,93.83499145507812
2019-04-02,93.21997833251953
2019-04-03,93.76937103271484
2019-04-04,93.45777893066406
2019-04-05,93.75300598144531
2019-04-08,93.45777893066406
2019-04-09,92.58856964111328
2019-04-10,92.72797393798828
2019-04-11,93.0641860961914
2019-04-12,93.8595962524414
2019-04-15,93.18716430664062
2019-04-16,93.43319702148438
2019-04-17,93.88418579101562
2019-04-18,93.60538482666016
2019-04-22,93.17076873779297
2019-04-23,93.15436553955078
2019-04-24,93.83499145507812
2019-04-25,86.20880126953125
2019-04-26,85.2411880493164
2019-04-29,85.97099304199219
2019-04-30,87.10261535644531
2019-05-01,85.79058837890625
2019-05-02,86.52040100097656
2019-05-03,87.4552230834961
2019-05-06,85.79058837890625
2019-05-07,83.71591186523438
2019-05-08,83.51913452148438
2019-05-09,82.61711883544922
2019-05-10,82.5186996459961
2019-05-13,81.46907806396484
2019-05-14,81.80529022216797
2019-05-15,83.26493835449219
2019-05-16,83.07632446289062
2019-05-17,82.28984832763672
2019-05-20,81.56134033203125
2019-05-21,82.29812622070312
2019-05-22,80.7168960571289
2019-05-23,79.6158218383789
2019-05-24,79.35091400146484
2019-05-28,77.87732696533203
2019-05-29,78.45684051513672
2019-05-30,79.26815032958984
2019-05-31,76.92526245117188
2019-06-03,77.92699432373047
2019-06-04,80.849365234375
2019-06-05,81.3046875
2019-06-06,81.13084411621094
2019-06-07,81.32124328613281
2019-06-10,82.86107635498047
2019-06-11,82.79486846923828
2019-06-12,83.11770629882812
2019-06-13,84.4588623046875
2019-06-14,84.12772369384766
2019-06-17,83.94559478759766
2019-06-18,84.56649017333984
2019-06-19,84.0780258178711
2019-06-20,85.60130310058594
2019-06-21,84.58303833007812
2019-06-24,82.55476379394531
2019-06-25,80.41059112548828
2019-06-26,82.7617416381836
2019-06-27,84.1939468383789
2019-06-28,85.49368286132812
2019-07-01,85.2453384399414
2019-07-02,84.4422836303711
2019-07-03,85.43574523925781
2019-07-05,84.79000091552734
2019-07-08,84.37605285644531
2019-07-09,84.21876525878906
2019-07-10,84.12772369384766
2019-07-11,85.5433578491211
2019-07-12,87.67926025390625
2019-07-15,87.57991027832031
2019-07-16,87.43091583251953
2019-07-17,84.6327133178711
2019-07-18,85.1045913696289
2019-07-19,85.52678680419922
2019-07-22,86.10631561279297
2019-07-23,87.1494140625
2019-07-24,94.69955444335938
2019-07-25,97.8951187133789
2019-07-26,99.82405853271484
2019-07-29,98.30905151367188
2019-07-30,99.18659210205078
2019-07-31,98.9051284790039
2019-08-01,96.8437271118164
2019-08-02,97.0258560180664
2019-08-05,95.08038330078125
2019-08-06,95.20453643798828
2019-08-07,95.5439682006836
2019-08-08,97.31560516357422
2019-08-09,95.82544708251953
2019-08-12,95.11351013183594
2019-08-13,95.89169311523438
2019-08-14,94.40982055664062
2019-08-15,94.29390716552734
2019-08-16,96.26426696777344
2019-08-19,97.50828552246094
2019-08-20,96.04718780517578
2019-08-21,96.79025268554688
2019-08-22,96.19747924804688
2019-08-23,92.907958984375
2019-08-26,95.47946166992188
2019-08-27,95.28741455078125
2019-08-28,97.12420654296875
2019-08-29,98.82742309570312
2019-08-30,99.06954956054688
2019-09-03,97.9591293334961
2019-09-04,99.7458267211914
2019-09-05,101.19019317626953
2019-09-06,100.25511932373047
2019-09-09,101.57424926757812
2019-09-10,102.19207763671875
2019-09-11,102.56779479980469
2019-09-12,102.32566833496094
2019-09-13,102.4175033569336
2019-09-16,102.33399963378906
2019-09-17,102.1837387084961
2019-09-18,101.05661010742188
2019-09-19,99.45360565185547
2019-09-20,100.77273559570312
2019-09-23,99.39515686035156
2019-09-24,98.51014709472656
2019-09-25,99.39515686035156
2019-09-26,98.89421081542969
2019-09-27,99.31167602539062
2019-09-30,100.03804016113281
2019-10-01,96.69007110595703
2019-10-02,96.21417999267578
2019-10-03,96.76522064208984
2019-10-04,98.09270477294922
2019-10-07,96.48968505859375
2019-10-08,94.12692260742188
2019-10-09,95.06202697753906
2019-10-10,96.24755096435547
2019-10-11,96.86540985107422
2019-10-14,96.74018096923828
2019-10-15,97.24946594238281
2019-10-16,98.10105895996094
2019-10-17,98.8441162109375
2019-10-18,97.97581481933594
2019-10-21,98.9526596069336
2019-10-22,96.93221282958984
2019-10-23,96.1390380859375
2019-10-24,95.18724822998047
2019-10-25,96.61494445800781
2019-10-28,97.05741882324219
2019-10-29,97.60846710205078
2019-10-30,97.58341217041016
2019-10-31,96.15574645996094
2019-11-01,99.77921295166016
2019-11-04,102.709716796875
2019-11-05,101.34883117675781
2019-11-06,101.81637573242188
2019-11-07,103.10211181640625
2019-11-08,103.77838897705078
2019-11-11,102.80990600585938
2019-11-12,102.70136260986328
2019-11-13,102.709716796875
2019-11-14,103.5947036743164
2019-11-15,104.10800170898438
2019-11-18,103.30021667480469
2019-11-19,101.42385864257812
2019-11-20,100.13650512695312
2019-11-21,100.56564331054688
2019-11-22,100.39735412597656
2019-11-25,101.22193145751953
2019-11-26,101.97920227050781
2019-11-27,100.8601303100586
2019-11-29,100.7423095703125
2019-12-02,99.47180938720703
2019-12-03,98.3863754272461
2019-12-04,97.99932098388672
2019-12-05,96.77086639404297
2019-12-06,98.8912353515625
2019-12-09,99.40448760986328
2019-12-10,99.74103546142578
2019-12-11,98.26858520507812
2019-12-12,98.40320587158203
2019-12-13,99.8083724975586
2019-12-16,100.22907257080078
2019-12-17,101.21353149414062
2019-12-18,99.24461364746094
2019-12-19,99.75786590576172
2019-12-20,98.78184509277344
2019-12-23,100.0776138305664
2019-12-24,99.56434631347656
2019-12-26,100.16175079345703
2019-12-27,100.0776138305664
2019-12-30,97.97408294677734
2019-12-31,98.4957275390625
2020-01-02,98.26858520507812
2020-01-03,98.20967102050781
2020-01-06,97.77214813232422
2020-01-07,97.6038818359375
2020-01-08,98.1592025756836
2020-01-09,98.3863754272461
2020-01-10,97.4944839477539
2020-01-13,98.23490905761719
2020-01-14,98.67244720458984
2020-01-15,99.22779083251953
2020-01-16,99.79994201660156
2020-01-17,99.79153442382812
2020-01-21,98.77342224121094
2020-01-22,98.66403198242188
2020-01-23,98.3863754272461
2020-01-24,98.1592025756836
2020-01-27,96.69512939453125
2020-01-28,97.07376098632812
2020-01-29,97.40191650390625
2020-01-30,90.87257385253906
2020-01-31,87.10304260253906
2020-02-03,85.84933471679688
2020-02-04,86.98523712158203
2020-02-05,89.22339630126953
2020-02-06,89.61884307861328
2020-02-07,86.7664794921875
2020-02-10,86.7243881225586
2020-02-11,88.23893737792969
2020-02-12,88.80268096923828
2020-02-13,88.55025482177734
2020-02-14,89.14765930175781
2020-02-18,89.54312133789062
2020-02-19,89.8292007446289
2020-02-20,89.59359741210938
2020-02-21,86.6150131225586
2020-02-24,83.69184875488281
2020-02-25,79.79151153564453
2020-02-26,79.6470718383789
2020-02-27,76.68143463134766
2020-02-28,76.89385986328125
2020-03-02,78.81430053710938
2020-03-03,77.5821762084961
2020-03-04,81.42303466796875
2020-03-05,79.01823425292969
2020-03-06,79.87650299072266
2020-03-09,74.08120727539062
2020-03-10,78.87379455566406
2020-03-11,74.7695083618164
2020-03-12,73.2229232788086
2020-03-13,80.07193756103516
2020-03-16,73.9792251586914
2020-03-17,82.24729919433594
2020-03-18,84.34616088867188
2020-03-19,81.78841400146484
2020-03-20,79.41763305664062
2020-03-23,78.09201049804688
2020-03-24,80.94718170166016
2020-03-25,80.3013687133789
2020-03-26,84.78804779052734
2020-03-27,82.86759948730469
2020-03-30,83.13951110839844
2020-03-31,79.38362884521484
2020-04-01,76.80887603759766
2020-04-02,79.06072998046875
2020-04-03,76.47748565673828
2020-04-06,81.30406951904297
2020-04-07,78.95026397705078
2020-04-08,83.94680786132812
2020-04-09,83.86181640625
2020-04-13,83.63237762451172
2020-04-14,86.16463470458984
2020-04-15,84.9070053100586
2020-04-16,86.86143493652344
2020-04-17,87.31180572509766
2020-04-20,85.99468994140625
2020-04-21,85.50184631347656
2020-04-22,82.944091796875
2020-04-23,84.50762176513672
2020-04-24,85.12794494628906
2020-04-27,87.14185333251953
2020-04-28,81.94139099121094
2020-04-29,81.6694564819336
2020-04-30,80.43732452392578
2020-05-01,78.09201049804688
2020-05-04,76.85137939453125
2020-05-05,78.78031158447266
2020-05-06,78.96725463867188
2020-05-07,78.88228607177734
2020-05-08,80.581787109375
2020-05-11,79.80004119873047
2020-05-12,78.8992691040039
2020-05-13,77.1063003540039
2020-05-14,77.9135971069336
2020-05-15,77.35272216796875
2020-05-18,81.66096496582031
2020-05-19,81.94139099121094
2020-05-20,82.57870483398438
2020-05-21,82.68916320800781
2020-05-22,83.0498046875
2020-05-26,83.35033416748047
2020-05-27,85.53992462158203
2020-05-28,85.62577056884766
2020-05-29,85.6172103881836
2020-06-01,85.24797058105469
2020-06-02,86.870849609375
2020-06-03,89.0003433227539
2020-06-04,88.61392974853516
2020-06-05,91.57632446289062
2020-06-08,94.8392333984375
2020-06-09,92.58953857421875
2020-06-10,91.55912780761719
2020-06-11,86.2697982788086
2020-06-12,87.13702392578125
2020-06-15,90.70906829833984
2020-06-16,90.8722152709961
2020-06-17,91.86827087402344
2020-06-18,92.37489318847656
2020-06-19,92.53801727294922
2020-06-22,91.79098510742188
2020-06-23,94.97663116455078
2020-06-24,94.02349853515625
2020-06-25,94.89935302734375
2020-06-26,92.15161895751953
2020-06-29,94.00633239746094
2020-06-30,95.4660415649414
2020-07-01,98.24811553955078
2020-07-02,98.19660186767578
2020-07-06,99.05526733398438
2020-07-07,98.27388763427734
2020-07-08,98.29106140136719
2020-07-09,98.27388763427734
2020-07-10,98.8062515258789
2020-07-13,97.68140411376953
2020-07-14,99.02951049804688
2020-07-15,102.36112976074219
2020-07-16,102.81620025634766
2020-07-17,101.79438781738281
2020-07-20,101.62265014648438
2020-07-21,102.21514129638672
2020-07-22,101.94036102294922
2020-07-23,101.44233703613281
2020-07-24,101.62265014648438
2020-07-27,103.9067153930664
2020-07-28,102.71317291259766
2020-07-29,106.19933319091797
2020-07-30,121.46636199951172
2020-07-31,122.58260345458984
2020-08-03,122.0845718383789
2020-08-04,124.26556396484375
2020-08-05,124.57469940185547
2020-08-06,124.90960693359375
2020-08-07,134.72409057617188
2020-08-10,137.03392028808594
2020-08-11,133.822509765625
2020-08-12,135.48829650878906
2020-08-13,136.77626037597656
2020-08-14,138.0213623046875
2020-08-17,137.64352416992188
2020-08-18,137.3773193359375
2020-08-19,137.67787170410156
2020-08-20,136.99957275390625
2020-08-21,137.4229736328125
2020-08-24,138.56362915039062
2020-08-25,137.43162536621094
2020-08-26,137.31063842773438
2020-08-27,138.44264221191406
2020-08-28,140.30052185058594
2020-08-31,141.38934326171875
2020-09-01,140.5511016845703
2020-09-02,143.255859375
2020-09-03,136.55023193359375
2020-09-04,138.9352264404297
2020-09-08,135.19351196289062
2020-09-09,138.08836364746094
2020-09-10,136.43788146972656
2020-09-11,137.28469848632812
2020-09-14,138.38217163085938
2020-09-15,139.5832977294922
2020-09-16,138.1488494873047
2020-09-17,138.04513549804688
2020-09-18,137.9674072265625
2020-09-21,139.17715454101562
2020-09-22,139.89439392089844
2020-09-23,139.6005859375
2020-09-24,138.615478515625
2020-09-25,143.54966735839844
2020-09-28,145.95193481445312
2020-09-29,145.60629272460938
2020-09-30,143.99038696289062
2020-10-01,144.87181091308594
2020-10-02,144.27552795410156
2020-10-05,146.17662048339844
2020-10-06,146.34080505371094
2020-10-07,151.2145233154297
2020-10-08,150.54051208496094
2020-10-09,150.95526123046875
2020-10-12,152.5539093017578
2020-10-13,151.50833129882812
2020-10-14,150.68743896484375
2020-10-15,150.3935546875
2020-10-16,150.7392578125
2020-10-19,148.71717834472656
2020-10-20,151.11944580078125
2020-10-21,149.2615966796875
2020-10-22,149.48626708984375
2020-10-23,148.54437255859375
2020-10-26,145.1742706298828
2020-10-27,147.6283416748047
2020-10-28,134.61456298828125
2020-10-29,139.4364013671875
2020-10-30,135.7638397216797
2020-11-02,137.87234497070312
2020-11-03,141.2683868408203
2020-11-04,140.49066162109375
2020-11-05,141.33750915527344
2020-11-06,144.897705078125
2020-11-09,141.043701171875
2020-11-10,142.34852600097656
2020-11-11,143.99899291992188
2020-11-12,141.80812072753906
2020-11-13,142.2949981689453
2020-11-16,146.4420166015625
2020-11-17,146.82455444335938
2020-11-18,146.4507293701172
2020-11-19,144.7379913330078
2020-11-20,142.37322998046875
2020-11-23,144.8423309326172
2020-11-24,150.1370086669922
2020-11-25,148.23300170898438
2020-11-27,146.8332977294922
2020-11-30,148.72857666015625
2020-12-01,146.0247039794922
2020-12-02,146.78111267089844
2020-12-03,145.91171264648438
2020-12-04,145.40744018554688
2020-12-07,145.59873962402344
2020-12-08,144.65975952148438
2020-12-09,147.08535766601562
2020-12-10,142.79052734375
2020-12-11,146.40724182128906
2020-12-14,144.85972595214844
2020-12-15,145.337890625
2020-12-16,147.91131591796875
2020-12-17,151.701904296875
2020-12-18,152.3018035888672
2020-12-21,150.050048828125
2020-12-22,151.7627410888672
2020-12-23,150.093505859375
2020-12-24,149.70230102539062
2020-12-28,148.98068237304688
2020-12-29,146.95498657226562
2020-12-30,144.52066040039062
2020-12-31,146.40724182128906
2021-01-04,142.4080047607422
2021-01-05,140.42575073242188
2021-01-06,140.00845336914062
2021-01-07,138.23487854003906
2021-01-08,137.70457458496094
2021-01-11,140.72132873535156
2021-01-12,142.50364685058594
2021-01-13,141.80812072753906
2021-01-14,142.12107849121094
2021-01-15,138.14791870117188
2021-01-19,135.8701171875
2021-01-20,138.9651641845703
2021-01-21,139.1912078857422
2021-01-22,138.22621154785156
2021-01-25,140.62574768066406
2021-01-26,140.34754943847656
2021-01-27,137.0612030029297
2021-01-28,136.73080444335938
2021-01-29,134.7572784423828
2021-02-01,135.85272216796875
2021-02-02,139.35638427734375
2021-02-03,138.85218811035156
2021-02-04,141.0691375732422
2021-02-05,142.9122772216797
2021-02-08,142.1037139892578
2021-02-09,145.12054443359375
2021-02-10,144.0251007080078
2021-02-11,141.1647491455078
2021-02-12,142.05157470703125
2021-02-16,140.62574768066406
2021-02-17,139.9736785888672
2021-02-18,140.9474334716797
2021-02-19,140.45742797851562
2021-02-22,141.38487243652344
2021-02-23,140.6936798095703
2021-02-24,140.04623413085938
2021-02-25,137.80648803710938
2021-02-26,138.0865020751953
2021-03-01,141.27113342285156
2021-03-02,141.18365478515625
2021-03-03,140.36119079589844
2021-03-04,139.50381469726562
2021-03-05,143.8345947265625
2021-03-08,140.74620056152344
2021-03-09,142.845947265625
2021-03-10,144.560791015625
2021-03-11,146.31935119628906
2021-03-12,146.7130126953125
2021-03-15,142.29476928710938
2021-03-16,142.45225524902344
2021-03-17,140.55369567871094
2021-03-18,140.1599884033203
2021-03-19,139.36383056640625
2021-03-22,140.9123992919922
2021-03-23,139.86253356933594
2021-03-24,139.90626525878906
2021-03-25,142.82846069335938
2021-03-26,146.9667510986328
2021-03-29,147.10678100585938
2021-03-30,147.54421997070312
2021-03-31,148.72532653808594
2021-04-01,149.85397338867188
2021-04-05,150.4401397705078
2021-04-06,151.33251953125
2021-04-07,150.4401397705078
2021-04-08,151.37632751464844
2021-04-09,153.9310302734375
2021-04-12,156.24078369140625
2021-04-13,156.97569274902344
2021-04-14,154.16725158691406
2021-04-15,157.1681671142578
2021-04-16,157.22943115234375
2021-04-19,155.78582763671875
2021-04-20,157.2119140625
2021-04-21,156.23202514648438
2021-04-22,155.3046112060547
2021-04-23,156.5732421875
2021-04-26,153.81727600097656
2021-04-27,169.84556579589844
2021-04-28,173.55517578125
2021-04-29,178.2359161376953
2021-04-30,178.35841369628906
2021-05-03,185.6551513671875
2021-05-04,187.50115966796875
2021-05-05,187.68490600585938
2021-05-06,187.91238403320312
2021-05-07,190.29214477539062
2021-05-10,189.093505859375
2021-05-11,187.51866149902344
2021-05-12,184.34275817871094
2021-05-13,188.69105529785156
2021-05-14,189.31222534179688
2021-05-17,189.23348999023438
2021-05-18,187.22120666503906
2021-05-19,187.53616333007812
2021-05-20,187.17747497558594
2021-05-21,186.25439453125
2021-05-24,187.62579345703125
2021-05-25,185.9203643798828
2021-05-26,187.95989990234375
2021-05-27,187.07199096679688
2021-05-28,188.6543426513672
2021-06-01,187.5027313232422
2021-06-02,186.28958129882812
2021-06-03,186.35107421875
2021-06-04,185.1643524169922
2021-06-07,187.17747497558594
2021-06-08,184.39952087402344
2021-06-09,176.75137329101562
2021-06-10,178.6326446533203
2021-06-11,178.6326446533203
2021-06-14,176.77772521972656
2021-06-15,177.87661743164062
2021-06-16,176.18875122070312
2021-06-17,174.10528564453125
2021-06-18,173.85916137695312
2021-06-21,178.73812866210938
2021-06-22,180.56661987304688
2021-06-23,179.353515625
2021-06-24,181.18202209472656
2021-06-25,180.7512664794922
2021-06-28,180.41720581054688
2021-06-29,182.5094451904297
2021-06-30,182.825927734375
2021-07-01,184.8039093017578
2021-07-02,185.95553588867188
2021-07-06,185.7445526123047
2021-07-07,188.35546875
2021-07-08,186.4302520751953
2021-07-09,188.0565643310547
2021-07-12,187.5379180908203
2021-07-13,185.72694396972656
2021-07-14,185.95553588867188
2021-07-15,187.12472534179688
2021-07-16,185.111572265625
2021-07-19,185.8500518798828
2021-07-20,186.77308654785156
2021-07-21,186.7642822265625
2021-07-22,187.4499969482422
2021-07-23,186.05221557617188
2021-07-26,184.4874267578125
2021-07-27,171.59107971191406
2021-07-28,168.8218994140625
2021-07-29,168.61973571777344
2021-07-30,168.22413635253906
2021-08-02,168.73399353027344
2021-08-03,170.6768035888672
2021-08-04,167.72303771972656
2021-08-05,167.39776611328125
2021-08-06,169.31422424316406
2021-08-09,167.89004516601562
2021-08-10,167.5647735595703
2021-08-11,169.13839721679688
2021-08-12,170.2284698486328
2021-08-13,170.52735900878906
2021-08-16,173.2437744140625
2021-08-17,173.850341796875
2021-08-18,171.24822998046875
2021-08-19,170.59768676757812
2021-08-20,170.77444458007812
2021-08-23,170.56234741210938
2021-08-24,170.8009796142578
2021-08-25,170.44744873046875
2021-08-26,169.9967498779297
2021-08-27,170.82748413085938
2021-08-30,171.45494079589844
2021-08-31,172.88658142089844
2021-09-01,173.56704711914062
2021-09-02,175.14892578125
2021-09-03,174.39779663085938
2021-09-07,172.82472229003906
2021-09-08,171.94981384277344
2021-09-09,167.03622436523438
2021-09-10,170.79209899902344
2021-09-13,171.79074096679688
2021-09-14,168.8036651611328
2021-09-15,170.87167358398438
2021-09-16,170.5358428955078
2021-09-17,167.9376220703125
2021-09-20,167.37203979492188
2021-09-21,167.6724853515625
2021-09-22,163.75753784179688
2021-09-23,165.07431030273438
2021-09-24,166.16131591796875
2021-09-27,165.11851501464844
2021-09-28,165.0477752685547
2021-09-29,163.26263427734375
2021-09-30,160.92958068847656
2021-10-01,160.3904571533203
2021-10-04,157.67738342285156
2021-10-05,158.78204345703125
2021-10-06,159.69232177734375
2021-10-07,160.4876708984375
2021-10-08,162.15794372558594
2021-10-11,160.61138916015625
2021-10-12,160.8323516845703
2021-10-13,162.6616668701172
2021-10-14,169.166015625
2021-10-15,171.22515869140625
2021-10-18,170.90699768066406
2021-10-19,171.260498046875
2021-10-20,172.56845092773438
2021-10-21,176.25364685058594
2021-10-22,180.1156005859375
2021-10-25,180.1951446533203
2021-10-26,192.7177734375
2021-10-27,187.53904724121094
2021-10-28,189.0325469970703
2021-10-29,188.6525421142578
2021-11-01,186.38133239746094
2021-11-02,184.82594299316406
2021-11-03,188.00741577148438
2021-11-04,186.22225952148438
2021-11-05,184.01287841796875
2021-11-08,184.9673309326172
2021-11-09,185.55062866210938
2021-11-10,187.03529357910156
2021-11-11,188.4934844970703
2021-11-12,188.40509033203125
2021-11-15,186.9292449951172
2021-11-16,187.23854064941406
2021-11-17,183.68592834472656
2021-11-18,183.35009765625
2021-11-19,185.1440887451172
2021-11-22,187.28443908691406
2021-11-23,188.1103515625
2021-11-24,185.1440887451172
2021-11-26,182.32875061035156
2021-11-29,181.7426300048828
2021-11-30,176.17420959472656
2021-12-01,172.4263458251953
2021-12-02,177.53298950195312
2021-12-03,178.27011108398438
2021-12-06,179.4512939453125
2021-12-07,182.40870666503906
2021-12-08,181.8136444091797
2021-12-09,183.4300079345703
2021-12-10,185.7124786376953
2021-12-13,183.2257537841797
2021-12-14,180.94334411621094
2021-12-15,182.7461700439453
2021-12-16,184.7000274658203
2021-12-17,183.4744110107422
2021-12-20,179.77989196777344
2021-12-21,183.9273681640625
2021-12-22,185.11744689941406
2021-12-23,188.44784545898438
2021-12-27,191.04110717773438
2021-12-28,190.65924072265625
2021-12-29,190.5881805419922
2021-12-30,189.96649169921875
2021-12-31,190.35726928710938
2022-01-03,189.61126708984375
2022-01-04,192.97718811035156
2022-01-05,190.55267333984375
2022-01-06,192.39991760253906
2022-01-07,193.74984741210938
2022-01-10,188.03932189941406
2022-01-11,187.63079833984375
2022-01-12,187.58639526367188
2022-01-13,186.9202880859375
2022-01-14,183.4300079345703
2022-01-18,182.58633422851562
2022-01-19,180.96109008789062
2022-01-20,179.6555633544922
2022-01-21,179.35360717773438
2022-01-24,181.28968811035156
2022-01-25,179.34474182128906
2022-01-26,176.73370361328125
2022-01-27,173.03028869628906
2022-01-28,176.06764221191406
2022-01-31,179.58448791503906
2022-02-01,204.87786865234375
2022-02-02,206.13897705078125
2022-02-03,203.1016387939453
2022-02-04,199.63800048828125
2022-02-07,199.87779235839844
2022-02-08,200.00213623046875
2022-02-09,199.88668823242188
2022-02-10,195.98788452148438
2022-02-11,189.60240173339844
2022-02-14,190.04644775390625
2022-02-15,192.9505615234375
2022-02-16,191.21876525878906
2022-02-17,187.13345336914062
2022-02-18,187.2855224609375
2022-02-22,186.93661499023438
2022-02-23,182.92005920410156
2022-02-24,185.34434509277344
2022-02-25,187.8133087158203
2022-02-28,188.2337646484375
2022-03-01,183.90408325195312
2022-03-02,189.1641082763672
2022-03-03,190.03179931640625
2022-03-04,188.20689392089844
2022-03-07,179.9679718017578
2022-03-08,181.96286010742188
2022-03-09,184.9775390625
2022-03-10,185.33535766601562
2022-03-11,182.40121459960938
2022-03-14,182.759033203125
2022-03-15,188.33213806152344
2022-03-16,194.92507934570312
2022-03-17,198.87904357910156
2022-03-18,196.6068572998047
2022-03-21,195.51548767089844
2022-03-22,195.39024353027344
2022-03-23,191.9551544189453
2022-03-24,192.0267333984375
2022-03-25,192.64395141601562
2022-03-28,196.40110778808594
2022-03-29,198.9953155517578
2022-03-30,196.9825439453125
2022-03-31,191.8477783203125
2022-04-01,184.852294921875
2022-04-04,183.5730743408203
2022-04-05,176.4165802001953
2022-04-06,173.8939208984375
2022-04-07,172.38211059570312
2022-04-08,170.83450317382812
2022-04-11,170.7182159423828
2022-04-12,168.07928466796875
2022-04-13,168.9559326171875
2022-04-14,168.195556640625
2022-04-18,167.4262237548828
2022-04-19,170.5840301513672
2022-04-20,170.35147094726562
2022-04-21,168.893310546875
2022-04-22,167.4173126220703
2022-04-25,169.64476013183594
2022-04-26,163.7495880126953
2022-04-27,166.7463836669922
2022-04-28,170.10992431640625
2022-04-29,161.0032958984375
2022-05-02,159.75091552734375
2022-05-03,159.3394012451172
2022-05-04,164.42050170898438
2022-05-05,160.8332977294922
2022-05-06,160.94961547851562
2022-05-09,162.30043029785156
2022-05-10,162.8192138671875
2022-05-11,158.74899291992188
2022-05-12,159.8135223388672
2022-05-13,160.6345672607422
2022-05-16,162.1954345703125
2022-05-17,165.2359619140625
2022-05-18,155.39256286621094
2022-05-19,151.02569580078125
2022-05-20,154.31887817382812
2022-05-23,157.3413848876953
2022-05-24,157.08876037597656
2022-05-25,156.86318969726562
2022-05-26,160.94129943847656
2022-05-27,164.6856231689453
2022-05-31,164.4329833984375
2022-06-01,162.61045837402344
2022-06-02,166.07505798339844
2022-06-03,167.3562469482422
2022-06-06,168.81785583496094
2022-06-07,167.374267578125
2022-06-08,161.89768981933594
2022-06-09,159.29022216796875
2022-06-10,156.1324005126953
2022-06-13,155.8346710205078
2022-06-14,157.1338653564453
2022-06-15,158.6857452392578
2022-06-16,155.35646057128906
2022-06-17,154.345947265625
2022-06-21,157.44064331054688
2022-06-22,158.92933654785156
2022-06-23,161.16688537597656
2022-06-24,165.38034057617188
2022-06-27,164.03599548339844
2022-06-28,162.3307647705078
2022-06-29,163.4224853515625
2022-06-30,164.69459533691406
2022-07-01,166.9051055908203
2022-07-05,166.58030700683594
2022-07-06,167.0675048828125
2022-07-07,167.9878387451172
2022-07-08,167.27500915527344
2022-07-11,166.58932495117188
2022-07-12,161.8345184326172
2022-07-13,160.5262908935547
2022-07-14,160.85107421875
2022-07-15,164.73971557617188
2022-07-18,162.4751434326172
2022-07-19,167.6449432373047
2022-07-20,168.58328247070312
2022-07-21,168.7276153564453
2022-07-22,169.60279846191406
2022-07-25,169.5396728515625
2022-07-26,163.78334045410156
2022-07-27,165.92164611816406
2022-07-28,169.83740234375
2022-07-29,175.83726501464844
2022-08-01,176.2432861328125
2022-08-02,174.6102294921875
2022-08-03,174.510986328125
2022-08-04,175.50344848632812
2022-08-05,177.52447509765625
2022-08-08,176.91998291015625
2022-08-09,177.4252166748047
2022-08-10,182.58599853515625
2022-08-11,184.44461059570312
2022-08-12,186.2444305419922
2022-08-15,187.14434814453125
2022-08-16,187.57159423828125
2022-08-17,186.32626342773438
2022-08-18,189.1168670654297
2022-08-19,189.46231079101562
2022-08-22,187.6170196533203
2022-08-23,186.5898895263672
2022-08-24,184.56277465820312
2022-08-25,186.34445190429688
2022-08-26,180.8268280029297
2022-08-29,179.31788635253906
2022-08-30,177.2999267578125
2022-08-31,176.80906677246094
2022-09-01,178.7179412841797
2022-09-02,178.2089080810547
2022-09-06,178.12710571289062
2022-09-07,178.42706298828125
2022-09-08,178.28163146972656
2022-09-09,180.60865783691406
2022-09-12,181.95399475097656
2022-09-13,175.17286682128906
2022-09-14,173.5821075439453
2022-09-15,168.1645050048828
2022-09-16,160.62890625
2022-09-19,163.6467742919922
2022-09-20,159.692626953125
2022-09-21,158.010986328125
2022-09-22,152.58428955078125
2022-09-23,149.3755340576172
2022-09-26,147.03030395507812
2022-09-27,149.7754669189453
2022-09-28,151.91160583496094
2022-09-29,150.2754364013672
2022-09-30,146.8394012451172
2022-10-03,148.2483673095703
2022-10-04,153.52053833007812
2022-10-05,152.64791870117188
2022-10-06,150.52993774414062
2022-10-07,144.65782165527344
2022-10-10,145.20323181152344
2022-10-11,144.9032440185547
2022-10-12,144.9668731689453
2022-10-13,148.7665252685547
2022-10-14,146.96665954589844
2022-10-17,149.7300262451172
2022-10-18,151.79345703125
2022-10-19,150.70266723632812
2022-10-20,146.33035278320312
2022-10-21,150.48451232910156
2022-10-24,152.302490234375
2022-10-25,151.80255126953125
2022-10-26,153.61143493652344
2022-10-27,151.33897399902344
2022-10-28,151.9570770263672
2022-10-31,152.50247192382812
2022-11-01,152.16612243652344
2022-11-02,149.60275268554688
2022-11-03,149.0846405029297
2022-11-04,150.6117401123047
2022-11-07,153.7386932373047
2022-11-08,153.4296417236328
2022-11-09,149.0846405029297
2022-11-10,158.10366821289062
2022-11-11,163.48939514160156
2022-11-14,163.12240600585938
2022-11-15,166.49879455566406
2022-11-16,162.45262145996094
2022-11-17,161.53512573242188
2022-11-18,164.20506286621094
2022-11-21,165.70974731445312
2022-11-22,167.66403198242188
2022-11-23,167.75575256347656
2022-11-25,167.46217346191406
2022-11-28,165.0675048828125
2022-11-29,169.63665771484375
2022-11-30,174.0773468017578
2022-12-01,174.4994354248047
2022-12-02,173.76541137695312
2022-12-05,166.21438598632812
2022-12-06,160.6543426513672
2022-12-07,160.2598114013672
2022-12-08,164.8105926513672
2022-12-09,162.98477172851562
2022-12-12,167.47134399414062
2022-12-13,168.68246459960938
2022-12-14,169.10450744628906
2022-12-15,166.26026916503906
2022-12-16,163.49856567382812
2022-12-19,163.7095947265625
2022-12-20,159.3056182861328
2022-12-21,162.10397338867188
2022-12-22,161.1222381591797
2022-12-23,162.40672302246094
2022-12-27,162.33334350585938
2022-12-28,159.28724670410156
2022-12-29,161.25071716308594
2022-12-30,159.49826049804688
2023-01-03,160.81948852539062
2023-01-04,162.49851989746094
2023-01-05,159.49826049804688
2023-01-06,164.18670654296875
2023-01-09,166.70066833496094
2023-01-10,164.02154541015625
2023-01-11,167.1961212158203
2023-01-12,167.856689453125
2023-01-13,167.12269592285156
2023-01-17,164.2325897216797
2023-01-18,162.1406707763672
2023-01-19,161.61769104003906
2023-01-20,163.4343719482422
2023-01-23,165.5904541015625
2023-01-24,165.1409149169922
2023-01-25,162.81964111328125
2023-01-26,164.87481689453125
2023-01-27,167.06764221191406
2023-01-30,162.3700408935547
2023-01-31,169.94859313964844
2023-02-01,169.71920776367188
2023-02-02,175.50863647460938
2023-02-03,175.84811401367188
2023-02-06,173.18736267089844
2023-02-07,172.75616455078125
2023-02-08,170.98538208007812
2023-02-09,169.50819396972656
2023-02-10,169.93942260742188
2023-02-13,171.94874572753906
2023-02-14,171.36154174804688
2023-02-15,171.42576599121094
2023-02-16,170.2421875
2023-02-17,169.5758056640625
2023-02-21,165.17930603027344
2023-02-22,163.46697998046875
2023-02-23,166.54913330078125
2023-02-24,166.7434844970703
2023-02-27,168.66873168945312
2023-02-28,168.90939331054688
2023-03-01,169.45545959472656
2023-03-02,170.93637084960938
2023-03-03,171.8619842529297
2023-03-06,172.63018798828125
2023-03-07,169.63133239746094
2023-03-08,170.5846710205078
2023-03-09,169.2703399658203
2023-03-10,168.03005981445312
2023-03-13,168.66873168945312
2023-03-14,171.28811645507812
2023-03-15,170.6402130126953
2023-03-16,173.9352569580078
2023-03-17,172.8893585205078
2023-03-20,169.8349609375
2023-03-21,172.8893585205078
2023-03-22,171.7323760986328
2023-03-23,171.50099182128906
2023-03-24,172.2229461669922
2023-03-27,173.37991333007812
2023-03-28,173.75942993164062
2023-03-29,177.2211151123047
2023-03-30,176.86936950683594
2023-03-31,179.55355834960938
2023-04-03,179.3036346435547
2023-04-04,176.42507934570312
2023-04-05,175.3051300048828
2023-04-06,174.54617309570312
2023-04-10,176.10113525390625
2023-04-11,178.12814331054688
2023-04-12,175.72166442871094
2023-04-13,176.7860565185547
2023-04-14,178.5168914794922
2023-04-17,178.9056396484375
2023-04-18,179.6738739013672
2023-04-19,181.44175720214844
2023-04-20,180.46987915039062
2023-04-21,180.68280029296875
2023-04-24,181.275146484375
2023-04-25,163.17076110839844
2023-04-26,159.7276153564453
2023-04-27,164.5313720703125
2023-04-28,166.42881774902344
2023-05-01,168.64097595214844
2023-05-02,164.6053924560547
2023-05-03,162.7449951171875
2023-05-04,160.39401245117188
2023-05-05,162.66171264648438
2023-05-08,161.41217041015625
2023-05-09,160.1348419189453
2023-05-10,158.80203247070312
2023-05-11,157.56173706054688
2023-05-12,157.4589385986328
2023-05-15,157.78604125976562
2023-05-16,155.69281005859375
2023-05-17,160.13156127929688
2023-05-18,159.83250427246094
2023-05-19,159.729736328125
2023-05-22,160.27171325683594
2023-05-23,158.66441345214844
2023-05-24,156.73004150390625
2023-05-25,160.01004028320312
2023-05-26,160.3278045654297
2023-05-30,158.63636779785156
2023-05-31,156.05723571777344
2023-06-01,156.83287048339844
2023-06-02,158.99148559570312
2023-06-05,156.85154724121094
2023-06-06,156.60858154296875
2023-06-07,160.26235961914062
2023-06-08,160.24366760253906
2023-06-09,159.3185577392578
2023-06-12,160.26235961914062
2023-06-13,161.56129455566406
2023-06-14,163.4208984375
2023-06-15,167.27093505859375
2023-06-16,166.87844848632812
2023-06-20,165.65428161621094
2023-06-21,162.2528076171875
2023-06-22,160.1502227783203
2023-06-23,158.19715881347656
2023-06-26,161.43045043945312
2023-06-27,163.22467041015625
2023-06-28,164.14979553222656
2023-06-29,164.5142364501953
2023-06-30,167.5045623779297
2023-07-03,171.72837829589844
2023-07-05,168.17738342285156
2023-07-06,167.53257751464844
2023-07-07,167.9811248779297
2023-07-10,169.44825744628906
2023-07-11,173.10205078125
2023-07-12,174.27015686035156
2023-07-13,173.2141876220703
2023-07-14,173.12074279785156
2023-07-17,170.76588439941406
2023-07-18,172.47596740722656
2023-07-19,173.83094787597656
2023-07-20,174.69065856933594
2023-07-21,175.0270538330078
2023-07-24,175.99893188476562
2023-07-25,172.5880889892578
2023-07-26,172.3077392578125
2023-07-27,174.29818725585938
2023-07-28,175.57839965820312
2023-07-31,174.86819458007812
2023-08-01,173.3450164794922
2023-08-02,171.33590698242188
2023-08-03,169.6071014404297
2023-08-04,169.08380126953125
2023-08-07,170.2145233154297
2023-08-08,168.71937561035156
2023-08-09,167.61666870117188
2023-08-10,168.5605010986328
2023-08-11,166.5426025390625
2023-08-14,165.49594116210938
2023-08-15,163.3743133544922
2023-08-16,160.99810791015625
2023-08-17,160.99810791015625
2023-08-18,161.46958923339844
2023-08-21,158.87649536132812
2023-08-22,157.3394775390625
2023-08-23,159.24424743652344
2023-08-24,157.47149658203125
2023-08-25,159.23480224609375
2023-08-28,159.20652770996094
2023-08-29,161.95046997070312
2023-08-30,162.19564819335938
2023-08-31,159.73455810546875
2023-09-01,158.41444396972656
2023-09-05,154.61436462402344
2023-09-06,153.04910278320312
2023-09-07,152.98309326171875
2023-09-08,151.85154724121094
2023-09-11,151.71009826660156
2023-09-12,147.63661193847656
2023-09-13,148.83413696289062
2023-09-14,151.5592498779297
2023-09-15,151.33294677734375
2023-09-18,149.39988708496094
2023-09-19,148.99444580078125
2023-09-20,148.6455535888672
2023-09-21,146.5616455078125
2023-09-22,145.00576782226562
2023-09-25,145.5055389404297
2023-09-26,143.23304748535156
2023-09-27,143.71395874023438
2023-09-28,146.62765502929688
2023-09-29,146.97653198242188
2023-10-02,146.2316131591797
2023-10-03,144.9774932861328
2023-10-04,144.94921875
2023-10-05,144.6286163330078
2023-10-06,145.4678497314453
2023-10-09,145.53384399414062
2023-10-10,146.6748046875
2023-10-11,146.43907165527344
2023-10-12,146.51449584960938
2023-10-13,146.2316131591797
2023-10-16,147.71202087402344
2023-10-17,148.2117919921875
2023-10-18,145.0435028076172
2023-10-19,143.38392639160156
2023-10-20,143.2896270751953
2023-10-23,139.70645141601562
2023-10-24,140.80026245117188
2023-10-25,138.54661560058594
2023-10-26,130.3241729736328
2023-10-27,127.13702392578125
2023-10-30,130.86163330078125
2023-10-31,133.1907196044922
2023-11-01,131.8234405517578
2023-11-02,133.88848876953125
2023-11-03,134.70884704589844
2023-11-06,134.15252685546875
2023-11-07,133.75648498535156
2023-11-08,133.85076904296875
2023-11-09,131.9648895263672
2023-11-10,131.7550048828125
2023-11-13,131.812255859375
2023-11-14,136.58216857910156
2023-11-15,140.3981170654297
2023-11-16,140.15008544921875
2023-11-17,141.17083740234375
2023-11-20,142.6876983642578
2023-11-21,142.87847900390625
2023-11-22,143.8134002685547
2023-11-24,145.0345001220703
2023-11-27,142.70677185058594
2023-11-28,143.80386352539062
2023-11-29,145.2825164794922
2023-11-30,144.6338348388672
2023-12-01,147.781982421875
2023-12-04,148.74549865722656
2023-12-05,147.0664825439453
2023-12-06,148.1444854736328
2023-12-07,149.29879760742188
2023-12-08,149.10801696777344
2023-12-11,148.61195373535156
2023-12-12,148.22079467773438
2023-12-13,150.01429748535156
2023-12-14,154.88917541503906
2023-12-15,155.44248962402344
2023-12-18,154.13552856445312
2023-12-19,154.18321228027344
2023-12-20,149.73764038085938
2023-12-21,149.92845153808594
2023-12-22,150.96829223632812
2023-12-26,150.75840759277344
2023-12-27,149.6231689453125
2023-12-28,150.071533203125
2023-12-29,149.99520874023438
2024-01-02,151.05413818359375
2024-01-03,150.2909393310547
2024-01-04,149.7662811279297
2024-01-05,151.4166717529297
2024-01-08,152.5614471435547
2024-01-09,152.58053588867188
2024-01-10,153.80162048339844
2024-01-11,151.92227172851562
2024-01-12,151.0255126953125
2024-01-16,148.1826629638672
2024-01-17,147.4480743408203
2024-01-18,149.32742309570312
2024-01-19,149.67086791992188
2024-01-22,151.30218505859375
2024-01-23,152.6949920654297
2024-01-24,149.3751220703125
2024-01-25,152.36111450195312
2024-01-26,151.96998596191406
2024-01-29,150.74887084960938
2024-01-30,138.3852081298828
2024-01-31,135.37062072753906
2024-02-01,135.85714721679688
2024-02-02,135.3229217529297
2024-02-05,132.68038940429688
2024-02-06,139.2056427001953
2024-02-07,140.46490478515625
2024-02-08,141.1136016845703
2024-02-09,139.52999877929688
2024-02-12,140.6652374267578
2024-02-13,138.23257446289062
2024-02-14,137.58384704589844
2024-02-15,140.21685791015625
2024-02-16,143.16880798339844
2024-02-20,143.39068603515625
2024-02-21,143.0337371826172
2024-02-22,144.4421844482422
2024-02-23,143.38104248046875
2024-02-26,142.2909393310547
2024-02-27,143.0337371826172
2024-02-28,142.55140686035156
2024-02-29,143.02407836914062
2024-03-01,142.83116149902344
2024-03-04,145.2910919189453
2024-03-05,144.37466430664062
2024-03-06,147.16258239746094
2024-03-07,147.99221801757812
2024-03-08,148.52281188964844
2024-03-11,149.28489685058594
2024-03-12,151.822021484375
2024-03-13,149.29454040527344
2024-03-14,148.4552764892578
2024-03-15,147.95362854003906
2024-03-18,146.33294677734375
2024-03-19,147.7896270751953
2024-03-20,149.29454040527344
2024-03-21,149.83477783203125
2024-03-22,150.751220703125
2024-03-25,151.04063415527344
2024-03-26,138.71194458007812
2024-03-27,142.12693786621094
2024-03-28,143.38104248046875
2024-04-01,142.4066925048828
2024-04-02,143.88265991210938
2024-04-03,146.89247131347656
2024-04-04,144.70265197753906
2024-04-05,146.0146026611328
2024-04-08,144.80874633789062
2024-04-09,145.2525177001953
2024-04-10,142.0594024658203
2024-04-11,143.7476043701172
2024-04-12,139.79241943359375
2024-04-15,139.73452758789062
2024-04-16,137.84373474121094
2024-04-17,137.22634887695312
2024-04-18,137.6990509033203
2024-04-19,137.72799682617188
2024-04-22,140.2265167236328
2024-04-23,143.612548828125
2024-04-24,141.44200134277344
2024-04-25,142.184814453125
2024-04-26,142.3777618408203
2024-04-29,143.30384826660156
2024-04-30,142.27163696289062
2024-05-01,140.76673889160156
2024-05-02,142.0208282470703
2024-05-03,141.2587127685547
2024-05-06,141.490234375
2024-05-07,141.89541625976562
2024-05-08,142.55140686035156
2024-05-09,142.83116149902344
2024-05-10,143.74806213378906
2024-05-13,146.898681640625
2024-05-14,144.30404663085938
2024-05-15,144.30404663085938
2024-05-16,145.98178100585938
2024-05-17,145.57211303710938
2024-05-20,143.962646484375
2024-05-21,141.84597778320312
2024-05-22,140.23654174804688
2024-05-23,135.6813201904297
2024-05-24,135.2521209716797
2024-05-28,134.19866943359375
2024-05-29,131.10658264160156
2024-05-30,133.49636840820312
2024-05-31,135.51547241210938
2024-06-03,135.0180206298828
2024-06-04,132.29660034179688
2024-06-05,134.1889190673828
2024-06-06,134.1791534423828
2024-06-07,134.25718688964844
2024-06-10,134.2961883544922
2024-06-11,133.9743194580078
2024-06-12,133.07691955566406
2024-06-13,131.57476806640625
2024-06-14,132.31610107421875
2024-06-17,132.5111846923828
2024-06-18,130.9017333984375
2024-06-20,133.50611877441406
2024-06-21,133.2427520751953
2024-06-24,135.193603515625
2024-06-25,131.0578155517578
2024-06-26,134.75465393066406
2024-06-27,132.49166870117188
2024-06-28,133.4866180419922
2024-07-01,132.60873413085938
2024-07-02,131.5942840576172
2024-07-03,132.2185516357422
2024-07-05,132.9989013671875
2024-07-08,132.19903564453125
2024-07-09,130.97976684570312
2024-07-10,132.31610107421875
2024-07-11,134.8424530029297
2024-07-12,138.85142517089844
2024-07-15,140.607177734375
2024-07-16,143.7090301513672
2024-07-17,143.7578125
2024-07-18,141.2021942138672
2024-07-19,141.6118621826172
2024-07-22,141.6118621826172
2024-07-23,124.54197692871094
2024-07-24,125.37108612060547
2024-07-25,123.95672607421875
2024-07-26,125.66371154785156
2024-07-29,125.4491195678711
2024-07-30,125.85880279541016
2024-07-31,127.16586303710938
2024-08-01,127.3707046508789
2024-08-02,124.91263580322266
2024-08-05,122.92277526855469
2024-08-06,121.44013214111328
2024-08-07,120.28913879394531
2024-08-08,123.10810089111328
2024-08-09,122.72769165039062
2024-08-12,121.79129028320312
2024-08-13,123.38121795654297
2024-08-14,123.31294250488281
2024-08-15,125.3906021118164
2024-08-16,126.46355438232422
2024-08-19,127.38224792480469
2024-08-20,127.3131103515625
2024-08-21,126.34501647949219
2024-08-22,125.29790496826172
2024-08-23,126.41416931152344
2024-08-26,127.6884765625
2024-08-27,126.34501647949219
2024-08-28,125.6436538696289
2024-08-29,125.43620300292969
2024-08-30,126.98712158203125
2024-09-03,125.94988250732422
2024-09-04,127.35261535644531
2024-09-05,125.8510971069336
2024-09-06,125.98939514160156
2024-09-09,127.3131103515625
2024-09-10,128.25155639648438
2024-09-11,126.9377212524414
2024-09-12,126.85869598388672
2024-09-13,125.69303894042969
2024-09-16,127.34274291992188
2024-09-17,129.06158447265625
2024-09-18,129.06158447265625
2024-09-19,130.52359008789062
2024-09-20,127.03651428222656
2024-09-23,127.17481231689453
2024-09-24,127.94532775878906
2024-09-25,129.91111755371094
2024-09-26,131.70899963378906
2024-09-27,132.627685546875
2024-09-30,134.68240356445312
2024-10-01,131.6497344970703
2024-10-02,131.39288330078125
2024-10-03,129.1307373046875
2024-10-04,129.65428161621094
2024-10-07,129.60488891601562
2024-10-08,129.36782836914062
2024-10-09,131.3830108642578
2024-10-10,131.22496032714844
2024-10-11,132.96356201171875
2024-10-14,132.93392944335938
2024-10-15,132.1732940673828
2024-10-16,134.1884765625
2024-10-17,133.7637176513672
2024-10-18,134.2773895263672
2024-10-21,129.7333221435547
2024-10-22,129.7333221435547
2024-10-23,129.81234741210938
2024-10-24,136.66796875
2024-10-25,135.75914001464844
2024-10-28,133.69456481933594
2024-10-29,132.6770782470703
2024-10-30,132.1732940673828
2024-10-31,132.4301300048828
2024-11-01,132.42025756835938
2024-11-04,131.3830108642578
2024-11-05,132.21279907226562
2024-11-06,132.2918243408203
2024-11-07,132.51902770996094
2024-11-08,130.82981872558594
2024-11-11,130.00991821289062
2024-11-12,128.5577850341797
2024-11-13,132.0547332763672
2024-11-14,131.0273895263672
2024-11-15,132.4400177001953
2024-11-18,135.1300048828125
2024-11-19,133.1999969482422
2024-11-20,132.08999633789062
2024-11-21,131.3699951171875
2024-11-22,134.82000732421875
2024-11-25,137.5399932861328
2024-11-26,134.9600067138672
2024-11-27,135.67999267578125
2024-11-29,135.72000122070312
2024-12-02,134.02000427246094
2024-12-03,129.7100067138672
2024-12-04,128.77999877929688
2024-12-05,127.58999633789062
2024-12-06,125.61000061035156
2024-12-09,128.52999877929688
2024-12-10,130.22000122070312
2024-12-11,129.1199951171875
2024-12-12,128.97999572753906
2024-12-13,128.75999450683594
2024-12-16,128.5500030517578
2024-12-17,127.31999969482422
