,VST
2016-10-05,11.44979763031006
2016-10-06,11.634469985961914
2016-10-07,11.745277404785156
2016-10-10,11.81914520263672
2016-10-11,12.077691078186035
2016-10-12,12.077691078186035
2016-10-13,11.89301586151123
2016-10-14,11.89301586151123
2016-10-17,11.89301586151123
2016-10-18,11.81914520263672
2016-10-19,11.811758041381836
2016-10-20,11.745277404785156
2016-10-21,11.597536087036133
2016-10-24,11.582764625549316
2016-10-25,11.508891105651855
2016-10-26,11.41286277770996
2016-10-27,11.228188514709473
2016-10-28,11.228188514709473
2016-10-31,11.228188514709473
2016-11-01,11.080450057983398
2016-11-02,10.04627513885498
2016-11-03,10.04627513885498
2016-11-04,10.341751098632812
2016-11-07,10.415619850158691
2016-11-08,10.489490509033203
2016-11-09,10.378686904907228
2016-11-10,10.511652946472168
2016-11-11,10.86622714996338
2016-11-14,10.63723087310791
2016-11-15,10.578134536743164
2016-11-16,10.415619850158691
2016-11-17,10.378686904907228
2016-11-18,10.415619850158691
2016-11-21,10.341751098632812
2016-11-22,10.378686904907228
2016-11-23,10.341751098632812
2016-11-25,10.341751098632812
2016-11-28,10.452554702758787
2016-11-29,10.157078742980955
2016-11-30,10.304818153381348
2016-12-01,10.312204360961914
2016-12-02,10.230948448181152
2016-12-05,10.674165725708008
2016-12-06,11.523667335510254
2016-12-07,11.44979763031006
2016-12-08,11.745277404785156
2016-12-09,12.114623069763184
2016-12-12,12.003820419311523
2016-12-13,11.989046096801758
2016-12-14,12.025982856750488
2016-12-15,12.224114418029783
2016-12-16,12.112126350402832
2016-12-19,12.25857639312744
2016-12-20,12.361948013305664
2016-12-21,12.361948013305664
2016-12-22,12.310262680053713
2016-12-23,12.39210319519043
2016-12-27,12.921899795532228
2016-12-28,12.921899795532228
2016-12-29,13.35262680053711
2016-12-30,13.35262680053711
2017-01-03,13.23202419281006
2017-01-04,13.8695068359375
2017-01-05,13.947036743164062
2017-01-06,13.95565128326416
2017-01-09,13.697214126586914
2017-01-10,13.654139518737791
2017-01-11,13.499077796936035
2017-01-12,13.78335952758789
2017-01-13,14.171014785766602
2017-01-17,14.515600204467772
2017-01-18,14.68789005279541
2017-01-19,14.541440963745115
2017-01-20,14.593132972717283
2017-01-23,14.60174560546875
2017-01-24,14.472526550292969
2017-01-25,14.429452896118164
2017-01-26,14.515600204467772
2017-01-27,14.412223815917969
2017-01-30,14.041793823242188
2017-01-31,13.964265823364258
2017-02-01,14.084872245788574
2017-02-02,14.033181190490724
2017-02-03,14.386380195617676
2017-02-06,14.774036407470703
2017-02-07,14.748196601867676
2017-02-08,14.860180854797363
2017-02-09,14.860180854797363
2017-02-10,15.463204383850098
2017-02-13,15.290913581848145
2017-02-14,15.247842788696287
2017-02-15,15.204768180847168
2017-02-16,14.98940086364746
2017-02-17,14.946328163146973
2017-02-21,14.756805419921877
2017-02-22,14.459603309631348
2017-02-23,14.041793823242188
2017-02-24,14.317461967468262
2017-02-27,13.929805755615234
2017-02-28,13.92119026184082
2017-03-01,14.041793823242188
2017-03-02,13.95565128326416
2017-03-03,14.00734043121338
2017-03-06,13.929805755615234
2017-03-07,13.8695068359375
2017-03-08,13.654139518737791
2017-03-09,13.275096893310549
2017-03-10,13.516304969787598
2017-03-13,13.97287940979004
2017-03-14,13.929805755615234
2017-03-15,13.90396499633789
2017-03-16,13.91257667541504
2017-03-17,13.852274894714355
2017-03-20,13.95565128326416
2017-03-21,13.78335952758789
2017-03-22,13.654139518737791
2017-03-23,13.550764083862305
2017-03-24,13.611064910888672
2017-03-27,13.654139518737791
2017-03-28,13.697214126586914
2017-03-29,13.99872589111328
2017-03-30,14.02457046508789
2017-03-31,14.041793823242188
2017-04-03,14.084872245788574
2017-04-04,14.205474853515623
2017-04-05,14.196861267089844
2017-04-06,14.136558532714844
2017-04-07,13.99872589111328
2017-04-10,13.99872589111328
2017-04-11,13.91257667541504
2017-04-12,13.78335952758789
2017-04-13,13.929805755615234
2017-04-17,13.766128540039062
2017-04-18,13.78335952758789
2017-04-19,13.611064910888672
2017-04-20,13.39570140838623
2017-04-21,13.094191551208496
2017-04-24,13.33539867401123
2017-04-25,13.30955696105957
2017-04-26,13.464617729187012
2017-04-27,13.11141586303711
2017-04-28,12.878824234008787
2017-05-01,12.904668807983398
2017-05-02,12.568700790405272
2017-05-03,12.654844284057615
2017-05-04,12.594542503356934
2017-05-05,12.947742462158203
2017-05-08,12.921899795532228
2017-05-09,12.930514335632324
2017-05-10,13.051116943359377
2017-05-11,13.197565078735352
2017-05-12,13.42154598236084
2017-05-15,13.550764083862305
2017-05-16,13.28371238708496
2017-05-17,12.999428749084473
2017-05-18,12.749606132507324
2017-05-19,12.956356048583984
2017-05-22,12.887439727783203
2017-05-23,12.921899795532228
2017-05-24,12.921899795532228
2017-05-25,12.792678833007812
2017-05-26,12.913283348083496
2017-05-30,12.852985382080078
2017-05-31,12.723762512207031
2017-06-01,12.844368934631348
2017-06-02,12.913283348083496
2017-06-05,13.145877838134766
2017-06-06,13.369861602783203
2017-06-07,13.507692337036133
2017-06-08,13.54215145111084
2017-06-09,13.611064910888672
2017-06-12,13.78335952758789
2017-06-13,14.084872245788574
2017-06-14,14.46391487121582
2017-06-15,14.3002347946167
2017-06-16,14.386380195617676
2017-06-19,14.386380195617676
2017-06-20,14.403605461120604
2017-06-21,14.386380195617676
2017-06-22,14.343307495117188
2017-06-23,14.429452896118164
2017-06-26,14.386380195617676
2017-06-27,14.386380195617676
2017-06-28,14.524211883544922
2017-06-29,14.386380195617676
2017-06-30,14.46391487121582
2017-07-03,14.653434753417969
2017-07-05,14.420839309692385
2017-07-06,14.188241958618164
2017-07-07,14.162400245666504
2017-07-10,14.145171165466309
2017-07-11,14.162400245666504
2017-07-12,14.015953063964844
2017-07-13,13.67998218536377
2017-07-14,13.800586700439451
2017-07-17,13.748899459838867
2017-07-18,13.8092041015625
2017-07-19,13.748899459838867
2017-07-20,13.95565128326416
2017-07-21,14.1193265914917
2017-07-24,14.3002347946167
2017-07-25,14.308847427368164
2017-07-26,14.222704887390137
2017-07-27,14.231318473815918
2017-07-28,14.15378475189209
2017-07-31,14.15378475189209
2017-08-01,14.308847427368164
2017-08-02,14.231318473815918
2017-08-03,13.938422203063965
2017-08-04,14.351922035217283
2017-08-07,14.662047386169434
2017-08-08,14.808499336242676
2017-08-09,14.705119132995604
2017-08-10,14.644820213317873
2017-08-11,14.825721740722656
2017-08-14,14.972164154052734
2017-08-15,15.084161758422852
2017-08-16,15.21338176727295
2017-08-17,14.748196601867676
2017-08-18,15.110005378723145
2017-08-21,15.21338176727295
2017-08-22,15.230609893798828
2017-08-23,15.265070915222168
2017-08-24,15.204768180847168
2017-08-25,15.290913581848145
2017-08-28,15.29952907562256
2017-08-29,15.256449699401855
2017-08-30,14.954943656921388
2017-08-31,15.247842788696287
2017-09-01,15.36844253540039
2017-09-05,15.290913581848145
2017-09-06,15.308144569396973
2017-09-07,15.394287109375
2017-09-08,15.204768180847168
2017-09-11,15.265070915222168
2017-09-12,15.247842788696287
2017-09-13,15.256449699401855
2017-09-14,15.333986282348633
2017-09-15,15.316758155822754
2017-09-18,15.497662544250488
2017-09-19,15.402901649475098
2017-09-20,15.695796966552734
2017-09-21,15.644110679626465
2017-09-22,15.635497093200684
2017-09-25,15.644110679626465
2017-09-26,15.902549743652344
2017-09-27,16.109298706054688
2017-09-28,16.06622886657715
2017-09-29,16.10068702697754
2017-10-02,16.281591415405273
2017-10-03,16.281591415405273
2017-10-04,16.30743980407715
2017-10-05,16.471111297607422
2017-10-06,16.186830520629883
2017-10-09,16.30743980407715
2017-10-10,16.204057693481445
2017-10-11,16.376352310180664
2017-10-12,16.436655044555664
2017-10-13,16.36774253845215
2017-10-16,16.359127044677734
2017-10-17,16.376352310180664
2017-10-18,16.109298706054688
2017-10-19,16.22129249572754
2017-10-20,16.393579483032227
2017-10-23,16.781240463256836
2017-10-24,16.867389678955078
2017-10-25,17.504865646362305
2017-10-26,17.651308059692383
2017-10-27,17.487634658813477
2017-10-30,15.997309684753418
2017-10-31,16.74678611755371
2017-11-01,16.54863929748535
2017-11-02,16.471111297607422
2017-11-03,16.56587028503418
2017-11-06,16.6778621673584
2017-11-07,16.324668884277344
2017-11-08,16.26436424255371
2017-11-09,15.7647123336792
2017-11-10,16.031763076782227
2017-11-13,16.324668884277344
2017-11-14,16.522798538208008
2017-11-15,16.496957778930664
2017-11-16,16.350509643554688
2017-11-17,16.496957778930664
2017-11-20,16.30743980407715
2017-11-21,16.281591415405273
2017-11-22,16.74678611755371
2017-11-24,16.60894775390625
2017-11-27,16.384971618652344
2017-11-28,16.56587028503418
2017-11-29,16.496957778930664
2017-11-30,16.281591415405273
2017-12-01,16.13514518737793
2017-12-04,15.997309684753418
2017-12-05,15.342602729797363
2017-12-06,15.084161758422852
2017-12-07,15.308144569396973
2017-12-08,15.290913581848145
2017-12-11,15.601041793823242
2017-12-12,15.566579818725586
2017-12-13,15.032477378845217
2017-12-14,14.851569175720217
2017-12-15,14.911870956420898
2017-12-18,15.325374603271484
2017-12-19,15.506274223327637
2017-12-20,15.644110679626465
2017-12-21,15.644110679626465
2017-12-22,15.48905086517334
2017-12-26,15.28229808807373
2017-12-27,15.377059936523438
2017-12-28,15.428744316101074
2017-12-29,15.781943321228027
2018-01-02,15.868087768554688
2018-01-03,15.911165237426758
2018-01-04,15.928393363952637
2018-01-05,16.092073440551758
2018-01-08,16.109298706054688
2018-01-09,15.902549743652344
2018-01-10,15.80778980255127
2018-01-11,15.97146987915039
2018-01-12,15.997309684753418
2018-01-16,15.48905086517334
2018-01-17,15.885323524475098
2018-01-18,16.186830520629883
2018-01-19,16.789857864379883
2018-01-22,16.574485778808594
2018-01-23,16.56587028503418
2018-01-24,16.781240463256836
2018-01-25,16.987985610961914
2018-01-26,17.048290252685547
2018-01-29,16.850154876708984
2018-01-30,16.505565643310547
2018-01-31,16.7984676361084
2018-02-01,16.919071197509766
2018-02-02,16.496957778930664
2018-02-05,15.96285629272461
2018-02-06,16.083457946777344
2018-02-07,15.96285629272461
2018-02-08,15.041089057922363
2018-02-09,15.402901649475098
2018-02-12,15.471818923950195
2018-02-13,15.72164249420166
2018-02-14,15.730257034301758
2018-02-15,16.10068702697754
2018-02-16,16.22129249572754
2018-02-20,16.26436424255371
2018-02-21,16.083457946777344
2018-02-22,16.126523971557617
2018-02-23,16.384971618652344
2018-02-26,16.350509643554688
2018-02-27,16.350509643554688
2018-02-28,16.324668884277344
2018-03-01,16.453886032104492
2018-03-02,16.875999450683594
2018-03-05,17.151668548583984
2018-03-06,17.63408088684082
2018-03-07,17.737457275390625
2018-03-08,17.926979064941406
2018-03-09,17.823610305786133
2018-03-12,17.62546157836914
2018-03-13,17.62546157836914
2018-03-14,17.479019165039062
2018-03-15,17.823610305786133
2018-03-16,17.599624633789062
2018-03-19,17.168895721435547
2018-03-20,17.074134826660156
2018-03-21,17.358417510986328
2018-03-22,17.530710220336914
2018-03-23,17.39287567138672
2018-03-26,17.84083366394043
2018-03-27,17.970056533813477
2018-03-28,18.20265007019043
2018-03-29,17.9442081451416
2018-04-02,17.530710220336914
2018-04-03,17.90113639831543
2018-04-04,17.75468635559082
2018-04-05,17.418720245361328
2018-04-06,16.95353126525879
2018-04-09,17.9442081451416
2018-04-10,18.36632537841797
2018-04-11,18.495542526245117
2018-04-12,18.48693084716797
2018-04-13,18.650604248046875
2018-04-16,18.943500518798828
2018-04-17,19.25362777709961
2018-04-18,19.24501037597656
2018-04-19,19.055492401123047
2018-04-20,18.84873962402344
2018-04-23,19.236398696899418
2018-04-24,19.19332695007324
2018-04-25,19.365617752075195
2018-04-26,19.4689998626709
2018-04-27,19.589603424072266
2018-04-30,19.684356689453125
2018-05-01,19.684356689453125
2018-05-02,19.804962158203125
2018-05-03,19.93418312072754
2018-05-04,19.822195053100582
2018-05-07,20.502748489379883
2018-05-08,19.96002769470215
2018-05-09,19.804962158203125
2018-05-10,19.736045837402344
2018-05-11,19.761892318725582
2018-05-14,19.89972496032715
2018-05-15,19.93418312072754
2018-05-16,19.88249397277832
2018-05-17,19.7101993560791
2018-05-18,19.822195053100582
2018-05-21,19.822195053100582
2018-05-22,20.00309944152832
2018-05-23,20.011714935302734
2018-05-24,20.74394989013672
2018-05-25,20.6319637298584
2018-05-29,20.68364906311035
2018-05-30,20.907629013061523
2018-05-31,21.13161277770996
2018-06-01,20.967931747436523
2018-06-04,20.907629013061523
2018-06-05,21.00238990783691
2018-06-06,21.20052719116211
2018-06-07,21.252214431762695
2018-06-08,21.157455444335938
2018-06-11,20.7525691986084
2018-06-12,20.847332000732425
2018-06-13,21.01100730895996
2018-06-14,20.68364906311035
2018-06-15,20.459671020507812
2018-06-18,20.26153564453125
2018-06-19,20.20984649658203
2018-06-20,20.373523712158203
2018-06-21,20.73533821105957
2018-06-22,20.373523712158203
2018-06-25,20.09785842895508
2018-06-26,20.537208557128903
2018-06-27,20.459671020507812
2018-06-28,20.244306564331055
2018-06-29,20.382139205932617
2018-07-02,20.68364906311035
2018-07-03,19.649898529052734
2018-07-05,19.48622703552246
2018-07-06,19.736045837402344
2018-07-09,19.56375503540039
2018-07-10,19.822195053100582
2018-07-11,19.70158576965332
2018-07-12,19.97725486755371
2018-07-13,20.192617416381836
2018-07-16,20.425214767456055
2018-07-17,20.321836471557617
2018-07-18,20.287384033203125
2018-07-19,20.011714935302734
2018-07-20,19.96864128112793
2018-07-23,19.718812942504883
2018-07-24,19.33977508544922
2018-07-25,19.219175338745117
2018-07-26,19.42591857910156
2018-07-27,19.25362777709961
2018-07-30,19.098562240600582
2018-07-31,19.4689998626709
2018-08-01,19.572370529174805
2018-08-02,19.43453598022461
2018-08-03,19.48622703552246
2018-08-06,19.985868453979492
2018-08-07,20.21846389770508
2018-08-08,20.09785842895508
2018-08-09,20.12370491027832
2018-08-10,19.62405586242676
2018-08-13,19.038267135620117
2018-08-14,19.305316925048828
2018-08-15,19.003807067871097
2018-08-16,19.33977508544922
2018-08-17,19.31393051147461
2018-08-20,19.391462326049805
2018-08-21,19.236398696899418
2018-08-22,19.382841110229492
2018-08-23,19.365617752075195
2018-08-24,19.520681381225582
2018-08-27,19.632673263549805
2018-08-28,19.72742462158203
2018-08-29,19.796348571777344
2018-08-30,20.158157348632812
2018-08-31,20.278764724731445
2018-09-04,19.994478225708008
2018-09-05,19.804962158203125
2018-09-06,19.348388671875
2018-09-07,19.382841110229492
2018-09-10,19.72742462158203
2018-09-11,19.796348571777344
2018-09-12,20.028940200805664
2018-09-13,20.115093231201172
2018-09-14,20.115093231201172
2018-09-17,19.839418411254883
2018-09-18,20.046173095703125
2018-09-19,19.865262985229492
2018-09-20,20.175390243530273
2018-09-21,20.537208557128903
2018-09-24,20.563051223754883
2018-09-25,20.287384033203125
2018-09-26,20.45105743408203
2018-09-27,20.83009910583496
2018-09-28,21.433122634887695
2018-10-01,21.76047706604004
2018-10-02,21.92415428161621
2018-10-03,21.89831161499023
2018-10-04,21.751855850219727
2018-10-05,22.070602416992188
2018-10-08,21.906923294067383
2018-10-09,21.803552627563477
2018-10-10,21.450353622436523
2018-10-11,20.855937957763672
2018-10-12,20.86455726623535
2018-10-15,20.528593063354492
2018-10-16,20.666425704956055
2018-10-17,20.14954948425293
2018-10-18,19.69297790527344
2018-10-19,19.512067794799805
2018-10-22,19.822195053100582
2018-10-23,19.382841110229492
2018-10-24,19.072715759277344
2018-10-25,19.176095962524418
2018-10-26,19.046878814697266
2018-10-29,18.78843879699707
2018-10-30,18.85735511779785
2018-10-31,19.49483299255371
2018-11-01,19.89972496032715
2018-11-02,21.01100730895996
2018-11-05,21.51065444946289
2018-11-06,21.088539123535156
2018-11-07,21.28666877746582
2018-11-08,20.89040184020996
2018-11-09,20.74394989013672
2018-11-12,21.20052719116211
2018-11-13,20.950700759887695
2018-11-14,20.545820236206055
2018-11-15,20.063405990600582
2018-11-16,20.390758514404297
2018-11-19,20.287384033203125
2018-11-20,19.27086067199707
2018-11-21,19.64128303527832
2018-11-23,19.69297790527344
2018-11-26,19.97725486755371
2018-11-27,19.74466133117676
2018-11-28,20.115093231201172
2018-11-29,19.985868453979492
2018-11-30,20.227079391479492
2018-12-03,20.485519409179688
2018-12-04,20.227079391479492
2018-12-06,20.7525691986084
2018-12-07,20.6319637298584
2018-12-10,20.373523712158203
2018-12-11,20.606121063232425
2018-12-12,21.036848068237305
2018-12-13,21.398664474487305
2018-12-14,21.28666877746582
2018-12-17,20.580276489257812
2018-12-18,20.12370491027832
2018-12-19,19.951412200927734
2018-12-20,19.167484283447266
2018-12-21,18.461088180541992
2018-12-24,18.25433349609375
2018-12-26,19.124412536621097
2018-12-27,19.219175338745117
2018-12-28,19.21055603027344
2018-12-31,19.718812942504883
2019-01-02,19.27947235107422
2019-01-03,19.098562240600582
2019-01-04,19.873876571655273
2019-01-07,20.20984649658203
2019-01-08,20.21846389770508
2019-01-09,20.080631256103516
2019-01-10,20.769800186157227
2019-01-11,20.494129180908203
2019-01-14,20.287384033203125
2019-01-15,20.44244384765625
2019-01-16,20.89040184020996
2019-01-17,21.20052719116211
2019-01-18,20.847332000732425
2019-01-22,20.916250228881836
2019-01-23,21.32974624633789
2019-01-24,21.22637176513672
2019-01-25,21.234983444213867
2019-01-28,21.028236389160156
2019-01-29,21.22637176513672
2019-01-30,21.46758079528809
2019-01-31,21.63125991821289
2019-02-01,21.596799850463867
2019-02-04,21.88107681274414
2019-02-05,21.70878791809082
2019-02-06,21.76047706604004
2019-02-07,21.993070602416992
2019-02-08,22.337657928466797
2019-02-11,22.492719650268555
2019-02-12,22.647783279418945
2019-02-13,22.50994873046875
2019-02-14,22.665008544921875
2019-02-15,22.837297439575195
2019-02-19,22.90622329711914
2019-02-20,22.949291229248047
2019-02-21,23.05266571044922
2019-02-22,23.16465759277344
2019-02-25,22.880374908447266
2019-02-26,22.63917350769043
2019-02-27,22.527175903320312
2019-02-28,22.43241500854492
2019-03-01,22.871761322021484
2019-03-04,21.906923294067383
2019-03-05,21.950000762939453
2019-03-06,21.734636306762695
2019-03-07,21.48481178283691
2019-03-08,21.648487091064453
2019-03-11,21.751855850219727
2019-03-12,22.29458236694336
2019-03-13,22.41518783569336
2019-03-14,22.116546630859375
2019-03-15,22.151168823242188
2019-03-18,22.324298858642575
2019-03-19,22.14251708984375
2019-03-20,22.15983009338379
2019-03-21,22.627262115478516
2019-03-22,22.488759994506836
2019-03-25,22.583986282348633
2019-03-26,22.471452713012695
2019-03-27,22.419513702392575
2019-03-28,22.332950592041016
2019-03-29,22.53205108642578
2019-04-01,22.53205108642578
2019-04-02,22.783071517944336
2019-04-03,22.670543670654297
2019-04-04,22.549354553222656
2019-04-05,22.45414161682129
2019-04-08,22.298330307006836
2019-04-09,22.064611434936523
2019-04-10,22.419513702392575
2019-04-11,22.54070281982422
2019-04-12,22.59263801574707
2019-04-15,22.497426986694336
2019-04-16,22.488759994506836
2019-04-17,22.22042465209961
2019-04-18,22.51473617553711
2019-04-22,22.67919921875
2019-04-23,22.869638442993164
2019-04-24,23.01679229736328
2019-04-25,23.198570251464844
2019-04-26,23.389005661010746
2019-04-29,23.414976119995117
2019-04-30,23.58810234069824
2019-05-01,23.58810234069824
2019-05-02,23.58810234069824
2019-05-03,23.077383041381836
2019-05-06,22.774417877197266
2019-05-07,22.63591957092285
2019-05-08,21.804927825927734
2019-05-09,21.51061630249023
2019-05-10,21.49330139160156
2019-05-13,21.18168067932129
2019-05-14,21.26824188232422
2019-05-15,21.20764923095703
2019-05-16,21.346147537231445
2019-05-17,21.47599220275879
2019-05-20,21.692394256591797
2019-05-21,22.289670944213867
2019-05-22,22.02998924255371
2019-05-23,21.46733283996582
2019-05-24,21.19033432006836
2019-05-28,21.285554885864254
2019-05-29,20.79214859008789
2019-05-30,20.272777557373047
2019-05-31,20.39396858215332
2019-06-03,20.567094802856445
2019-06-04,21.008556365966797
2019-06-05,21.302867889404297
2019-06-06,21.311525344848633
2019-06-07,21.043182373046875
2019-06-10,20.87005615234375
2019-06-11,21.26824188232422
2019-06-12,20.96527671813965
2019-06-13,20.760801315307617
2019-06-14,20.682493209838867
2019-06-17,20.23873710632324
2019-06-18,20.534574508666992
2019-06-19,20.725997924804688
2019-06-20,21.04793357849121
2019-06-21,20.96962547302246
2019-06-24,20.786903381347656
2019-06-25,20.334449768066406
2019-06-26,19.368627548217773
2019-06-27,19.351219177246097
2019-06-28,19.69927024841309
2019-07-01,19.803680419921875
2019-07-02,19.681867599487305
2019-07-03,19.612255096435547
2019-07-05,19.612255096435547
2019-07-08,19.51654624938965
2019-07-09,19.50784492492676
2019-07-10,19.51654624938965
2019-07-11,19.481739044189453
2019-07-12,19.647064208984375
2019-07-15,19.62095642089844
2019-07-16,19.11629295349121
2019-07-17,19.333824157714844
2019-07-18,19.23811149597168
2019-07-19,18.994482040405273
2019-07-22,18.803054809570312
2019-07-23,18.646438598632812
2019-07-24,18.75954818725586
2019-07-25,19.072792053222656
2019-07-26,18.924869537353516
2019-07-29,18.942272186279297
2019-07-30,19.029281616210938
2019-07-31,18.67254066467285
2019-08-01,18.7508487701416
2019-08-02,19.177202224731445
2019-08-05,18.898767471313477
2019-08-06,19.386032104492188
2019-08-07,19.194604873657227
2019-08-08,19.79498291015625
2019-08-09,19.255510330200195
2019-08-12,19.229408264160156
2019-08-13,19.655765533447266
2019-08-14,19.394729614257812
2019-08-15,19.673168182373047
2019-08-16,20.612884521484375
2019-08-19,20.612884521484375
2019-08-20,20.699893951416016
2019-08-21,20.978328704833984
2019-08-22,21.004430770874023
2019-08-23,20.865219116210938
2019-08-26,21.10884666442871
2019-08-27,20.873918533325195
2019-08-28,20.917421340942383
2019-08-29,21.23065948486328
2019-08-30,21.70922088623047
2019-09-03,21.813636779785156
2019-09-04,21.944149017333984
2019-09-05,22.344396591186523
2019-09-06,22.21388053894043
2019-09-09,22.23128318786621
2019-09-10,22.292192459106445
2019-09-11,22.596729278564453
2019-09-12,22.857765197753903
2019-09-13,22.949565887451172
2019-09-16,23.220582962036133
2019-09-17,23.308008193969727
2019-09-18,23.386699676513672
2019-09-19,23.325498580932617
2019-09-20,23.727663040161133
2019-09-23,23.570293426513672
2019-09-24,23.58778190612793
2019-09-25,23.73640251159668
2019-09-26,23.500356674194336
2019-09-27,23.377952575683594
2019-09-30,23.369213104248047
2019-10-01,23.168127059936523
2019-10-02,22.83591079711914
2019-10-03,22.932079315185547
2019-10-04,23.544069290161133
2019-10-07,23.605262756347656
2019-10-08,23.727663040161133
2019-10-09,23.66646385192871
2019-10-10,23.535322189331055
2019-10-11,23.68394660949707
2019-10-14,23.57903289794922
2019-10-15,23.51783561706543
2019-10-16,23.308008193969727
2019-10-17,23.46537971496582
2019-10-18,23.421667098999023
2019-10-21,23.648975372314453
2019-10-22,23.692691802978516
2019-10-23,23.640233993530273
2019-10-24,23.596521377563477
2019-10-25,23.692691802978516
2019-10-28,23.596521377563477
2019-10-29,23.63149642944336
2019-10-30,23.823827743530273
2019-10-31,23.63149642944336
2019-11-01,23.75389289855957
2019-11-04,23.92874526977539
2019-11-05,23.045732498168945
2019-11-06,22.51242446899414
2019-11-07,22.914588928222656
2019-11-08,22.73099708557129
2019-11-11,22.80967903137207
2019-11-12,22.99327850341797
2019-11-13,22.73099708557129
2019-11-14,23.028249740600582
2019-11-15,22.90584945678711
2019-11-18,23.325498580932617
2019-11-19,23.11567497253418
2019-11-20,23.334243774414062
2019-11-21,23.11567497253418
2019-11-22,23.194360733032227
2019-11-25,22.9670467376709
2019-11-26,22.879619598388672
2019-11-27,23.150644302368164
2019-11-29,23.194360733032227
2019-12-02,23.133153915405273
2019-12-03,23.089447021484375
2019-12-04,21.95289421081543
2019-12-05,21.375879287719727
2019-12-06,21.06114387512207
2019-12-09,20.69394874572754
2019-12-10,20.842578887939453
2019-12-11,20.89502716064453
2019-12-12,21.026166915893555
2019-12-13,20.83722496032715
2019-12-16,21.303007125854492
2019-12-17,21.03935813903809
2019-12-18,20.986621856689453
2019-12-19,21.294218063354492
2019-12-20,21.10087203979492
2019-12-23,20.78449249267578
2019-12-24,20.643877029418945
2019-12-26,20.23961639404297
2019-12-27,20.0550537109375
2019-12-30,20.0550537109375
2019-12-31,20.204458236694336
2020-01-02,20.072633743286133
2020-01-03,20.28355598449707
2020-01-06,19.940805435180664
2020-01-07,20.063844680786133
2020-01-08,20.327495574951172
2020-01-09,20.09021377563477
2020-01-10,20.002328872680664
2020-01-13,19.800193786621097
2020-01-14,19.92323112487793
2020-01-15,19.97595977783203
2020-01-16,20.38901138305664
2020-01-17,20.16051483154297
2020-01-21,19.95838165283203
2020-01-22,19.98474884033203
2020-01-23,20.178091049194336
2020-01-24,19.483808517456055
2020-01-27,19.02681541442871
2020-01-28,18.93014907836914
2020-01-29,19.44866180419922
2020-01-30,19.694732666015625
2020-01-31,19.791406631469727
2020-02-03,19.83534812927246
2020-02-04,19.369564056396484
2020-02-05,19.272891998291016
2020-02-06,19.088333129882812
2020-02-07,19.598060607910156
2020-02-10,19.571699142456055
2020-02-11,20.19567108154297
2020-02-12,20.1517276763916
2020-02-13,20.27476501464844
2020-02-14,20.468111038208008
2020-02-18,20.52962875366211
2020-02-19,19.940805435180664
2020-02-20,20.13415145874023
2020-02-21,20.591144561767575
2020-02-24,20.19567108154297
2020-02-25,19.45744514465332
2020-02-26,19.053178787231445
2020-02-27,18.095251083374023
2020-02-28,16.90003204345703
2020-03-02,17.69977378845215
2020-03-03,17.796443939208984
2020-03-04,18.499509811401367
2020-03-05,18.13919258117676
2020-03-06,18.04252052307129
2020-03-09,16.19696617126465
2020-03-10,16.9967041015625
2020-03-11,15.63450527191162
2020-03-12,12.787075996398926
2020-03-13,13.61318016052246
2020-03-16,12.137052536010742
2020-03-17,11.427803993225098
2020-03-18,11.170702934265137
2020-03-19,12.606932640075684
2020-03-20,12.482813835144045
2020-03-23,11.454401016235352
2020-03-24,12.952692985534668
2020-03-25,13.023616790771484
2020-03-26,13.9988374710083
2020-03-27,14.53077793121338
2020-03-30,14.238208770751951
2020-03-31,14.14955234527588
2020-04-01,13.591018676757812
2020-04-02,14.167283058166504
2020-04-03,14.034297943115234
2020-04-06,14.202746391296388
2020-04-07,14.450984001159668
2020-04-08,15.479399681091309
2020-04-09,15.771971702575684
2020-04-13,15.195696830749512
2020-04-14,15.443936347961426
2020-04-15,14.353464126586914
2020-04-16,14.273672103881836
2020-04-17,15.550326347351074
2020-04-20,14.9740571975708
2020-04-21,15.089309692382812
2020-04-22,15.6389799118042
2020-04-23,15.51485824584961
2020-04-24,15.993605613708496
2020-04-27,16.800378799438477
2020-04-28,17.030885696411133
2020-04-29,17.50963020324707
2020-04-30,17.32345199584961
2020-05-01,17.15500259399414
2020-05-04,16.81810760498047
2020-05-05,16.596466064453125
2020-05-06,16.162052154541016
2020-05-07,15.913814544677734
2020-05-08,16.75604820251465
2020-05-11,16.241840362548828
2020-05-12,16.046798706054688
2020-05-13,15.798561096191406
2020-05-14,16.587602615356445
2020-05-15,16.463485717773438
2020-05-18,17.660343170166016
2020-05-19,17.314584732055664
2020-05-20,17.72240447998047
2020-05-21,17.376644134521484
2020-05-22,17.562822341918945
2020-05-26,17.483030319213867
2020-05-27,17.837661743164062
2020-05-28,18.449384689331055
2020-05-29,18.121356964111328
2020-06-01,18.564640045166016
2020-06-02,18.289804458618164
2020-06-03,18.449384689331055
2020-06-04,17.979507446289062
2020-06-05,18.50257682800293
2020-06-08,19.504396438598633
2020-06-09,18.7685489654541
2020-06-10,18.812877655029297
2020-06-11,17.50963020324707
2020-06-12,17.90858268737793
2020-06-15,17.73453712463379
2020-06-16,18.28790283203125
2020-06-17,18.10047149658203
2020-06-18,18.109403610229492
2020-06-19,17.698835372924805
2020-06-22,17.538185119628906
2020-06-23,16.859859466552734
2020-06-24,16.60995101928711
2020-06-25,16.842008590698242
2020-06-26,16.181535720825195
2020-06-29,16.725980758666992
2020-06-30,16.618881225585938
2020-07-01,17.082992553710938
2020-07-02,16.993743896484375
2020-07-06,17.207944869995117
2020-07-07,16.940189361572266
2020-07-08,17.457855224609375
2020-07-09,16.958038330078125
2020-07-10,16.842008590698242
2020-07-13,17.056215286254883
2020-07-14,17.127626419067383
2020-07-15,17.225793838500977
2020-07-16,17.31505012512207
2020-07-17,17.51140594482422
2020-07-20,17.047292709350586
2020-07-21,17.1722469329834
2020-07-22,17.422149658203125
2020-07-23,17.10084342956543
2020-07-24,16.850933074951172
2020-07-27,16.244014739990234
2020-07-28,16.458223342895508
2020-07-29,16.842008590698242
2020-07-30,16.7795352935791
2020-07-31,16.65458106994629
2020-08-03,16.743831634521484
2020-08-04,16.743831634521484
2020-08-05,16.29756736755371
2020-08-06,16.806306838989258
2020-08-07,16.868785858154297
2020-08-10,17.136545181274414
2020-08-11,16.859859466552734
2020-08-12,17.261499404907227
2020-08-13,17.056215286254883
2020-08-14,17.00266456604004
2020-08-17,17.27042579650879
2020-08-18,17.975522994995117
2020-08-19,17.60958480834961
2020-08-20,17.31505012512207
2020-08-21,17.047292709350586
2020-08-24,17.225793838500977
2020-08-25,17.082992553710938
2020-08-26,16.743831634521484
2020-08-27,17.047292709350586
2020-08-28,17.225793838500977
2020-08-31,17.163318634033203
2020-09-01,16.743831634521484
2020-09-02,17.21687126159668
2020-09-03,16.734905242919922
2020-09-04,16.270793914794922
2020-09-08,15.931631088256836
2020-09-09,16.440372467041016
2020-09-10,16.14583969116211
2020-09-11,16.520700454711914
2020-09-14,16.842008590698242
2020-09-15,16.558837890625
2020-09-16,16.72964096069336
2020-09-17,16.4329891204834
2020-09-18,16.280160903930664
2020-09-21,16.082393646240234
2020-09-22,16.01946449279785
2020-09-23,16.14531707763672
2020-09-24,16.172286987304688
2020-09-25,16.190263748168945
2020-09-28,16.15430450439453
2020-09-29,16.657726287841797
2020-09-30,16.95438003540039
2020-10-01,16.082393646240234
2020-10-02,16.172286987304688
2020-10-05,16.01047134399414
2020-10-06,16.13632583618164
2020-10-07,16.028453826904297
2020-10-08,16.4329891204834
2020-10-09,16.172286987304688
2020-10-12,16.1812744140625
2020-10-13,16.20824432373047
2020-10-14,16.864486694335938
2020-10-15,16.85549545288086
2020-10-16,17.098217010498047
2020-10-19,16.9094295501709
2020-10-20,17.035287857055664
2020-10-21,17.02629852294922
2020-10-22,17.134170532226562
2020-10-23,17.331939697265625
2020-10-26,17.161144256591797
2020-10-27,16.576818466186523
2020-10-28,15.596946716308594
2020-10-29,15.58796501159668
2020-10-30,15.614933013916016
2020-11-02,15.94754695892334
2020-11-03,16.531871795654297
2020-11-04,16.486921310424805
2020-11-05,16.62176513671875
2020-11-06,16.41500473022461
2020-11-09,16.999330520629883
2020-11-10,18.141008377075195
2020-11-11,17.655569076538086
2020-11-12,17.107206344604492
2020-11-13,17.73647689819336
2020-11-16,17.799402236938477
2020-11-17,17.376893997192383
2020-11-18,16.738630294799805
2020-11-19,16.657726287841797
2020-11-20,16.361066818237305
2020-11-23,16.69368553161621
2020-11-24,17.412853240966797
2020-11-25,17.502742767333984
2020-11-27,17.61062240600586
2020-11-30,16.792570114135742
2020-12-01,16.882465362548828
2020-12-02,16.963367462158203
2020-12-03,16.873472213745117
2020-12-04,17.215084075927734
2020-12-07,17.05326271057129
2020-12-08,17.035287857055664
2020-12-09,17.089221954345703
2020-12-10,16.91842269897461
2020-12-11,16.4329891204834
2020-12-14,16.307126998901367
2020-12-15,16.719221115112305
2020-12-16,16.375059127807617
2020-12-17,16.23920249938965
2020-12-18,15.985605239868164
2020-12-21,15.904092788696287
2020-12-22,16.420339584350586
2020-12-23,16.7282772064209
2020-12-24,16.945646286010742
2020-12-28,17.316986083984375
2020-12-29,17.117727279663086
2020-12-30,17.652095794677734
2020-12-31,17.80606460571289
2021-01-04,17.371326446533203
2021-01-05,17.950977325439453
2021-01-06,18.37665557861328
2021-01-07,18.27702522277832
2021-01-08,19.010643005371097
2021-01-11,19.173667907714844
2021-01-12,19.526891708374023
2021-01-13,19.7442626953125
2021-01-14,19.318584442138672
2021-01-15,19.481609344482425
2021-01-19,19.66274642944336
2021-01-20,19.40009880065918
2021-01-21,19.191783905029297
2021-01-22,19.327640533447266
2021-01-25,18.883848190307617
2021-01-26,18.838565826416016
2021-01-27,18.27702522277832
2021-01-28,18.27702522277832
2021-01-29,18.086828231811523
2021-02-01,18.44911193847656
2021-02-02,18.856672286987305
2021-02-03,19.291412353515625
2021-02-04,19.10121726989746
2021-02-05,19.064987182617188
2021-02-08,19.055927276611328
2021-02-09,19.318584442138672
2021-02-10,19.42726707458496
2021-02-11,19.490663528442383
2021-02-12,19.318584442138672
2021-02-16,19.84388732910156
2021-02-17,19.93446159362793
2021-02-18,20.966960906982425
2021-02-19,20.749589920043945
2021-02-22,20.876380920410156
2021-02-23,21.175270080566406
2021-02-24,21.58283233642578
2021-02-25,20.613733291625977
2021-02-26,15.62332534790039
2021-03-01,15.768240928649902
2021-03-02,15.12519073486328
2021-03-03,14.88064956665039
2021-03-04,15.840696334838867
2021-03-05,16.139575958251953
2021-03-08,17.09961700439453
2021-03-09,16.891305923461914
2021-03-10,17.67926597595215
2021-03-11,17.036216735839844
2021-03-12,16.664880752563477
2021-03-15,16.836963653564453
2021-03-16,16.544784545898438
2021-03-17,15.786935806274414
2021-03-18,15.330405235290527
2021-03-19,15.796065330505373
2021-03-22,15.248229026794434
2021-03-23,15.248229026794434
2021-03-24,15.357795715332031
2021-03-25,15.567801475524902
2021-03-26,15.403450012207031
2021-03-29,16.08824920654297
2021-03-30,16.26173210144043
2021-03-31,16.143037796020508
2021-04-01,16.179555892944336
2021-04-05,16.143037796020508
2021-04-06,16.325645446777344
2021-04-07,16.152164459228516
2021-04-08,16.06998634338379
2021-04-09,15.978682518005373
2021-04-12,15.668237686157228
2021-04-13,16.02433204650879
2021-04-14,16.097379684448242
2021-04-15,16.362165451049805
2021-04-16,16.252595901489258
2021-04-19,16.30738639831543
2021-04-20,16.26173210144043
2021-04-21,16.216079711914062
2021-04-22,15.905633926391602
2021-04-23,15.969552040100098
2021-04-26,15.567801475524902
2021-04-27,15.376056671142578
2021-04-28,15.330405235290527
2021-04-29,15.576930046081545
2021-04-30,15.403450012207031
2021-05-03,15.339532852172852
2021-05-04,14.87386989593506
2021-05-05,14.846475601196287
2021-05-06,14.663864135742188
2021-05-07,14.65473175048828
2021-05-10,14.618209838867188
2021-05-11,14.910390853881836
2021-05-12,14.609079360961914
2021-05-13,14.663864135742188
2021-05-14,14.956047058105469
2021-05-17,14.53603458404541
2021-05-18,14.746038436889648
2021-05-19,15.09300708770752
2021-05-20,15.047350883483888
2021-05-21,15.229966163635254
2021-05-24,15.21170425415039
2021-05-25,14.773432731628418
2021-05-26,14.819085121154783
2021-05-27,14.663864135742188
2021-05-28,14.764300346374512
2021-06-01,15.019960403442385
2021-06-02,15.2938814163208
2021-06-03,15.859983444213867
2021-06-04,15.88737678527832
2021-06-07,16.079124450683594
2021-06-08,16.57217788696289
2021-06-09,16.690874099731445
2021-06-10,16.590435028076172
2021-06-11,17.010446548461914
2021-06-14,16.791309356689453
2021-06-15,16.94780731201172
2021-06-16,16.699249267578125
2021-06-17,16.708459854125977
2021-06-18,16.08246612548828
2021-06-21,16.49672508239746
2021-06-22,16.45989990234375
2021-06-23,16.340227127075195
2021-06-24,16.80051612854004
2021-06-25,16.92939567565918
2021-06-28,17.3160400390625
2021-06-29,16.92939567565918
2021-06-30,17.076688766479492
2021-07-01,17.380477905273438
2021-07-02,17.52777099609375
2021-07-06,16.88336944580078
2021-07-07,17.849971771240234
2021-07-08,17.260807037353516
2021-07-09,17.785531997680664
2021-07-12,17.77632713317871
2021-07-13,17.325244903564453
2021-07-14,17.306835174560547
2021-07-15,17.325244903564453
2021-07-16,17.3160400390625
2021-07-19,16.377050399780273
2021-07-20,16.745281219482422
2021-07-21,16.86495590209961
2021-07-22,17.33445167541504
2021-07-23,17.583009719848633
2021-07-26,17.583009719848633
2021-07-27,17.739505767822266
2021-07-28,17.92361831665039
2021-07-29,17.84076690673828
2021-07-30,17.62903594970703
2021-08-02,17.472536087036133
2021-08-03,17.44491958618164
2021-08-04,17.408096313476562
2021-08-05,16.81892967224121
2021-08-06,17.08589744567871
2021-08-09,17.389686584472656
2021-08-10,17.021455764770508
2021-08-11,16.892574310302734
2021-08-12,16.92939567565918
2021-08-13,16.9386043548584
2021-08-16,16.551959991455078
2021-08-17,16.708459854125977
2021-08-18,16.579580307006836
2021-08-19,16.386259078979492
2021-08-20,16.69005012512207
2021-08-23,16.59798812866211
2021-08-24,16.984634399414062
2021-08-25,17.490949630737305
2021-08-26,17.021455764770508
2021-08-27,17.19636344909668
2021-08-30,17.352861404418945
2021-08-31,17.573802947998047
2021-09-01,17.62903594970703
2021-09-02,17.74871253967285
2021-09-03,17.59221076965332
2021-09-07,17.343656539916992
2021-09-08,17.675064086914062
2021-09-09,17.398889541625977
2021-09-10,16.975425720214844
2021-09-13,17.122718811035156
2021-09-14,16.57037353515625
2021-09-15,17.11807632446289
2021-09-16,16.61678695678711
2021-09-17,16.514673233032227
2021-09-20,16.106216430664062
2021-09-21,16.143348693847656
2021-09-22,16.180484771728516
2021-09-23,16.347578048706055
2021-09-24,16.301162719726562
2021-09-27,15.88341999053955
2021-09-28,15.567793846130373
2021-09-29,15.734892845153809
2021-09-30,15.874138832092283
2021-10-01,15.642059326171877
2021-10-04,15.799872398376465
2021-10-05,16.11549949645996
2021-10-06,16.319726943969727
2021-10-07,16.66320037841797
2021-10-08,16.61678695678711
2021-10-11,16.31044578552246
2021-10-12,16.56108856201172
2021-10-13,18.389862060546875
2021-10-14,18.167068481445312
2021-10-15,18.26918601989746
2021-10-18,17.94427490234375
2021-10-19,17.832876205444336
2021-10-20,17.92570686340332
2021-10-21,17.730762481689453
2021-10-22,17.74004554748535
2021-10-25,18.102087020874023
2021-10-26,18.102087020874023
2021-10-27,18.25061798095703
2021-10-28,18.427000045776367
2021-10-29,18.18563461303711
2021-11-01,18.575525283813477
2021-11-02,18.445566177368164
2021-11-03,18.26918601989746
2021-11-04,17.832876205444336
2021-11-05,19.0304012298584
2021-11-08,18.324880599975582
2021-11-09,17.95355796813965
2021-11-10,18.046388626098633
2021-11-11,18.19491958618164
2021-11-12,18.241334915161133
2021-11-15,18.993267059326172
2021-11-16,18.974700927734375
2021-11-17,18.75190544128418
2021-11-18,18.705493927001953
2021-11-19,18.612661361694336
2021-11-22,18.826173782348633
2021-11-23,19.141799926757812
2021-11-24,19.141799926757812
2021-11-26,18.714773178100582
2021-11-29,18.649791717529297
2021-11-30,18.454845428466797
2021-12-01,19.076814651489254
2021-12-02,19.457420349121097
2021-12-03,19.225341796875
2021-12-06,19.420289993286133
2021-12-07,19.42957305908203
2021-12-08,19.689502716064453
2021-12-09,19.392438888549805
2021-12-10,19.51312255859375
2021-12-13,19.24390983581543
2021-12-14,19.281042098999023
2021-12-15,19.35584831237793
2021-12-16,19.570913314819336
2021-12-17,19.85143280029297
2021-12-20,19.720521926879883
2021-12-21,20.393770217895508
2021-12-22,20.880002975463867
2021-12-23,20.5994873046875
2021-12-27,20.749094009399418
2021-12-28,20.618186950683594
2021-12-29,20.44987678527832
2021-12-30,20.936111450195312
2021-12-31,21.291439056396484
2022-01-03,21.263381958007812
2022-01-04,21.05767059326172
2022-01-05,20.674291610717773
2022-01-06,20.870655059814453
2022-01-07,21.235332489013672
2022-01-10,21.00156021118164
2022-01-11,21.04831886291504
2022-01-12,21.44104385375977
2022-01-13,21.141822814941406
2022-01-14,21.12312126159668
2022-01-18,20.98286247253418
2022-01-19,21.020263671875
2022-01-20,20.31896591186523
2022-01-21,20.309614181518555
2022-01-24,20.534032821655273
2022-01-25,20.262863159179688
2022-01-26,20.1319522857666
2022-01-27,19.926240921020508
2022-01-28,20.262863159179688
2022-01-31,20.393770217895508
2022-02-01,20.244159698486328
2022-02-02,20.79585075378418
2022-02-03,20.43117332458496
2022-02-04,20.41247177124023
2022-02-07,20.552732467651367
2022-02-08,20.823904037475582
2022-02-09,21.02961540222168
2022-02-10,20.646240234375
2022-02-11,20.393770217895508
2022-02-14,20.197404861450195
2022-02-15,20.37506675720215
2022-02-16,20.309614181518555
2022-02-17,20.09454917907715
2022-02-18,20.05714988708496
2022-02-22,19.832733154296875
2022-02-23,19.458703994750977
2022-02-24,20.272214889526367
2022-02-25,20.477924346923828
2022-02-28,21.338184356689453
2022-03-01,20.50597763061523
2022-03-02,20.777145385742188
2022-03-03,20.552732467651367
2022-03-04,21.04831886291504
2022-03-07,20.908058166503903
2022-03-08,21.179224014282227
2022-03-09,21.263381958007812
2022-03-10,21.179224014282227
2022-03-11,20.973512649536133
2022-03-14,20.964160919189453
2022-03-15,20.880002975463867
2022-03-16,21.12312126159668
2022-03-17,20.861305236816406
2022-03-18,20.954811096191406
2022-03-21,20.775789260864254
2022-03-22,21.09614372253418
2022-03-23,20.54023551940918
2022-03-24,20.775789260864254
2022-03-25,21.42591667175293
2022-03-28,21.7745361328125
2022-03-29,21.81222152709961
2022-03-30,21.76511573791504
2022-03-31,21.906444549560547
2022-04-01,22.085466384887695
2022-04-04,21.98181915283203
2022-04-05,22.217376708984375
2022-04-06,22.61310386657715
2022-04-07,22.726171493530273
2022-04-08,23.09363174438477
2022-04-11,22.61310386657715
2022-04-12,22.660213470458984
2022-04-13,22.424665451049805
2022-04-14,22.641372680664062
2022-04-18,23.40456199645996
2022-04-19,23.385717391967773
2022-04-20,24.74250602722168
2022-04-21,24.252553939819336
2022-04-22,23.88509178161621
2022-04-25,23.56473922729492
2022-04-26,23.46109390258789
2022-04-27,23.442251205444336
2022-04-28,23.677804946899418
2022-04-29,23.574161529541016
2022-05-02,23.263233184814453
2022-05-03,23.79087257385254
2022-05-04,24.422149658203125
2022-05-05,23.94162368774414
2022-05-06,25.081701278686523
2022-05-09,22.735591888427734
2022-05-10,23.027677536010746
2022-05-11,22.8863468170166
2022-05-12,22.05719566345215
2022-05-13,23.159587860107425
2022-05-16,23.55531883239746
2022-05-17,23.79087257385254
2022-05-18,23.77202796936035
2022-05-19,24.572904586791992
2022-05-20,23.77202796936035
2022-05-23,24.24312973022461
2022-05-24,24.007577896118164
2022-05-25,24.591751098632812
2022-05-26,24.43157386779785
2022-05-27,24.789613723754883
2022-05-31,24.84615135192871
2022-06-01,24.403305053710938
2022-06-02,24.47868537902832
2022-06-03,24.3561954498291
2022-06-06,24.959209442138672
2022-06-07,25.807205200195312
2022-06-08,25.28898811340332
2022-06-09,24.685972213745117
2022-06-10,23.969892501831055
2022-06-13,22.141998291015625
2022-06-14,21.633201599121097
2022-06-15,22.141998291015625
2022-06-16,21.21863174438477
2022-06-17,21.124408721923828
2022-06-21,21.624902725219727
2022-06-22,21.56792259216309
2022-06-23,22.23271942138672
2022-06-24,22.213727951049805
2022-06-27,22.55562400817871
2022-06-28,22.08076858520508
2022-06-29,21.73887062072754
2022-06-30,21.700883865356445
2022-07-01,22.175737380981445
2022-07-05,20.57072639465332
2022-07-06,20.608718872070312
2022-07-07,21.112062454223633
2022-07-08,20.969606399536133
2022-07-11,20.979103088378903
2022-07-12,21.387479782104492
2022-07-13,21.586917877197266
2022-07-14,21.776857376098633
2022-07-15,21.444459915161133
2022-07-18,21.67238998413086
2022-07-19,22.44165802001953
2022-07-20,22.451152801513672
2022-07-21,22.18523597717285
2022-07-22,21.843339920043945
2022-07-25,22.18523597717285
2022-07-26,22.55562400817871
2022-07-27,22.63159942626953
2022-07-28,23.571807861328125
2022-07-29,24.55001449584961
2022-08-01,24.08465576171875
2022-08-02,23.98968505859375
2022-08-03,24.17962646484375
2022-08-04,24.331579208374023
2022-08-05,23.362876892089844
2022-08-08,23.48633575439453
2022-08-09,23.54332160949707
2022-08-10,23.90420913696289
2022-08-11,24.065662384033203
2022-08-12,24.57850646972656
2022-08-15,24.663978576660156
2022-08-16,24.531021118164062
2022-08-17,24.24610710144043
2022-08-18,24.54051971435547
2022-08-19,23.980188369750977
2022-08-22,23.48633575439453
2022-08-23,23.23941421508789
2022-08-24,23.923206329345703
2022-08-25,24.36007499694824
2022-08-26,23.676279067993164
2022-08-29,23.49583625793457
2022-08-30,22.964000701904297
2022-08-31,23.505334854125977
2022-09-01,23.704769134521484
2022-09-02,23.704769134521484
2022-09-06,23.115949630737305
2022-09-07,23.400867462158203
2022-09-08,23.64778709411621
2022-09-09,23.980188369750977
2022-09-12,24.493032455444336
2022-09-13,23.72376251220703
2022-09-14,24.08465576171875
2022-09-15,24.094154357910156
2022-09-16,24.037172317504883
2022-09-19,24.331579208374023
2022-09-20,23.828418731689453
2022-09-21,23.37882423400879
2022-09-22,23.01532554626465
2022-09-23,22.35528564453125
2022-09-26,21.494361877441406
2022-09-27,21.063901901245117
2022-09-28,21.331741333007812
2022-09-29,20.451688766479492
2022-09-30,20.08818817138672
2022-10-03,20.537782669067383
2022-10-04,21.943958282470703
2022-10-05,21.8961238861084
2022-10-06,21.666547775268555
2022-10-07,21.016075134277344
2022-10-10,20.73866271972656
2022-10-11,20.85345458984375
2022-10-12,20.50908470153809
2022-10-13,20.73866271972656
2022-10-14,20.489953994750977
2022-10-17,21.073467254638672
2022-10-18,21.580453872680664
2022-10-19,21.2360897064209
2022-10-20,20.58561134338379
2022-10-21,20.805625915527344
2022-10-24,20.556915283203125
2022-10-25,21.035205841064453
2022-10-26,20.94911193847656
2022-10-27,21.025636672973633
2022-10-28,21.98221969604492
2022-10-31,21.972652435302734
2022-11-01,21.87699508666992
2022-11-02,21.87699508666992
2022-11-03,22.221363067626953
2022-11-04,21.857864379882812
2022-11-07,22.795312881469727
2022-11-08,23.07272148132324
2022-11-09,22.5274715423584
2022-11-10,23.522314071655273
2022-11-11,23.044023513793945
2022-11-14,21.953523635864254
2022-11-15,21.714378356933594
2022-11-16,21.83872985839844
2022-11-17,21.484798431396484
2022-11-18,21.915258407592773
2022-11-21,21.886560440063477
2022-11-22,22.412677764892575
2022-11-23,22.95793342590332
2022-11-25,23.03445625305176
2022-11-28,22.757051467895508
2022-11-29,23.17794418334961
2022-11-30,23.273603439331055
2022-12-01,23.464920043945312
2022-12-02,22.948362350463867
2022-12-05,22.42224884033203
2022-12-06,22.690086364746097
2022-12-07,22.61355972290039
2022-12-08,22.565732955932617
2022-12-09,22.824010848999023
2022-12-12,23.168378829956055
2022-12-13,23.235340118408203
2022-12-14,23.292734146118164
2022-12-15,23.273603439331055
2022-12-16,23.024892807006836
2022-12-19,23.008499145507812
2022-12-20,22.969926834106445
2022-12-21,23.30743408203125
2022-12-22,22.709562301635746
2022-12-23,23.018142700195312
2022-12-27,22.84456443786621
2022-12-28,22.815635681152344
2022-12-29,23.21100425720215
2022-12-30,22.37204933166504
2023-01-03,21.47524070739746
2023-01-04,21.9381103515625
2023-01-05,21.523456573486328
2023-01-06,21.706674575805664
2023-01-09,21.725961685180664
2023-01-10,21.60059928894043
2023-01-11,21.928466796875
2023-01-12,21.880250930786133
2023-01-13,21.581315994262695
2023-01-17,21.35952377319336
2023-01-18,20.73271942138672
2023-01-19,20.626644134521484
2023-01-20,21.07023048400879
2023-01-23,21.697032928466797
2023-01-24,22.0152530670166
2023-01-25,21.76453399658203
2023-01-26,21.9863224029541
2023-01-27,21.86096572875977
2023-01-30,21.57167053222656
2023-01-31,22.23704719543457
2023-02-01,22.37204933166504
2023-02-02,22.449199676513672
2023-02-03,22.0634708404541
2023-02-06,22.150259017944336
2023-02-07,22.41062355041504
2023-02-08,22.044185638427734
2023-02-09,21.880250930786133
2023-02-10,22.21776008605957
2023-02-13,22.22740364074707
2023-02-14,22.18882942199707
2023-02-15,22.60348892211914
2023-02-16,22.005613327026367
2023-02-17,22.14061164855957
2023-02-21,21.76453399658203
2023-02-22,21.61988639831543
2023-02-23,21.697032928466797
2023-02-24,21.562028884887695
2023-02-27,21.45595359802246
2023-02-28,21.20523452758789
2023-03-01,20.935222625732425
2023-03-02,20.530214309692383
2023-03-03,20.645933151245117
2023-03-06,23.509937286376953
2023-03-07,25.563926696777344
2023-03-08,25.264989852905273
2023-03-09,24.773189544677734
2023-03-10,23.644943237304688
2023-03-13,23.47136878967285
2023-03-14,24.589967727661133
2023-03-15,23.538867950439453
2023-03-16,24.435680389404297
2023-03-17,23.953523635864254
2023-03-20,24.20424461364746
2023-03-21,24.357816696166992
2023-03-22,23.55107307434082
2023-03-23,23.240039825439453
2023-03-24,22.76377296447754
2023-03-27,22.5499324798584
2023-03-28,22.686012268066406
2023-03-29,22.851247787475582
2023-03-30,22.92900657653809
2023-03-31,23.3275203704834
2023-04-03,23.035926818847656
2023-04-04,22.75404930114746
2023-04-05,23.2497615814209
2023-04-06,23.395557403564453
2023-04-10,23.735750198364254
2023-04-11,23.998188018798828
2023-04-12,23.86210823059082
2023-04-13,24.13426399230957
2023-04-14,23.803787231445312
2023-04-17,23.570512771606445
2023-04-18,23.62883186340332
2023-04-19,23.58023452758789
2023-04-20,23.113683700561523
2023-04-21,23.035926818847656
2023-04-24,22.98732566833496
2023-04-25,22.69573402404785
2023-04-26,22.326379776000977
2023-04-27,22.48189353942871
2023-04-28,23.191444396972656
2023-05-01,22.77349090576172
2023-05-02,22.462459564208984
2023-05-03,22.36525535583496
2023-05-04,22.520774841308594
2023-05-05,22.76377296447754
2023-05-08,22.724891662597656
2023-05-09,23.910707473754883
2023-05-10,24.51333236694336
2023-05-11,23.949586868286133
2023-05-12,23.832948684692383
2023-05-15,24.105104446411133
2023-05-16,23.66771125793457
2023-05-17,23.66771125793457
2023-05-18,23.755189895629883
2023-05-19,23.82322883605957
2023-05-22,23.82322883605957
2023-05-23,23.871828079223633
2023-05-24,23.716310501098633
2023-05-25,23.589954376220703
2023-05-26,23.76491355895996
2023-05-30,23.278921127319336
2023-05-31,23.298358917236328
2023-06-01,23.949586868286133
2023-06-02,24.027345657348633
2023-06-05,24.202299118041992
2023-06-06,24.037063598632812
2023-06-07,24.455018997192383
2023-06-08,24.124540328979492
2023-06-09,24.124540328979492
2023-06-12,24.007902145385746
2023-06-13,24.202299118041992
2023-06-14,24.114822387695312
2023-06-15,24.620250701904297
2023-06-16,24.357816696166992
2023-06-20,24.469532012939453
2023-06-21,24.645923614501953
2023-06-22,24.79291725158691
2023-06-23,24.596927642822266
2023-06-26,25.08690643310547
2023-06-27,25.27309799194336
2023-06-28,25.214298248291016
2023-06-29,25.518085479736328
2023-06-30,25.723880767822266
2023-07-03,25.56708335876465
2023-07-05,26.30205345153809
2023-07-06,26.409849166870117
2023-07-07,26.164857864379883
2023-07-10,25.929668426513672
2023-07-11,25.988468170166016
2023-07-12,26.223657608032227
2023-07-13,26.174657821655273
2023-07-14,25.81207275390625
2023-07-17,25.606281280517575
2023-07-18,26.243255615234375
2023-07-19,26.782230377197266
2023-07-20,26.821430206298828
2023-07-21,27.791587829589844
2023-07-24,27.732789993286133
2023-07-25,27.536802291870117
2023-07-26,27.84058380126953
2023-07-27,27.536802291870117
2023-07-28,27.16441535949707
2023-07-31,27.49759864807129
2023-08-01,27.331005096435547
2023-08-02,27.429004669189453
2023-08-03,27.380006790161133
2023-08-04,27.967981338500977
2023-08-07,28.12477684020996
2023-08-08,28.242366790771484
2023-08-09,29.702505111694336
2023-08-10,30.074888229370117
2023-08-11,29.535913467407227
2023-08-14,29.712303161621097
2023-08-15,29.63390731811523
2023-08-16,29.467313766479492
2023-08-17,29.114530563354492
2023-08-18,29.261524200439453
2023-08-21,29.398717880249023
2023-08-22,29.06553077697754
2023-08-23,29.722105026245117
2023-08-24,29.40851593017578
2023-08-25,29.516313552856445
2023-08-28,29.369319915771484
2023-08-29,29.810300827026367
2023-08-30,30.70206069946289
2023-08-31,30.79025650024414
2023-09-01,31.152841567993164
2023-09-05,31.84861183166504
2023-09-06,32.152400970458984
2023-09-07,32.701171875
2023-09-08,33.37734603881836
2023-09-11,33.01476287841797
2023-09-12,33.02456283569336
2023-09-13,32.51498031616211
2023-09-14,32.37778854370117
2023-09-15,32.25039291381836
2023-09-18,32.81877136230469
2023-09-19,32.686641693115234
2023-09-20,31.887964248657227
2023-09-21,32.98244857788086
2023-09-22,32.75566101074219
2023-09-25,33.18950653076172
2023-09-26,32.52888107299805
2023-09-27,32.85426712036133
2023-09-28,32.96272659301758
2023-09-29,32.71622085571289
2023-10-02,32.0753059387207
2023-10-03,31.552717208862305
2023-10-04,30.951242446899418
2023-10-05,31.38509178161621
2023-10-06,31.099143981933594
2023-10-09,31.40481185913086
2023-10-10,31.65131568908691
2023-10-11,32.311954498291016
2023-10-12,31.35551071166992
2023-10-13,31.1977481842041
2023-10-16,31.838661193847656
2023-10-17,32.11474609375
2023-10-18,31.966842651367188
2023-10-19,31.661178588867188
2023-10-20,31.48369407653809
2023-10-23,31.44425392150879
2023-10-24,32.24293518066406
2023-10-25,32.32181167602539
2023-10-26,32.44013595581055
2023-10-27,31.572437286376953
2023-10-30,32.12460708618164
2023-10-31,32.26265335083008
2023-11-01,33.45573806762695
2023-11-02,34.175537109375
2023-11-03,34.50092315673828
2023-11-06,34.83617401123047
2023-11-07,34.264278411865234
2023-11-08,34.185394287109375
2023-11-09,34.07693099975586
2023-11-10,33.998050689697266
2023-11-13,33.91917037963867
2023-11-14,34.72771453857422
2023-11-15,34.21497344970703
2023-11-16,34.25441360473633
2023-11-17,34.37274169921875
2023-11-20,34.20511245727539
2023-11-21,34.007911682128906
2023-11-22,34.32343673706055
2023-11-24,34.37274169921875
2023-11-27,35.1418342590332
2023-11-28,34.72771453857422
2023-11-29,34.4318962097168
2023-11-30,34.9150505065918
2023-12-01,35.77288818359375
2023-12-04,36.60114669799805
2023-12-05,36.847652435302734
2023-12-06,35.77288818359375
2023-12-07,36.65045166015625
2023-12-08,36.44338607788086
2023-12-11,36.364505767822266
2023-12-12,36.80821228027344
2023-12-13,37.58716583251953
2023-12-14,36.96598052978515
2023-12-15,37.153324127197266
2023-12-18,37.23220443725586
2023-12-19,37.403751373291016
2023-12-20,37.294677734375
2023-12-21,37.473167419433594
2023-12-22,37.70123672485352
2023-12-26,37.879730224609375
2023-12-27,38.05821990966797
2023-12-28,38.494529724121094
2023-12-29,38.197044372558594
2024-01-02,37.75082015991211
2024-01-03,37.859893798828125
2024-01-04,38.07805633544922
2024-01-05,38.266456604003906
2024-01-08,38.81184387207031
2024-01-09,39.25807571411133
2024-01-10,38.13754653930664
2024-01-11,38.54410934448242
2024-01-12,38.89117813110352
2024-01-16,38.99033737182617
2024-01-17,39.386985778808594
2024-01-18,39.079586029052734
2024-01-19,39.83320999145508
2024-01-22,39.6348876953125
2024-01-23,39.515892028808594
2024-01-24,38.90108871459961
2024-01-25,40.09103012084961
2024-01-26,40.4380989074707
2024-01-29,40.219940185546875
2024-01-30,40.88432312011719
2024-01-31,40.68600082397461
2024-02-01,42.89730072021485
2024-02-02,44.17648696899414
2024-02-05,42.98654556274414
2024-02-06,42.89730072021485
2024-02-07,43.39310836791992
2024-02-08,42.540321350097656
2024-02-09,42.8675537109375
2024-02-12,42.45107650756836
2024-02-13,43.82942199707031
2024-02-14,43.898834228515625
2024-02-15,45.00944900512695
2024-02-16,45.19786071777344
2024-02-20,45.76307678222656
2024-02-21,45.79282760620117
2024-02-22,47.22074890136719
2024-02-23,48.212364196777344
2024-02-26,48.34127426147461
2024-02-27,50.552581787109375
2024-02-28,52.575477600097656
2024-02-29,54.082733154296875
2024-03-01,54.043067932128906
2024-03-04,56.51219177246094
2024-03-05,58.396263122558594
2024-03-06,60.38941192626953
2024-03-07,61.162872314453125
2024-03-08,59.982852935791016
2024-03-11,57.56330108642578
2024-03-12,59.695281982421875
2024-03-13,60.64723205566406
2024-03-14,62.58087921142578
2024-03-15,61.04387664794922
2024-03-18,61.95616149902344
2024-03-19,63.36414337158203
2024-03-20,66.41891479492188
2024-03-21,68.0308837890625
2024-03-22,68.74730682373047
2024-03-25,70.84683990478516
2024-03-26,67.55326080322266
2024-03-27,67.96123504638672
2024-03-28,69.30453491210938
2024-04-01,71.17520141601562
2024-04-02,70.79708862304688
2024-04-03,73.39414978027344
2024-04-04,70.19011688232422
2024-04-05,74.95636749267578
2024-04-08,74.05087280273438
2024-04-09,69.18512725830078
2024-04-10,70.4090347290039
2024-04-11,71.64287567138672
2024-04-12,69.39408874511719
2024-04-15,67.88162231445312
2024-04-16,67.26470184326172
2024-04-17,68.30949401855469
2024-04-18,65.55323028564453
2024-04-19,65.3343276977539
2024-04-22,66.38906860351562
2024-04-23,68.11048126220703
2024-04-24,70.11051177978516
2024-04-25,72.12049865722656
2024-04-26,72.33940124511719
2024-04-29,77.57331085205078
2024-04-30,75.46382904052734
2024-05-01,76.47877502441406
2024-05-02,79.47384643554688
2024-05-03,81.08580017089844
2024-05-06,82.8271255493164
2024-05-07,81.33456420898438
2024-05-08,88.75756072998047
2024-05-09,92.70787048339844
2024-05-10,92.95663452148438
2024-05-13,89.72274780273438
2024-05-14,91.01630401611328
2024-05-15,96.42932891845705
2024-05-16,92.6780242919922
2024-05-17,93.61336517333984
2024-05-20,91.0561065673828
2024-05-21,93.7725601196289
2024-05-22,93.80241394042967
2024-05-23,95.65318298339844
2024-05-24,101.59357452392578
2024-05-28,105.6732406616211
2024-05-29,103.10604095458984
2024-05-30,104.84735870361328
2024-05-31,98.58856201171876
2024-06-03,92.7874755859375
2024-06-04,89.10582733154297
2024-06-05,91.54367065429688
2024-06-06,85.83214569091797
2024-06-07,84.6480484008789
2024-06-10,87.78242492675781
2024-06-11,90.76754760742188
2024-06-12,90.1108169555664
2024-06-13,87.96153259277344
2024-06-14,87.15554809570312
2024-06-17,83.62315368652344
2024-06-18,87.37224578857422
2024-06-20,87.98079681396484
2024-06-21,86.6539535522461
2024-06-24,88.02070617675781
2024-06-25,89.19790649414062
2024-06-26,85.70620727539062
2024-06-27,87.01309967041016
2024-06-28,85.77603912353516
2024-07-01,87.13280487060547
2024-07-02,87.49195098876953
2024-07-03,91.50242614746094
2024-07-05,89.14801788330078
2024-07-08,92.65966796875
2024-07-09,91.18318176269533
2024-07-10,92.0910186767578
2024-07-11,91.39268493652344
2024-07-12,91.11334991455078
2024-07-15,85.98554229736328
2024-07-16,85.66629791259766
2024-07-17,76.01923370361328
2024-07-18,76.368408203125
2024-07-19,76.2885971069336
2024-07-22,78.98219299316406
2024-07-23,79.88005828857422
2024-07-24,72.40782928466797
2024-07-25,70.21304321289062
2024-07-26,70.9512939453125
2024-07-29,71.07099914550781
2024-07-30,68.83631896972656
2024-07-31,79.03207397460938
2024-08-01,75.859619140625
2024-08-02,72.2581787109375
2024-08-05,70.0334701538086
2024-08-06,74.21353149414062
2024-08-07,73.77457427978516
2024-08-08,78.89241027832031
2024-08-09,78.45344543457031
2024-08-12,77.77506256103516
2024-08-13,80.2591552734375
2024-08-14,79.06200408935547
2024-08-15,81.25678253173828
2024-08-16,79.1617660522461
2024-08-19,80.54846954345703
2024-08-20,79.45108032226562
2024-08-21,82.0848159790039
2024-08-22,83.10240173339844
2024-08-23,85.56653594970703
2024-08-26,84.67864227294922
2024-08-27,84.38932800292969
2024-08-28,82.30429077148438
2024-08-29,84.46914672851562
2024-08-30,85.22734069824219
2024-09-03,75.5603256225586
2024-09-04,76.49810028076172
2024-09-05,75.65011596679688
2024-09-06,73.52516174316406
2024-09-09,74.77220153808594
2024-09-10,75.89952087402344
2024-09-11,79.87007904052734
2024-09-12,80.27910614013672
2024-09-13,85.34706115722656
2024-09-16,89.18792724609375
2024-09-17,90.93377685546876
2024-09-18,90.9736785888672
2024-09-19,92.5199966430664
2024-09-20,107.87999725341795
2024-09-23,111.62999725341795
2024-09-24,112.4000015258789
2024-09-25,119.08000183105467
2024-09-26,114.16000366210938
2024-09-27,117.72000122070312
2024-09-30,118.54000091552734
2024-10-01,122.5500030517578
2024-10-02,125.37000274658205
2024-10-03,132.4499969482422
2024-10-04,138.41000366210938
2024-10-07,131.27000427246094
2024-10-08,127.95999908447266
2024-10-09,124.18000030517578
2024-10-10,124.11000061035156
2024-10-11,125.29000091552734
2024-10-14,132.25999450683594
2024-10-15,128.2899932861328
2024-10-16,135.69000244140625
2024-10-17,127.2699966430664
2024-10-18,131.16000366210938
2024-10-21,130.3800048828125
2024-10-22,125.04000091552734
2024-10-23,126.11000061035156
2024-10-24,125.58000183105467
2024-10-25,124.02999877929688
2024-10-28,127.77999877929688
2024-10-29,126.66000366210938
2024-10-30,124.11000061035156
2024-10-31,124.95999908447266
2024-11-01,119.51000213623048
2024-11-04,115.73999786376952
2024-11-05,121.9000015258789
2024-11-06,126.08999633789062
2024-11-07,135.72999572753906
2024-11-08,141.89999389648438
2024-11-11,145.8000030517578
2024-11-12,142.16000366210938
2024-11-13,142.1199951171875
2024-11-14,138.4600067138672
2024-11-15,142.14999389648438
2024-11-18,146.6300048828125
2024-11-19,154.86000061035156
2024-11-20,154.6300048828125
2024-11-21,166.61000061035156
2024-11-22,161.9199981689453
2024-11-25,154.13999938964844
2024-11-26,162.66000366210938
2024-11-27,154.52000427246094
2024-11-29,159.83999633789062
2024-12-02,154.11000061035156
2024-12-03,154.16000366210938
2024-12-04,161.30999755859375
2024-12-05,160.8800048828125
2024-12-06,159.97999572753906
2024-12-09,148.30999755859375
2024-12-10,141.52000427246094
2024-12-11,146.0
2024-12-12,145.0800018310547
2024-12-13,144.88999938964844
2024-12-16,145.3300018310547
2024-12-17,139.77000427246094
